,cost,emission,grid,wood_supply,DHDC_small_heat,DHDC_medium_heat,DHDC_large_heat,wood_boiler_heat,wood_boiler_DHW,PV,SCFP,DHW_to_heat,ASHP,ASHP_DHW,GSHP_heat,GSHP_cooling,battery,DHW_storage,heat_storage,geothermal_boreholes,demand_electricity,demand_space_heating,demand_space_cooling,demand_hot_water
0,609839.5495888811,6585.9807337147195,9.0,73.0,273.13,848.75,2000.0,2000.0,2000.0,53.94490437426862,0.0,0.0,0.0,6.0,28.0,25.0,250.00000000000006,0.0,0.0,77.76143306198804,6.9816666666666665,51.49399999999998,24.507166666666667,5.989439999999999
1,33255.41178980596,7736.320132837712,12.0,62.0,0.0,0.0,0.0,49.15203477209583,0.0,36.14128025144395,0.0,3.0,0.0,6.974806666666666,1.3562652279041425,24.507166666666667,3.1726432726686804,0.0,0.0,77.76143306198804,6.9816666666666665,51.49399999999998,24.507166666666667,5.989439999999999
2,29751.948767528163,8886.659531960928,13.0,55.0,0.0,0.0,0.0,43.47494199244149,0.0,22.685676969963453,0.0,12.0,0.0,12.65267083575284,1.3554938384723219,24.507166666666667,0.0,0.0,0.0,77.76143306198804,6.9816666666666665,51.49399999999998,24.507166666666667,5.989439999999999
3,25495.342371785904,10036.998931083757,28.0,0.0,0.0,0.0,0.0,0.0,0.0,29.505434809294773,0.0,51.0,0.0,56.12761282818531,1.3554938384813315,24.507166666666667,1.0034104739135454,0.0,0.0,77.76143306198804,6.9816666666666665,51.49399999999998,24.507166666666667,5.989439999999999
4,23034.61668154495,11187.338330206745,28.0,0.0,0.0,0.0,0.0,0.0,0.0,0.0,0.0,51.0,0.0,56.12761282818535,1.3554938384812942,24.507166666666667,0.0,0.0,0.0,77.76143306198804,6.9816666666666665,51.49399999999998,24.507166666666667,5.989439999999999
