,cost,emission,grid,wood_supply,DHDC_small_heat,DHDC_medium_heat,DHDC_large_heat,wood_boiler_heat,wood_boiler_DHW,PV,SCFP,DHW_to_heat,ASHP,ASHP_DHW,GSHP_heat,GSHP_cooling,battery,DHW_storage,heat_storage,geothermal_boreholes,demand_electricity,demand_space_heating,demand_space_cooling,demand_hot_water
0,102153.1566274926,1865.416605841072,3.0,24.0,,,,2000.0,2000.0,15.798931161616553,0.0,0.0,5.0,0.0,,,250.00000000000006,0.0,0.0,,1.8338333333333334,17.271666666666665,4.7945199999999994,1.4218333333333335
1,11044.482685525076,2213.6108799016383,3.0,18.0,,,,14.225866130577485,0.0,9.086094202202252,0.0,1.0,4.7945199999999994,1.4218333333333333,,,0.8131900322757863,0.0,0.0,,1.8338333333333334,17.271666666666665,4.7945199999999994,1.4218333333333335
2,9947.967734794864,2561.805153962202,5.0,16.0,,,,12.440979999999998,0.0,5.333128348712633,0.0,1.0,4.7945199999999994,1.4218333333333333,,,0.0,0.0,0.0,,1.8338333333333334,17.271666666666665,4.7945199999999994,1.4218333333333335
3,7666.472933599014,2909.9994280227625,9.0,0.0,,,,0.0,0.0,9.767368168940884,0.0,10.0,7.735166666666665,10.922166666666666,,,0.9830888312193196,0.0,0.0,,1.8338333333333334,17.271666666666665,4.7945199999999994,1.4218333333333335
4,6682.034443657354,3258.193702083332,9.0,0.0,,,,0.0,0.0,0.0,0.0,2.0,16.7885,1.8688333333333333,,,0.0,0.0,0.0,,1.8338333333333334,17.271666666666665,4.7945199999999994,1.4218333333333335
