,cost,emission,grid,wood_supply,DHDC_small_heat,DHDC_medium_heat,DHDC_large_heat,wood_boiler_heat,wood_boiler_DHW,PV,SCFP,DHW_to_heat,ASHP,ASHP_DHW,GSHP_heat,GSHP_cooling,battery,DHW_storage,heat_storage,geothermal_boreholes,demand_electricity,demand_space_heating,demand_space_cooling,demand_hot_water
0,162936.69009156516,1683.3211729309528,3.0,21.0,,,,2000.0,2000.0,11.924651059997487,0.0,0.0,4.0,0.0,,,250.00000000000006,0.0,0.0,,1.6646666666666665,14.857666666666667,3.8845999999999994,1.459666666666667
1,77919.20924234287,1687.085455395238,3.0,22.0,,,,11.277136666666665,5.0,11.924651059997487,0.0,4.0,3.8845999999999994,0.0,,,2.9588333333333328,0.0,0.0,,1.6646666666666665,14.857666666666667,3.8845999999999994,1.459666666666667
2,77919.20924234287,1687.085455395238,3.0,22.0,,,,11.277136666666665,5.0,11.924651059997487,0.0,4.0,3.8845999999999994,0.0,,,2.9588333333333328,0.0,0.0,,1.6646666666666665,14.857666666666667,3.8845999999999994,1.459666666666667
3,77919.20924234287,1687.0854553952381,3.0,22.0,,,,11.277136666666665,5.0,11.924651059997487,0.0,4.0,3.8845999999999994,0.0,,,2.9588333333333328,0.0,0.0,,1.6646666666666665,14.857666666666667,3.8845999999999994,1.459666666666667
4,76965.40227835049,1802.2703010559521,3.0,24.0,,,,0.0,16.277136666666664,11.924651059997487,0.0,15.0,3.8845999999999994,0.0,,,2.9588333333333328,0.0,0.0,,1.6646666666666665,14.857666666666667,3.8845999999999994,1.459666666666667
