,cost,emission,grid,wood_supply,DHDC_small_heat,DHDC_medium_heat,DHDC_large_heat,wood_boiler_heat,wood_boiler_DHW,PV,SCFP,DHW_to_heat,ASHP,ASHP_DHW,GSHP_heat,GSHP_cooling,battery,DHW_storage,heat_storage,geothermal_boreholes,demand_electricity,demand_space_heating,demand_space_cooling,demand_hot_water
0,590788.6260365653,3892.5846964357142,11.0,24.0,273.13,848.75,2000.0,2000.0,2000.0,44.37405547707473,0.0,0.0,15.0,0.0,,,250.00000000000006,0.0,0.0,,6.038803333333333,13.726633333333334,14.424086666666666,4.701833333333333
1,18897.74855627454,4485.627673904172,13.0,12.0,0.0,0.0,0.0,8.815166666666665,0.0,40.122116465911304,0.0,1.0,14.424086666666666,4.701833333333333,,,5.8600021885599505,0.0,0.0,,6.038803333333333,13.726633333333334,14.424086666666666,4.701833333333333
2,14993.171481106672,5078.670651372621,13.0,0.0,0.0,0.0,0.0,0.0,0.0,29.494026344242155,0.0,2.0,14.424086666666666,4.701833333333333,,,2.5364577304173004,0.0,0.0,,6.038803333333333,13.726633333333334,14.424086666666666,4.701833333333333
3,13365.253437511976,5671.713628841073,13.0,1.0,0.0,0.0,0.0,0.0,0.009666666666666638,13.57006676058066,0.0,2.0,14.424086666666666,4.692166666666666,,,0.0,0.0,0.0,,6.038803333333333,13.726633333333334,14.424086666666666,4.701833333333333
4,12465.323602861401,6264.756606309525,13.0,1.0,0.0,0.0,0.0,0.0,0.00783333333333284,0.0,0.0,2.0,14.424086666666666,4.694,,,0.0,0.0,0.0,,6.038803333333333,13.726633333333334,14.424086666666666,4.701833333333333
