,cost,emission,grid,wood_supply,DHDC_small_heat,DHDC_medium_heat,DHDC_large_heat,wood_boiler_heat,wood_boiler_DHW,PV,SCFP,DHW_to_heat,ASHP,ASHP_DHW,GSHP_heat,GSHP_cooling,battery,DHW_storage,heat_storage,geothermal_boreholes,demand_electricity,demand_space_heating,demand_space_cooling,demand_hot_water
0,582988.8069558846,1821.1877054714284,2.0,24.0,273.13,848.75,2000.0,2000.0,2000.0,19.310511816336266,0.0,0.0,6.0,0.0,,,250.00000000000006,0.0,0.0,,2.0102166666666657,17.208833333333335,5.822666666666667,1.5136666666666667
1,11662.54859248711,2163.3088932702453,4.0,19.0,0.0,0.0,0.0,15.046000000000001,0.0,12.102696166316115,0.0,1.0,5.822666666666667,1.5136666666666667,,,1.3491737579980507,0.0,0.0,,2.0102166666666657,17.208833333333335,5.822666666666667,1.5136666666666667
2,10360.374929904498,2505.4300810690424,5.0,15.0,0.0,0.0,0.0,11.370333333333335,0.0,5.737778905550723,0.0,1.0,5.822666666666667,1.5136666666666667,,,0.0,0.0,0.0,,2.0102166666666657,17.208833333333335,5.822666666666667,1.5136666666666667
3,8106.447646440161,2847.551268867856,10.0,0.0,0.0,0.0,0.0,0.0,0.0,10.21335637711487,0.0,12.0,5.822666666666667,12.884,,,0.8264717431313131,0.0,0.0,,2.0102166666666657,17.208833333333335,5.822666666666667,1.5136666666666667
4,7044.467954853828,3189.6724566666667,10.0,0.0,0.0,0.0,0.0,0.0,0.0,0.0,0.0,12.0,5.822666666666667,12.884,,,0.0,0.0,0.0,,2.0102166666666657,17.208833333333335,5.822666666666667,1.5136666666666667
