,cost,emission,grid,wood_supply,DHDC_small_heat,DHDC_medium_heat,DHDC_large_heat,wood_boiler_heat,wood_boiler_DHW,PV,SCFP,DHW_to_heat,ASHP,ASHP_DHW,GSHP_heat,GSHP_cooling,battery,DHW_storage,heat_storage,geothermal_boreholes,demand_electricity,demand_space_heating,demand_space_cooling,demand_hot_water
0,1376944.0882645007,7690.350112638691,15.0,60.0,273.13,848.75,2000.0,2000.0,2000.0,30.613618091137596,0.0,0.0,25.0,0.0,,,250.00000000000006,0.0,0.0,,11.392333333333333,44.3127,24.18950000000001,3.3306066666666663
1,810979.7090735934,7690.9377199244045,15.0,60.0,0.0,0.0,0.0,42.19486666666666,5.0,30.613618091137603,0.0,3.0,24.18950000000001,0.0,,,6.921833333333336,0.0,0.0,,11.392333333333333,44.3127,24.18950000000001,3.3306066666666663
2,810979.7090735934,7690.9377199244045,15.0,60.0,0.0,0.0,0.0,42.19486666666666,5.0,30.613618091137603,0.0,3.0,24.18950000000001,0.0,,,6.921833333333336,0.0,0.0,,11.392333333333333,44.3127,24.18950000000001,3.3306066666666663
3,810810.661721556,8947.580533674076,15.0,8.0,50.0,0.0,0.0,5.8859321740947985,0.0,30.613618091137603,0.0,39.0,24.18950000000001,0.0,,,6.921833333333337,0.0,0.0,,11.392333333333333,44.3127,24.18950000000001,3.3306066666666663
4,807106.1245063948,9366.657340685833,15.0,0.0,50.0,0.0,0.0,0.0,0.0,30.613618091137596,0.0,45.0,24.18950000000001,0.0,,,6.921833333333334,0.0,0.0,,11.392333333333333,44.3127,24.18950000000001,3.3306066666666663
