,cost,emission,grid,wood_supply,DHDC_small_heat,DHDC_medium_heat,DHDC_large_heat,wood_boiler_heat,wood_boiler_DHW,PV,SCFP,DHW_to_heat,ASHP,ASHP_DHW,GSHP_heat,GSHP_cooling,battery,DHW_storage,heat_storage,geothermal_boreholes,demand_electricity,demand_space_heating,demand_space_cooling,demand_hot_water
0,926902.4603697077,5196.666184125,8.0,62.0,273.13,848.75,2000.0,2000.0,2000.0,30.19348956394427,0.0,0.0,14.0,0.0,,,250.00000000000006,0.0,0.0,,5.322666666666667,44.73063333333332,13.892559999999998,4.237166666666666
1,361445.1410169749,5196.728785360714,8.0,63.0,0.0,0.0,0.0,43.952073333333324,5.0,30.19348956394427,0.0,1.0,13.892559999999998,0.0,,,6.991000000000001,0.0,0.0,,5.322666666666667,44.73063333333332,13.892559999999998,4.237166666666666
2,361445.1410169749,5196.728785360714,8.0,63.0,0.0,0.0,0.0,43.952073333333324,5.0,30.19348956394427,0.0,1.0,13.892559999999998,0.0,,,6.991,0.0,0.0,,5.322666666666667,44.73063333333332,13.892559999999998,4.237166666666666
3,361442.571078128,6356.624895704982,8.0,8.0,50.0,0.0,0.0,5.755577115580253,0.0,30.19348956394427,0.0,39.0,13.892559999999998,0.0,,,6.991,0.0,0.0,,5.322666666666667,44.73063333333332,13.892559999999998,4.237166666666666
4,357895.2176296111,6743.277799565001,8.0,0.0,50.0,0.0,0.0,0.0,0.0,30.19348956394427,0.0,45.0,13.892559999999998,0.0,,,6.991,0.0,0.0,,5.322666666666667,44.73063333333332,13.892559999999998,4.237166666666666
