,cost,emission,grid,wood_supply,DHDC_small_heat,DHDC_medium_heat,DHDC_large_heat,wood_boiler_heat,wood_boiler_DHW,PV,SCFP,DHW_to_heat,ASHP,ASHP_DHW,GSHP_heat,GSHP_cooling,battery,DHW_storage,heat_storage,geothermal_boreholes,demand_electricity,demand_space_heating,demand_space_cooling,demand_hot_water
0,687728.8134232439,2685.2409540952376,3.0,34.0,273.13,848.75,2000.0,2000.0,2000.0,23.435574121249367,0.0,0.0,7.0,0.0,,,250.00000000000006,0.0,0.0,,2.797,24.184479999999997,6.8069999999999995,2.3795
1,135848.1166516594,2687.077084575997,4.0,35.0,0.0,0.0,0.0,21.5403133335,4.999999999833333,23.435574121249367,0.0,3.0,6.8069999999999995,0.0,,,6.576555555555553,0.0,6.0,,2.797,24.184479999999997,6.8069999999999995,2.3795
2,135845.1966659462,2686.5604717190463,4.0,35.0,0.0,0.0,0.0,21.54031333333333,5.0,23.435574121249367,0.0,3.0,6.8069999999999995,0.0,,,6.576555555555553,0.0,0.0,,2.797,24.184479999999997,6.8069999999999995,2.3795
3,135845.1966659462,2686.5604717190463,4.0,35.0,0.0,0.0,0.0,21.54031333333333,5.0,23.435574121249367,0.0,3.0,6.8069999999999995,0.0,,,6.576555555555553,0.0,0.0,,2.797,24.184479999999997,6.8069999999999995,2.3795
4,135205.84989113238,2857.380581619048,3.0,38.0,0.0,0.0,0.0,0.0,26.54031333333333,23.435574121249367,0.0,25.0,6.8069999999999995,0.0,,,6.576555555555553,0.0,0.0,,2.797,24.184479999999997,6.8069999999999995,2.3795
