,cost,emission,grid,wood_supply,DHDC_small_heat,DHDC_medium_heat,DHDC_large_heat,wood_boiler_heat,wood_boiler_DHW,PV,SCFP,DHW_to_heat,ASHP,ASHP_DHW,GSHP_heat,GSHP_cooling,battery,DHW_storage,heat_storage,geothermal_boreholes,demand_electricity,demand_space_heating,demand_space_cooling,demand_hot_water
0,2387475.3851705273,12747.01459721429,56.0,181.0,273.13,848.75,2000.0,2000.0,2000.0,48.11548706949479,0.0,0.0,94.0,0.0,,,250.00000000000006,0.0,0.0,,29.376883333333335,139.15487666666664,93.53948333333334,7.335959999999999
1,1830179.229325747,12747.108542028574,56.0,182.0,0.0,0.0,0.0,136.4715833333333,7.335959999999998,48.11548706949479,0.0,3.0,93.53948333333334,0.0,,,11.347999999999999,0.0,0.0,,29.376883333333335,139.15487666666664,93.53948333333334,7.335959999999999
2,1830179.2293257467,12747.108542028574,56.0,182.0,0.0,0.0,0.0,136.4715833333333,7.335959999999998,48.11548706949479,0.0,3.0,93.53948333333334,0.0,,,11.347999999999999,0.0,0.0,,29.376883333333335,139.15487666666664,93.53948333333334,7.335959999999999
3,1830179.229325747,12747.108542028574,56.0,182.0,0.0,0.0,0.0,136.4715833333333,7.335959999999998,48.11548706949479,0.0,3.0,93.53948333333334,0.0,,,11.347999999999999,0.0,0.0,,29.376883333333335,139.15487666666664,93.53948333333334,7.335959999999999
4,1830161.250458112,13027.862973967862,56.0,206.0,0.0,0.0,0.0,0.0,143.80754333333329,48.11548706949479,0.0,140.0,93.53948333333334,0.0,,,11.347999999999999,0.0,0.0,,29.376883333333335,139.15487666666664,93.53948333333334,7.335959999999999
