,cost,emission,grid,wood_supply,DHDC_small_heat,DHDC_medium_heat,DHDC_large_heat,wood_boiler_heat,wood_boiler_DHW,PV,SCFP,DHW_to_heat,ASHP,ASHP_DHW,GSHP_heat,GSHP_cooling,battery,DHW_storage,heat_storage,geothermal_boreholes,demand_electricity,demand_space_heating,demand_space_cooling,demand_hot_water
0,152300.0140277684,1832.5749095961305,2.0,21.0,,,,2000.0,2000.0,14.01308255790719,0.0,0.0,7.0,0.0,,,250.00000000000006,0.0,0.0,,1.588,14.520119999999997,6.015999999999999,1.5666666666666667
1,79355.62757163493,1836.7904466354166,2.0,21.0,,,,11.408999999999999,5.0,14.01308255790719,0.0,4.0,6.015999999999999,0.0,,,3.6053333333333315,0.0,0.0,,1.588,14.520119999999997,6.015999999999999,1.5666666666666667
2,79355.62757163495,1836.7904466354166,2.0,21.0,,,,11.408999999999999,5.0,14.01308255790719,0.0,4.0,6.015999999999999,0.0,,,3.6053333333333315,0.0,0.0,,1.588,14.520119999999997,6.015999999999999,1.5666666666666667
3,79355.62757163496,1836.7904466354166,2.0,21.0,,,,11.408999999999999,5.0,14.01308255790719,0.0,4.0,6.015999999999999,0.0,,,3.6053333333333315,0.0,0.0,,1.588,14.520119999999997,6.015999999999999,1.5666666666666667
4,78511.23989151751,1972.3212913282737,2.0,23.0,,,,0.0,16.06475666666666,14.01308255790719,0.0,15.0,6.015999999999999,0.0,,,3.6053333333333315,0.0,0.0,,1.588,14.520119999999997,6.015999999999999,1.5666666666666667
