,cost,emission,grid,wood_supply,DHDC_small_heat,DHDC_medium_heat,DHDC_large_heat,wood_boiler_heat,wood_boiler_DHW,PV,SCFP,DHW_to_heat,ASHP,ASHP_DHW,GSHP_heat,GSHP_cooling,battery,DHW_storage,heat_storage,geothermal_boreholes,demand_electricity,demand_space_heating,demand_space_cooling,demand_hot_water
0,1656029.4352956961,4551.644475987381,7.0,46.0,,,,2000.0,2000.0,37.001173029930854,0.0,0.0,0.0,0.0,17.0,17.0,250.00000000000006,0.0,0.0,65.9008211209516,5.481439999999999,32.232949999999995,16.32505333333333,3.8484999999999996
1,1351842.0650313906,4941.807693182468,9.0,38.0,,,,29.66646147542724,0.0,37.001173029930854,0.0,9.0,0.0,10.984166666666667,1.0844369799732922,16.32505333333333,8.06563888888889,0.0,0.0,65.9008211209516,5.481439999999999,32.232949999999995,16.32505333333333,3.8484999999999996
2,1247236.2238731044,5331.970910377582,10.0,30.0,,,,23.48786322771105,0.0,37.001173029930854,0.0,9.0,0.0,11.508333333333333,1.0852534389556145,16.32505333333333,8.06563888888889,0.0,0.0,65.9008211209516,5.481439999999999,32.232949999999995,16.32505333333333,3.8484999999999996
3,1142752.6073617358,5722.134127572645,11.0,25.0,,,,19.814989384154703,0.0,37.001173029930854,0.0,13.0,0.0,15.181207176889652,1.0852534389556407,16.32505333333333,8.06563888888889,0.0,0.0,65.9008211209516,5.481439999999999,32.232949999999995,16.32505333333333,3.8484999999999996
4,1036771.3236860561,6112.297344767709,19.0,0.0,,,,0.0,0.0,37.001173029930854,0.0,32.0,0.0,34.99619656104436,1.0852534389556405,16.32505333333333,8.06563888888889,0.0,0.0,65.9008211209516,5.481439999999999,32.232949999999995,16.32505333333333,3.8484999999999996
