,cost,emission,grid,wood_supply,DHDC_small_heat,DHDC_medium_heat,DHDC_large_heat,wood_boiler_heat,wood_boiler_DHW,PV,SCFP,DHW_to_heat,ASHP,ASHP_DHW,GSHP_heat,GSHP_cooling,battery,DHW_storage,heat_storage,geothermal_boreholes,demand_electricity,demand_space_heating,demand_space_cooling,demand_hot_water
0,793296.2558947152,2539.847077376786,5.0,19.0,273.13,848.75,2000.0,2000.0,2000.0,21.5673906927018,0.0,0.0,9.0,0.0,,,250.00000000000006,0.0,0.0,,3.395,11.452466666666673,8.631166666666667,3.0735000000000006
1,226903.1202029331,2540.708353158929,5.0,20.0,0.0,0.0,0.0,9.508800000000006,5.0,21.5673906927018,0.0,2.0,8.631166666666667,0.0,,,4.805666666666667,0.0,0.0,,3.395,11.452466666666673,8.631166666666667,3.0735000000000006
2,226903.1202029331,2540.7083531589283,5.0,20.0,0.0,0.0,0.0,9.508800000000006,5.0,21.5673906927018,0.0,2.0,8.631166666666667,0.0,,,4.805666666666667,0.0,0.0,,3.395,11.452466666666673,8.631166666666667,3.0735000000000006
3,226903.1202029331,2540.7083531589283,5.0,20.0,0.0,0.0,0.0,9.508800000000006,5.0,21.5673906927018,0.0,2.0,8.631166666666667,0.0,,,4.805666666666665,0.0,0.0,,3.395,11.452466666666673,8.631166666666667,3.0735000000000006
4,225614.74631840503,2596.700589801786,5.0,21.0,0.0,0.0,0.0,0.0,14.508800000000008,21.5673906927018,0.0,12.0,8.631166666666667,0.0,,,4.805666666666665,0.0,0.0,,3.395,11.452466666666673,8.631166666666667,3.0735000000000006
