,cost,emission,grid,wood_supply,DHDC_small_heat,DHDC_medium_heat,DHDC_large_heat,wood_boiler_heat,wood_boiler_DHW,PV,SCFP,DHW_to_heat,ASHP,ASHP_DHW,GSHP_heat,GSHP_cooling,battery,DHW_storage,heat_storage,geothermal_boreholes,demand_electricity,demand_space_heating,demand_space_cooling,demand_hot_water
0,3876854.823207257,14882.186166528569,32.0,55.0,273.13,848.75,2000.0,2000.0,2000.0,33.16068726559339,0.0,0.0,30.0,0.0,,,250.00000000000006,0.0,0.0,,25.634559999999997,41.53539999999998,29.215079999999997,1.8983733333333335
1,3053562.2362532527,15093.731925637701,32.0,29.0,50.0,0.0,0.0,22.465010407492937,0.0,33.16068726559339,0.0,20.0,29.215079999999997,1.4976666666666667,,,6.302541666666664,0.0,0.0,,25.634559999999997,41.53539999999998,29.215079999999997,1.8983733333333335
2,2855066.5034423834,15305.277684746827,32.0,14.0,50.0,0.0,0.0,10.460709157983821,0.0,33.16068726559339,0.0,32.0,29.215079999999997,1.4976666666666667,,,6.302541666666664,0.0,0.0,,25.634559999999997,41.53539999999998,29.215079999999997,1.8983733333333335
3,2656676.835732808,15516.823443855965,32.0,7.0,50.0,0.0,0.0,5.0,0.0,33.16068726559339,0.0,41.0,29.215079999999997,1.4976666666666667,,,6.302541666666664,0.0,0.0,,25.634559999999997,41.53539999999998,29.215079999999997,1.8983733333333335
4,2457174.9054105473,15728.369202964997,32.0,0.0,50.0,0.0,0.0,0.0,0.0,33.16068726559339,0.0,42.0,29.215079999999997,0.0,,,6.547666666666668,0.0,0.0,,25.634559999999997,41.53539999999998,29.215079999999997,1.8983733333333335
