,cost,emission,grid,wood_supply,DHDC_small_heat,DHDC_medium_heat,DHDC_large_heat,wood_boiler_heat,wood_boiler_DHW,PV,SCFP,DHW_to_heat,ASHP,ASHP_DHW,GSHP_heat,GSHP_cooling,battery,DHW_storage,heat_storage,geothermal_boreholes,demand_electricity,demand_space_heating,demand_space_cooling,demand_hot_water
0,3299989.682803596,7428.9195842904755,13.0,88.0,273.13,848.75,2000.0,2000.0,2000.0,44.990057724338676,0.0,0.0,21.0,0.0,,,250.00000000000006,0.0,0.0,,7.893333333333334,63.1558,20.7855,5.972333333333332
1,2023004.2227345197,7957.004663293475,13.0,53.0,50.0,0.0,0.0,41.82452188545018,0.0,44.990057724338676,0.0,22.0,20.7855,5.9006066666666666,,,7.5791805555555545,0.0,0.0,,7.893333333333334,63.1558,20.7855,5.972333333333332
2,1527614.1858089748,8485.089742296495,13.0,24.0,50.0,0.0,0.0,19.141083485644504,0.0,44.990057724338676,0.0,45.0,20.7855,5.9006066666666666,,,7.5791805555555545,0.0,0.0,,7.893333333333334,63.1558,20.7855,5.972333333333332
3,1032591.5760931459,9013.174821299475,13.0,24.0,50.0,0.0,0.0,19.125739999999997,0.0,44.990057724338676,0.0,45.0,20.7855,5.9006066666666666,,,7.5791805555555545,0.0,0.0,,7.893333333333334,63.1558,20.7855,5.972333333333332
4,545848.0963449713,9541.259900302499,13.0,0.0,68.82654,0.0,0.0,0.0,0.0,44.990057724338676,0.0,63.0,20.7855,0.0,,,9.333333333333332,0.0,0.0,,7.893333333333334,63.1558,20.7855,5.972333333333332
