,cost,emission,grid,wood_supply,DHDC_small_heat,DHDC_medium_heat,DHDC_large_heat,wood_boiler_heat,wood_boiler_DHW,PV,SCFP,DHW_to_heat,ASHP,ASHP_DHW,GSHP_heat,GSHP_cooling,battery,DHW_storage,heat_storage,geothermal_boreholes,demand_electricity,demand_space_heating,demand_space_cooling,demand_hot_water
0,772278.5507398642,3589.239185692856,6.0,39.0,273.13,848.75,2000.0,2000.0,2000.0,19.750912427163218,0.0,0.0,12.0,0.0,,,250.00000000000006,0.0,0.0,,3.164666666666667,27.531999999999993,11.803166666666668,2.8688333333333333
1,206621.34952033104,3827.4755802910713,6.0,44.0,0.0,0.0,0.0,0.0,30.389803333333322,19.750912427163218,0.0,28.0,11.803166666666668,0.0,,,4.531333333333334,0.0,0.0,,3.164666666666667,27.531999999999993,11.803166666666668,2.8688333333333333
2,206621.34952033104,3827.4755802910713,6.0,44.0,0.0,0.0,0.0,0.0,30.389803333333322,19.750912427163218,0.0,28.0,11.803166666666668,0.0,,,4.531333333333333,0.0,0.0,,3.164666666666667,27.531999999999993,11.803166666666668,2.8688333333333333
3,206621.34952033102,3827.4755802910713,6.0,44.0,0.0,0.0,0.0,0.0,30.389803333333322,19.750912427163218,0.0,28.0,11.803166666666668,0.0,,,4.531333333333334,0.0,0.0,,3.164666666666667,27.531999999999993,11.803166666666668,2.8688333333333333
4,205495.43258431958,4816.700274782501,5.0,0.0,50.0,0.0,0.0,0.0,0.0,19.750912427163218,0.0,28.0,11.803166666666668,0.0,,,4.531333333333333,0.0,0.0,,3.164666666666667,27.531999999999993,11.803166666666668,2.8688333333333333
