,cost,emission,grid,wood_supply,DHDC_small_heat,DHDC_medium_heat,DHDC_large_heat,wood_boiler_heat,wood_boiler_DHW,PV,SCFP,DHW_to_heat,ASHP,ASHP_DHW,GSHP_heat,GSHP_cooling,battery,DHW_storage,heat_storage,geothermal_boreholes,demand_electricity,demand_space_heating,demand_space_cooling,demand_hot_water
0,592046.0259954382,4057.51274123869,6.0,53.0,273.13,848.75,2000.0,2000.0,2000.0,21.74346598186977,0.0,0.0,11.0,0.0,,,250.00000000000006,0.0,0.0,,4.090166666666666,38.10796,10.559599999999977,3.0866666666666673
1,19888.287653396204,4693.875213481097,8.0,35.0,0.0,0.0,0.0,27.539496666666686,0.0,13.739188561473757,0.0,1.0,10.559599999999977,3.086666666666667,,,0.2271983703473906,0.0,0.0,,4.090166666666666,38.10796,10.559599999999977,3.0866666666666673
2,18138.36753738528,5330.237685723503,9.0,35.0,0.0,0.0,0.0,27.539496666666686,0.0,11.234487095261361,0.0,3.0,10.559599999999977,3.086666666666667,,,0.0,0.0,0.0,,4.090166666666666,38.10796,10.559599999999977,3.0866666666666673
3,15200.335505624069,5966.600157965916,20.0,0.0,0.0,0.0,0.0,0.0,0.0,17.0729623810507,0.0,29.0,10.559599999999977,30.626163333333352,,,1.3119004331614526,0.0,0.0,,4.090166666666666,38.10796,10.559599999999977,3.0866666666666673
4,13618.744242745497,6602.962630208332,20.0,0.0,0.0,0.0,0.0,0.0,0.0,0.0,0.0,3.0,38.09909666666666,3.086666666666667,,,0.0,0.0,0.0,,4.090166666666666,38.10796,10.559599999999977,3.0866666666666673
