,cost,emission,grid,wood_supply,DHDC_small_heat,DHDC_medium_heat,DHDC_large_heat,wood_boiler_heat,wood_boiler_DHW,PV,SCFP,DHW_to_heat,ASHP,ASHP_DHW,GSHP_heat,GSHP_cooling,battery,DHW_storage,heat_storage,geothermal_boreholes,demand_electricity,demand_space_heating,demand_space_cooling,demand_hot_water
0,102947.07732984642,2023.472077441667,3.0,27.0,,,,2000.0,2000.0,13.959731116656073,0.0,0.0,5.0,0.0,,,250.00000000000006,0.0,0.0,,1.6596666666666666,19.52925,4.99016,1.585
1,11730.233712123594,2399.0864151645874,4.0,20.0,,,,15.643833333333333,0.0,7.2476216659585875,0.0,1.0,4.99016,1.585,,,0.38518791308536504,0.0,0.0,,1.6596666666666666,19.52925,4.99016,1.585
2,10645.54208024259,2774.700752887501,5.0,19.0,,,,14.510590000000002,0.0,5.061636514377051,0.0,2.0,4.99016,1.585,,,0.0,0.0,0.0,,1.6596666666666666,19.52925,4.99016,1.585
3,8373.213711134023,3150.315090610415,10.0,0.0,,,,0.0,0.0,10.600175823493357,0.0,4.0,16.699583333333337,4.386166666666665,,,1.360725850907032,0.0,0.0,,1.6596666666666666,19.52925,4.99016,1.585
4,7251.574077075038,3525.929428333334,10.0,0.0,,,,0.0,0.0,0.0,0.0,2.0,19.227583333333335,1.8581666666666667,,,0.0,0.0,0.0,,1.6596666666666666,19.52925,4.99016,1.585
