,cost,emission,grid,wood_supply,DHDC_small_heat,DHDC_medium_heat,DHDC_large_heat,wood_boiler_heat,wood_boiler_DHW,PV,SCFP,DHW_to_heat,ASHP,ASHP_DHW,GSHP_heat,GSHP_cooling,battery,DHW_storage,heat_storage,geothermal_boreholes,demand_electricity,demand_space_heating,demand_space_cooling,demand_hot_water
0,723069.1463240233,2609.444438541071,4.0,32.0,273.13,848.75,2000.0,2000.0,2000.0,17.451962619325304,0.0,0.0,7.0,0.0,,,250.00000000000006,0.0,0.0,,2.537666666666667,22.782120000000003,6.564719999999999,2.252333333333333
1,157514.99558478303,2611.1981821336904,4.0,33.0,0.0,0.0,0.0,20.007620000166668,4.999999999833333,17.451962619325304,0.0,3.0,6.564719999999999,0.0,,,4.023999999999999,8.0,0.0,,2.537666666666667,22.782120000000003,6.564719999999999,2.252333333333333
2,157511.93389907014,2610.6564992767853,4.0,33.0,0.0,0.0,0.0,20.007620000000003,5.0,17.451962619325304,0.0,3.0,6.564719999999999,0.0,,,4.023999999999999,0.0,0.0,,2.537666666666667,22.782120000000003,6.564719999999999,2.252333333333333
3,157511.93389907014,2610.6564992767853,4.0,33.0,0.0,0.0,0.0,20.007620000000003,5.0,17.451962619325304,0.0,3.0,6.564719999999999,0.0,,,4.023999999999999,0.0,0.0,,2.537666666666667,22.782120000000003,6.564719999999999,2.252333333333333
4,156789.34392989916,2766.748967098214,4.0,36.0,0.0,0.0,0.0,0.0,25.007620000000003,17.451962619325304,0.0,23.0,6.564719999999999,0.0,,,4.023999999999999,0.0,0.0,,2.537666666666667,22.782120000000003,6.564719999999999,2.252333333333333
