,cost,emission,grid,wood_supply,DHDC_small_heat,DHDC_medium_heat,DHDC_large_heat,wood_boiler_heat,wood_boiler_DHW,PV,SCFP,DHW_to_heat,ASHP,ASHP_DHW,GSHP_heat,GSHP_cooling,battery,DHW_storage,heat_storage,geothermal_boreholes,demand_electricity,demand_space_heating,demand_space_cooling,demand_hot_water
0,96079.66007276931,887.6984714217264,3.0,8.0,,,,2000.0,2000.0,9.310474768815856,0.0,0.0,3.0,0.0,,,250.00000000000006,0.0,0.0,,1.421563333333333,5.084593333333334,2.4698700000000007,0.9083333333333333
1,5690.562077428797,1024.1780372121277,3.0,7.0,,,,5.0,0.0,7.801288862915353,0.0,1.0,2.4698700000000007,0.9083333333333333,,,0.959503339991866,0.0,0.0,,1.421563333333333,5.084593333333334,2.4698700000000007,0.9083333333333333
2,3686.6797763195077,1160.657603002531,4.0,0.0,,,,0.0,0.0,7.614297095210899,0.0,2.0,3.4130000000000003,2.568563333333334,,,0.9145151336910557,0.0,0.0,,1.421563333333333,5.084593333333334,2.4698700000000007,0.9083333333333333
3,3157.4346508340313,1297.1371687929338,4.0,0.0,,,,0.0,0.0,3.4401151534202214,0.0,3.0,3.2016666666666667,2.7798966666666676,,,0.0,0.0,0.0,,1.421563333333333,5.084593333333334,2.4698700000000007,0.9083333333333333
4,2889.2172321041585,1433.6167345833328,4.0,0.0,,,,0.0,0.0,0.0,0.0,1.0,5.073230000000001,0.9083333333333333,,,0.0,0.0,0.0,,1.421563333333333,5.084593333333334,2.4698700000000007,0.9083333333333333
