,cost,emission,grid,wood_supply,DHDC_small_heat,DHDC_medium_heat,DHDC_large_heat,wood_boiler_heat,wood_boiler_DHW,PV,SCFP,DHW_to_heat,ASHP,ASHP_DHW,GSHP_heat,GSHP_cooling,battery,DHW_storage,heat_storage,geothermal_boreholes,demand_electricity,demand_space_heating,demand_space_cooling,demand_hot_water
0,859865.4761405776,4957.604640881251,8.0,61.0,273.13,848.75,2000.0,2000.0,2000.0,33.72437427295285,0.0,0.0,15.0,0.0,,,250.00000000000006,0.0,0.0,,5.2988333333333335,43.73359333333334,14.130899999999999,4.169833333333333
1,298167.614562892,4957.84141052047,8.0,61.0,0.0,0.0,0.0,42.88139666683333,4.999999999833333,33.72437427295285,0.0,1.0,14.130899999999999,0.0,,,8.355833333333333,0.0,2.0,,5.2988333333333335,43.73359333333334,14.130899999999999,4.169833333333333
2,298166.68952003523,4957.677749091963,8.0,61.0,0.0,0.0,0.0,42.88139666666667,5.0,33.72437427295285,0.0,1.0,14.130899999999999,0.0,,,8.355833333333333,0.0,0.0,,5.2988333333333335,43.73359333333334,14.130899999999999,4.169833333333333
3,298083.107315206,6139.913111756233,8.0,7.0,50.0,0.0,0.0,5.541088010204347,0.0,33.72437427295285,0.0,39.0,14.130899999999999,0.0,,,8.355833333333333,0.0,0.0,,5.2988333333333335,43.73359333333334,14.130899999999999,4.169833333333333
4,294503.60047010856,6534.01593538125,8.0,0.0,50.0,0.0,0.0,0.0,0.0,33.72437427295285,0.0,44.0,14.130899999999999,0.0,,,8.355833333333333,0.0,0.0,,5.2988333333333335,43.73359333333334,14.130899999999999,4.169833333333333
