,cost,emission,grid,wood_supply,DHDC_small_heat,DHDC_medium_heat,DHDC_large_heat,wood_boiler_heat,wood_boiler_DHW,PV,SCFP,DHW_to_heat,ASHP,ASHP_DHW,GSHP_heat,GSHP_cooling,battery,DHW_storage,heat_storage,geothermal_boreholes,demand_electricity,demand_space_heating,demand_space_cooling,demand_hot_water
0,707533.027369509,2360.1139081413694,4.0,29.0,273.13,848.75,2000.0,2000.0,2000.0,13.70948799208067,0.0,0.0,6.0,0.0,,,250.00000000000006,0.0,0.0,,2.259896666666666,20.23333333333333,5.39386,1.953166666666667
1,140753.97129374923,2362.5358663804004,4.0,29.0,0.0,0.0,0.0,17.143470000166666,4.999999999833333,13.70948799208067,0.0,4.0,5.39386,0.0,,,3.266166666666667,0.0,6.0,,2.259896666666666,20.23333333333333,5.39386,1.953166666666667
2,140750.57625089353,2361.935204952083,4.0,29.0,0.0,0.0,0.0,17.143469999999997,5.0,13.70948799208067,0.0,4.0,5.39386,0.0,,,3.266166666666667,0.0,0.0,,2.259896666666666,20.23333333333333,5.39386,1.953166666666667
3,140750.5762508935,2361.935204952083,4.0,29.0,0.0,0.0,0.0,17.143469999999997,5.0,13.70948799208067,0.0,4.0,5.39386,0.0,,,3.266166666666667,0.0,0.0,,2.259896666666666,20.23333333333333,5.39386,1.953166666666667
4,139992.29320825828,2511.7127443913696,4.0,32.0,0.0,0.0,0.0,0.0,22.143469999999997,13.70948799208067,0.0,21.0,5.39386,0.0,,,3.266166666666667,0.0,0.0,,2.259896666666666,20.23333333333333,5.39386,1.953166666666667
