,cost,emission,grid,wood_supply,DHDC_small_heat,DHDC_medium_heat,DHDC_large_heat,wood_boiler_heat,wood_boiler_DHW,PV,SCFP,DHW_to_heat,ASHP,ASHP_DHW,GSHP_heat,GSHP_cooling,battery,DHW_storage,heat_storage,geothermal_boreholes,demand_electricity,demand_space_heating,demand_space_cooling,demand_hot_water
0,824232.6531888383,4057.51274123869,6.0,53.0,273.13,848.75,2000.0,2000.0,2000.0,21.74346598186977,0.0,0.0,11.0,0.0,,,250.00000000000006,0.0,0.0,,4.090166666666666,38.10796,10.559599999999977,3.0866666666666673
1,258428.13219127027,4312.57491606369,7.0,59.0,0.0,0.0,0.0,0.0,41.18576333333333,21.74346598186977,0.0,39.0,10.559599999999977,0.0,,,5.160833333333334,0.0,0.0,,4.090166666666666,38.10796,10.559599999999977,3.0866666666666673
2,258428.1321912703,4312.57491606369,7.0,59.0,0.0,0.0,0.0,0.0,41.18576333333333,21.74346598186977,0.0,39.0,10.559599999999977,0.0,,,5.160833333333334,0.0,0.0,,4.090166666666666,38.10796,10.559599999999977,3.0866666666666673
3,258428.1321912703,4312.57491606369,7.0,59.0,0.0,0.0,0.0,0.0,41.1857633333333,21.74346598186977,0.0,39.0,10.559599999999977,0.0,,,5.160833333333333,0.0,0.0,,4.090166666666666,38.10796,10.559599999999977,3.0866666666666673
4,256554.83935318567,5372.960884280834,7.0,0.0,50.0,0.0,0.0,0.0,0.0,21.74346598186977,0.0,39.0,10.559599999999977,0.0,,,5.160833333333333,0.0,0.0,,4.090166666666666,38.10796,10.559599999999977,3.0866666666666673
