,cost,emission,grid,wood_supply,DHDC_small_heat,DHDC_medium_heat,DHDC_large_heat,wood_boiler_heat,wood_boiler_DHW,PV,SCFP,DHW_to_heat,ASHP,ASHP_DHW,GSHP_heat,GSHP_cooling,battery,DHW_storage,heat_storage,geothermal_boreholes,demand_electricity,demand_space_heating,demand_space_cooling,demand_hot_water
0,181082.81752880613,2084.329092314285,2.0,24.0,,,,2000.0,2000.0,13.573946626373504,0.0,0.0,0.0,0.0,0.0,0.0,250.00000000000006,0.0,0.0,49.50176263846146,1.7466533333333334,16.51160000000002,0.0,1.766
1,99112.47575136262,2088.3376891392863,2.0,24.0,,,,13.246403333333351,5.0,13.573946626373504,0.0,4.0,0.0,0.0,0.0,0.0,3.0243333333333338,0.0,0.0,49.50176263846146,1.7466533333333334,16.51160000000002,0.0,1.766
2,99112.47575136262,2088.3376891392863,2.0,24.0,,,,13.246403333333351,5.0,13.573946626373504,0.0,4.0,0.0,0.0,0.0,0.0,3.0243333333333338,0.0,0.0,49.50176263846146,1.7466533333333334,16.51160000000002,0.0,1.766
3,99112.47575136264,2088.3376891392863,2.0,24.0,,,,13.246403333333351,5.0,13.573946626373504,0.0,4.0,0.0,0.0,0.0,0.0,3.0243333333333338,0.0,0.0,49.50176263846146,1.7466533333333334,16.51160000000002,0.0,1.766
4,98346.17104340595,2236.696010867857,2.0,27.0,,,,0.0,18.24640333333335,13.573946626373504,0.0,17.0,0.0,0.0,0.0,0.0,3.0243333333333338,0.0,0.0,49.50176263846146,1.7466533333333334,16.51160000000002,0.0,1.766
