,cost,emission,grid,wood_supply,DHDC_small_heat,DHDC_medium_heat,DHDC_large_heat,wood_boiler_heat,wood_boiler_DHW,PV,SCFP,DHW_to_heat,ASHP,ASHP_DHW,GSHP_heat,GSHP_cooling,battery,DHW_storage,heat_storage,geothermal_boreholes,demand_electricity,demand_space_heating,demand_space_cooling,demand_hot_water
0,129566.403450587,1432.6973165428576,2.0,17.0,,,,2000.0,2000.0,11.29584569001865,0.0,0.0,0.0,0.0,0.0,0.0,250.00000000000006,0.0,0.0,47.90709198301306,1.3095,11.903339999999998,0.0,1.143
1,57313.815660587316,1436.1778846553575,2.0,17.0,,,,9.304499999999999,5.0,11.29584569001865,0.0,3.0,0.0,0.0,0.0,0.0,2.9273333333333333,0.0,0.0,47.90709198301306,1.3095,11.903339999999998,0.0,1.143
2,57313.81566058732,1436.1778846553575,2.0,17.0,,,,9.304499999999999,5.0,11.29584569001865,0.0,3.0,0.0,0.0,0.0,0.0,2.9273333333333333,0.0,0.0,47.90709198301306,1.3095,11.903339999999998,0.0,1.143
3,57313.815660587316,1436.1778846553575,2.0,17.0,,,,9.304499999999999,5.0,11.29584569001865,0.0,3.0,0.0,0.0,0.0,0.0,2.9273333333333333,0.0,0.0,47.90709198301306,1.3095,11.903339999999998,0.0,1.143
4,56326.301842235975,1549.1302151910718,2.0,19.0,,,,0.0,13.003476666666664,11.29584569001865,0.0,12.0,0.0,0.0,0.0,0.0,2.9273333333333333,0.0,0.0,47.90709198301306,1.3095,11.903339999999998,0.0,1.143
