,cost,emission,grid,wood_supply,DHDC_small_heat,DHDC_medium_heat,DHDC_large_heat,wood_boiler_heat,wood_boiler_DHW,PV,SCFP,DHW_to_heat,ASHP,ASHP_DHW,GSHP_heat,GSHP_cooling,battery,DHW_storage,heat_storage,geothermal_boreholes,demand_electricity,demand_space_heating,demand_space_cooling,demand_hot_water
0,102979.31807610215,2084.329092314285,2.0,24.0,,,,2000.0,2000.0,13.573946626373504,0.0,0.0,0.0,0.0,0.0,0.0,250.00000000000006,0.0,0.0,49.50176263846146,1.7466533333333334,16.51160000000002,0.0,1.766
1,11657.841061499397,2454.3613169440487,3.0,21.0,,,,16.48040333333335,0.0,6.7301387688810355,0.0,1.0,0.0,1.766,0.0,0.0,0.0,0.0,0.0,49.50176263846146,1.7466533333333334,16.51160000000002,0.0,1.766
2,10672.048845523721,2824.3935415738265,4.0,18.0,,,,13.8011695378883,0.0,5.6638420836256005,0.0,4.0,0.0,4.44523379544505,0.0,0.0,0.0,0.0,0.0,49.50176263846146,1.7466533333333334,16.51160000000002,0.0,1.766
3,8402.811578190775,3194.425766203569,9.0,0.0,,,,0.0,0.0,10.813178032633664,0.0,17.0,0.0,18.24640333333335,0.0,0.0,1.0541574396124433,0.0,0.0,49.50176263846146,1.7466533333333334,16.51160000000002,0.0,1.766
4,7260.672513679933,3564.4579908333335,9.0,0.0,,,,0.0,0.0,0.0,0.0,17.0,0.0,18.24640333333335,0.0,0.0,0.0,0.0,0.0,49.50176263846146,1.7466533333333334,16.51160000000002,0.0,1.766
