,cost,emission,grid,wood_supply,DHDC_small_heat,DHDC_medium_heat,DHDC_large_heat,wood_boiler_heat,wood_boiler_DHW,PV,SCFP,DHW_to_heat,ASHP,ASHP_DHW,GSHP_heat,GSHP_cooling,battery,DHW_storage,heat_storage,geothermal_boreholes,demand_electricity,demand_space_heating,demand_space_cooling,demand_hot_water
0,614977.6971413277,12747.01459721429,56.0,181.0,273.13,848.75,2000.0,2000.0,2000.0,48.11548706949479,0.0,0.0,94.0,0.0,,,250.00000000000006,0.0,0.0,,29.376883333333335,139.15487666666664,93.53948333333334,7.335959999999999
1,43889.09133655951,13656.327077337632,63.0,60.0,0.0,0.0,0.0,47.995999999999995,0.0,43.91065236820982,0.0,3.0,93.53948333333334,7.335959999999998,,,2.7430478358257915,0.0,0.0,,29.376883333333335,139.15487666666664,93.53948333333334,7.335959999999999
2,40579.982139609485,14565.639557461147,65.0,54.0,0.0,0.0,0.0,42.93209999999998,0.0,17.813471605692705,0.0,4.0,93.53948333333334,7.335959999999998,,,0.0,0.0,0.0,,29.376883333333335,139.15487666666664,93.53948333333334,7.335959999999999
3,36956.59474479753,15474.952037584622,83.0,0.0,0.0,0.0,0.0,0.0,0.0,25.130589296491298,0.0,47.0,93.53948333333334,50.26805999999998,,,0.0,0.0,0.0,,29.376883333333335,139.15487666666664,93.53948333333334,7.335959999999999
4,34743.65511313681,16384.264517708343,83.0,0.0,0.0,0.0,0.0,0.0,0.0,0.0,0.0,4.0,136.22821,7.579333333333333,,,0.0,0.0,0.0,,29.376883333333335,139.15487666666664,93.53948333333334,7.335959999999999
