,cost,emission,grid,wood_supply,DHDC_small_heat,DHDC_medium_heat,DHDC_large_heat,wood_boiler_heat,wood_boiler_DHW,PV,SCFP,DHW_to_heat,ASHP,ASHP_DHW,GSHP_heat,GSHP_cooling,battery,DHW_storage,heat_storage,geothermal_boreholes,demand_electricity,demand_space_heating,demand_space_cooling,demand_hot_water
0,608057.6306403017,7428.9195842904755,13.0,88.0,273.13,848.75,2000.0,2000.0,2000.0,44.990057724338676,0.0,0.0,21.0,0.0,,,250.00000000000006,0.0,0.0,,7.893333333333334,63.1558,20.7855,5.972333333333332
1,34260.474913974,8520.584192384536,15.0,61.0,0.0,0.0,0.0,48.69488597399846,0.0,30.893311458474898,0.0,0.0,20.7855,5.972333333333332,,,0.9694762039127186,0.0,0.0,,7.893333333333334,63.1558,20.7855,5.972333333333332
2,31020.20572788296,9612.248800478586,17.0,53.0,0.0,0.0,0.0,42.36790666666667,0.0,23.318543900527054,0.0,6.0,20.7855,5.972333333333332,,,0.0,0.0,0.0,,7.893333333333334,63.1558,20.7855,5.972333333333332
3,26950.38168067948,10703.91340857264,33.0,0.0,0.0,0.0,0.0,0.0,0.0,30.16728649786843,0.0,45.0,20.7855,48.34024,,,0.6573509591359536,0.0,0.0,,7.893333333333334,63.1558,20.7855,5.972333333333332
4,24226.967998309814,11795.578016666666,34.0,0.0,0.0,0.0,0.0,0.0,0.0,0.0,0.0,45.0,20.7855,48.34024,,,0.0,0.0,0.0,,7.893333333333334,63.1558,20.7855,5.972333333333332
