,cost,emission,grid,wood_supply,DHDC_small_heat,DHDC_medium_heat,DHDC_large_heat,wood_boiler_heat,wood_boiler_DHW,PV,SCFP,DHW_to_heat,ASHP,ASHP_DHW,GSHP_heat,GSHP_cooling,battery,DHW_storage,heat_storage,geothermal_boreholes,demand_electricity,demand_space_heating,demand_space_cooling,demand_hot_water
0,276621.74325806386,2175.750728925893,6.0,16.0,,,,2000.0,2000.0,23.43741675295313,0.0,0.0,8.0,0.0,,,250.00000000000006,0.0,0.0,,3.2568333333333332,9.090199999999998,7.307896666666665,2.6095
1,192234.56586064384,2177.109671431845,6.0,16.0,,,,6.691503333333332,5.0,23.43741675295313,0.0,3.0,7.307896666666665,0.0,,,5.867999999999999,0.0,0.0,,3.2568333333333332,9.090199999999998,7.307896666666665,2.6095
2,192234.56586064384,2177.1096714318446,6.0,16.0,,,,6.691503333333332,5.0,23.43741675295313,0.0,3.0,7.307896666666665,0.0,,,5.867999999999999,0.0,0.0,,3.2568333333333332,9.090199999999998,7.307896666666665,2.6095
3,192234.56586064384,2177.1096714318446,6.0,16.0,,,,6.691503333333332,5.0,23.43741675295313,0.0,3.0,7.307896666666665,0.0,,,5.867999999999999,0.0,0.0,,3.2568333333333332,9.090199999999998,7.307896666666665,2.6095
4,190822.53828593713,2211.224716735416,6.0,17.0,,,,0.0,11.691503333333332,23.43741675295313,0.0,10.0,7.307896666666665,0.0,,,5.867999999999999,0.0,0.0,,3.2568333333333332,9.090199999999998,7.307896666666665,2.6095
