,cost,emission,grid,wood_supply,DHDC_small_heat,DHDC_medium_heat,DHDC_large_heat,wood_boiler_heat,wood_boiler_DHW,PV,SCFP,DHW_to_heat,ASHP,ASHP_DHW,GSHP_heat,GSHP_cooling,battery,DHW_storage,heat_storage,geothermal_boreholes,demand_electricity,demand_space_heating,demand_space_cooling,demand_hot_water
0,639424.6302987933,847.8747344982143,2.0,7.0,273.13,848.75,2000.0,2000.0,2000.0,9.947437320771291,0.0,0.0,3.0,0.0,,,250.00000000000006,0.0,0.0,,1.3213333333333332,4.3294999999999995,2.2698266666666664,0.9209999999999999
1,73481.30785038201,847.949633664881,2.0,7.0,0.0,0.0,0.0,5.0,5.0,9.947437320771291,0.0,0.0,2.2698266666666664,0.0,,,2.2900000000000005,0.0,0.0,,1.3213333333333332,4.3294999999999995,2.2698266666666664,0.9209999999999999
2,73481.30785038201,847.9496336648809,2.0,7.0,0.0,0.0,0.0,5.0,5.0,9.947437320771291,0.0,0.0,2.2698266666666664,0.0,,,2.2900000000000005,0.0,0.0,,1.3213333333333332,4.3294999999999995,2.2698266666666664,0.9209999999999999
3,73481.30785038201,847.949633664881,2.0,7.0,0.0,0.0,0.0,5.0,5.0,9.947437320771291,0.0,0.0,2.2698266666666664,0.0,,,2.29,0.0,0.0,,1.3213333333333332,4.3294999999999995,2.2698266666666664,0.9209999999999999
4,71907.52041529064,867.0966646291668,2.0,8.0,0.0,0.0,0.0,0.0,5.239803333333333,9.947437320771291,0.0,5.0,2.2698266666666664,0.0,,,2.29,0.0,0.0,,1.3213333333333332,4.3294999999999995,2.2698266666666664,0.9209999999999999
