,cost,emission,grid,wood_supply,DHDC_small_heat,DHDC_medium_heat,DHDC_large_heat,wood_boiler_heat,wood_boiler_DHW,PV,SCFP,DHW_to_heat,ASHP,ASHP_DHW,GSHP_heat,GSHP_cooling,battery,DHW_storage,heat_storage,geothermal_boreholes,demand_electricity,demand_space_heating,demand_space_cooling,demand_hot_water
0,701606.6937001987,2382.146213235119,4.0,30.0,273.13,848.75,2000.0,2000.0,2000.0,14.2179667874309,0.0,0.0,6.0,0.0,,,250.00000000000006,0.0,0.0,,2.1114699999999997,21.08526666666668,5.7729,1.9148333333333334
1,135367.08744950456,2383.945053174405,4.0,30.0,0.0,0.0,0.0,17.96057000000001,5.0,14.2179667874309,0.0,4.0,5.7729,0.0,,,3.1779999999999995,0.0,0.0,,2.1114699999999997,21.08526666666668,5.7729,1.9148333333333334
2,135367.08744950456,2383.945053174405,4.0,30.0,0.0,0.0,0.0,17.96057000000001,5.0,14.2179667874309,0.0,4.0,5.7729,0.0,,,3.1779999999999995,0.0,0.0,,2.1114699999999997,21.08526666666668,5.7729,1.9148333333333334
3,135367.08744950456,2383.945053174405,4.0,30.0,0.0,0.0,0.0,17.96057000000001,5.0,14.2179667874309,0.0,4.0,5.7729,0.0,,,3.1779999999999995,0.0,0.0,,2.1114699999999997,21.08526666666668,5.7729,1.9148333333333334
4,134652.3969855836,2541.435125770833,4.0,33.0,0.0,0.0,0.0,0.0,22.96057000000001,14.2179667874309,0.0,22.0,5.7729,0.0,,,3.1779999999999995,0.0,0.0,,2.1114699999999997,21.08526666666668,5.7729,1.9148333333333334
