,cost,emission,grid,wood_supply,DHDC_small_heat,DHDC_medium_heat,DHDC_large_heat,wood_boiler_heat,wood_boiler_DHW,PV,SCFP,DHW_to_heat,ASHP,ASHP_DHW,GSHP_heat,GSHP_cooling,battery,DHW_storage,heat_storage,geothermal_boreholes,demand_electricity,demand_space_heating,demand_space_cooling,demand_hot_water
0,591258.8657788362,3594.7614960720334,4.0,40.0,273.13,848.75,2000.0,2000.0,2000.0,31.56334502652014,0.0,0.0,0.0,3.0,0.0,0.0,250.00000000000006,0.0,0.0,62.09434151856411,3.9863333333333344,28.695839999999986,0.0,2.81
1,19044.802917100176,4236.340525179032,5.0,36.0,0.0,0.0,0.0,28.127826899540807,0.0,19.04369051619961,0.0,2.0,0.0,3.3703164337925116,0.0,0.0,1.5895694338566397,0.0,0.0,62.09434151856411,3.9863333333333344,28.695839999999986,0.0,2.81
2,17094.297263176086,4877.919554285842,7.0,31.0,0.0,0.0,0.0,24.574570372479343,0.0,11.871784707761794,0.0,7.0,0.0,6.923572960853973,0.0,0.0,0.0,0.0,0.0,62.09434151856411,3.9863333333333344,28.695839999999986,0.0,2.81
3,14077.468428431628,5519.498583393005,16.0,0.0,0.0,0.0,0.0,0.0,0.0,17.039674228071362,0.0,29.0,0.0,31.498143333333317,0.0,0.0,1.0004159180956549,0.0,0.0,62.09434151856411,3.9863333333333344,28.695839999999986,0.0,2.81
4,12548.971994533844,6161.077612499999,16.0,0.0,0.0,0.0,0.0,0.0,0.0,0.0,0.0,29.0,0.0,31.498143333333317,0.0,0.0,0.0,0.0,0.0,62.09434151856411,3.9863333333333344,28.695839999999986,0.0,2.81
