,cost,emission,grid,wood_supply,DHDC_small_heat,DHDC_medium_heat,DHDC_large_heat,wood_boiler_heat,wood_boiler_DHW,PV,SCFP,DHW_to_heat,ASHP,ASHP_DHW,GSHP_heat,GSHP_cooling,battery,DHW_storage,heat_storage,geothermal_boreholes,demand_electricity,demand_space_heating,demand_space_cooling,demand_hot_water
0,1856010.6122070947,4387.527951261454,5.0,50.0,,,,2000.0,2000.0,32.59265239873616,0.0,0.0,0.0,4.0,0.0,0.0,250.00000000000006,0.0,0.0,62.814856679115316,4.0815,35.05375999999998,0.0,3.9305000000000003
1,1505965.504160251,4884.343569056762,10.0,32.0,,,,24.842066666666646,0.0,32.59265239873616,0.0,12.0,0.0,14.1288,0.0,0.0,6.701597222222224,0.0,0.0,62.814856679115316,4.0815,35.05375999999998,0.0,3.9305000000000003
2,1372889.8922507889,5381.159186852088,10.0,32.0,,,,24.842066666666646,0.0,32.59265239873616,0.0,14.0,0.0,14.1288,0.0,0.0,6.701597222222224,0.0,0.0,62.814856679115316,4.0815,35.05375999999998,0.0,3.9305000000000003
3,1239837.357236187,5877.974804647397,12.0,27.0,,,,21.36666092435445,0.0,32.59265239873616,0.0,16.0,0.0,17.6042057423122,0.0,0.0,6.701597222222224,0.0,0.0,62.814856679115316,4.0815,35.05375999999998,0.0,3.9305000000000003
4,1105298.7694455148,6374.7904224427075,19.0,0.0,,,,0.0,0.0,32.59265239873616,0.0,36.0,0.0,38.970866666666645,0.0,0.0,6.701597222222224,0.0,0.0,62.814856679115316,4.0815,35.05375999999998,0.0,3.9305000000000003
