,cost,emission,grid,wood_supply,DHDC_small_heat,DHDC_medium_heat,DHDC_large_heat,wood_boiler_heat,wood_boiler_DHW,PV,SCFP,DHW_to_heat,ASHP,ASHP_DHW,GSHP_heat,GSHP_cooling,battery,DHW_storage,heat_storage,geothermal_boreholes,demand_electricity,demand_space_heating,demand_space_cooling,demand_hot_water
0,194675.26562444607,1574.2638996202381,4.0,12.0,,,,2000.0,2000.0,22.81874520445191,0.0,0.0,6.0,0.0,,,250.00000000000006,0.0,0.0,,2.515046666666666,6.991733333333332,5.842659999999998,2.1031666666666666
1,119415.75422211007,1575.4313390607144,3.0,13.0,,,,5.0,5.0,22.81874520445191,0.0,2.0,5.842659999999998,0.0,,,6.005444444444445,0.0,0.0,,2.515046666666666,6.991733333333332,5.842659999999998,2.1031666666666666
2,119415.75422211004,1575.4313390607144,3.0,13.0,,,,5.0,5.0,22.81874520445191,0.0,2.0,5.842659999999998,0.0,,,6.005444444444446,0.0,0.0,,2.515046666666666,6.991733333333332,5.842659999999998,2.1031666666666666
3,119415.75422211006,1575.4313390607142,3.0,13.0,,,,5.0,5.0,22.81874520445191,0.0,2.0,5.842659999999998,0.0,,,6.005444444444445,0.0,0.0,,2.515046666666666,6.991733333333332,5.842659999999998,2.1031666666666666
4,117943.95715125892,1601.5876249535713,4.0,13.0,,,,0.0,9.087839999999996,22.81874520445191,0.0,7.0,5.842659999999998,0.0,,,6.005444444444445,0.0,0.0,,2.515046666666666,6.991733333333332,5.842659999999998,2.1031666666666666
