,cost,emission,grid,wood_supply,DHDC_small_heat,DHDC_medium_heat,DHDC_large_heat,wood_boiler_heat,wood_boiler_DHW,PV,SCFP,DHW_to_heat,ASHP,ASHP_DHW,GSHP_heat,GSHP_cooling,battery,DHW_storage,heat_storage,geothermal_boreholes,demand_electricity,demand_space_heating,demand_space_cooling,demand_hot_water
0,414986.3239822112,4614.271631076486,7.0,55.0,,,,2000.0,2000.0,27.381880277850183,0.0,0.0,13.0,0.0,,,250.00000000000006,0.0,0.0,,4.723000000000001,38.82464666666667,12.832499999999994,3.9906666666666673
1,329404.85880413593,4614.419159511606,7.0,55.0,,,,37.79381333333333,5.0,27.381880277850183,0.0,2.0,12.832499999999994,0.0,,,6.311697424067669,0.0,0.0,,4.723000000000001,38.82464666666667,12.832499999999994,3.9906666666666673
2,329404.85880413593,4614.419159511606,7.0,55.0,,,,37.79381333333333,5.0,27.381880277850183,0.0,2.0,12.832499999999994,0.0,,,6.311697424067669,0.0,0.0,,4.723000000000001,38.82464666666667,12.832499999999994,3.9906666666666673
3,329404.8588041359,4614.419159511606,7.0,55.0,,,,37.79381333333333,5.0,27.381880277850183,0.0,2.0,12.832499999999994,0.0,,,6.311697424067669,0.0,0.0,,4.723000000000001,38.82464666666667,12.832499999999994,3.9906666666666673
4,329181.88596503646,4858.905427268748,7.0,62.0,,,,0.0,42.79381333333334,27.381880277850183,0.0,39.0,12.832499999999994,0.0,,,6.311697424067657,0.0,0.0,,4.723000000000001,38.82464666666667,12.832499999999994,3.9906666666666673
