,cost,emission,grid,wood_supply,DHDC_small_heat,DHDC_medium_heat,DHDC_large_heat,wood_boiler_heat,wood_boiler_DHW,PV,SCFP,DHW_to_heat,ASHP,ASHP_DHW,GSHP_heat,GSHP_cooling,battery,DHW_storage,heat_storage,geothermal_boreholes,demand_electricity,demand_space_heating,demand_space_cooling,demand_hot_water
0,3023105.5075328997,14882.186166528569,32.0,55.0,273.13,848.75,2000.0,2000.0,2000.0,33.16068726559339,0.0,0.0,30.0,0.0,,,250.00000000000006,0.0,0.0,,25.634559999999997,41.53539999999998,29.215079999999997,1.8983733333333335
1,2456656.621783849,14882.67912208214,32.0,55.0,0.0,0.0,0.0,38.15489999999998,5.0,33.16068726559339,0.0,4.0,29.215079999999997,0.0,,,6.547666666666668,0.0,0.0,,25.634559999999997,41.53539999999998,29.215079999999997,1.8983733333333335
2,2456656.6217838484,14882.679122082141,32.0,55.0,0.0,0.0,0.0,38.15489999999998,5.0,33.16068726559339,0.0,4.0,29.215079999999997,0.0,,,6.54766666666667,0.0,0.0,,25.634559999999997,41.53539999999998,29.215079999999997,1.8983733333333335
3,2456656.621783849,14882.67912208214,32.0,55.0,0.0,0.0,0.0,38.15489999999998,5.0,33.16068726559339,0.0,4.0,29.215079999999997,0.0,,,6.547666666666668,0.0,0.0,,25.634559999999997,41.53539999999998,29.215079999999997,1.8983733333333335
4,2456001.5724278917,15050.721083010712,32.0,62.0,0.0,0.0,0.0,0.0,43.15489999999998,33.16068726559339,0.0,42.0,29.215079999999997,0.0,,,6.547666666666668,0.0,0.0,,25.634559999999997,41.53539999999998,29.215079999999997,1.8983733333333335
