,cost,emission,grid,wood_supply,DHDC_small_heat,DHDC_medium_heat,DHDC_large_heat,wood_boiler_heat,wood_boiler_DHW,PV,SCFP,DHW_to_heat,ASHP,ASHP_DHW,GSHP_heat,GSHP_cooling,battery,DHW_storage,heat_storage,geothermal_boreholes,demand_electricity,demand_space_heating,demand_space_cooling,demand_hot_water
0,581909.2037286531,1957.677243303571,3.0,24.0,273.13,848.75,2000.0,2000.0,2000.0,11.641193086982202,0.0,0.0,5.0,0.0,,,250.00000000000006,0.0,0.0,,1.9745000000000001,16.994419999999995,4.6905,1.6715
1,10691.331192466207,2278.57543560269,4.0,17.0,0.0,0.0,0.0,13.203999999999997,0.0,7.240206474933481,0.0,1.0,4.6905,1.6715,,,0.2498997792737047,0.0,0.0,,1.9745000000000001,16.994419999999995,4.6905,1.6715
2,9770.269806004175,2599.4736279017866,5.0,16.0,0.0,0.0,0.0,12.268056666666661,0.0,5.400220126461189,0.0,2.0,4.6905,1.6715,,,0.0,0.0,0.0,,1.9745000000000001,16.994419999999995,4.6905,1.6715
3,7516.3964419131335,2920.3718202008913,9.0,1.0,0.0,0.0,0.0,0.0,0.0,8.894104929838754,0.0,12.0,6.266223333333217,12.363833333333332,,,0.7545769600795971,0.0,0.0,,1.9745000000000001,16.994419999999995,4.6905,1.6715
4,6648.917713454024,3241.2700124999997,9.0,0.0,0.0,0.0,0.0,0.0,0.0,0.0,0.0,2.0,16.774556666666662,1.8554999999999997,,,0.0,0.0,0.0,,1.9745000000000001,16.994419999999995,4.6905,1.6715
