,cost,emission,grid,wood_supply,DHDC_small_heat,DHDC_medium_heat,DHDC_large_heat,wood_boiler_heat,wood_boiler_DHW,PV,SCFP,DHW_to_heat,ASHP,ASHP_DHW,GSHP_heat,GSHP_cooling,battery,DHW_storage,heat_storage,geothermal_boreholes,demand_electricity,demand_space_heating,demand_space_cooling,demand_hot_water
0,2189762.3859082684,4171.86847311012,6.0,53.0,273.13,848.75,2000.0,2000.0,2000.0,30.490163994819124,0.0,0.0,14.0,0.0,,,250.00000000000006,0.0,0.0,,3.9631666666666665,37.99027333333334,13.8121,3.6779999999999995
1,1176138.7783898544,4508.426525806548,7.0,31.0,50.0,0.0,0.0,24.501704855704318,0.0,30.490163994819124,0.0,14.0,13.8121,3.6193333333333335,,,6.466194444444445,0.0,0.0,,3.9631666666666665,37.99027333333334,13.8121,3.6779999999999995
2,860436.3545243515,4844.984578502974,7.0,14.0,50.0,0.0,0.0,11.186150235044686,0.0,30.490163994819124,0.0,27.0,13.8121,3.6193333333333335,,,6.466194444444445,0.0,0.0,,3.9631666666666665,37.99027333333334,13.8121,3.6779999999999995
3,544849.4911932275,5181.542631199332,7.0,7.0,50.0,0.0,0.0,5.0,0.0,30.490163994819124,0.0,38.0,13.8121,3.6193333333333335,,,6.466194444444445,0.0,0.0,,3.9631666666666665,37.99027333333334,13.8121,3.6779999999999995
4,238689.2301533005,5518.100683895834,6.0,0.0,50.0,0.0,0.0,0.0,0.0,30.490163994819124,0.0,38.0,13.8121,0.0,,,7.429333333333333,0.0,0.0,,3.9631666666666665,37.99027333333334,13.8121,3.6779999999999995
