,cost,emission,grid,wood_supply,DHDC_small_heat,DHDC_medium_heat,DHDC_large_heat,wood_boiler_heat,wood_boiler_DHW,PV,SCFP,DHW_to_heat,ASHP,ASHP_DHW,GSHP_heat,GSHP_cooling,battery,DHW_storage,heat_storage,geothermal_boreholes,demand_electricity,demand_space_heating,demand_space_cooling,demand_hot_water
0,585631.4323085839,2340.798937102679,3.0,26.0,273.13,848.75,2000.0,2000.0,2000.0,15.65309177001062,0.0,0.0,0.0,0.0,11.0,8.0,250.00000000000006,0.0,0.0,50.95716423900743,2.011833333333333,18.51046,7.537499999999999,1.9773333333333334
1,12908.964104011677,2753.873005105652,4.0,23.0,0.0,0.0,0.0,18.215772367568313,0.0,8.50227949822054,0.0,1.0,0.0,1.9773333333333334,0.2663242990983495,7.537499999999999,0.145236822788393,0.0,0.0,50.95716423900743,2.011833333333333,18.51046,7.537499999999999,1.9773333333333334
2,11783.765886076639,3166.947073108615,4.0,20.0,0.0,0.0,0.0,15.306732173198451,0.0,6.6765125343092695,0.0,5.0,0.0,4.886373527703213,0.2663242990983335,7.537499999999999,0.0,0.0,0.0,50.95716423900743,2.011833333333333,18.51046,7.537499999999999,1.9773333333333334
3,9384.169024177252,3580.021141111611,10.0,0.0,0.0,0.0,0.0,0.0,0.0,11.749638237789028,0.0,19.0,0.0,20.191294643565747,0.26813535643425324,7.537499999999999,1.0679635171814867,0.0,0.0,50.95716423900743,2.011833333333333,18.51046,7.537499999999999,1.9773333333333334
4,8195.281307829053,3993.095209114584,10.0,0.0,0.0,0.0,0.0,0.0,0.0,0.0,0.0,19.0,0.0,20.19310570090166,0.26632429909833677,7.537499999999999,0.0,0.0,0.0,50.95716423900743,2.011833333333333,18.51046,7.537499999999999,1.9773333333333334
