,cost,emission,grid,wood_supply,DHDC_small_heat,DHDC_medium_heat,DHDC_large_heat,wood_boiler_heat,wood_boiler_DHW,PV,SCFP,DHW_to_heat,ASHP,ASHP_DHW,GSHP_heat,GSHP_cooling,battery,DHW_storage,heat_storage,geothermal_boreholes,demand_electricity,demand_space_heating,demand_space_cooling,demand_hot_water
0,610889.3036286106,7676.773812321429,8.0,84.0,273.13,848.75,2000.0,2000.0,2000.0,52.84496233220642,0.0,0.0,0.0,0.0,0.0,0.0,250.00000000000006,0.0,0.0,76.9914736325445,7.615333333333335,58.46746666666667,0.0,6.986999999999999
1,36506.34744644616,8923.523466011931,10.0,74.0,0.0,0.0,0.0,58.466966666666664,0.005166666666666467,33.84626088436977,0.0,3.0,0.0,6.9818333333333324,0.0,0.0,1.2475158605290149,0.0,0.0,76.9914736325445,7.615333333333335,58.46746666666667,0.0,6.986999999999999
2,33045.18362649178,10170.273119702595,15.0,61.0,0.0,0.0,0.0,48.52858250206424,0.0,26.152600669570795,0.0,16.0,0.0,16.92538416460243,0.0,0.0,0.0,0.0,0.0,76.9914736325445,7.615333333333335,58.46746666666667,0.0,6.986999999999999
3,28549.521615133046,11417.022773392862,32.0,0.0,0.0,0.0,0.0,0.0,0.0,32.50245280323558,0.0,59.0,0.0,65.45396666666666,0.0,0.0,0.8028116998567804,0.0,0.0,76.9914736325445,7.615333333333335,58.46746666666667,0.0,6.986999999999999
4,25810.004695755302,12663.772427083331,32.0,0.0,0.0,0.0,0.0,0.0,0.0,0.0,0.0,59.0,0.0,65.45396666666666,0.0,0.0,0.0,0.0,0.0,76.9914736325445,7.615333333333335,58.46746666666667,0.0,6.986999999999999
