,cost,emission,grid,wood_supply,DHDC_small_heat,DHDC_medium_heat,DHDC_large_heat,wood_boiler_heat,wood_boiler_DHW,PV,SCFP,DHW_to_heat,ASHP,ASHP_DHW,GSHP_heat,GSHP_cooling,battery,DHW_storage,heat_storage,geothermal_boreholes,demand_electricity,demand_space_heating,demand_space_cooling,demand_hot_water
0,614232.5165065929,8408.384900339286,10.0,89.0,273.13,848.75,2000.0,2000.0,2000.0,63.13001058554683,0.0,0.0,0.0,0.0,0.0,0.0,250.00000000000006,0.0,0.0,84.19100740988279,9.246,61.74715999999999,0.0,8.099166666666667
1,39652.486479937594,9774.283802858627,12.0,76.0,0.0,0.0,0.0,60.796826666666654,0.0,44.12568802990372,0.0,4.0,0.0,9.049499999999998,0.0,0.0,3.2875880115028453,0.0,0.0,84.19100740988279,9.246,61.74715999999999,0.0,8.099166666666667
2,35661.283031487954,11140.18270537824,17.0,65.0,0.0,0.0,0.0,51.58314978467369,0.0,31.052928188184683,0.0,13.0,0.0,18.26317688199297,0.0,0.0,0.0,0.0,0.0,84.19100740988279,9.246,61.74715999999999,0.0,8.099166666666667
3,30754.621936183317,12506.08160789731,35.0,0.0,0.0,0.0,0.0,0.0,0.0,33.59938698929298,0.0,62.0,0.0,69.84632666666666,0.0,0.0,0.0,0.0,0.0,84.19100740988279,9.246,61.74715999999999,0.0,8.099166666666667
4,28230.125514557563,13871.980510416666,35.0,0.0,0.0,0.0,0.0,0.0,0.0,0.0,0.0,62.0,0.0,69.84632666666666,0.0,0.0,0.0,0.0,0.0,84.19100740988279,9.246,61.74715999999999,0.0,8.099166666666667
