,cost,emission,grid,wood_supply,DHDC_small_heat,DHDC_medium_heat,DHDC_large_heat,wood_boiler_heat,wood_boiler_DHW,PV,SCFP,DHW_to_heat,ASHP,ASHP_DHW,GSHP_heat,GSHP_cooling,battery,DHW_storage,heat_storage,geothermal_boreholes,demand_electricity,demand_space_heating,demand_space_cooling,demand_hot_water
0,455168.9337322443,5379.804573583333,9.0,65.0,,,,2000.0,2000.0,33.51402733499503,0.0,0.0,16.0,0.0,,,250.00000000000006,0.0,0.0,,5.805000000000001,46.21803333333333,15.129719999999999,4.548666666666667
1,371586.52589428204,5379.812163706525,9.0,65.0,,,,46.013831666972756,5.0,33.514027334995035,0.0,1.0,15.129719999999999,0.0,,,8.227388888888889,0.0,0.0,,5.805000000000001,46.21803333333333,15.129719999999999,4.548666666666667
2,371584.9858372895,5379.81975382974,9.0,65.0,,,,45.91617250022455,5.0,33.51402733499503,0.0,1.0,15.129719999999999,0.0,,,8.227388888888886,0.0,0.0,,5.805000000000001,46.21803333333333,15.129719999999999,4.548666666666667
3,371583.78062452347,5379.827343952954,9.0,65.0,,,,45.83917125022419,5.0,33.51402733499503,0.0,1.0,15.129719999999999,0.0,,,8.227388888888886,0.0,0.0,,5.805000000000001,46.21803333333333,15.129719999999999,4.548666666666667
4,371582.57541175414,5379.834934076191,9.0,65.0,,,,45.76217,5.0,33.51402733499503,0.0,1.0,15.129719999999999,0.0,,,8.227388888888886,0.0,0.0,,5.805000000000001,46.21803333333333,15.129719999999999,4.548666666666667
