,cost,emission,grid,wood_supply,DHDC_small_heat,DHDC_medium_heat,DHDC_large_heat,wood_boiler_heat,wood_boiler_DHW,PV,SCFP,DHW_to_heat,ASHP,ASHP_DHW,GSHP_heat,GSHP_cooling,battery,DHW_storage,heat_storage,geothermal_boreholes,demand_electricity,demand_space_heating,demand_space_cooling,demand_hot_water
0,668041.5427769911,2555.5130274303574,2.0,29.0,273.13,848.75,2000.0,2000.0,2000.0,15.610467149460614,0.0,0.0,0.0,0.0,0.0,0.0,250.00000000000006,0.0,0.0,50.927327004622434,1.9417266666666617,20.885759999999994,0.0,2.0171666666666668
1,109622.63739167068,2558.391466108929,2.0,30.0,0.0,0.0,0.0,17.86292666666666,5.0,15.610467149460614,0.0,4.0,0.0,0.0,0.0,0.0,3.5876666666666663,0.0,0.0,50.927327004622434,1.9417266666666617,20.885759999999994,0.0,2.0171666666666668
2,109622.6373916707,2558.391466108929,2.0,30.0,0.0,0.0,0.0,17.86292666666666,5.0,15.610467149460614,0.0,4.0,0.0,0.0,0.0,0.0,3.5876666666666663,0.0,0.0,50.927327004622434,1.9417266666666617,20.885759999999994,0.0,2.0171666666666668
3,109622.63739167068,2558.391466108929,2.0,30.0,0.0,0.0,0.0,17.86292666666666,5.0,15.610467149460614,0.0,4.0,0.0,0.0,0.0,0.0,3.5876666666666663,0.0,0.0,50.927327004622434,1.9417266666666617,20.885759999999994,0.0,2.0171666666666668
4,109146.838399214,2758.1469528875,2.0,33.0,0.0,0.0,0.0,0.0,22.86292666666666,15.610467149460614,0.0,21.0,0.0,0.0,0.0,0.0,3.5876666666666663,0.0,0.0,50.927327004622434,1.9417266666666617,20.885759999999994,0.0,2.0171666666666668
