,cost,emission,grid,wood_supply,DHDC_small_heat,DHDC_medium_heat,DHDC_large_heat,wood_boiler_heat,wood_boiler_DHW,PV,SCFP,DHW_to_heat,ASHP,ASHP_DHW,GSHP_heat,GSHP_cooling,battery,DHW_storage,heat_storage,geothermal_boreholes,demand_electricity,demand_space_heating,demand_space_cooling,demand_hot_water
0,1016678.1102916987,4871.747854389881,8.0,50.0,273.13,848.75,2000.0,2000.0,2000.0,21.68481540731495,0.0,0.0,12.0,0.0,,,250.00000000000006,0.0,0.0,,5.456166666666667,36.9935,11.565199999999995,2.5978333333333334
1,449635.2008159484,5111.808337782737,8.0,57.0,0.0,0.0,0.0,0.0,39.56816666666666,21.68481540731495,0.0,37.0,11.565199999999995,0.0,,,4.873333333333332,0.0,0.0,,5.456166666666667,36.9935,11.565199999999995,2.5978333333333334
2,449635.2008159485,5111.808337782737,8.0,57.0,0.0,0.0,0.0,0.0,39.56816666666666,21.68481540731495,0.0,37.0,11.565199999999995,0.0,,,4.873333333333332,0.0,0.0,,5.456166666666667,36.9935,11.565199999999995,2.5978333333333334
3,449635.20081594837,5111.808337782738,8.0,57.0,0.0,0.0,0.0,0.0,39.568166666666556,21.684815407314954,0.0,37.0,11.565199999999995,0.0,,,4.873333333333333,0.0,0.0,,5.456166666666667,36.9935,11.565199999999995,2.5978333333333334
4,448455.7214670884,6089.196150354166,8.0,0.0,50.0,0.0,0.0,0.0,0.0,21.68481540731495,0.0,37.0,11.565199999999995,0.0,,,4.873333333333332,0.0,0.0,,5.456166666666667,36.9935,11.565199999999995,2.5978333333333334
