,cost,emission,grid,wood_supply,DHDC_small_heat,DHDC_medium_heat,DHDC_large_heat,wood_boiler_heat,wood_boiler_DHW,PV,SCFP,DHW_to_heat,ASHP,ASHP_DHW,GSHP_heat,GSHP_cooling,battery,DHW_storage,heat_storage,geothermal_boreholes,demand_electricity,demand_space_heating,demand_space_cooling,demand_hot_water
0,671804.449846203,2659.736344449032,3.0,31.0,273.13,848.75,2000.0,2000.0,2000.0,23.612310330442863,0.0,0.0,0.0,3.0,13.0,10.0,250.00000000000006,0.0,0.0,56.52861723131,2.4843333333333333,21.2715,9.022166666666667,2.4779999999999998
1,118167.62483318204,2680.6193230724157,3.0,31.0,0.0,0.0,0.0,18.728833333333334,5.0,23.612310330442863,0.0,3.0,0.0,1.334218340579067,0.0,9.022166666666667,5.351159024758723,0.0,0.0,56.52861723131,2.4843333333333333,21.2715,9.022166666666667,2.4779999999999998
2,118167.62483318205,2680.619323072415,3.0,31.0,0.0,0.0,0.0,18.728833333333334,5.0,23.612310330442863,0.0,3.0,0.0,1.3342183405790693,0.0,9.022166666666667,5.351159024758722,0.0,0.0,56.52861723131,2.4843333333333333,21.2715,9.022166666666667,2.4779999999999998
3,118167.62483318202,2680.6193230724157,3.0,31.0,0.0,0.0,0.0,18.728833333333334,5.0,23.612310330442863,0.0,3.0,0.0,1.334218340579066,0.0,9.022166666666667,5.351159024758726,0.0,0.0,56.52861723131,2.4843333333333333,21.2715,9.022166666666667,2.4779999999999998
4,117642.20677865393,2871.596052715273,3.0,34.0,0.0,0.0,0.0,0.0,23.72883333333333,23.612310330442863,0.0,22.0,0.0,1.334218340579066,0.0,9.022166666666667,5.351159024758724,0.0,0.0,56.52861723131,2.4843333333333333,21.2715,9.022166666666667,2.4779999999999998
