,cost,emission,grid,wood_supply,DHDC_small_heat,DHDC_medium_heat,DHDC_large_heat,wood_boiler_heat,wood_boiler_DHW,PV,SCFP,DHW_to_heat,ASHP,ASHP_DHW,GSHP_heat,GSHP_cooling,battery,DHW_storage,heat_storage,geothermal_boreholes,demand_electricity,demand_space_heating,demand_space_cooling,demand_hot_water
0,665675.2612628684,2297.7779177625,2.0,26.0,273.13,848.75,2000.0,2000.0,2000.0,15.622795463547599,0.0,0.0,0.0,0.0,0.0,0.0,250.00000000000006,0.0,0.0,50.93595682448333,1.9164999999999999,18.517560000000007,0.0,1.9751666666666667
1,107111.65598843632,2300.650459267856,2.0,27.0,0.0,0.0,0.0,15.465393333333338,5.0,15.622795463547599,0.0,4.0,0.0,0.0,0.0,0.0,3.5905000000000005,0.0,0.0,50.93595682448333,1.9164999999999999,18.517560000000007,0.0,1.9751666666666667
2,107111.65598843632,2300.650459267856,2.0,27.0,0.0,0.0,0.0,15.465393333333338,5.0,15.622795463547599,0.0,4.0,0.0,0.0,0.0,0.0,3.5905000000000005,0.0,0.0,50.93595682448333,1.9164999999999999,18.517560000000007,0.0,1.9751666666666667
3,107111.6559884363,2300.650459267856,2.0,27.0,0.0,0.0,0.0,15.465393333333338,5.0,15.622795463547599,0.0,4.0,0.0,0.0,0.0,0.0,3.5905000000000005,0.0,0.0,50.93595682448333,1.9164999999999999,18.517560000000007,0.0,1.9751666666666667
4,106436.79428333677,2465.1871584250002,2.0,30.0,0.0,0.0,0.0,0.0,20.46539333333334,15.622795463547599,0.0,19.0,0.0,0.0,0.0,0.0,3.5905000000000005,0.0,0.0,50.93595682448333,1.9164999999999999,18.517560000000007,0.0,1.9751666666666667
