,cost,emission,grid,wood_supply,DHDC_small_heat,DHDC_medium_heat,DHDC_large_heat,wood_boiler_heat,wood_boiler_DHW,PV,SCFP,DHW_to_heat,ASHP,ASHP_DHW,GSHP_heat,GSHP_cooling,battery,DHW_storage,heat_storage,geothermal_boreholes,demand_electricity,demand_space_heating,demand_space_cooling,demand_hot_water
0,145632.83453609928,1371.2082283473214,2.0,18.0,,,,2000.0,2000.0,11.600536338398756,0.0,0.0,5.0,0.0,,,250.00000000000006,0.0,0.0,,1.4238333333333335,12.816246666666666,4.315996666666667,1.1205
1,69066.49432293842,1376.0443863562505,2.0,19.0,,,,9.130833333333333,5.0,11.600536338398756,0.0,4.0,4.315996666666667,0.0,,,3.0281666666666665,0.0,0.0,,1.4238333333333335,12.816246666666666,4.315996666666667,1.1205
2,69066.49432293842,1376.0443863562505,2.0,19.0,,,,9.130833333333333,5.0,11.600536338398756,0.0,4.0,4.315996666666667,0.0,,,3.0281666666666665,0.0,0.0,,1.4238333333333335,12.816246666666666,4.315996666666667,1.1205
3,69066.49432293842,1376.0443863562505,2.0,19.0,,,,9.130833333333333,5.0,11.600536338398756,0.0,4.0,4.315996666666667,0.0,,,3.0281666666666665,0.0,0.0,,1.4238333333333335,12.816246666666666,4.315996666666667,1.1205
4,67974.64715231709,1467.4641743919642,2.0,20.0,,,,0.0,13.90158,11.600536338398756,0.0,13.0,4.315996666666667,0.0,,,3.0281666666666665,0.0,0.0,,1.4238333333333335,12.816246666666666,4.315996666666667,1.1205
