,cost,emission,grid,wood_supply,DHDC_small_heat,DHDC_medium_heat,DHDC_large_heat,wood_boiler_heat,wood_boiler_DHW,PV,SCFP,DHW_to_heat,ASHP,ASHP_DHW,GSHP_heat,GSHP_cooling,battery,DHW_storage,heat_storage,geothermal_boreholes,demand_electricity,demand_space_heating,demand_space_cooling,demand_hot_water
0,588607.2306473056,2992.2251129125,4.0,38.0,273.13,848.75,2000.0,2000.0,2000.0,20.44836588979076,0.0,0.0,10.0,0.0,,,250.00000000000006,0.0,0.0,,2.721833333333333,27.249633333333332,9.575343333333334,2.5708333333333333
1,16694.13187114706,3497.4037061427152,5.0,28.0,0.0,0.0,0.0,21.842333333333332,0.0,12.706082100764839,0.0,0.0,9.575343333333334,2.570833333333333,,,0.6188888726196872,0.0,0.0,,2.721833333333333,27.249633333333332,9.575343333333334,2.5708333333333333
2,15152.84345528853,4002.5822993729166,8.0,23.0,0.0,0.0,0.0,17.64756333333333,0.0,8.990982705762562,0.0,2.0,9.575343333333334,2.570833333333333,,,0.0,0.0,0.0,,2.721833333333333,27.249633333333332,9.575343333333334,2.5708333333333333
3,12517.793930819316,4507.760892603126,14.0,0.0,0.0,0.0,0.0,0.0,0.0,14.256401572705695,0.0,19.0,9.575343333333334,20.218396666666663,,,1.130429875723062,0.0,0.0,,2.721833333333333,27.249633333333332,9.575343333333334,2.5708333333333333
4,11116.119984485105,5012.939485833334,15.0,0.0,0.0,0.0,0.0,0.0,0.0,0.0,0.0,19.0,9.575343333333334,20.218396666666663,,,0.0,0.0,0.0,,2.721833333333333,27.249633333333332,9.575343333333334,2.5708333333333333
