,cost,emission,grid,wood_supply,DHDC_small_heat,DHDC_medium_heat,DHDC_large_heat,wood_boiler_heat,wood_boiler_DHW,PV,SCFP,DHW_to_heat,ASHP,ASHP_DHW,GSHP_heat,GSHP_cooling,battery,DHW_storage,heat_storage,geothermal_boreholes,demand_electricity,demand_space_heating,demand_space_cooling,demand_hot_water
0,2432072.215189614,4829.385400046856,6.0,63.0,273.13,848.75,2000.0,2000.0,2000.0,36.22424464925402,0.0,0.0,17.0,5.0,,,250.00000000000006,0.0,0.0,,4.785073333333332,44.851753333333335,16.457666666666668,4.332833333333333
1,1348019.467960504,5226.410785996764,8.0,36.0,50.0,0.0,0.0,28.32200528069897,0.0,36.22424464925402,0.0,17.0,16.457666666666668,4.266076666666667,,,8.559152777777777,0.0,0.0,,4.785073333333332,44.851753333333335,16.457666666666668,4.332833333333333
2,975601.057735912,5623.436171946652,8.0,17.0,50.0,0.0,0.0,12.882077494310867,0.0,36.22424464925402,0.0,32.0,16.457666666666668,4.266076666666667,,,8.559152777777777,0.0,0.0,,4.785073333333332,44.851753333333335,16.457666666666668,4.332833333333333
3,603305.1527265282,6020.461557896457,8.0,7.0,50.0,0.0,0.0,5.0,0.0,36.22424464925402,0.0,44.0,16.457666666666668,4.266076666666667,,,8.559152777777777,0.0,0.0,,4.785073333333332,44.851753333333335,16.457666666666668,4.332833333333333
4,263055.6519737945,6417.486943846432,8.0,0.0,50.0,0.0,0.0,0.0,0.0,36.22424464925402,0.0,45.0,16.457666666666668,0.30849756442906406,,,7.704792681487889,0.0,0.0,,4.785073333333332,44.851753333333335,16.457666666666668,4.332833333333333
