,cost,emission,grid,wood_supply,DHDC_small_heat,DHDC_medium_heat,DHDC_large_heat,wood_boiler_heat,wood_boiler_DHW,PV,SCFP,DHW_to_heat,ASHP,ASHP_DHW,GSHP_heat,GSHP_cooling,battery,DHW_storage,heat_storage,geothermal_boreholes,demand_electricity,demand_space_heating,demand_space_cooling,demand_hot_water
0,112440.84418085635,3441.4696993951675,4.0,45.0,,,,2000.0,2000.0,34.27661769787935,0.0,0.0,13.0,4.0,,,250.00000000000006,0.0,0.0,,3.567833333333333,31.843860000000006,12.162706666666667,3.3593333333333333
1,20476.31061717367,4105.771375483871,7.0,33.0,,,,26.049166666666665,0.0,22.608587961887476,0.0,2.0,12.162706666666667,3.359333333333333,,,2.5715009228715084,0.0,0.0,,3.567833333333333,31.843860000000006,12.162706666666667,3.3593333333333333
2,18192.664323715242,4770.073051572578,9.0,25.0,,,,19.672290000000004,0.0,12.418475415227393,0.0,3.0,12.162706666666667,3.359333333333333,,,0.0,0.0,0.0,,3.567833333333333,31.843860000000006,12.162706666666667,3.3593333333333333
3,15069.794712317815,5434.374727661288,17.0,0.0,,,,0.0,0.0,17.33677512079272,0.0,21.0,12.162706666666667,23.031623333333336,,,1.0708765610106448,0.0,0.0,,3.567833333333333,31.843860000000006,12.162706666666667,3.3593333333333333
4,13543.1439590293,6098.676403750002,17.0,0.0,,,,0.0,0.0,0.0,0.0,21.0,12.162706666666667,23.031623333333336,,,0.0,0.0,0.0,,3.567833333333333,31.843860000000006,12.162706666666667,3.3593333333333333
