,cost,emission,grid,wood_supply,DHDC_small_heat,DHDC_medium_heat,DHDC_large_heat,wood_boiler_heat,wood_boiler_DHW,PV,SCFP,DHW_to_heat,ASHP,ASHP_DHW,GSHP_heat,GSHP_cooling,battery,DHW_storage,heat_storage,geothermal_boreholes,demand_electricity,demand_space_heating,demand_space_cooling,demand_hot_water
0,123374.29735853994,1132.9147951125,1.0,14.0,,,,2000.0,2000.0,8.111075698360322,0.0,0.0,0.0,0.0,0.0,0.0,250.00000000000006,0.0,0.0,45.677752988852234,0.9548333333333333,9.614000000000003,0.0,0.8149699999999999
1,44559.29393499367,1135.7155177017858,1.0,14.0,,,,7.6691666666666665,5.0,8.111075698360322,0.0,2.0,0.0,0.0,0.0,0.0,1.8705000000000003,0.0,0.0,45.677752988852234,0.9548333333333333,9.614000000000003,0.0,0.8149699999999999
2,44559.29393499368,1135.7155177017858,1.0,14.0,,,,7.6691666666666665,5.0,8.111075698360322,0.0,2.0,0.0,0.0,0.0,0.0,1.8705000000000003,0.0,0.0,45.677752988852234,0.9548333333333333,9.614000000000003,0.0,0.8149699999999999
3,44559.29393499367,1135.7155177017858,1.0,14.0,,,,7.6691666666666665,5.0,8.111075698360322,0.0,2.0,0.0,0.0,0.0,0.0,1.8705000000000003,0.0,0.0,45.677752988852234,0.9548333333333333,9.614000000000003,0.0,0.8149699999999999
4,43450.94871462612,1230.0645487732147,1.0,15.0,,,,0.0,10.400636666666667,8.111075698360322,0.0,10.0,0.0,0.0,0.0,0.0,1.8704999999999998,0.0,0.0,45.677752988852234,0.9548333333333333,9.614000000000003,0.0,0.8149699999999999
