,cost,emission,grid,wood_supply,DHDC_small_heat,DHDC_medium_heat,DHDC_large_heat,wood_boiler_heat,wood_boiler_DHW,PV,SCFP,DHW_to_heat,ASHP,ASHP_DHW,GSHP_heat,GSHP_cooling,battery,DHW_storage,heat_storage,geothermal_boreholes,demand_electricity,demand_space_heating,demand_space_cooling,demand_hot_water
0,663773.4979411347,1817.8613863011906,3.0,23.0,273.13,848.75,2000.0,2000.0,2000.0,10.908797883645315,0.0,0.0,5.0,0.0,,,250.00000000000006,0.0,0.0,,1.7271666666666665,16.307746666666667,4.4566799999999995,1.5078333333333334
1,97508.84075550426,1821.0757296154757,3.0,24.0,0.0,0.0,0.0,12.783716666666667,5.0,10.908797883645315,0.0,4.0,4.4566799999999995,0.0,,,2.665611111111111,0.0,0.0,,1.7271666666666665,16.307746666666667,4.4566799999999995,1.5078333333333334
2,97508.84075550426,1821.075729615476,3.0,24.0,0.0,0.0,0.0,12.783716666666667,5.0,10.908797883645315,0.0,4.0,4.4566799999999995,0.0,,,2.665611111111111,0.0,0.0,,1.7271666666666665,16.307746666666667,4.4566799999999995,1.5078333333333334
3,97508.84075550426,1821.0757296154761,3.0,24.0,0.0,0.0,0.0,12.783716666666667,5.0,10.908797883645315,0.0,4.0,4.4566799999999995,0.0,,,2.6656111111111116,0.0,0.0,,1.7271666666666665,16.307746666666667,4.4566799999999995,1.5078333333333334
4,96584.63123276187,1941.4970456511905,3.0,26.0,0.0,0.0,0.0,0.0,17.783716666666663,10.908797883645315,0.0,17.0,4.4566799999999995,0.0,,,2.665611111111111,0.0,0.0,,1.7271666666666665,16.307746666666667,4.4566799999999995,1.5078333333333334
