,cost,emission,grid,wood_supply,DHDC_small_heat,DHDC_medium_heat,DHDC_large_heat,wood_boiler_heat,wood_boiler_DHW,PV,SCFP,DHW_to_heat,ASHP,ASHP_DHW,GSHP_heat,GSHP_cooling,battery,DHW_storage,heat_storage,geothermal_boreholes,demand_electricity,demand_space_heating,demand_space_cooling,demand_hot_water
0,116217.90725935722,4551.644475987381,7.0,46.0,,,,2000.0,2000.0,37.001173029930854,0.0,0.0,0.0,0.0,17.0,17.0,250.00000000000006,0.0,0.0,65.9008211209516,5.481439999999999,32.232949999999995,16.32505333333333,3.8484999999999996
1,22395.705669602252,5287.55456632387,9.0,39.0,,,,30.921889678263852,0.0,26.70668668417996,0.0,2.0,0.0,4.095731216548861,1.0638291051872857,16.32505333333333,1.908027852938023,0.0,0.0,65.9008211209516,5.481439999999999,32.232949999999995,16.32505333333333,3.8484999999999996
2,20194.132112331103,6023.4646566603415,9.0,33.0,,,,26.319736459127817,0.0,17.892201143914253,0.0,7.0,0.0,8.6991109335294,1.0626026073427781,16.32505333333333,0.0,0.0,0.0,65.9008211209516,5.481439999999999,32.232949999999995,16.32505333333333,3.8484999999999996
3,16791.870178135505,6759.374746997283,19.0,0.0,,,,0.0,0.0,18.317766405178748,0.0,32.0,0.0,35.018847392657214,1.0626026073427806,16.32505333333333,0.0,0.0,0.0,65.9008211209516,5.481439999999999,32.232949999999995,16.32505333333333,3.8484999999999996
4,15390.251930735296,7495.28483733333,19.0,0.0,,,,0.0,0.0,0.0,0.0,32.0,0.0,35.018847392657214,1.0626026073427814,16.32505333333333,0.0,0.0,0.0,65.9008211209516,5.481439999999999,32.232949999999995,16.32505333333333,3.8484999999999996
