,cost,emission,grid,wood_supply,DHDC_small_heat,DHDC_medium_heat,DHDC_large_heat,wood_boiler_heat,wood_boiler_DHW,PV,SCFP,DHW_to_heat,ASHP,ASHP_DHW,GSHP_heat,GSHP_cooling,battery,DHW_storage,heat_storage,geothermal_boreholes,demand_electricity,demand_space_heating,demand_space_cooling,demand_hot_water
0,587010.8248018346,2639.217599349691,3.0,31.0,273.13,848.75,2000.0,2000.0,2000.0,23.665361042221214,0.0,0.0,0.0,3.0,0.0,0.0,250.00000000000006,0.0,0.0,56.56575272955486,2.3766666666666665,21.321740000000002,0.0,2.4778333333333333
1,15271.173448671987,3163.7423557622624,4.0,27.0,0.0,0.0,0.0,20.953543333333336,0.0,12.904523026806446,0.0,2.0,0.0,2.8251666666666666,0.0,0.0,1.206640608839952,0.0,0.0,56.56575272955486,2.3766666666666665,21.321740000000002,0.0,2.4778333333333333
2,13704.028439147565,3688.2671121748426,5.0,24.0,0.0,0.0,0.0,18.5541731708143,0.0,7.9513651118249795,0.0,5.0,0.0,5.224536829185705,0.0,0.0,0.0,0.0,0.0,56.56575272955486,2.3766666666666665,21.321740000000002,0.0,2.4778333333333333
3,11065.594180896373,4212.791868587425,12.0,0.0,0.0,0.0,0.0,0.0,0.0,14.319536322611564,0.0,22.0,0.0,23.778710000000004,0.0,0.0,1.5978080691775367,0.0,0.0,56.56575272955486,2.3766666666666665,21.321740000000002,0.0,2.4778333333333333
4,9638.969100286262,4737.3166249999995,12.0,0.0,0.0,0.0,0.0,0.0,0.0,0.0,0.0,22.0,0.0,23.778710000000004,0.0,0.0,0.0,0.0,0.0,56.56575272955486,2.3766666666666665,21.321740000000002,0.0,2.4778333333333333
