,cost,emission,grid,wood_supply,DHDC_small_heat,DHDC_medium_heat,DHDC_large_heat,wood_boiler_heat,wood_boiler_DHW,PV,SCFP,DHW_to_heat,ASHP,ASHP_DHW,GSHP_heat,GSHP_cooling,battery,DHW_storage,heat_storage,geothermal_boreholes,demand_electricity,demand_space_heating,demand_space_cooling,demand_hot_water
0,595204.2443400392,4171.86847311012,6.0,53.0,273.13,848.75,2000.0,2000.0,2000.0,30.490163994819124,0.0,0.0,14.0,0.0,,,250.00000000000006,0.0,0.0,,3.9631666666666665,37.99027333333334,13.8121,3.6779999999999995
1,22718.22255922373,4882.755039207585,8.0,38.0,0.0,0.0,0.0,30.053540184748986,0.0,20.04041935795431,0.0,1.0,13.8121,3.6779999999999995,,,1.5139810922281849,0.0,0.0,,3.9631666666666665,37.99027333333334,13.8121,3.6779999999999995
2,20499.508821247666,5593.641605305043,11.0,31.0,0.0,0.0,0.0,24.16150666666667,0.0,13.443948858650618,0.0,3.0,13.8121,3.6779999999999995,,,0.0,0.0,0.0,,3.9631666666666665,37.99027333333334,13.8121,3.6779999999999995
3,17322.253784737855,6304.528171402518,20.0,0.0,0.0,0.0,0.0,0.0,0.0,19.066617893947228,0.0,26.0,13.8121,27.83950666666667,,,1.1247873209039747,0.0,0.0,,3.9631666666666665,37.99027333333334,13.8121,3.6779999999999995
4,15590.439276698304,7015.414737500002,20.0,0.0,0.0,0.0,0.0,0.0,0.0,0.0,0.0,26.0,13.8121,27.83950666666667,,,0.0,0.0,0.0,,3.9631666666666665,37.99027333333334,13.8121,3.6779999999999995
