,cost,emission,grid,wood_supply,DHDC_small_heat,DHDC_medium_heat,DHDC_large_heat,wood_boiler_heat,wood_boiler_DHW,PV,SCFP,DHW_to_heat,ASHP,ASHP_DHW,GSHP_heat,GSHP_cooling,battery,DHW_storage,heat_storage,geothermal_boreholes,demand_electricity,demand_space_heating,demand_space_cooling,demand_hot_water
0,1365497.9367955734,3412.321351185119,8.0,14.0,273.13,848.75,2000.0,2000.0,2000.0,26.788029536838888,0.0,0.0,9.0,0.0,,,250.00000000000006,0.0,0.0,,5.0408333333333335,8.092199999999998,8.603799999999998,2.3448333333333333
1,697939.3890661835,3483.3350217440498,8.0,14.0,50.0,0.0,0.0,8.092199999999998,5.0,26.788029536838888,0.0,0.0,8.603799999999998,2.324,,,4.293694444444443,0.0,0.0,,5.0408333333333335,8.092199999999998,8.603799999999998,2.3448333333333333
2,598026.2421406676,3554.348692302977,8.0,14.0,50.0,0.0,0.0,8.092199999999997,5.0,26.788029536838888,0.0,0.0,8.603799999999998,2.324,,,4.293694444444443,0.0,0.0,,5.0408333333333335,8.092199999999998,8.603799999999998,2.3448333333333333
3,516335.7491769942,3625.362362861906,8.0,7.0,50.0,0.0,0.0,5.0,0.0,26.788029536838888,0.0,9.0,8.603799999999998,2.2845,,,4.293694444444443,0.0,0.0,,5.0408333333333335,8.092199999999998,8.603799999999998,2.3448333333333333
4,449658.82729002443,3696.3760334208328,8.0,0.0,50.0,0.0,0.0,0.0,0.0,26.788029536838888,0.0,9.0,8.603799999999998,0.0,,,5.16161111111111,0.0,0.0,,5.0408333333333335,8.092199999999998,8.603799999999998,2.3448333333333333
