,cost,emission,grid,wood_supply,DHDC_small_heat,DHDC_medium_heat,DHDC_large_heat,wood_boiler_heat,wood_boiler_DHW,PV,SCFP,DHW_to_heat,ASHP,ASHP_DHW,GSHP_heat,GSHP_cooling,battery,DHW_storage,heat_storage,geothermal_boreholes,demand_electricity,demand_space_heating,demand_space_cooling,demand_hot_water
0,100937.085035647,1770.362133598214,3.0,24.0,,,,2000.0,2000.0,9.492624996164388,0.0,0.0,5.0,0.0,,,250.00000000000006,0.0,0.0,,1.4528333333333334,17.20993333333333,4.198999999999999,1.106
1,10009.154172510873,2073.793818948665,4.0,17.0,,,,12.972599999999996,0.0,4.295592831056088,0.0,1.0,4.198999999999999,1.1059999999999999,,,0.0,0.0,0.0,,1.4528333333333334,17.20993333333333,4.198999999999999,1.106
2,9194.003216654904,2377.225504299109,4.0,17.0,,,,12.972599999999996,0.0,3.9921860455103877,0.0,1.0,4.198999999999999,1.1059999999999999,,,0.0,0.0,0.0,,1.4528333333333334,17.20993333333333,4.198999999999999,1.106
3,7072.875162193788,2680.657189649555,9.0,0.0,,,,0.0,0.0,8.620227166850517,0.0,12.0,6.203166666666665,12.074433333333332,,,1.1079251162000523,0.0,0.0,,1.4528333333333334,17.20993333333333,4.198999999999999,1.106
4,6147.076625799909,2984.0888750000004,9.0,0.0,,,,0.0,0.0,0.0,0.0,1.0,16.983099999999993,1.2944999999999998,,,0.0,0.0,0.0,,1.4528333333333334,17.20993333333333,4.198999999999999,1.106
