,cost,emission,grid,wood_supply,DHDC_small_heat,DHDC_medium_heat,DHDC_large_heat,wood_boiler_heat,wood_boiler_DHW,PV,SCFP,DHW_to_heat,ASHP,ASHP_DHW,GSHP_heat,GSHP_cooling,battery,DHW_storage,heat_storage,geothermal_boreholes,demand_electricity,demand_space_heating,demand_space_cooling,demand_hot_water
0,850473.2143184734,1893.5289546508752,2.0,22.0,,,,2000.0,2000.0,22.368486283656594,0.0,9.0,4.0,10.0,0.0,0.0,250.00000000000006,0.0,0.0,55.65794039855962,1.7743333333333335,15.947340000000002,0.0,1.4720000000000002
1,675638.8496531857,2133.430944790244,5.0,12.0,,,,8.808316993370251,0.0,22.368486283656594,0.0,9.0,0.0,9.7725,0.0,0.0,4.320069444444444,0.0,0.0,55.65794039855962,1.7743333333333335,15.947340000000002,0.0,1.4720000000000002
2,611360.0294295071,2373.332934929609,6.0,10.0,,,,7.614006666666667,0.0,22.368486283656594,0.0,10.0,0.0,9.7725,0.0,0.0,4.320069444444444,0.0,0.0,55.65794039855962,1.7743333333333335,15.947340000000002,0.0,1.4720000000000002
3,547100.567785036,2613.2349250689676,6.0,10.0,,,,7.614006666666667,0.0,22.368486283656594,0.0,10.0,0.0,9.7725,0.0,0.0,4.320069444444444,0.0,0.0,55.65794039855962,1.7743333333333335,15.947340000000002,0.0,1.4720000000000002
4,484942.63263846724,2853.136915208334,9.0,0.0,,,,0.0,0.0,22.368486283656594,0.0,16.0,0.0,17.38650666666667,0.0,0.0,4.320069444444444,0.0,0.0,55.65794039855962,1.7743333333333335,15.947340000000002,0.0,1.4720000000000002
