,cost,emission,grid,wood_supply,DHDC_small_heat,DHDC_medium_heat,DHDC_large_heat,wood_boiler_heat,wood_boiler_DHW,PV,SCFP,DHW_to_heat,ASHP,ASHP_DHW,GSHP_heat,GSHP_cooling,battery,DHW_storage,heat_storage,geothermal_boreholes,demand_electricity,demand_space_heating,demand_space_cooling,demand_hot_water
0,1713043.8944519288,8393.04029201726,37.0,129.0,273.13,848.75,2000.0,2000.0,2000.0,37.08510228277664,0.0,0.0,63.0,0.0,,,250.00000000000006,0.0,0.0,,19.23188,99.2850666666666,62.16171333333333,4.985813333333333
1,1155863.0781314783,8393.09082383869,37.0,129.0,0.0,0.0,0.0,97.4740666666666,5.0,37.08510228277664,0.0,2.0,62.16171333333333,0.0,,,9.248333333333335,0.0,0.0,,19.23188,99.2850666666666,62.16171333333333,4.985813333333333
2,1155863.0781314783,8393.09082383869,37.0,129.0,0.0,0.0,0.0,97.4740666666666,5.0,37.08510228277664,0.0,2.0,62.16171333333333,0.0,,,9.248333333333333,0.0,0.0,,19.23188,99.2850666666666,62.16171333333333,4.985813333333333
3,1155863.0781314785,8393.09082383869,37.0,129.0,0.0,0.0,0.0,97.4740666666666,5.0,37.08510228277664,0.0,2.0,62.16171333333333,0.0,,,9.248333333333333,0.0,0.0,,19.23188,99.2850666666666,62.16171333333333,4.985813333333333
4,1155438.8694505217,8601.97382726726,37.0,147.0,0.0,0.0,0.0,0.0,102.4740666666666,37.08510228277664,0.0,100.0,62.16171333333333,0.0,,,9.248333333333333,0.0,0.0,,19.23188,99.2850666666666,62.16171333333333,4.985813333333333
