,cost,emission,grid,wood_supply,DHDC_small_heat,DHDC_medium_heat,DHDC_large_heat,wood_boiler_heat,wood_boiler_DHW,PV,SCFP,DHW_to_heat,ASHP,ASHP_DHW,GSHP_heat,GSHP_cooling,battery,DHW_storage,heat_storage,geothermal_boreholes,demand_electricity,demand_space_heating,demand_space_cooling,demand_hot_water
0,1104325.379665393,8408.384900339286,10.0,89.0,273.13,848.75,2000.0,2000.0,2000.0,63.13001058554683,0.0,0.0,0.0,0.0,0.0,0.0,250.00000000000006,0.0,0.0,84.19100740988279,9.246,61.74715999999999,0.0,8.099166666666667
1,552585.426035541,8408.548907839286,10.0,89.0,0.0,0.0,0.0,61.74715999999999,8.099166666666667,63.13001058554683,0.0,0.0,0.0,0.0,0.0,0.0,15.111666666666668,0.0,0.0,84.19100740988279,9.246,61.74715999999999,0.0,8.099166666666667
2,551698.1310766198,9547.279668357127,10.0,32.0,50.0,0.0,0.0,24.89857925664627,0.0,63.13001058554683,0.0,37.0,0.0,0.0,0.0,0.0,15.16533333333334,0.0,0.0,84.19100740988279,9.246,61.74715999999999,0.0,8.099166666666667
3,548892.795090712,10116.727052366085,10.0,25.0,50.0,0.0,0.0,19.846326666666656,0.0,63.13001058554683,0.0,44.0,0.0,0.0,0.0,0.0,15.165333333333336,0.0,0.0,84.19100740988279,9.246,61.74715999999999,0.0,8.099166666666667
4,546169.7718518561,10686.174436374999,10.0,25.0,50.0,0.0,0.0,19.846326666666656,0.0,63.13001058554683,0.0,45.0,0.0,0.0,0.0,0.0,15.111666666666668,0.0,0.0,84.19100740988279,9.246,61.74715999999999,0.0,8.099166666666667
