,cost,emission,grid,wood_supply,DHDC_small_heat,DHDC_medium_heat,DHDC_large_heat,wood_boiler_heat,wood_boiler_DHW,PV,SCFP,DHW_to_heat,ASHP,ASHP_DHW,GSHP_heat,GSHP_cooling,battery,DHW_storage,heat_storage,geothermal_boreholes,demand_electricity,demand_space_heating,demand_space_cooling,demand_hot_water
0,183127.53265321685,1156.0659040065475,3.0,10.0,,,,2000.0,2000.0,11.199912046172978,0.0,0.0,4.0,0.0,,,250.00000000000006,0.0,0.0,,1.5730799999999991,6.229733333333333,3.9623333333333335,1.534
1,96211.62070673498,1156.664871265476,3.0,11.0,,,,5.0,5.0,11.199912046172978,0.0,2.0,3.9623333333333335,0.0,,,2.5683333333333334,0.0,0.0,,1.5730799999999991,6.229733333333333,3.9623333333333335,1.534
2,96211.62070673498,1156.664871265476,3.0,11.0,,,,5.0,5.0,11.199912046172978,0.0,2.0,3.9623333333333335,0.0,,,2.5683333333333334,0.0,0.0,,1.5730799999999991,6.229733333333333,3.9623333333333335,1.534
3,96211.62070673498,1156.664871265476,3.0,11.0,,,,5.0,5.0,11.199912046172978,0.0,2.0,3.9623333333333335,0.0,,,2.5683333333333334,0.0,0.0,,1.5730799999999991,6.229733333333333,3.9623333333333335,1.534
4,94712.35577772543,1181.8031976940476,3.0,12.0,,,,0.0,7.7482033333333336,11.199912046172978,0.0,7.0,3.9623333333333335,0.0,,,2.5683333333333334,0.0,0.0,,1.5730799999999991,6.229733333333333,3.9623333333333335,1.534
