,cost,emission,grid,wood_supply,DHDC_small_heat,DHDC_medium_heat,DHDC_large_heat,wood_boiler_heat,wood_boiler_DHW,PV,SCFP,DHW_to_heat,ASHP,ASHP_DHW,GSHP_heat,GSHP_cooling,battery,DHW_storage,heat_storage,geothermal_boreholes,demand_electricity,demand_space_heating,demand_space_cooling,demand_hot_water
0,653233.4723819855,1863.91351895,3.0,24.0,273.13,848.75,2000.0,2000.0,2000.0,14.146933886119715,0.0,0.0,5.0,0.0,,,250.00000000000006,0.0,0.0,,1.7634699999999999,16.66086666666667,4.682539999999997,1.5735000000000001
1,89178.82698211391,1867.0617681553567,3.0,24.0,0.0,0.0,0.0,13.197533333333336,5.0,14.146933886119715,0.0,4.0,4.682539999999997,0.0,,,3.4369999999999994,0.0,0.0,,1.7634699999999999,16.66086666666667,4.682539999999997,1.5735000000000001
2,89178.8269821139,1867.061768155357,3.0,24.0,0.0,0.0,0.0,13.197533333333336,5.0,14.146933886119715,0.0,4.0,4.682539999999997,0.0,,,3.4369999999999994,0.0,0.0,,1.7634699999999999,16.66086666666667,4.682539999999997,1.5735000000000001
3,89178.8269821139,1867.061768155357,3.0,24.0,0.0,0.0,0.0,13.197533333333336,5.0,14.146933886119715,0.0,4.0,4.682539999999997,0.0,,,3.4369999999999994,0.0,0.0,,1.7634699999999999,16.66086666666667,4.682539999999997,1.5735000000000001
4,88289.86793901437,1993.7197075125,3.0,26.0,0.0,0.0,0.0,0.0,18.197533333333336,14.146933886119715,0.0,17.0,4.682539999999997,0.0,,,3.4369999999999994,0.0,0.0,,1.7634699999999999,16.66086666666667,4.682539999999997,1.5735000000000001
