,cost,emission,grid,wood_supply,DHDC_small_heat,DHDC_medium_heat,DHDC_large_heat,wood_boiler_heat,wood_boiler_DHW,PV,SCFP,DHW_to_heat,ASHP,ASHP_DHW,GSHP_heat,GSHP_cooling,battery,DHW_storage,heat_storage,geothermal_boreholes,demand_electricity,demand_space_heating,demand_space_cooling,demand_hot_water
0,1413539.680111866,10978.377286812796,19.0,126.0,273.13,848.75,2000.0,2000.0,2000.0,74.78487815052394,0.0,0.0,34.0,0.0,,,250.00000000000006,0.0,0.0,,12.447470000000001,89.85435333333332,33.505500000000005,9.36685
1,853355.6932817152,10978.377299134227,19.0,126.0,0.0,0.0,0.0,89.85385333333332,9.36685,74.78487815052394,0.0,1.0,33.505500000000005,0.0,,,17.059833333333334,0.0,0.0,,12.447470000000001,89.85435333333332,33.505500000000005,9.36685
2,851788.9368651373,12176.912755144966,19.0,62.0,50.0,0.0,0.0,49.22070333333332,0.0,74.78487815052394,0.0,41.0,33.505500000000005,0.0,,,17.059833333333337,0.0,0.0,,12.447470000000001,89.85435333333332,33.505500000000005,9.36685
3,848922.8737886909,12776.180489311037,19.0,62.0,50.0,0.0,0.0,49.22070333333332,0.0,74.78487815052394,0.0,44.0,33.505500000000005,0.0,,,17.059833333333334,0.0,0.0,,12.447470000000001,89.85435333333332,33.505500000000005,9.36685
4,846056.8107122446,13375.44822347708,19.0,62.0,50.0,0.0,0.0,49.22070333333332,0.0,74.78487815052394,0.0,44.0,33.505500000000005,0.0,,,17.059833333333334,0.0,0.0,,12.447470000000001,89.85435333333332,33.505500000000005,9.36685
