,cost,emission,grid,wood_supply,DHDC_small_heat,DHDC_medium_heat,DHDC_large_heat,wood_boiler_heat,wood_boiler_DHW,PV,SCFP,DHW_to_heat,ASHP,ASHP_DHW,GSHP_heat,GSHP_cooling,battery,DHW_storage,heat_storage,geothermal_boreholes,demand_electricity,demand_space_heating,demand_space_cooling,demand_hot_water
0,102258.68163467402,1893.9261047339278,3.0,26.0,,,,2000.0,2000.0,13.926416810308641,0.0,0.0,5.0,0.0,,,250.00000000000006,0.0,0.0,,1.7301666666666666,18.246866666666666,4.791600000000002,1.5643333333333331
1,11115.750937564637,2246.028728550449,4.0,19.0,,,,14.859666666666666,0.0,7.71567838448735,0.0,1.0,4.791600000000002,1.5643333333333331,,,0.5547096176297619,0.0,0.0,,1.7301666666666666,18.246866666666666,4.791600000000002,1.5643333333333331
2,10064.431073971533,2598.1313523669633,5.0,17.0,,,,13.43290333333333,0.0,5.056191821182722,0.0,2.0,4.791600000000002,1.5643333333333331,,,0.0,0.0,0.0,,1.7301666666666666,18.246866666666666,4.791600000000002,1.5643333333333331
3,7805.889612602252,2950.2339761834864,10.0,0.0,,,,0.0,0.0,9.813076430789467,0.0,12.0,7.317000000000001,12.471836666666663,,,1.1559025929300684,0.0,0.0,,1.7301666666666666,18.246866666666666,4.791600000000002,1.5643333333333331
4,6792.64259562838,3302.3366,10.0,0.0,,,,0.0,0.0,0.0,0.0,14.0,4.791600000000002,14.997236666666662,,,0.0,0.0,0.0,,1.7301666666666666,18.246866666666666,4.791600000000002,1.5643333333333331
