,cost,emission,grid,wood_supply,DHDC_small_heat,DHDC_medium_heat,DHDC_large_heat,wood_boiler_heat,wood_boiler_DHW,PV,SCFP,DHW_to_heat,ASHP,ASHP_DHW,GSHP_heat,GSHP_cooling,battery,DHW_storage,heat_storage,geothermal_boreholes,demand_electricity,demand_space_heating,demand_space_cooling,demand_hot_water
0,3480821.801324453,7676.773812321429,8.0,84.0,273.13,848.75,2000.0,2000.0,2000.0,52.84496233220642,0.0,0.0,0.0,0.0,0.0,0.0,250.00000000000006,0.0,0.0,76.9914736325445,7.615333333333335,58.46746666666667,0.0,6.986999999999999
1,2111186.2629628456,8264.537257517095,8.0,51.0,50.0,0.0,0.0,40.09157870914162,0.0,52.84496233220642,0.0,19.0,0.0,16.063333333333333,0.0,0.0,9.756583333333332,0.0,0.0,76.9914736325445,7.615333333333335,58.46746666666667,0.0,6.986999999999999
2,1559876.3993729106,8852.300702712777,8.0,24.0,50.0,0.0,0.0,18.774964834557633,0.0,52.84496233220642,0.0,40.0,0.0,16.063333333333333,0.0,0.0,9.756583333333332,0.0,0.0,76.9914736325445,7.615333333333335,58.46746666666667,0.0,6.986999999999999
3,1008858.2267650082,9440.064147908426,8.0,20.0,50.0,0.0,0.0,15.453966666666663,0.0,52.84496233220642,0.0,44.0,0.0,16.063333333333333,0.0,0.0,9.756583333333332,0.0,0.0,76.9914736325445,7.615333333333335,58.46746666666667,0.0,6.986999999999999
4,472764.43817166646,10027.827593104164,8.0,0.0,65.29596666666666,0.0,0.0,0.0,0.0,52.84496233220642,0.0,59.0,0.0,0.15800000000000597,0.0,0.0,11.729499999999998,0.0,0.0,76.9914736325445,7.615333333333335,58.46746666666667,0.0,6.986999999999999
