,cost,emission,grid,wood_supply,DHDC_small_heat,DHDC_medium_heat,DHDC_large_heat,wood_boiler_heat,wood_boiler_DHW,PV,SCFP,DHW_to_heat,ASHP,ASHP_DHW,GSHP_heat,GSHP_cooling,battery,DHW_storage,heat_storage,geothermal_boreholes,demand_electricity,demand_space_heating,demand_space_cooling,demand_hot_water
0,576156.3390842252,847.8747344982143,2.0,7.0,273.13,848.75,2000.0,2000.0,2000.0,9.947437320771291,0.0,0.0,3.0,0.0,,,250.00000000000006,0.0,0.0,,1.3213333333333332,4.3294999999999995,2.2698266666666664,0.9209999999999999
1,5636.084462901846,981.0720803528286,3.0,6.0,0.0,0.0,0.0,5.0,0.0,8.543973513535324,0.0,1.0,2.2698266666666664,0.9209999999999999,,,1.0813383144505178,0.0,0.0,,1.3213333333333332,4.3294999999999995,2.2698266666666664,0.9209999999999999
2,3578.3460233256824,1114.2694262074406,3.0,0.0,0.0,0.0,0.0,0.0,0.0,7.657986451621117,0.0,3.0,2.2698266666666664,2.9699766666666663,,,0.8515295934498301,0.0,0.0,,1.3213333333333332,4.3294999999999995,2.2698266666666664,0.9209999999999999
3,3053.6509749361994,1247.4667720620535,3.0,0.0,0.0,0.0,0.0,0.0,0.0,3.467844984282758,0.0,1.0,3.9148033333333325,1.3250000000000002,,,0.0,0.0,0.0,,1.3213333333333332,4.3294999999999995,2.2698266666666664,0.9209999999999999
4,2770.5996890848705,1380.6641179166668,3.0,0.0,0.0,0.0,0.0,0.0,0.0,0.0,0.0,1.0,4.148969999999999,1.0908333333333333,,,0.0,0.0,0.0,,1.3213333333333332,4.3294999999999995,2.2698266666666664,0.9209999999999999
