,cost,emission,grid,wood_supply,DHDC_small_heat,DHDC_medium_heat,DHDC_large_heat,wood_boiler_heat,wood_boiler_DHW,PV,SCFP,DHW_to_heat,ASHP,ASHP_DHW,GSHP_heat,GSHP_cooling,battery,DHW_storage,heat_storage,geothermal_boreholes,demand_electricity,demand_space_heating,demand_space_cooling,demand_hot_water
0,216409.03180836976,2741.5001832958333,4.0,34.0,,,,2000.0,2000.0,23.33570543647356,0.0,0.0,7.0,0.0,,,250.00000000000006,0.0,0.0,,2.807459999999999,24.519900000000003,6.7724400000000005,2.3526666666666665
1,138608.0248706332,2742.653148167856,3.0,35.0,,,,21.847733333333338,5.0,23.33570543647356,0.0,3.0,6.7724400000000005,0.0,,,5.695888888888888,0.0,0.0,,2.807459999999999,24.519900000000003,6.7724400000000005,2.3526666666666665
2,138608.02487063323,2742.653148167856,4.0,35.0,,,,21.847733333333338,5.0,23.33570543647356,0.0,3.0,6.7724400000000005,0.0,,,5.695888888888888,0.0,0.0,,2.807459999999999,24.519900000000003,6.7724400000000005,2.3526666666666665
3,138608.0248706332,2742.653148167856,3.0,35.0,,,,21.847733333333338,5.0,23.33570543647356,0.0,3.0,6.7724400000000005,0.0,,,5.695888888888888,0.0,0.0,,2.807459999999999,24.519900000000003,6.7724400000000005,2.3526666666666665
4,138002.4152436051,2919.4421380607146,4.0,39.0,,,,0.0,26.847733333333338,23.33570543647356,0.0,25.0,6.7724400000000005,0.0,,,5.695888888888888,0.0,0.0,,2.807459999999999,24.519900000000003,6.7724400000000005,2.3526666666666665
