,cost,emission,grid,wood_supply,DHDC_small_heat,DHDC_medium_heat,DHDC_large_heat,wood_boiler_heat,wood_boiler_DHW,PV,SCFP,DHW_to_heat,ASHP,ASHP_DHW,GSHP_heat,GSHP_cooling,battery,DHW_storage,heat_storage,geothermal_boreholes,demand_electricity,demand_space_heating,demand_space_cooling,demand_hot_water
0,2510859.729430141,5339.063099389582,9.0,63.0,273.13,848.75,2000.0,2000.0,2000.0,33.756796319125094,0.0,0.0,16.0,0.0,,,250.00000000000006,0.0,0.0,,6.222833333333333,44.94784666666667,15.403199999999996,4.569666666666667
1,1430280.4331596137,5711.682817922064,9.0,40.0,50.0,0.0,0.0,31.66523061944539,0.0,33.756796319125094,0.0,14.0,15.403199999999996,4.50547,,,6.324430555555556,0.0,0.0,,6.222833333333333,44.94784666666667,15.403199999999996,4.569666666666667
2,1080703.2418600307,6084.30253645456,9.0,18.0,50.0,0.0,0.0,13.977077588573868,0.0,33.756796319125094,0.0,31.0,15.403199999999996,4.50547,,,6.324430555555556,0.0,0.0,,6.222833333333333,44.94784666666667,15.403199999999996,4.569666666666667
3,731267.7233864684,6456.922254987049,9.0,7.0,50.0,0.0,0.0,5.029303555806653,0.0,33.756796319125094,0.0,40.0,15.403199999999996,4.50547,,,6.324430555555556,0.0,0.0,,6.222833333333333,44.94784666666667,15.403199999999996,4.569666666666667
4,386526.4988362722,6829.541973519583,9.0,0.0,50.0,0.0,0.0,0.0,0.0,33.756796319125094,0.0,45.0,15.403199999999996,0.0,,,7.910333333333334,0.0,0.0,,6.222833333333333,44.94784666666667,15.403199999999996,4.569666666666667
