,cost,emission,grid,wood_supply,DHDC_small_heat,DHDC_medium_heat,DHDC_large_heat,wood_boiler_heat,wood_boiler_DHW,PV,SCFP,DHW_to_heat,ASHP,ASHP_DHW,GSHP_heat,GSHP_cooling,battery,DHW_storage,heat_storage,geothermal_boreholes,demand_electricity,demand_space_heating,demand_space_cooling,demand_hot_water
0,582367.342228826,2030.376562871131,5.0,15.0,273.13,848.75,2000.0,2000.0,2000.0,21.463851004984374,0.0,0.0,7.0,0.0,,,250.00000000000006,0.0,0.0,,3.0912733333333335,8.355749999999999,6.163666666666667,2.6003333333333334
1,11161.669319621906,2320.0533629866886,6.0,8.0,0.0,0.0,0.0,5.9206666666666665,0.0,20.49155971474133,0.0,1.0,6.163666666666667,2.6003333333333334,,,2.1673428609879704,0.0,0.0,,3.0912733333333335,8.355749999999999,6.163666666666667,2.6003333333333334
2,8451.014791224045,2609.730163102234,6.0,1.0,0.0,0.0,0.0,0.0,0.0,16.067859311640962,0.0,3.0,6.163666666666667,4.778053333333357,,,1.1863625271905978,0.0,0.0,,3.0912733333333335,8.355749999999999,6.163666666666667,2.6003333333333334
3,7506.49733571499,2899.406963217785,7.0,0.0,0.0,0.0,0.0,0.0,0.0,7.521809602764976,0.0,3.0,6.163666666666667,4.778053333333332,,,0.0,0.0,0.0,,3.0912733333333335,8.355749999999999,6.163666666666667,2.6003333333333334
4,6894.7803105165885,3189.0837633333335,7.0,0.0,0.0,0.0,0.0,0.0,0.0,0.0,0.0,3.0,6.163666666666667,4.778053333333332,,,0.0,0.0,0.0,,3.0912733333333335,8.355749999999999,6.163666666666667,2.6003333333333334
