,cost,emission,grid,wood_supply,DHDC_small_heat,DHDC_medium_heat,DHDC_large_heat,wood_boiler_heat,wood_boiler_DHW,PV,SCFP,DHW_to_heat,ASHP,ASHP_DHW,GSHP_heat,GSHP_cooling,battery,DHW_storage,heat_storage,geothermal_boreholes,demand_electricity,demand_space_heating,demand_space_cooling,demand_hot_water
0,1228560.3734927704,5595.761959002144,17.0,88.0,273.13,848.75,2000.0,2000.0,2000.0,43.591451695172935,0.0,0.0,29.0,1.0,,,250.00000000000006,0.0,0.0,,13.750486666666665,67.34010000000005,28.71295333333333,3.0147666666666666
1,679774.4673397996,5597.082656030056,20.0,88.0,0.0,0.0,0.0,64.43760000000003,5.0,43.591451695172935,0.0,3.0,28.71295333333333,0.28502621555694113,,,11.957333333333333,0.0,0.0,,13.750486666666665,67.34010000000005,28.71295333333333,3.0147666666666666
2,679774.4673397995,5597.082656030055,20.0,88.0,0.0,0.0,0.0,64.43760000000003,5.0,43.591451695172935,0.0,3.0,28.71295333333333,0.28502621555693963,,,11.957333333333333,0.0,0.0,,13.750486666666665,67.34010000000005,28.71295333333333,3.0147666666666666
3,679774.4673397995,5597.082656030055,20.0,88.0,0.0,0.0,0.0,64.43760000000003,5.0,43.591451695172935,0.0,3.0,28.71295333333333,0.2850262155569394,,,11.957333333333333,0.0,0.0,,13.750486666666665,67.34010000000005,28.71295333333333,3.0147666666666666
4,678977.3515231287,5739.9897816014845,17.0,100.0,0.0,0.0,0.0,0.0,69.43760000000003,43.591451695172935,0.0,68.0,28.71295333333333,0.2850262155569386,,,11.957333333333333,0.0,0.0,,13.750486666666665,67.34010000000005,28.71295333333333,3.0147666666666666
