,cost,emission,grid,wood_supply,DHDC_small_heat,DHDC_medium_heat,DHDC_large_heat,wood_boiler_heat,wood_boiler_DHW,PV,SCFP,DHW_to_heat,ASHP,ASHP_DHW,GSHP_heat,GSHP_cooling,battery,DHW_storage,heat_storage,geothermal_boreholes,demand_electricity,demand_space_heating,demand_space_cooling,demand_hot_water
0,796688.8370464257,3560.8575064750007,5.0,44.0,273.13,848.75,2000.0,2000.0,2000.0,20.125425489588007,0.0,0.0,12.0,0.0,,,250.00000000000006,0.0,0.0,,3.2191666666666667,31.73970666666666,11.791593333333331,2.989166666666667
1,230390.840625098,3774.2360639464296,6.0,50.0,0.0,0.0,0.0,0.0,34.70184333333332,20.125425489588007,0.0,32.0,11.791593333333331,0.0,,,4.563666666666666,0.0,0.0,,3.2191666666666667,31.73970666666666,11.791593333333331,2.989166666666667
2,230390.840625098,3774.2360639464296,6.0,50.0,0.0,0.0,0.0,0.0,34.70184333333332,20.125425489588007,0.0,32.0,11.791593333333331,0.0,,,4.563666666666666,0.0,0.0,,3.2191666666666667,31.73970666666666,11.791593333333331,2.989166666666667
3,230390.84062509798,3774.2360639464296,6.0,50.0,0.0,0.0,0.0,0.0,34.70184333333332,20.125425489588007,0.0,32.0,11.791593333333331,0.0,,,4.563666666666666,0.0,0.0,,3.2191666666666667,31.73970666666666,11.791593333333331,2.989166666666667
4,229762.4963815756,4692.910861775,6.0,0.0,50.0,0.0,0.0,0.0,0.0,20.125425489588007,0.0,32.0,11.791593333333331,0.0,,,4.563666666666666,0.0,0.0,,3.2191666666666667,31.73970666666666,11.791593333333331,2.989166666666667
