,cost,emission,grid,wood_supply,DHDC_small_heat,DHDC_medium_heat,DHDC_large_heat,wood_boiler_heat,wood_boiler_DHW,PV,SCFP,DHW_to_heat,ASHP,ASHP_DHW,GSHP_heat,GSHP_cooling,battery,DHW_storage,heat_storage,geothermal_boreholes,demand_electricity,demand_space_heating,demand_space_cooling,demand_hot_water
0,1677098.794436893,3792.7058120964275,4.0,43.0,,,,2000.0,2000.0,26.02247460330102,0.0,0.0,0.0,0.0,0.0,0.0,250.00000000000006,0.0,0.0,58.21573222231072,3.2255000000000003,30.417239999999968,0.0,3.3245
1,1352479.3601371455,4248.228338792378,8.0,29.0,,,,22.420306666666633,0.0,26.02247460330102,0.0,11.0,0.0,11.281600000000001,0.0,0.0,5.335513888888888,0.0,0.0,58.21573222231072,3.2255000000000003,30.417239999999968,0.0,3.3245
2,1230464.3976293057,4703.750865488315,8.0,29.0,,,,22.420306666666633,0.0,26.02247460330102,0.0,11.0,0.0,11.281600000000001,0.0,0.0,5.335513888888888,0.0,0.0,58.21573222231072,3.2255000000000003,30.417239999999968,0.0,3.3245
3,1108475.5963511756,5159.273392184256,10.0,24.0,,,,18.48039670342675,0.0,26.02247460330102,0.0,15.0,0.0,15.221509963239887,0.0,0.0,5.335513888888888,0.0,0.0,58.21573222231072,3.2255000000000003,30.417239999999968,0.0,3.3245
4,984992.7825902166,5614.795918880209,16.0,0.0,,,,0.0,0.0,26.02247460330102,0.0,31.0,0.0,33.70190666666663,0.0,0.0,5.229319444444444,0.0,0.0,58.21573222231072,3.2255000000000003,30.417239999999968,0.0,3.3245
