,cost,emission,grid,wood_supply,DHDC_small_heat,DHDC_medium_heat,DHDC_large_heat,wood_boiler_heat,wood_boiler_DHW,PV,SCFP,DHW_to_heat,ASHP,ASHP_DHW,GSHP_heat,GSHP_cooling,battery,DHW_storage,heat_storage,geothermal_boreholes,demand_electricity,demand_space_heating,demand_space_cooling,demand_hot_water
0,966100.9684560761,3760.9229778910712,10.0,22.0,273.13,848.75,2000.0,2000.0,2000.0,33.065348407615716,0.0,0.0,13.0,0.0,,,250.00000000000006,0.0,0.0,,5.4718333333333335,12.302393333333335,12.067166666666665,4.228
1,400402.05937900447,3761.118525842856,10.0,22.0,0.0,0.0,0.0,11.5245,5.0,33.065348407615716,0.0,1.0,12.067166666666665,0.0,,,7.228833333333336,0.0,0.0,,5.4718333333333335,12.302393333333335,12.067166666666665,4.228
2,400402.05937900447,3761.118525842857,10.0,22.0,0.0,0.0,0.0,11.5245,5.0,33.065348407615716,0.0,1.0,12.067166666666665,0.0,,,7.228833333333336,0.0,0.0,,5.4718333333333335,12.302393333333335,12.067166666666665,4.228
3,400402.05937900447,3761.118525842857,10.0,22.0,0.0,0.0,0.0,11.5245,5.0,33.065348407615716,0.0,1.0,12.067166666666665,0.0,,,7.228833333333334,0.0,0.0,,5.4718333333333335,12.302393333333335,12.067166666666665,4.228
4,399026.0384609764,3801.6039796357136,10.0,24.0,0.0,0.0,0.0,0.0,16.5245,33.065348407615716,0.0,13.0,12.067166666666665,0.0,,,7.228833333333334,0.0,0.0,,5.4718333333333335,12.302393333333335,12.067166666666665,4.228
