,cost,emission,grid,wood_supply,DHDC_small_heat,DHDC_medium_heat,DHDC_large_heat,wood_boiler_heat,wood_boiler_DHW,PV,SCFP,DHW_to_heat,ASHP,ASHP_DHW,GSHP_heat,GSHP_cooling,battery,DHW_storage,heat_storage,geothermal_boreholes,demand_electricity,demand_space_heating,demand_space_cooling,demand_hot_water
0,1013361.022431645,3412.321351185119,8.0,14.0,273.13,848.75,2000.0,2000.0,2000.0,26.788029536838888,0.0,0.0,9.0,0.0,,,250.00000000000006,0.0,0.0,,5.0408333333333335,8.092199999999998,8.603799999999998,2.3448333333333333
1,446085.22295026854,3413.7115343636906,8.0,14.0,0.0,0.0,0.0,5.416866666666665,5.0,26.788029536838888,0.0,3.0,8.603799999999998,0.0,,,5.16161111111111,0.0,0.0,,5.0408333333333335,8.092199999999998,8.603799999999998,2.3448333333333333
2,446085.2229502685,3413.7115343636906,8.0,14.0,0.0,0.0,0.0,5.416866666666665,5.0,26.788029536838888,0.0,3.0,8.603799999999998,0.0,,,5.16161111111111,0.0,0.0,,5.0408333333333335,8.092199999999998,8.603799999999998,2.3448333333333333
3,446085.2229502685,3413.71153436369,8.0,14.0,0.0,0.0,0.0,5.416866666666665,5.0,26.788029536838888,0.0,3.0,8.603799999999998,0.0,,,5.161611111111111,0.0,0.0,,5.0408333333333335,8.092199999999998,8.603799999999998,2.3448333333333333
4,444603.12012216897,3435.4286502208333,8.0,15.0,0.0,0.0,0.0,0.0,10.416866666666664,26.788029536838888,0.0,9.0,8.603799999999998,0.0,,,5.16161111111111,0.0,0.0,,5.0408333333333335,8.092199999999998,8.603799999999998,2.3448333333333333
