,cost,emission,grid,wood_supply,DHDC_small_heat,DHDC_medium_heat,DHDC_large_heat,wood_boiler_heat,wood_boiler_DHW,PV,SCFP,DHW_to_heat,ASHP,ASHP_DHW,GSHP_heat,GSHP_cooling,battery,DHW_storage,heat_storage,geothermal_boreholes,demand_electricity,demand_space_heating,demand_space_cooling,demand_hot_water
0,109324.9123100108,3255.3434012642856,3.0,36.0,,,,2000.0,2000.0,23.859669600603844,0.0,0.0,0.0,0.0,0.0,0.0,250.00000000000006,0.0,0.0,56.7017687204227,2.939333333333334,25.448760000000004,0.0,2.838833333333333
1,17242.788921887888,3825.290222302371,4.0,32.0,,,,25.43286666666667,0.0,13.312725593032669,0.0,1.0,0.0,2.8388333333333327,0.0,0.0,0.34006781611414305,0.0,0.0,56.7017687204227,2.939333333333334,25.448760000000004,0.0,2.838833333333333
2,15653.596502471537,4395.237043340473,6.0,27.0,,,,21.590397848382953,0.0,9.811101418456266,0.0,7.0,0.0,6.681302151617048,0.0,0.0,0.0,0.0,0.0,56.7017687204227,2.939333333333334,25.448760000000004,0.0,2.838833333333333
3,12928.774895822207,4965.18386437857,14.0,0.0,,,,0.0,0.0,16.49474837007052,0.0,26.0,0.0,28.2717,0.0,0.0,1.2578994280773919,0.0,0.0,56.7017687204227,2.939333333333334,25.448760000000004,0.0,2.838833333333333
4,11273.432696033446,5535.130685416668,14.0,0.0,,,,0.0,0.0,0.0,0.0,26.0,0.0,28.2717,0.0,0.0,0.0,0.0,0.0,56.7017687204227,2.939333333333334,25.448760000000004,0.0,2.838833333333333
