,cost,emission,grid,wood_supply,DHDC_small_heat,DHDC_medium_heat,DHDC_large_heat,wood_boiler_heat,wood_boiler_DHW,PV,SCFP,DHW_to_heat,ASHP,ASHP_DHW,GSHP_heat,GSHP_cooling,battery,DHW_storage,heat_storage,geothermal_boreholes,demand_electricity,demand_space_heating,demand_space_cooling,demand_hot_water
0,714127.9745696227,1432.6973165428576,2.0,17.0,,,,2000.0,2000.0,11.29584569001865,0.0,0.0,0.0,0.0,0.0,0.0,250.00000000000006,0.0,0.0,47.90709198301306,1.3095,11.903339999999998,0.0,1.143
1,530817.9202190195,1620.0007989917817,4.0,10.0,,,,7.415076666666664,0.0,11.29584569001865,0.0,5.0,0.0,5.5884,0.0,0.0,2.599986111111111,0.0,0.0,47.90709198301306,1.3095,11.903339999999998,0.0,1.143
2,480647.3445630581,1807.304281440704,4.0,10.0,,,,7.415076666666664,0.0,11.29584569001865,0.0,6.0,0.0,5.5884,0.0,0.0,2.599986111111111,0.0,0.0,47.90709198301306,1.3095,11.903339999999998,0.0,1.143
3,430478.61578928574,1994.6077638896236,4.0,9.0,,,,7.136934178133893,0.0,11.29584569001865,0.0,6.0,0.0,5.8665424885327715,0.0,0.0,2.599986111111111,0.0,0.0,47.90709198301306,1.3095,11.903339999999998,0.0,1.143
4,378759.39082900726,2181.911246338542,6.0,0.0,,,,0.0,0.0,11.29584569001865,0.0,12.0,0.0,13.003476666666664,0.0,0.0,2.5651805555555556,0.0,0.0,47.90709198301306,1.3095,11.903339999999998,0.0,1.143
