,cost,emission,grid,wood_supply,DHDC_small_heat,DHDC_medium_heat,DHDC_large_heat,wood_boiler_heat,wood_boiler_DHW,PV,SCFP,DHW_to_heat,ASHP,ASHP_DHW,GSHP_heat,GSHP_cooling,battery,DHW_storage,heat_storage,geothermal_boreholes,demand_electricity,demand_space_heating,demand_space_cooling,demand_hot_water
0,2022846.1215536497,3589.239185692856,6.0,39.0,273.13,848.75,2000.0,2000.0,2000.0,19.750912427163218,0.0,0.0,12.0,0.0,,,250.00000000000006,0.0,0.0,,3.164666666666667,27.531999999999993,11.803166666666668,2.8688333333333333
1,1065721.4993891132,3896.104457965276,6.0,22.0,50.0,0.0,0.0,17.42061155243937,0.0,19.750912427163218,0.0,11.0,11.803166666666668,2.827803333333333,,,3.6441527777777787,0.0,0.0,,3.164666666666667,27.531999999999993,11.803166666666668,2.8688333333333333
2,777926.6384487394,4202.96973023767,6.0,11.0,50.0,0.0,0.0,8.658622348157571,0.0,19.750912427163218,0.0,19.0,11.803166666666668,2.827803333333333,,,3.6441527777777787,0.0,0.0,,3.164666666666667,27.531999999999993,11.803166666666668,2.8688333333333333
3,490214.4979951257,4509.835002510004,6.0,7.0,50.0,0.0,0.0,5.0,0.0,19.750912427163218,0.0,28.0,11.803166666666668,2.827803333333333,,,3.6441527777777787,0.0,0.0,,3.164666666666667,27.531999999999993,11.803166666666668,2.8688333333333333
4,205495.4325843196,4816.700274782501,6.0,0.0,50.0,0.0,0.0,0.0,0.0,19.750912427163218,0.0,28.0,11.803166666666668,0.0,,,4.531333333333333,0.0,0.0,,3.164666666666667,27.531999999999993,11.803166666666668,2.8688333333333333
