,cost,emission,grid,wood_supply,DHDC_small_heat,DHDC_medium_heat,DHDC_large_heat,wood_boiler_heat,wood_boiler_DHW,PV,SCFP,DHW_to_heat,ASHP,ASHP_DHW,GSHP_heat,GSHP_cooling,battery,DHW_storage,heat_storage,geothermal_boreholes,demand_electricity,demand_space_heating,demand_space_cooling,demand_hot_water
0,212331.21179609152,2228.5377237773805,3.0,28.0,,,,2000.0,2000.0,14.44476964367224,0.0,0.0,6.0,0.0,,,250.00000000000006,0.0,0.0,,2.1738333333333335,19.761459999999996,5.196159999999996,1.8996666666666666
1,126826.77392118306,2230.4238662130956,3.0,28.0,,,,16.634959999999992,5.0,14.44476964367224,0.0,4.0,5.196159999999996,0.0,,,3.6871666666666663,0.0,0.0,,2.1738333333333335,19.761459999999996,5.196159999999996,1.8996666666666666
2,126826.77392118309,2230.4238662130956,3.0,28.0,,,,16.634959999999992,5.0,14.44476964367224,0.0,4.0,5.196159999999996,0.0,,,3.6871666666666663,0.0,0.0,,2.1738333333333335,19.761459999999996,5.196159999999996,1.8996666666666666
3,126826.77392118309,2230.4238662130956,3.0,28.0,,,,16.634959999999992,5.0,14.44476964367224,0.0,4.0,5.196159999999996,0.0,,,3.6871666666666663,0.0,0.0,,2.1738333333333335,19.761459999999996,5.196159999999996,1.8996666666666666
4,126006.91507019069,2369.3072241738096,3.0,31.0,,,,0.0,21.634959999999996,14.44476964367224,0.0,20.0,5.196159999999996,0.0,,,3.6871666666666663,0.0,0.0,,2.1738333333333335,19.761459999999996,5.196159999999996,1.8996666666666666
