,cost,emission,grid,wood_supply,DHDC_small_heat,DHDC_medium_heat,DHDC_large_heat,wood_boiler_heat,wood_boiler_DHW,PV,SCFP,DHW_to_heat,ASHP,ASHP_DHW,GSHP_heat,GSHP_cooling,battery,DHW_storage,heat_storage,geothermal_boreholes,demand_electricity,demand_space_heating,demand_space_cooling,demand_hot_water
0,496728.707068742,5887.797712329464,11.0,60.0,,,,2000.0,2000.0,59.05232037672132,0.0,0.0,0.0,0.0,27.0,23.0,250.00000000000006,0.0,0.0,81.33662426370493,8.053773333333334,43.321200000000005,22.6782,4.567166666666667
1,419029.44083850255,5900.094865356229,12.0,60.0,,,,43.2977,5.0,59.05232037672132,0.0,1.0,0.0,0.0,6.7693938869807315,22.678199999999997,14.189666666666668,0.0,0.0,81.33662426370493,8.053773333333334,43.321200000000005,22.6782,4.567166666666667
2,413589.6251735743,5912.392018383016,12.0,60.0,,,,43.2977,5.0,59.05232037672132,0.0,1.0,0.0,0.0,3.9199838145873893,22.678199999999997,14.189666666666671,0.0,0.0,81.33662426370493,8.053773333333334,43.321200000000005,22.6782,4.567166666666667
3,408229.9095527721,5924.6891714097965,10.0,60.0,,,,43.2977,5.0,59.05232037672133,0.0,1.0,0.0,0.0,1.6884560769706718,22.678199999999997,14.189666666666671,0.0,0.0,81.33662426370493,8.053773333333334,43.321200000000005,22.6782,4.567166666666667
4,403302.6110712157,5936.986324436607,8.0,60.0,,,,42.15003333333334,5.0,59.05232037672132,0.0,2.0,0.0,0.0,0.0,22.678200000000004,13.621166666666667,0.0,0.0,81.33662426370493,8.053773333333334,43.321200000000005,22.6782,4.567166666666667
