,cost,emission,grid,wood_supply,DHDC_small_heat,DHDC_medium_heat,DHDC_large_heat,wood_boiler_heat,wood_boiler_DHW,PV,SCFP,DHW_to_heat,ASHP,ASHP_DHW,GSHP_heat,GSHP_cooling,battery,DHW_storage,heat_storage,geothermal_boreholes,demand_electricity,demand_space_heating,demand_space_cooling,demand_hot_water
0,589128.4007670105,3481.9005737619054,5.0,45.0,273.13,848.75,2000.0,2000.0,2000.0,17.93376855776184,0.0,0.0,9.0,0.0,,,250.00000000000006,0.0,0.0,,3.061,32.20033333333333,8.951879999999997,2.807333333333333
1,17228.915034495316,4022.170641883928,7.0,30.0,0.0,0.0,0.0,23.227090000000004,0.0,11.676013799919764,0.0,1.0,8.951879999999997,2.807333333333333,,,0.14442029653083774,0.0,0.0,,3.061,32.20033333333333,8.951879999999997,2.807333333333333
2,15747.841283182363,4562.440710005952,8.0,30.0,0.0,0.0,0.0,23.227090000000004,0.0,9.741111095796034,0.0,3.0,8.951879999999997,2.807333333333333,,,0.0,0.0,0.0,,3.061,32.20033333333333,8.951879999999997,2.807333333333333
3,13019.147538073985,5102.710778127973,17.0,0.0,0.0,0.0,0.0,0.0,0.0,14.754998312133928,0.0,25.0,8.951879999999997,26.034423333333336,,,1.0411089538634102,0.0,0.0,,3.061,32.20033333333333,8.951879999999997,2.807333333333333
4,11633.927381750473,5642.9808462500005,17.0,0.0,0.0,0.0,0.0,0.0,0.0,0.0,0.0,3.0,31.881303333333335,3.1050000000000004,,,0.0,0.0,0.0,,3.061,32.20033333333333,8.951879999999997,2.807333333333333
