,cost,emission,grid,wood_supply,DHDC_small_heat,DHDC_medium_heat,DHDC_large_heat,wood_boiler_heat,wood_boiler_DHW,PV,SCFP,DHW_to_heat,ASHP,ASHP_DHW,GSHP_heat,GSHP_cooling,battery,DHW_storage,heat_storage,geothermal_boreholes,demand_electricity,demand_space_heating,demand_space_cooling,demand_hot_water
0,622828.109619597,1276.4308768672618,2.0,16.0,273.13,848.75,2000.0,2000.0,2000.0,9.133717563707721,0.0,0.0,4.0,0.0,,,250.00000000000006,0.0,0.0,,1.2368333333333332,11.523233333333337,3.0759200000000004,1.0181666666666667
1,59373.33875925152,1280.6008559922623,2.0,17.0,0.0,0.0,0.0,8.262833333333333,5.0,9.133717563707721,0.0,4.0,3.0759200000000004,0.0,,,2.242166666666666,0.0,0.0,,1.2368333333333332,11.523233333333337,3.0759200000000004,1.0181666666666667
2,59373.33875925152,1280.6008559922623,2.0,17.0,0.0,0.0,0.0,8.262833333333333,5.0,9.133717563707721,0.0,4.0,3.0759200000000004,0.0,,,2.242166666666666,0.0,0.0,,1.2368333333333332,11.523233333333337,3.0759200000000004,1.0181666666666667
3,59373.33875925152,1280.6008559922623,2.0,17.0,0.0,0.0,0.0,8.262833333333333,5.0,9.133717563707721,0.0,4.0,3.0759200000000004,0.0,,,2.242166666666666,0.0,0.0,,1.2368333333333332,11.523233333333337,3.0759200000000004,1.0181666666666667
4,58266.49134553536,1370.9072509922617,2.0,18.0,0.0,0.0,0.0,0.0,12.496400000000003,9.133717563707721,0.0,12.0,3.0759200000000004,0.0,,,2.242166666666666,0.0,0.0,,1.2368333333333332,11.523233333333337,3.0759200000000004,1.0181666666666667
