,cost,emission,grid,wood_supply,DHDC_small_heat,DHDC_medium_heat,DHDC_large_heat,wood_boiler_heat,wood_boiler_DHW,PV,SCFP,DHW_to_heat,ASHP,ASHP_DHW,GSHP_heat,GSHP_cooling,battery,DHW_storage,heat_storage,geothermal_boreholes,demand_electricity,demand_space_heating,demand_space_cooling,demand_hot_water
0,101464.15561892037,1928.3703397380953,3.0,23.0,,,,2000.0,2000.0,12.23667838807911,0.0,0.0,5.0,0.0,,,250.00000000000006,0.0,0.0,,1.8925,16.5159,4.28634,1.3843333333333334
1,10429.941223866032,2231.478322824403,4.0,17.0,,,,13.1275,0.0,7.170088201675544,0.0,1.0,4.28634,1.3843333333333334,,,0.192024072588335,0.0,0.0,,1.8925,16.5159,4.28634,1.3843333333333334
2,9544.466406188054,2534.586305910715,4.0,16.0,,,,12.194029999999998,0.0,4.870317411341657,0.0,1.0,4.28634,1.3843333333333334,,,0.0,0.0,0.0,,1.8925,16.5159,4.28634,1.3843333333333334
3,7371.355230273403,2837.6942889970223,9.0,0.0,,,,0.0,0.0,8.989164290788375,0.0,11.0,6.109869999999998,11.754833333333332,,,0.7662769768441572,0.0,0.0,,1.8925,16.5159,4.28634,1.3843333333333334
4,6438.5320473370975,3140.8022720833337,9.0,0.0,,,,0.0,0.0,0.0,0.0,2.0,16.018703333333328,1.846,,,0.0,0.0,0.0,,1.8925,16.5159,4.28634,1.3843333333333334
