,cost,emission,grid,wood_supply,DHDC_small_heat,DHDC_medium_heat,DHDC_large_heat,wood_boiler_heat,wood_boiler_DHW,PV,SCFP,DHW_to_heat,ASHP,ASHP_DHW,GSHP_heat,GSHP_cooling,battery,DHW_storage,heat_storage,geothermal_boreholes,demand_electricity,demand_space_heating,demand_space_cooling,demand_hot_water
0,1916955.145077785,3594.7614960720334,4.0,40.0,273.13,848.75,2000.0,2000.0,2000.0,31.56334502652014,0.0,0.0,0.0,3.0,0.0,0.0,250.00000000000006,0.0,0.0,62.09434151856411,3.9863333333333344,28.695839999999986,0.0,2.81
1,986714.2967671906,3879.725735811732,4.0,24.0,50.0,0.0,0.0,18.40620992509329,0.0,31.56334502652014,0.0,11.0,0.0,9.769666666666666,0.0,0.0,6.790083333333333,0.0,0.0,62.09434151856411,3.9863333333333344,28.695839999999986,0.0,2.81
2,719436.4293142979,4164.689975551432,4.0,12.0,50.0,0.0,0.0,8.851823729244693,0.0,31.56334502652014,0.0,20.0,0.0,9.769666666666666,0.0,0.0,6.790083333333333,0.0,0.0,62.09434151856411,3.9863333333333344,28.695839999999986,0.0,2.81
3,452250.99471138325,4449.654215291068,4.0,7.0,50.0,0.0,0.0,5.0,0.0,31.56334502652014,0.0,29.0,0.0,9.769666666666666,0.0,0.0,6.790083333333333,0.0,0.0,62.09434151856411,3.9863333333333344,28.695839999999986,0.0,2.81
4,209740.86712505043,4734.618455030848,4.0,0.0,50.0,0.0,0.0,0.0,0.0,31.56334502652014,0.0,29.0,0.0,0.11304542665012535,0.0,0.0,6.125397738895781,0.0,0.0,62.09434151856411,3.9863333333333344,28.695839999999986,0.0,2.81
