,cost,emission,grid,wood_supply,DHDC_small_heat,DHDC_medium_heat,DHDC_large_heat,wood_boiler_heat,wood_boiler_DHW,PV,SCFP,DHW_to_heat,ASHP,ASHP_DHW,GSHP_heat,GSHP_cooling,battery,DHW_storage,heat_storage,geothermal_boreholes,demand_electricity,demand_space_heating,demand_space_cooling,demand_hot_water
0,752992.815803558,2030.376562871131,5.0,15.0,273.13,848.75,2000.0,2000.0,2000.0,21.463851004984374,0.0,0.0,7.0,0.0,,,250.00000000000006,0.0,0.0,,3.0912733333333335,8.355749999999999,6.163666666666667,2.6003333333333334
1,186483.32400751798,2031.9997303752975,5.0,15.0,0.0,0.0,0.0,5.941719999999998,5.0,21.463851004984374,0.0,3.0,6.163666666666667,0.0,,,4.692764033064208,0.0,0.0,,3.0912733333333335,8.355749999999999,6.163666666666667,2.6003333333333334
2,186483.32400751786,2031.9997303752973,5.0,15.0,0.0,0.0,0.0,5.941719999999998,5.0,21.463851004984374,0.0,3.0,6.163666666666667,0.0,,,4.692764033064208,0.0,0.0,,3.0912733333333335,8.355749999999999,6.163666666666667,2.6003333333333334
3,186483.32400751783,2031.9997303752973,5.0,15.0,0.0,0.0,0.0,5.941719999999998,5.0,21.463851004984374,0.0,3.0,6.163666666666667,0.0,,,4.692764033064207,0.0,0.0,,3.0912733333333335,8.355749999999999,6.163666666666667,2.6003333333333334
4,185035.73193398974,2059.822595118155,5.0,16.0,0.0,0.0,0.0,0.0,10.941719999999998,21.463851004984374,0.0,9.0,6.163666666666667,0.0,,,4.692764033064211,0.0,0.0,,3.0912733333333335,8.355749999999999,6.163666666666667,2.6003333333333334
