,cost,emission,grid,wood_supply,DHDC_small_heat,DHDC_medium_heat,DHDC_large_heat,wood_boiler_heat,wood_boiler_DHW,PV,SCFP,DHW_to_heat,ASHP,ASHP_DHW,GSHP_heat,GSHP_cooling,battery,DHW_storage,heat_storage,geothermal_boreholes,demand_electricity,demand_space_heating,demand_space_cooling,demand_hot_water
0,1962435.7755454257,3560.8575064750007,5.0,44.0,273.13,848.75,2000.0,2000.0,2000.0,20.125425489588007,0.0,0.0,12.0,0.0,,,250.00000000000006,0.0,0.0,,3.2191666666666667,31.73970666666666,11.791593333333331,2.989166666666667
1,1023646.1623023421,3843.8708453000017,6.0,26.0,50.0,0.0,0.0,20.370939067865255,0.0,20.125425489588007,0.0,12.0,11.791593333333331,2.926136666666667,,,3.5748333333333346,0.0,0.0,,3.2191666666666667,31.73970666666666,11.791593333333331,2.989166666666667
2,758173.9218174163,4126.884184124996,6.0,12.0,50.0,0.0,0.0,9.389531995088781,0.0,20.125425489588007,0.0,23.0,11.791593333333331,2.926136666666667,,,3.5748333333333346,0.0,0.0,,3.2191666666666667,31.73970666666666,11.791593333333331,2.989166666666667
3,492808.52905289683,4409.897522949936,6.0,7.0,50.0,0.0,0.0,5.0,0.0,20.125425489588007,0.0,32.0,11.791593333333331,2.926136666666667,,,3.5748333333333346,0.0,0.0,,3.2191666666666667,31.73970666666666,11.791593333333331,2.989166666666667
4,229762.49638157562,4692.910861775,6.0,0.0,50.0,0.0,0.0,0.0,0.0,20.125425489588007,0.0,32.0,11.791593333333331,0.0,,,4.563666666666666,0.0,0.0,,3.2191666666666667,31.73970666666666,11.791593333333331,2.989166666666667
