,cost,emission,grid,wood_supply,DHDC_small_heat,DHDC_medium_heat,DHDC_large_heat,wood_boiler_heat,wood_boiler_DHW,PV,SCFP,DHW_to_heat,ASHP,ASHP_DHW,GSHP_heat,GSHP_cooling,battery,DHW_storage,heat_storage,geothermal_boreholes,demand_electricity,demand_space_heating,demand_space_cooling,demand_hot_water
0,102820.10551346843,1832.5749095961305,2.0,21.0,,,,2000.0,2000.0,14.01308255790719,0.0,0.0,7.0,0.0,,,250.00000000000006,0.0,0.0,,1.588,14.520119999999997,6.015999999999999,1.5666666666666667
1,11498.575776841592,2185.632332197094,3.0,16.0,,,,12.253560383147311,0.0,7.556409408310425,0.0,1.0,6.015999999999999,1.5666666666666667,,,0.43834215141287725,0.0,0.0,,1.588,14.520119999999997,6.015999999999999,1.5666666666666667
2,10417.148445664208,2538.68975479807,5.0,11.0,,,,8.482089999999996,0.0,5.02694760578925,0.0,2.0,6.015999999999999,1.5666666666666667,,,0.0,0.0,0.0,,1.588,14.520119999999997,6.015999999999999,1.5666666666666667
3,8125.358087868759,2891.7471773990337,8.0,0.0,,,,0.0,0.0,9.880043804721709,0.0,9.0,6.015999999999999,10.048756666666662,,,1.1467080667788576,0.0,0.0,,1.588,14.520119999999997,6.015999999999999,1.5666666666666667
4,7106.321456742314,3244.8046,8.0,0.0,,,,0.0,0.0,0.0,0.0,9.0,6.015999999999999,10.048756666666662,,,0.0,0.0,0.0,,1.588,14.520119999999997,6.015999999999999,1.5666666666666667
