,cost,emission,grid,wood_supply,DHDC_small_heat,DHDC_medium_heat,DHDC_large_heat,wood_boiler_heat,wood_boiler_DHW,PV,SCFP,DHW_to_heat,ASHP,ASHP_DHW,GSHP_heat,GSHP_cooling,battery,DHW_storage,heat_storage,geothermal_boreholes,demand_electricity,demand_space_heating,demand_space_cooling,demand_hot_water
0,1625458.686043601,2685.2409540952376,3.0,34.0,273.13,848.75,2000.0,2000.0,2000.0,23.435574121249367,0.0,0.0,7.0,0.0,,,250.00000000000006,0.0,0.0,,2.797,24.184479999999997,6.8069999999999995,2.3795
1,762758.4692374477,2913.042784804765,4.0,20.0,50.0,0.0,0.0,15.357990043579292,0.0,23.435574121249367,0.0,9.0,6.8069999999999995,2.3445,,,6.093708333333333,0.0,0.0,,2.797,24.184479999999997,6.8069999999999995,2.3795
2,549082.588065196,3140.844615514282,4.0,9.0,50.0,0.0,0.0,6.941312355583326,0.0,23.435574121249367,0.0,18.0,6.8069999999999995,2.3445,,,6.093708333333333,0.0,0.0,,2.797,24.184479999999997,6.8069999999999995,2.3795
3,335511.66610651824,3368.646446223819,4.0,7.0,50.0,0.0,0.0,5.0,0.0,23.435574121249367,0.0,25.0,6.8069999999999995,2.3445,,,6.093708333333333,0.0,0.0,,2.797,24.184479999999997,6.8069999999999995,2.3795
4,136154.46173327355,3596.4482769333335,4.0,0.0,50.0,0.0,0.0,0.0,0.0,23.435574121249367,0.0,25.0,6.8069999999999995,0.0,,,6.576555555555553,0.0,0.0,,2.797,24.184479999999997,6.8069999999999995,2.3795
