,cost,emission,grid,wood_supply,DHDC_small_heat,DHDC_medium_heat,DHDC_large_heat,wood_boiler_heat,wood_boiler_DHW,PV,SCFP,DHW_to_heat,ASHP,ASHP_DHW,GSHP_heat,GSHP_cooling,battery,DHW_storage,heat_storage,geothermal_boreholes,demand_electricity,demand_space_heating,demand_space_cooling,demand_hot_water
0,277616.1400380459,2112.5254780875,6.0,15.0,,,,2000.0,2000.0,22.84575293619725,0.0,0.0,8.0,0.0,,,250.00000000000006,0.0,0.0,,3.166533333333333,8.657176666666663,7.2285,2.5005
1,192183.83093201846,2114.0792915571424,6.0,15.0,,,,6.146343333333331,5.0,22.84575293619725,0.0,3.0,7.2285,0.0,,,5.280333333333331,0.0,0.0,,3.166533333333333,8.657176666666663,7.2285,2.5005
2,192183.83093201843,2114.0792915571424,6.0,15.0,,,,6.146343333333331,5.0,22.84575293619725,0.0,3.0,7.2285,0.0,,,5.280333333333331,0.0,0.0,,3.166533333333333,8.657176666666663,7.2285,2.5005
3,192183.83093201843,2114.0792915571424,6.0,15.0,,,,6.146343333333331,5.0,22.84575293619725,0.0,3.0,7.2285,0.0,,,5.280333333333331,0.0,0.0,,3.166533333333333,8.657176666666663,7.2285,2.5005
4,190760.21785666895,2146.1445944392854,6.0,16.0,,,,0.0,11.146343333333329,22.84575293619725,0.0,9.0,7.2285,0.0,,,5.280333333333331,0.0,0.0,,3.166533333333333,8.657176666666663,7.2285,2.5005
