,cost,emission,grid,wood_supply,DHDC_small_heat,DHDC_medium_heat,DHDC_large_heat,wood_boiler_heat,wood_boiler_DHW,PV,SCFP,DHW_to_heat,ASHP,ASHP_DHW,GSHP_heat,GSHP_cooling,battery,DHW_storage,heat_storage,geothermal_boreholes,demand_electricity,demand_space_heating,demand_space_cooling,demand_hot_water
0,257678.10888515733,3726.187974689285,4.0,42.0,,,,2000.0,2000.0,26.81784286226864,0.0,0.0,0.0,0.0,0.0,0.0,250.00000000000006,0.0,0.0,58.772490003588054,3.380166666666667,29.78931999999997,0.0,3.1908333333333334
1,186351.33935756504,3727.0239673928572,4.0,43.0,,,,27.9626533333333,5.0,26.81784286226864,0.0,2.0,0.0,0.0,0.0,0.0,6.236166666666667,0.0,0.0,58.772490003588054,3.380166666666667,29.78931999999997,0.0,3.1908333333333334
2,186351.33935756504,3727.023967392857,4.0,43.0,,,,27.9626533333333,5.0,26.81784286226864,0.0,2.0,0.0,0.0,0.0,0.0,6.236166666666667,0.0,0.0,58.772490003588054,3.380166666666667,29.78931999999997,0.0,3.1908333333333334
3,186351.33935756498,3727.0239673928572,4.0,43.0,,,,27.9626533333333,5.0,26.81784286226864,0.0,2.0,0.0,0.0,0.0,0.0,6.2361666666666675,0.0,0.0,58.772490003588054,3.380166666666667,29.78931999999997,0.0,3.1908333333333334
4,186190.7861159655,3982.5537024000005,4.0,48.0,,,,0.0,32.9626533333333,26.81784286226864,0.0,30.0,0.0,0.0,0.0,0.0,6.236166666666667,0.0,0.0,58.772490003588054,3.380166666666667,29.78931999999997,0.0,3.1908333333333334
