,cost,emission,grid,wood_supply,DHDC_small_heat,DHDC_medium_heat,DHDC_large_heat,wood_boiler_heat,wood_boiler_DHW,PV,SCFP,DHW_to_heat,ASHP,ASHP_DHW,GSHP_heat,GSHP_cooling,battery,DHW_storage,heat_storage,geothermal_boreholes,demand_electricity,demand_space_heating,demand_space_cooling,demand_hot_water
0,603006.146186189,6111.285611675001,6.0,67.0,273.13,848.75,2000.0,2000.0,2000.0,38.60885250417156,0.0,0.0,0.0,0.0,0.0,0.0,250.00000000000006,0.0,0.0,67.0261967529201,5.790166666666667,47.4266,0.0,5.242500000000001
1,29465.156045953656,7109.146754589596,8.0,60.0,0.0,0.0,0.0,47.41840333333333,0.0,22.650161277177606,0.0,2.0,0.0,5.2425,0.0,0.0,0.1117724640578106,0.0,0.0,67.0261967529201,5.790166666666667,47.4266,0.0,5.242500000000001
2,26804.961921597554,8107.007897504008,12.0,49.0,0.0,0.0,0.0,38.96224479688614,0.0,19.38674855173402,0.0,13.0,0.0,13.698658536447185,0.0,0.0,0.0,0.0,0.0,67.0261967529201,5.790166666666667,47.4266,0.0,5.242500000000001
3,22986.525712327355,9104.869040418751,26.0,0.0,0.0,0.0,0.0,0.0,0.0,26.721726008878736,0.0,48.0,0.0,52.66090333333333,0.0,0.0,1.2195068510293774,0.0,0.0,67.0261967529201,5.790166666666667,47.4266,0.0,5.242500000000001
4,20600.4941113479,10102.730183333331,26.0,0.0,0.0,0.0,0.0,0.0,0.0,0.0,0.0,48.0,0.0,52.66090333333333,0.0,0.0,0.0,0.0,0.0,67.0261967529201,5.790166666666667,47.4266,0.0,5.242500000000001
