,cost,emission,grid,wood_supply,DHDC_small_heat,DHDC_medium_heat,DHDC_large_heat,wood_boiler_heat,wood_boiler_DHW,PV,SCFP,DHW_to_heat,ASHP,ASHP_DHW,GSHP_heat,GSHP_cooling,battery,DHW_storage,heat_storage,geothermal_boreholes,demand_electricity,demand_space_heating,demand_space_cooling,demand_hot_water
0,706674.5838416328,2554.178284558333,4.0,34.0,273.13,848.75,2000.0,2000.0,2000.0,15.48240108227495,0.0,0.0,7.0,0.0,,,250.00000000000006,0.0,0.0,,2.3065,24.32036666666666,6.866640000000001,1.9891666666666665
1,141359.54805699835,2555.663416079762,4.0,34.0,0.0,0.0,0.0,21.29286666666666,5.0,15.48240108227495,0.0,4.0,6.866640000000001,0.0,,,3.8328333333333324,0.0,0.0,,2.3065,24.32036666666666,6.866640000000001,1.9891666666666665
2,141359.54805699835,2555.663416079762,4.0,34.0,0.0,0.0,0.0,21.29286666666666,5.0,15.48240108227495,0.0,4.0,6.866640000000001,0.0,,,3.8328333333333324,0.0,0.0,,2.3065,24.32036666666666,6.866640000000001,1.9891666666666665
3,141359.54805699838,2555.663416079762,4.0,34.0,0.0,0.0,0.0,21.29286666666666,5.0,15.48240108227495,0.0,4.0,6.866640000000001,0.0,,,3.8328333333333324,0.0,0.0,,2.3065,24.32036666666666,6.866640000000001,1.9891666666666665
4,140718.33428068453,2726.1532103297614,4.0,38.0,0.0,0.0,0.0,0.0,26.29286666666666,15.48240108227495,0.0,25.0,6.866640000000001,0.0,,,3.8328333333333324,0.0,0.0,,2.3065,24.32036666666666,6.866640000000001,1.9891666666666665
