,cost,emission,grid,wood_supply,DHDC_small_heat,DHDC_medium_heat,DHDC_large_heat,wood_boiler_heat,wood_boiler_DHW,PV,SCFP,DHW_to_heat,ASHP,ASHP_DHW,GSHP_heat,GSHP_cooling,battery,DHW_storage,heat_storage,geothermal_boreholes,demand_electricity,demand_space_heating,demand_space_cooling,demand_hot_water
0,584608.2371401151,2539.847077376786,5.0,19.0,273.13,848.75,2000.0,2000.0,2000.0,21.5673906927018,0.0,0.0,9.0,0.0,,,250.00000000000006,0.0,0.0,,3.395,11.452466666666673,8.631166666666667,3.0735000000000006
1,13181.233275954595,2897.131593970098,6.0,11.0,0.0,0.0,0.0,8.188833333333333,0.0,20.62945501742109,0.0,1.0,8.631166666666667,3.0735,,,1.9823693579670048,0.0,0.0,,3.395,11.452466666666673,8.631166666666667,3.0735000000000006
2,10465.562729497178,3254.4161105633884,8.0,0.0,0.0,0.0,0.0,0.0,0.0,19.040315369781982,0.0,4.0,8.631166666666667,5.877633333333339,,,1.5506185008053408,0.0,0.0,,3.395,11.452466666666673,8.631166666666667,3.0735000000000006
3,9354.627868893202,3611.700627156694,8.0,0.0,0.0,0.0,0.0,0.0,0.0,8.849590763803327,0.0,4.0,8.631166666666667,5.877633333333339,,,0.0,0.0,0.0,,3.395,11.452466666666673,8.631166666666667,3.0735000000000006
4,8682.560086921858,3968.9851437499988,8.0,0.0,0.0,0.0,0.0,0.0,0.0,0.0,0.0,4.0,8.631166666666667,5.877633333333339,,,0.0,0.0,0.0,,3.395,11.452466666666673,8.631166666666667,3.0735000000000006
