,cost,emission,grid,wood_supply,DHDC_small_heat,DHDC_medium_heat,DHDC_large_heat,wood_boiler_heat,wood_boiler_DHW,PV,SCFP,DHW_to_heat,ASHP,ASHP_DHW,GSHP_heat,GSHP_cooling,battery,DHW_storage,heat_storage,geothermal_boreholes,demand_electricity,demand_space_heating,demand_space_cooling,demand_hot_water
0,619736.7816079592,1361.6988260523808,2.0,18.0,273.13,848.75,2000.0,2000.0,2000.0,10.303562793684877,0.0,0.0,5.0,0.0,,,250.00000000000006,0.0,0.0,,1.139666666666667,13.016899999999984,4.108999999999999,1.0362733333333332
1,61239.91646245829,1366.2445708113091,2.0,19.0,0.0,0.0,0.0,9.4115,5.0,10.303562793684877,0.0,4.0,4.108999999999999,0.0,,,2.391,0.0,0.0,,1.139666666666667,13.016899999999984,4.108999999999999,1.0362733333333332
2,61239.91646245832,1366.2445708113094,2.0,19.0,0.0,0.0,0.0,9.4115,5.0,10.303562793684877,0.0,4.0,4.108999999999999,0.0,,,2.391,0.0,0.0,,1.139666666666667,13.016899999999984,4.108999999999999,1.0362733333333332
3,61239.916462458306,1366.2445708113091,2.0,19.0,0.0,0.0,0.0,9.4115,5.0,10.303562793684877,0.0,4.0,4.108999999999999,0.0,,,2.391,0.0,0.0,,1.139666666666667,13.016899999999984,4.108999999999999,1.0362733333333332
4,60209.29914865163,1468.9955758113092,2.0,21.0,0.0,0.0,0.0,0.0,14.00850666666665,10.303562793684877,0.0,14.0,4.108999999999999,0.0,,,2.391,0.0,0.0,,1.139666666666667,13.016899999999984,4.108999999999999,1.0362733333333332
