,cost,emission,grid,wood_supply,DHDC_small_heat,DHDC_medium_heat,DHDC_large_heat,wood_boiler_heat,wood_boiler_DHW,PV,SCFP,DHW_to_heat,ASHP,ASHP_DHW,GSHP_heat,GSHP_cooling,battery,DHW_storage,heat_storage,geothermal_boreholes,demand_electricity,demand_space_heating,demand_space_cooling,demand_hot_water
0,3157623.2352198684,6454.292614359376,8.0,72.0,273.13,848.75,2000.0,2000.0,2000.0,44.58141433199381,0.0,0.0,0.0,0.0,28.0,24.0,250.00000000000006,0.0,0.0,71.20699003239568,5.923739999999998,51.25772000000001,23.16656,5.084333333333333
1,1860125.9066785658,7037.484295360977,9.0,38.0,50.0,0.0,0.0,30.028716130672024,0.0,44.58141433199381,0.0,22.0,0.0,10.792813812675064,7.336686187324908,23.166559999999997,8.712486111111112,0.0,0.0,71.20699003239568,5.923739999999998,51.25772000000001,23.16656,5.084333333333333
2,1313188.5668601561,7620.675976362576,9.0,18.0,50.0,0.0,0.0,14.078982165106726,0.0,44.58141433199381,0.0,38.0,0.0,10.792813812675064,7.336686187324908,23.166559999999997,8.712486111111112,0.0,0.0,71.20699003239568,5.923739999999998,51.25772000000001,23.16656,5.084333333333333
3,766384.0777853271,8203.867657364151,9.0,8.0,50.0,0.0,0.0,6.325356666666683,0.0,44.58141433199381,0.0,45.0,0.0,10.792813812675064,7.336686187324908,23.166559999999997,8.712486111111112,0.0,0.0,71.20699003239568,5.923739999999998,51.25772000000001,23.16656,5.084333333333333
4,324097.7483627144,8787.05933836583,8.0,0.0,56.32485666666668,0.0,0.0,0.0,0.0,44.58141433199381,0.0,52.0,0.0,0.0004999999999976504,0.0,23.166560000000004,9.938333333333333,0.0,0.0,71.20699003239568,5.923739999999998,51.25772000000001,23.16656,5.084333333333333
