,cost,emission,grid,wood_supply,DHDC_small_heat,DHDC_medium_heat,DHDC_large_heat,wood_boiler_heat,wood_boiler_DHW,PV,SCFP,DHW_to_heat,ASHP,ASHP_DHW,GSHP_heat,GSHP_cooling,battery,DHW_storage,heat_storage,geothermal_boreholes,demand_electricity,demand_space_heating,demand_space_cooling,demand_hot_water
0,650011.1277542551,1893.151057052976,3.0,24.0,273.13,848.75,2000.0,2000.0,2000.0,15.716469835545357,0.0,0.0,5.0,0.0,,,250.00000000000006,0.0,0.0,,1.9476666666666667,17.582960000000003,4.704999999999999,1.3921666666666666
1,92451.67655168106,1896.167383258333,3.0,25.0,0.0,0.0,0.0,13.938626666666668,5.0,15.716469835545357,0.0,4.0,4.704999999999999,0.0,,,4.144333333333332,0.0,0.0,,1.9476666666666667,17.582960000000003,4.704999999999999,1.3921666666666666
2,92451.67655168111,1896.1673832583333,3.0,25.0,0.0,0.0,0.0,13.938626666666668,5.0,15.716469835545357,0.0,4.0,4.704999999999999,0.0,,,4.144333333333332,0.0,0.0,,1.9476666666666667,17.582960000000003,4.704999999999999,1.3921666666666666
3,92451.67655168106,1896.167383258333,3.0,25.0,0.0,0.0,0.0,13.938626666666668,5.0,15.716469835545357,0.0,4.0,4.704999999999999,0.0,,,4.144333333333332,0.0,0.0,,1.9476666666666667,17.582960000000003,4.704999999999999,1.3921666666666666
4,91587.34940901012,2027.183274229762,2.0,28.0,0.0,0.0,0.0,0.0,18.938626666666668,15.716469835545357,0.0,18.0,4.704999999999999,0.0,,,4.144333333333332,0.0,0.0,,1.9476666666666667,17.582960000000003,4.704999999999999,1.3921666666666666
