,cost,emission,grid,wood_supply,DHDC_small_heat,DHDC_medium_heat,DHDC_large_heat,wood_boiler_heat,wood_boiler_DHW,PV,SCFP,DHW_to_heat,ASHP,ASHP_DHW,GSHP_heat,GSHP_cooling,battery,DHW_storage,heat_storage,geothermal_boreholes,demand_electricity,demand_space_heating,demand_space_cooling,demand_hot_water
0,606976.527274809,6493.179848836608,10.0,80.0,273.13,848.75,2000.0,2000.0,2000.0,43.366168654141774,0.0,0.0,18.0,0.0,,,250.00000000000006,0.0,0.0,,6.491833333333333,57.69193333333333,17.6934,4.979333333333333
1,33284.30255236424,7548.066824960782,11.0,58.0,0.0,0.0,0.0,45.65466666666667,0.0,26.113635713062042,0.0,0.0,17.6934,4.979333333333333,,,1.1050011732533356,0.0,0.0,,6.491833333333333,57.69193333333333,17.6934,4.979333333333333
2,30150.60798217888,8602.953801084972,15.0,50.0,0.0,0.0,0.0,39.978199999999994,0.0,19.09293190979239,0.0,5.0,17.6934,4.979333333333333,,,0.0,0.0,0.0,,6.491833333333333,57.69193333333333,17.6934,4.979333333333333
3,26388.384957030023,9657.840777209165,30.0,0.0,0.0,0.0,0.0,0.0,0.0,29.738523715527737,0.0,42.0,17.6934,44.95753333333332,,,2.0956010701744594,0.0,0.0,,6.491833333333333,57.69193333333333,17.6934,4.979333333333333
4,23497.63276242371,10712.727753333334,30.0,0.0,0.0,0.0,0.0,0.0,0.0,0.0,0.0,42.0,17.6934,44.95753333333332,,,0.0,0.0,0.0,,6.491833333333333,57.69193333333333,17.6934,4.979333333333333
