,cost,emission,grid,wood_supply,DHDC_small_heat,DHDC_medium_heat,DHDC_large_heat,wood_boiler_heat,wood_boiler_DHW,PV,SCFP,DHW_to_heat,ASHP,ASHP_DHW,GSHP_heat,GSHP_cooling,battery,DHW_storage,heat_storage,geothermal_boreholes,demand_electricity,demand_space_heating,demand_space_cooling,demand_hot_water
0,247854.5740674563,3441.4696993951675,4.0,45.0,,,,2000.0,2000.0,34.27661769787935,0.0,0.0,13.0,4.0,,,250.00000000000006,0.0,0.0,,3.567833333333333,31.843860000000006,12.162706666666667,3.3593333333333333
1,178495.68845663057,3445.3482113412383,4.0,45.0,,,,30.194330000000008,5.0,34.27661769787935,0.0,2.0,12.162706666666667,2.2911666666666664,,,7.230944444444444,0.0,0.0,,3.567833333333333,31.843860000000006,12.162706666666667,3.3593333333333333
2,178495.68845663057,3445.348211341238,4.0,45.0,,,,30.194330000000008,5.0,34.27661769787935,0.0,2.0,12.162706666666667,2.2911666666666664,,,7.230944444444444,0.0,0.0,,3.567833333333333,31.843860000000006,12.162706666666667,3.3593333333333333
3,178495.68845663057,3445.3482113412383,4.0,45.0,,,,30.194330000000008,5.0,34.27661769787935,0.0,2.0,12.162706666666667,2.2911666666666664,,,7.230944444444444,0.0,0.0,,3.567833333333333,31.843860000000006,12.162706666666667,3.3593333333333333
4,178069.30237468684,3653.6394969867397,4.0,51.0,,,,0.0,35.19433000000001,34.27661769787935,0.0,32.0,12.162706666666667,2.249592361179766,,,7.322180555555555,0.0,0.0,,3.567833333333333,31.843860000000006,12.162706666666667,3.3593333333333333
