,cost,emission,grid,wood_supply,DHDC_small_heat,DHDC_medium_heat,DHDC_large_heat,wood_boiler_heat,wood_boiler_DHW,PV,SCFP,DHW_to_heat,ASHP,ASHP_DHW,GSHP_heat,GSHP_cooling,battery,DHW_storage,heat_storage,geothermal_boreholes,demand_electricity,demand_space_heating,demand_space_cooling,demand_hot_water
0,710985.1501883308,1907.2261393988097,4.0,16.0,273.13,848.75,2000.0,2000.0,2000.0,19.132749968947365,0.0,0.0,7.0,0.0,,,250.00000000000006,0.0,0.0,,2.5308333333333333,9.096580000000003,6.539499999999999,2.6493333333333333
1,145208.07824570185,1908.9131049559521,4.0,16.0,0.0,0.0,0.0,6.729550000000003,5.0,19.132749968947365,0.0,3.0,6.539499999999999,0.0,,,4.648166666666667,0.0,0.0,,2.5308333333333333,9.096580000000003,6.539499999999999,2.6493333333333333
2,145208.07824570182,1908.9131049559528,4.0,16.0,0.0,0.0,0.0,6.729550000000003,5.0,19.132749968947365,0.0,3.0,6.539499999999999,0.0,,,4.648166666666667,0.0,0.0,,2.5308333333333333,9.096580000000003,6.539499999999999,2.6493333333333333
3,145208.07824570185,1908.9131049559528,4.0,16.0,0.0,0.0,0.0,6.729550000000003,5.0,19.132749968947365,0.0,3.0,6.539499999999999,0.0,,,4.648166666666667,0.0,0.0,,2.5308333333333333,9.096580000000003,6.539499999999999,2.6493333333333333
4,143858.60466063797,1954.0953945809524,4.0,17.0,0.0,0.0,0.0,0.0,11.729550000000003,19.132749968947365,0.0,10.0,6.539499999999999,0.0,,,4.648166666666667,0.0,0.0,,2.5308333333333333,9.096580000000003,6.539499999999999,2.6493333333333333
