,cost,emission,grid,wood_supply,DHDC_small_heat,DHDC_medium_heat,DHDC_large_heat,wood_boiler_heat,wood_boiler_DHW,PV,SCFP,DHW_to_heat,ASHP,ASHP_DHW,GSHP_heat,GSHP_cooling,battery,DHW_storage,heat_storage,geothermal_boreholes,demand_electricity,demand_space_heating,demand_space_cooling,demand_hot_water
0,728998.4273667058,2728.129535129762,5.0,33.0,273.13,848.75,2000.0,2000.0,2000.0,18.02206304954129,0.0,0.0,8.0,0.0,,,250.00000000000006,0.0,0.0,,2.7407633333333323,23.661533333333328,7.090000000000001,2.388333333333333
1,163840.13480526814,2729.6472192902665,5.0,34.0,0.0,0.0,0.0,21.02017000016666,4.999999999833333,18.02206304954129,0.0,3.0,7.090000000000001,0.0,,,4.498,8.0,0.0,,2.7407633333333323,23.661533333333328,7.090000000000001,2.388333333333333
2,163837.22466241222,2729.1323478619042,5.0,34.0,0.0,0.0,0.0,21.020169999999993,5.0,18.02206304954129,0.0,3.0,7.090000000000001,0.0,,,4.498,0.0,0.0,,2.7407633333333323,23.661533333333328,7.090000000000001,2.388333333333333
3,163837.22466241225,2729.1323478619042,5.0,34.0,0.0,0.0,0.0,21.020169999999993,5.0,18.02206304954129,0.0,3.0,7.090000000000001,0.0,,,4.498,0.0,0.0,,2.7407633333333323,23.661533333333328,7.090000000000001,2.388333333333333
4,163148.48434163412,2891.2135996297616,5.0,38.0,0.0,0.0,0.0,0.0,26.020169999999997,18.02206304954129,0.0,24.0,7.090000000000001,0.0,,,4.498,0.0,0.0,,2.7407633333333323,23.661533333333328,7.090000000000001,2.388333333333333
