,cost,emission,grid,wood_supply,DHDC_small_heat,DHDC_medium_heat,DHDC_large_heat,wood_boiler_heat,wood_boiler_DHW,PV,SCFP,DHW_to_heat,ASHP,ASHP_DHW,GSHP_heat,GSHP_cooling,battery,DHW_storage,heat_storage,geothermal_boreholes,demand_electricity,demand_space_heating,demand_space_cooling,demand_hot_water
0,156369.13104963288,863.1735819592262,2.0,8.0,,,,2000.0,2000.0,10.294638470806582,0.0,0.0,3.0,0.0,,,250.00000000000006,0.0,0.0,,1.3796666666666668,4.724066666666666,2.474276666666667,0.9229999999999999
1,70630.54963510872,863.3036319592261,3.0,8.0,,,,5.0,5.0,10.294638470806582,0.0,1.0,2.474276666666667,0.0,,,2.4448333333333334,0.0,0.0,,1.3796666666666668,4.724066666666666,2.474276666666667,0.9229999999999999
2,70630.54963510873,863.3036319592261,3.0,8.0,,,,5.0,5.0,10.294638470806582,0.0,0.0,2.474276666666667,0.0,,,2.4448333333333334,0.0,0.0,,1.3796666666666668,4.724066666666666,2.474276666666667,0.9229999999999999
3,70630.54963510873,863.303631959226,3.0,8.0,,,,5.0,5.0,10.294638470806582,0.0,0.0,2.474276666666667,0.0,,,2.4448333333333334,0.0,0.0,,1.3796666666666668,4.724066666666666,2.474276666666667,0.9229999999999999
4,69080.06822098969,885.4424326092261,2.0,9.0,,,,0.0,5.634399999999999,10.294638470806582,0.0,5.0,2.474276666666667,0.0,,,2.4448333333333334,0.0,0.0,,1.3796666666666668,4.724066666666666,2.474276666666667,0.9229999999999999
