,cost,emission,grid,wood_supply,DHDC_small_heat,DHDC_medium_heat,DHDC_large_heat,wood_boiler_heat,wood_boiler_DHW,PV,SCFP,DHW_to_heat,ASHP,ASHP_DHW,GSHP_heat,GSHP_cooling,battery,DHW_storage,heat_storage,geothermal_boreholes,demand_electricity,demand_space_heating,demand_space_cooling,demand_hot_water
0,118401.8588282458,4880.943374944104,4.0,56.0,,,,2000.0,2000.0,32.273360745236936,0.0,0.0,0.0,4.0,0.0,0.0,250.00000000000006,0.0,0.0,62.591352521665854,3.9888333333333335,39.951040000000006,0.0,3.7929999999999997
1,25312.810606781066,5766.655671312235,6.0,50.0,,,,39.92170666666667,0.0,14.662057506399753,0.0,2.0,0.0,3.7929999999999997,0.0,0.0,0.0,0.0,0.0,62.591352521665854,3.9888333333333335,39.951040000000006,0.0,3.7929999999999997
2,22979.270607260372,6652.367967680353,9.0,42.0,,,,32.98726642020696,0.0,13.41817242108271,0.0,10.0,0.0,10.727440246459711,0.0,0.0,0.0,0.0,0.0,62.591352521665854,3.9888333333333335,39.951040000000006,0.0,3.7929999999999997
3,19721.438444188694,7538.080264048531,21.0,0.0,,,,0.0,0.0,24.840083314544227,0.0,40.0,0.0,43.71470666666667,0.0,0.0,2.6754269493827296,0.0,0.0,62.591352521665854,3.9888333333333335,39.951040000000006,0.0,3.7929999999999997
4,17172.52168763854,8423.792560416667,21.0,0.0,,,,0.0,0.0,0.0,0.0,40.0,0.0,43.71470666666667,0.0,0.0,0.0,0.0,0.0,62.591352521665854,3.9888333333333335,39.951040000000006,0.0,3.7929999999999997
