,cost,emission,grid,wood_supply,DHDC_small_heat,DHDC_medium_heat,DHDC_large_heat,wood_boiler_heat,wood_boiler_DHW,PV,SCFP,DHW_to_heat,ASHP,ASHP_DHW,GSHP_heat,GSHP_cooling,battery,DHW_storage,heat_storage,geothermal_boreholes,demand_electricity,demand_space_heating,demand_space_cooling,demand_hot_water
0,126791.24637866944,1230.3818324178574,1.0,14.0,,,,2000.0,2000.0,8.416252978738518,0.0,0.0,4.0,0.0,,,250.00000000000006,0.0,0.0,,0.9623333333333332,10.289639999999997,3.8454466666666662,0.8264999999999999
1,49323.35719925124,1233.3230039017858,1.0,15.0,,,,8.104666666666667,5.0,8.416252978738518,0.0,3.0,3.8454466666666662,0.0,,,2.2815,0.0,0.0,,0.9623333333333332,10.289639999999997,3.8454466666666662,0.8264999999999999
2,49323.35719925125,1233.3230039017858,1.0,15.0,,,,8.104666666666667,5.0,8.416252978738518,0.0,3.0,3.8454466666666662,0.0,,,2.2815,0.0,0.0,,0.9623333333333332,10.289639999999997,3.8454466666666662,0.8264999999999999
3,49323.35719925125,1233.3230039017858,1.0,15.0,,,,8.104666666666667,5.0,8.416252978738518,0.0,3.0,3.8454466666666662,0.0,,,2.2815,0.0,0.0,,0.9623333333333332,10.289639999999997,3.8454466666666662,0.8264999999999999
4,48266.96472776806,1336.1610676803575,1.0,16.0,,,,0.0,11.081139999999998,8.416252978738518,0.0,11.0,3.8454466666666662,0.0,,,2.2815,0.0,0.0,,0.9623333333333332,10.289639999999997,3.8454466666666662,0.8264999999999999
