,cost,emission,grid,wood_supply,DHDC_small_heat,DHDC_medium_heat,DHDC_large_heat,wood_boiler_heat,wood_boiler_DHW,PV,SCFP,DHW_to_heat,ASHP,ASHP_DHW,GSHP_heat,GSHP_cooling,battery,DHW_storage,heat_storage,geothermal_boreholes,demand_electricity,demand_space_heating,demand_space_cooling,demand_hot_water
0,125527.73226932427,5887.797712329464,11.0,60.0,,,,2000.0,2000.0,59.05232037672132,0.0,0.0,0.0,0.0,27.0,23.0,250.00000000000006,0.0,0.0,81.33662426370493,8.053773333333334,43.321200000000005,22.6782,4.567166666666667
1,29945.557780864383,6877.629562267921,13.0,52.0,,,,41.01920000000001,0.0,40.94368058375058,0.0,2.0,0.0,4.681965413729654,1.4488679196036787,22.678199999999997,4.203072490588706,0.0,0.0,81.33662426370493,8.053773333333334,43.321200000000005,22.6782,4.567166666666667
2,26434.156864662407,7867.461412206362,13.0,47.0,,,,37.069756473391436,0.0,21.77258087588125,0.0,6.0,0.0,8.633257160413532,1.4470196995283675,22.678199999999997,0.0,0.0,0.0,81.33662426370493,8.053773333333334,43.321200000000005,22.6782,4.567166666666667
3,22502.20580666777,8857.293262144865,24.0,0.0,,,,0.0,0.0,26.591587421048427,0.0,42.0,0.0,45.70017546699237,1.4498578663409694,22.678199999999997,0.15684520723742246,0.0,0.0,81.33662426370493,8.053773333333334,43.321200000000005,22.6782,4.567166666666667
4,20224.193637036515,9847.12511208333,25.0,0.0,,,,0.0,0.0,0.0,0.0,42.0,0.0,45.70301363380496,1.4470196995283722,22.678199999999997,0.0,0.0,0.0,81.33662426370493,8.053773333333334,43.321200000000005,22.6782,4.567166666666667
