,cost,emission,grid,wood_supply,DHDC_small_heat,DHDC_medium_heat,DHDC_large_heat,wood_boiler_heat,wood_boiler_DHW,PV,SCFP,DHW_to_heat,ASHP,ASHP_DHW,GSHP_heat,GSHP_cooling,battery,DHW_storage,heat_storage,geothermal_boreholes,demand_electricity,demand_space_heating,demand_space_cooling,demand_hot_water
0,3800612.6863830476,9228.011435674998,11.0,93.0,273.13,848.75,2000.0,2000.0,2000.0,72.72591382266913,0.0,0.0,0.0,0.0,0.0,0.0,250.00000000000006,0.0,0.0,90.9081396758684,10.600166666666668,63.32952,0.0,9.42891
1,2329064.1147004594,9832.452371058942,11.0,80.0,50.0,0.0,0.0,63.305099999999996,0.0,72.72591382266913,0.0,5.0,0.0,10.736296506563727,0.0,0.0,13.57988888888889,0.0,0.0,90.9081396758684,10.600166666666668,63.32952,0.0,9.42891
2,1761399.4948897567,10436.893306442827,11.0,29.0,50.0,0.0,0.0,22.758430000000004,0.0,72.72591382266913,0.0,41.0,0.0,19.3788,0.0,0.0,13.57988888888889,0.0,0.0,90.9081396758684,10.600166666666668,63.32952,0.0,9.42891
3,1194801.8180688913,11041.33424182687,11.0,29.0,50.0,0.0,0.0,22.758430000000004,0.0,72.72591382266913,0.0,44.0,0.0,19.3788,0.0,0.0,13.57988888888889,0.0,0.0,90.9081396758684,10.600166666666668,63.32952,0.0,9.42891
4,648613.9643828797,11645.775177210835,11.0,0.0,72.72334333333333,0.0,0.0,0.0,0.0,72.72591382266913,0.0,64.0,0.0,0.03508666666667182,0.0,0.0,16.451500000000003,0.0,0.0,90.9081396758684,10.600166666666668,63.32952,0.0,9.42891
