,cost,emission,grid,wood_supply,DHDC_small_heat,DHDC_medium_heat,DHDC_large_heat,wood_boiler_heat,wood_boiler_DHW,PV,SCFP,DHW_to_heat,ASHP,ASHP_DHW,GSHP_heat,GSHP_cooling,battery,DHW_storage,heat_storage,geothermal_boreholes,demand_electricity,demand_space_heating,demand_space_cooling,demand_hot_water
0,734155.7472153592,3426.540234098214,4.0,38.0,273.13,848.75,2000.0,2000.0,2000.0,26.716006977731173,0.0,0.0,0.0,0.0,0.0,0.0,250.00000000000006,0.0,0.0,58.70120488441182,3.3805,26.71516,0.0,3.177166666666667
1,182971.35709693932,3641.5634651714286,4.0,43.0,0.0,0.0,0.0,0.0,29.884629999999994,26.716006977731173,0.0,27.0,0.0,0.0,0.0,0.0,6.334999999999998,0.0,0.0,58.70120488441182,3.3805,26.71516,0.0,3.177166666666667
2,182971.35709693938,3641.563465171428,4.0,43.0,0.0,0.0,0.0,0.0,29.88463,26.716006977731173,0.0,27.0,0.0,0.0,0.0,0.0,6.334999999999997,0.0,0.0,58.70120488441182,3.3805,26.71516,0.0,3.177166666666667
3,182971.35709693932,3641.563465171428,4.0,43.0,0.0,0.0,0.0,0.0,29.88463,26.716006977731173,0.0,27.0,0.0,0.0,0.0,0.0,6.334999999999998,0.0,0.0,58.70120488441182,3.3805,26.71516,0.0,3.177166666666667
4,182267.23300412198,4579.36706124,4.0,0.0,50.0,0.0,0.0,0.0,0.0,26.716006977731173,0.0,27.0,0.0,0.0,0.0,0.0,6.334999999999997,0.0,0.0,58.70120488441182,3.3805,26.71516,0.0,3.177166666666667
