,cost,emission,grid,wood_supply,DHDC_small_heat,DHDC_medium_heat,DHDC_large_heat,wood_boiler_heat,wood_boiler_DHW,PV,SCFP,DHW_to_heat,ASHP,ASHP_DHW,GSHP_heat,GSHP_cooling,battery,DHW_storage,heat_storage,geothermal_boreholes,demand_electricity,demand_space_heating,demand_space_cooling,demand_hot_water
0,609265.827440748,6454.292614359376,8.0,72.0,273.13,848.75,2000.0,2000.0,2000.0,44.58141433199381,0.0,0.0,0.0,0.0,28.0,24.0,250.00000000000006,0.0,0.0,71.20699003239568,5.923739999999998,51.25772000000001,23.16656,5.084333333333333
1,32450.268392641898,7570.802761246103,11.0,63.0,0.0,0.0,0.0,50.330813090580364,0.0,24.33794877883399,0.0,2.0,0.0,5.084333333333333,0.9102102427529835,23.166559999999997,0.4348566927806086,0.0,0.0,71.20699003239568,5.923739999999998,51.25772000000001,23.16656,5.084333333333333
2,29394.219503982084,8687.312908132777,12.0,54.0,0.0,0.0,0.0,42.40606004796972,0.0,18.636511098101995,0.0,13.0,0.0,13.009717699054116,0.9095789196428489,23.166559999999997,0.0,0.0,0.0,71.20699003239568,5.923739999999998,51.25772000000001,23.16656,5.084333333333333
3,25564.05723226468,9803.823055019537,27.0,0.0,0.0,0.0,0.0,0.0,0.0,31.498624344821177,0.0,51.0,0.0,55.412828683937995,0.9125279827286816,23.166559999999997,2.6473759643418457,0.0,0.0,71.20699003239568,5.923739999999998,51.25772000000001,23.16656,5.084333333333333
4,22449.677420664975,10920.33320190625,27.0,0.0,0.0,0.0,0.0,0.0,0.0,0.0,0.0,51.0,0.0,55.415777747023824,0.909578919642855,23.166559999999997,0.0,0.0,0.0,71.20699003239568,5.923739999999998,51.25772000000001,23.16656,5.084333333333333
