,cost,emission,grid,wood_supply,DHDC_small_heat,DHDC_medium_heat,DHDC_large_heat,wood_boiler_heat,wood_boiler_DHW,PV,SCFP,DHW_to_heat,ASHP,ASHP_DHW,GSHP_heat,GSHP_cooling,battery,DHW_storage,heat_storage,geothermal_boreholes,demand_electricity,demand_space_heating,demand_space_cooling,demand_hot_water
0,680308.7145954531,1957.677243303571,3.0,24.0,273.13,848.75,2000.0,2000.0,2000.0,11.641193086982202,0.0,0.0,5.0,0.0,,,250.00000000000006,0.0,0.0,,1.9745000000000001,16.994419999999995,4.6905,1.6715
1,113686.61244277532,1960.346934625,3.0,25.0,0.0,0.0,0.0,13.630056666666661,5.0,11.641193086982202,0.0,4.0,4.6905,0.0,,,2.771666666666667,0.0,0.0,,1.9745000000000001,16.994419999999995,4.6905,1.6715
2,113686.61244277532,1960.346934625,3.0,25.0,0.0,0.0,0.0,13.630056666666661,5.0,11.641193086982202,0.0,4.0,4.6905,0.0,,,2.771666666666667,0.0,0.0,,1.9745000000000001,16.994419999999995,4.6905,1.6715
3,113686.61244277532,1960.346934625,3.0,25.0,0.0,0.0,0.0,13.630056666666661,5.0,11.641193086982202,0.0,4.0,4.6905,0.0,,,2.771666666666667,0.0,0.0,,1.9745000000000001,16.994419999999995,4.6905,1.6715
4,112777.40797317578,2083.422990832143,3.0,27.0,0.0,0.0,0.0,0.0,18.63005666666666,11.641193086982202,0.0,17.0,4.6905,0.0,,,2.771666666666667,0.0,0.0,,1.9745000000000001,16.994419999999995,4.6905,1.6715
