,cost,emission,grid,wood_supply,DHDC_small_heat,DHDC_medium_heat,DHDC_large_heat,wood_boiler_heat,wood_boiler_DHW,PV,SCFP,DHW_to_heat,ASHP,ASHP_DHW,GSHP_heat,GSHP_cooling,battery,DHW_storage,heat_storage,geothermal_boreholes,demand_electricity,demand_space_heating,demand_space_cooling,demand_hot_water
0,578849.0672391797,1269.1021822613093,2.0,16.0,273.13,848.75,2000.0,2000.0,2000.0,9.203989011668014,0.0,0.0,3.0,0.0,,,250.00000000000006,0.0,0.0,,1.1318333333333335,11.499766666666671,2.9946999999999995,0.9874700000000001
1,7925.525215090513,1501.6140070084825,3.0,12.0,0.0,0.0,0.0,9.198666666666666,0.0,4.888952027479251,0.0,1.0,2.9946999999999995,0.9874700000000001,,,0.24535077045829518,0.0,0.0,,1.1318333333333335,11.499766666666671,2.9946999999999995,0.9874700000000001
2,7246.035347421155,1734.1258317556744,3.0,11.0,0.0,0.0,0.0,8.462400001166671,0.0,3.189841974777139,0.0,1.0,2.9946999999999995,0.9874699988333334,,,0.0,1.0,1.0,,1.1318333333333335,11.499766666666671,2.9946999999999995,0.9874700000000001
3,5224.594338334849,1966.6376565028283,6.0,1.0,0.0,0.0,0.0,0.0,0.0,6.7827381469848955,0.0,7.0,5.74483333333319,6.699736666666881,,,0.7462965180427427,0.0,0.0,,1.1318333333333335,11.499766666666671,2.9946999999999995,0.9874700000000001
4,4506.71373519589,2199.1494812499996,6.0,0.0,0.0,0.0,0.0,0.0,0.0,0.0,0.0,1.0,11.457100000000004,0.9874700000000001,,,0.0,0.0,0.0,,1.1318333333333335,11.499766666666671,2.9946999999999995,0.9874700000000001
