,cost,emission,grid,wood_supply,DHDC_small_heat,DHDC_medium_heat,DHDC_large_heat,wood_boiler_heat,wood_boiler_DHW,PV,SCFP,DHW_to_heat,ASHP,ASHP_DHW,GSHP_heat,GSHP_cooling,battery,DHW_storage,heat_storage,geothermal_boreholes,demand_electricity,demand_space_heating,demand_space_cooling,demand_hot_water
0,597527.2322830022,5595.761959002144,17.0,88.0,273.13,848.75,2000.0,2000.0,2000.0,43.591451695172935,0.0,0.0,29.0,1.0,,,250.00000000000006,0.0,0.0,,13.750486666666665,67.34010000000005,28.71295333333333,3.0147666666666666
1,26663.99738717577,6243.364522897445,23.0,48.0,0.0,0.0,0.0,37.70988000000004,0.0,34.50279301320883,0.0,1.0,28.71295333333333,3.0147666666666666,,,2.2269119892368714,0.0,0.0,,13.750486666666665,67.34010000000005,28.71295333333333,3.0147666666666666
2,23714.490807786548,6890.967086792745,39.0,0.0,0.0,0.0,0.0,0.0,0.0,37.97228462645694,0.0,39.0,28.71295333333333,40.724646666666715,,,2.646919817322422,0.0,0.0,,13.750486666666665,67.34010000000005,28.71295333333333,3.0147666666666666
3,21273.8447283257,7538.569650688034,39.0,0.0,0.0,0.0,0.0,0.0,0.0,17.70744312507635,0.0,39.0,28.71295333333333,40.724646666666715,,,0.0,0.0,0.0,,13.750486666666665,67.34010000000005,28.71295333333333,3.0147666666666666
4,19734.479298490987,8186.172214583332,39.0,0.0,0.0,0.0,0.0,0.0,0.0,0.0,0.0,40.0,28.71295333333333,40.724646666666715,,,0.0,0.0,0.0,,13.750486666666665,67.34010000000005,28.71295333333333,3.0147666666666666
