,cost,emission,grid,wood_supply,DHDC_small_heat,DHDC_medium_heat,DHDC_large_heat,wood_boiler_heat,wood_boiler_DHW,PV,SCFP,DHW_to_heat,ASHP,ASHP_DHW,GSHP_heat,GSHP_cooling,battery,DHW_storage,heat_storage,geothermal_boreholes,demand_electricity,demand_space_heating,demand_space_cooling,demand_hot_water
0,819042.6230468648,847.8747344982143,2.0,7.0,273.13,848.75,2000.0,2000.0,2000.0,9.947437320771291,0.0,0.0,3.0,0.0,,,250.00000000000006,0.0,0.0,,1.3213333333333332,4.3294999999999995,2.2698266666666664,0.9209999999999999
1,198620.5552029071,886.694483710953,2.0,7.0,50.0,0.0,0.0,5.0,5.0,9.947437320771291,0.0,0.0,2.2698266666666664,0.9025,,,2.1048888888888886,0.0,0.0,,1.3213333333333332,4.3294999999999995,2.2698266666666664,0.9209999999999999
2,149815.04787074134,925.5142329236893,2.0,6.0,50.0,0.0,0.0,5.0,0.0,9.947437320771291,0.0,5.0,2.2698266666666664,0.8909699999999998,,,2.1048888888888886,0.0,0.0,,1.3213333333333332,4.3294999999999995,2.2698266666666664,0.9209999999999999
3,113425.75252175744,964.3339821364272,2.0,6.0,50.0,0.0,0.0,5.0,0.0,9.947437320771291,0.0,5.0,2.2698266666666664,0.8909699999999998,,,2.1048888888888886,0.0,0.0,,1.3213333333333332,4.3294999999999995,2.2698266666666664,0.9209999999999999
4,78051.69516184127,1003.1537313491667,2.0,0.0,50.0,0.0,0.0,0.0,0.0,9.947437320771291,0.0,5.0,2.2698266666666664,0.0,,,2.29,0.0,0.0,,1.3213333333333332,4.3294999999999995,2.2698266666666664,0.9209999999999999
