,cost,emission,grid,wood_supply,DHDC_small_heat,DHDC_medium_heat,DHDC_large_heat,wood_boiler_heat,wood_boiler_DHW,PV,SCFP,DHW_to_heat,ASHP,ASHP_DHW,GSHP_heat,GSHP_cooling,battery,DHW_storage,heat_storage,geothermal_boreholes,demand_electricity,demand_space_heating,demand_space_cooling,demand_hot_water
0,780827.8742886268,3860.428299355357,4.0,43.0,273.13,848.75,2000.0,2000.0,2000.0,17.415626728482838,0.0,0.0,0.0,0.0,0.0,0.0,250.00000000000006,0.0,0.0,52.19093870993799,3.0246666666666666,30.845339999999993,0.0,2.9726666666666666
1,214223.5024289511,4135.261034817857,4.0,49.0,0.0,0.0,0.0,0.0,33.80194666666666,17.415626728482838,0.0,31.0,0.0,0.0,0.0,0.0,3.6966666666666663,0.0,0.0,52.19093870993799,3.0246666666666666,30.845339999999993,0.0,2.9726666666666666
2,214223.5024289511,4135.261034817857,4.0,49.0,0.0,0.0,0.0,0.0,33.80194666666666,17.415626728482838,0.0,31.0,0.0,0.0,0.0,0.0,3.6966666666666663,0.0,0.0,52.19093870993799,3.0246666666666666,30.845339999999993,0.0,2.9726666666666666
3,214223.50242895103,4135.261034817857,4.0,49.0,0.0,0.0,0.0,0.0,33.80194666666666,17.415626728482838,0.0,31.0,0.0,0.0,0.0,0.0,3.6966666666666663,0.0,0.0,52.19093870993799,3.0246666666666666,30.845339999999993,0.0,2.9726666666666666
4,212042.18730330677,5248.821335995,4.0,0.0,50.0,0.0,0.0,0.0,0.0,17.415626728482838,0.0,31.0,0.0,0.0,0.0,0.0,3.6966666666666663,0.0,0.0,52.19093870993799,3.0246666666666666,30.845339999999993,0.0,2.9726666666666666
