,cost,emission,grid,wood_supply,DHDC_small_heat,DHDC_medium_heat,DHDC_large_heat,wood_boiler_heat,wood_boiler_DHW,PV,SCFP,DHW_to_heat,ASHP,ASHP_DHW,GSHP_heat,GSHP_cooling,battery,DHW_storage,heat_storage,geothermal_boreholes,demand_electricity,demand_space_heating,demand_space_cooling,demand_hot_water
0,617879.657645147,9228.011435674998,11.0,93.0,273.13,848.75,2000.0,2000.0,2000.0,72.72591382266913,0.0,0.0,0.0,0.0,0.0,0.0,250.00000000000006,0.0,0.0,90.9081396758684,10.600166666666668,63.32952,0.0,9.42891
1,42882.94621233518,10672.041576756239,14.0,80.0,0.0,0.0,0.0,63.329520000000066,0.0,54.65044645662012,0.0,3.0,0.0,9.428909999999934,0.0,0.0,4.4425473779072036,0.0,0.0,90.9081396758684,10.600166666666668,63.32952,0.0,9.42891
2,38383.04174841293,12116.071717837503,19.0,68.0,0.0,0.0,0.0,54.19348544563168,0.0,35.728914018928926,0.0,13.0,0.0,18.564944554368314,0.0,0.0,0.0,0.0,0.0,90.9081396758684,10.600166666666668,63.32952,0.0,9.42891
3,33268.884041167636,13560.101858918755,37.0,0.0,0.0,0.0,0.0,0.0,0.0,36.19385555651681,0.0,64.0,0.0,72.75843,0.0,0.0,0.0,0.0,0.0,90.9081396758684,10.600166666666668,63.32952,0.0,9.42891
4,30470.39519942157,15004.132000000003,37.0,0.0,0.0,0.0,0.0,0.0,0.0,0.0,0.0,64.0,0.0,72.75843,0.0,0.0,0.0,0.0,0.0,90.9081396758684,10.600166666666668,63.32952,0.0,9.42891
