,cost,emission,grid,wood_supply,DHDC_small_heat,DHDC_medium_heat,DHDC_large_heat,wood_boiler_heat,wood_boiler_DHW,PV,SCFP,DHW_to_heat,ASHP,ASHP_DHW,GSHP_heat,GSHP_cooling,battery,DHW_storage,heat_storage,geothermal_boreholes,demand_electricity,demand_space_heating,demand_space_cooling,demand_hot_water
0,890094.6633218963,4767.950434120239,9.0,54.0,273.13,848.75,2000.0,2000.0,2000.0,41.31557845472606,0.0,0.0,15.0,0.0,,,250.00000000000006,0.0,0.0,,5.714500000000001,37.67626666666666,14.26597333333333,4.6898333333333335
1,330604.6654310857,4979.152790454165,10.0,61.0,0.0,0.0,0.0,0.0,42.36420666666666,41.31557845472606,0.0,38.0,14.26597333333333,0.0,,,9.721666666666668,0.0,0.0,,5.714500000000001,37.67626666666666,14.26597333333333,4.6898333333333335
2,330604.6654310857,4979.152790454165,10.0,61.0,0.0,0.0,0.0,0.0,42.36420666666666,41.31557845472606,0.0,38.0,14.26597333333333,0.0,,,9.721666666666668,0.0,0.0,,5.714500000000001,37.67626666666666,14.26597333333333,4.6898333333333335
3,330604.6654310857,4979.152790454165,10.0,61.0,0.0,0.0,0.0,0.0,42.36420666666666,41.31557845472606,0.0,38.0,14.26597333333333,0.0,,,9.721666666666668,0.0,0.0,,5.714500000000001,37.67626666666666,14.26597333333333,4.6898333333333335
4,328861.0255558181,6021.044974134168,10.0,0.0,50.0,0.0,0.0,0.0,0.0,41.31557845472606,0.0,38.0,14.26597333333333,0.0,,,9.721666666666668,0.0,0.0,,5.714500000000001,37.67626666666666,14.26597333333333,4.6898333333333335
