,cost,emission,grid,wood_supply,DHDC_small_heat,DHDC_medium_heat,DHDC_large_heat,wood_boiler_heat,wood_boiler_DHW,PV,SCFP,DHW_to_heat,ASHP,ASHP_DHW,GSHP_heat,GSHP_cooling,battery,DHW_storage,heat_storage,geothermal_boreholes,demand_electricity,demand_space_heating,demand_space_cooling,demand_hot_water
0,1333441.6528632194,1893.151057052976,3.0,24.0,273.13,848.75,2000.0,2000.0,2000.0,15.716469835545357,0.0,0.0,5.0,0.0,,,250.00000000000006,0.0,0.0,,1.9476666666666667,17.582960000000003,4.704999999999999,1.3921666666666666
1,561466.3027310035,2062.1969606243074,3.0,13.0,50.0,0.0,0.0,10.032500214039691,0.0,15.716469835545357,0.0,8.0,4.704999999999999,1.3506666666666665,,,3.7028333333333334,0.0,0.0,,1.9476666666666667,17.582960000000003,4.704999999999999,1.3921666666666666
2,402922.570878481,2231.242864195658,3.0,7.0,50.0,0.0,0.0,5.0,0.0,15.716469835545357,0.0,14.0,4.704999999999999,1.3506666666666665,,,3.7028333333333334,0.0,0.0,,1.9476666666666667,17.582960000000003,4.704999999999999,1.3921666666666666
3,244460.41083509783,2400.2887677669855,3.0,7.0,50.0,0.0,0.0,5.0,0.0,15.716469835545357,0.0,18.0,4.704999999999999,1.3506666666666665,,,3.7028333333333334,0.0,0.0,,1.9476666666666667,17.582960000000003,4.704999999999999,1.3921666666666666
4,94243.06897401939,2569.3346713383326,3.0,0.0,50.0,0.0,0.0,0.0,0.0,15.716469835545357,0.0,18.0,4.704999999999999,0.0,,,4.144333333333332,0.0,0.0,,1.9476666666666667,17.582960000000003,4.704999999999999,1.3921666666666666
