,cost,emission,grid,wood_supply,DHDC_small_heat,DHDC_medium_heat,DHDC_large_heat,wood_boiler_heat,wood_boiler_DHW,PV,SCFP,DHW_to_heat,ASHP,ASHP_DHW,GSHP_heat,GSHP_cooling,battery,DHW_storage,heat_storage,geothermal_boreholes,demand_electricity,demand_space_heating,demand_space_cooling,demand_hot_water
0,99949.72537498693,1432.6973165428576,2.0,17.0,,,,2000.0,2000.0,11.29584569001865,0.0,0.0,0.0,0.0,0.0,0.0,250.00000000000006,0.0,0.0,47.90709198301306,1.3095,11.903339999999998,0.0,1.143
1,8999.004518124515,1718.8281538133897,2.0,15.0,,,,11.773177900646944,0.0,5.184135592779677,0.0,1.0,0.0,1.2302987660197204,0.0,0.0,0.3182790790560908,0.0,0.0,47.90709198301306,1.3095,11.903339999999998,0.0,1.143
2,8203.796632735262,2004.9589910839352,3.0,13.0,,,,10.052844657496019,0.0,3.7360390610808087,0.0,3.0,0.0,2.950632009170645,0.0,0.0,0.0,0.0,0.0,47.90709198301306,1.3095,11.903339999999998,0.0,1.143
3,6092.584714872735,2291.0898283544648,7.0,0.0,,,,0.0,0.0,7.95277348848354,0.0,12.0,0.0,13.003476666666664,0.0,0.0,1.1187481020644388,0.0,0.0,47.90709198301306,1.3095,11.903339999999998,0.0,1.143
4,5245.380901363176,2577.220665625,7.0,0.0,,,,0.0,0.0,0.0,0.0,12.0,0.0,13.003476666666664,0.0,0.0,0.0,0.0,0.0,47.90709198301306,1.3095,11.903339999999998,0.0,1.143
