,cost,emission,grid,wood_supply,DHDC_small_heat,DHDC_medium_heat,DHDC_large_heat,wood_boiler_heat,wood_boiler_DHW,PV,SCFP,DHW_to_heat,ASHP,ASHP_DHW,GSHP_heat,GSHP_cooling,battery,DHW_storage,heat_storage,geothermal_boreholes,demand_electricity,demand_space_heating,demand_space_cooling,demand_hot_water
0,837260.9789220778,1865.416605841072,3.0,24.0,,,,2000.0,2000.0,15.798931161616553,0.0,0.0,5.0,0.0,,,250.00000000000006,0.0,0.0,,1.8338333333333334,17.271666666666665,4.7945199999999994,1.4218333333333335
1,639226.3199161552,2078.2310838149137,4.0,15.0,,,,11.855833333333333,0.0,15.798931161616553,0.0,2.0,4.803333333333333,1.9981666666666666,,,3.5755833333333333,0.0,0.0,,1.8338333333333334,17.271666666666665,4.7945199999999994,1.4218333333333335
2,582222.4418874457,2291.045561788762,5.0,15.0,,,,11.855833333333331,0.0,15.798931161616553,0.0,2.0,4.898,1.9034999999999997,,,3.5755833333333333,0.0,0.0,,1.8338333333333334,17.271666666666665,4.7945199999999994,1.4218333333333335
3,525225.4874267356,2503.860039762604,5.0,14.0,,,,10.813136379189284,0.0,15.798931161616553,0.0,3.0,5.214833333333333,2.6293636208107114,,,3.5755833333333333,0.0,0.0,,1.8338333333333334,17.271666666666665,4.7945199999999994,1.4218333333333335
4,466688.55750429735,2716.6745177364587,9.0,0.0,,,,0.0,0.0,15.798931161616553,0.0,10.0,8.345166666666666,10.312166666666666,,,3.5755833333333333,0.0,0.0,,1.8338333333333334,17.271666666666665,4.7945199999999994,1.4218333333333335
