,cost,emission,grid,wood_supply,DHDC_small_heat,DHDC_medium_heat,DHDC_large_heat,wood_boiler_heat,wood_boiler_DHW,PV,SCFP,DHW_to_heat,ASHP,ASHP_DHW,GSHP_heat,GSHP_cooling,battery,DHW_storage,heat_storage,geothermal_boreholes,demand_electricity,demand_space_heating,demand_space_cooling,demand_hot_water
0,4409515.954306038,10623.536630302151,12.0,118.0,273.13,848.75,2000.0,2000.0,2000.0,95.4059738849074,0.0,0.0,0.0,11.0,0.0,0.0,250.00000000000006,0.0,0.0,106.78418171943518,11.424833333333334,82.09256,0.0,10.172469999999999
1,2784915.9333137684,11414.795789872316,12.0,71.0,50.0,0.0,0.0,56.034203139556745,0.0,95.4059738849074,0.0,27.0,0.0,28.000000000000004,0.0,0.0,20.128000000000004,0.0,0.0,106.78418171943518,11.424833333333334,82.09256,0.0,10.172469999999999
2,2042973.2930836822,12206.054949442538,12.0,53.0,50.0,0.0,0.0,42.265029999999996,0.0,95.4059738849074,0.0,55.0,0.0,28.000000000000004,0.0,0.0,20.128000000000004,0.0,0.0,106.78418171943518,11.424833333333334,82.09256,0.0,10.172469999999999
3,1301253.8374170838,12997.314109012654,12.0,53.0,50.0,0.0,0.0,42.265029999999996,0.0,95.4059738849074,0.0,57.0,0.0,28.000000000000004,0.0,0.0,20.128000000000004,0.0,0.0,106.78418171943518,11.424833333333334,82.09256,0.0,10.172469999999999
4,630040.9241198769,13788.57326858292,12.0,0.0,92.25969666666666,0.0,0.0,0.0,0.0,95.4059738849074,0.0,83.0,0.0,3.828725710147255,0.0,0.0,16.96853095410531,0.0,0.0,106.78418171943518,11.424833333333334,82.09256,0.0,10.172469999999999
