,cost,emission,grid,wood_supply,DHDC_small_heat,DHDC_medium_heat,DHDC_large_heat,wood_boiler_heat,wood_boiler_DHW,PV,SCFP,DHW_to_heat,ASHP,ASHP_DHW,GSHP_heat,GSHP_cooling,battery,DHW_storage,heat_storage,geothermal_boreholes,demand_electricity,demand_space_heating,demand_space_cooling,demand_hot_water
0,646770.0414819537,1288.6841349625,2.0,15.0,,,,2000.0,2000.0,10.339255399782656,0.0,0.0,5.0,0.0,,,250.00000000000006,0.0,0.0,,1.2001666666666668,10.76984,4.416653333333333,0.9371666666666666
1,476148.34391096013,1455.855164659375,3.0,9.0,,,,6.43619828124999,0.0,10.339255399782656,0.0,1.0,4.416653333333333,0.9371666666666665,,,2.5086249999999994,0.0,0.0,,1.2001666666666668,10.76984,4.416653333333333,0.9371666666666666
2,431368.6495733273,1623.026194356251,4.0,8.0,,,,6.328853333333333,0.0,10.339255399782656,0.0,1.0,4.416653333333333,0.9371666666666665,,,2.5086249999999994,0.0,0.0,,1.2001666666666668,10.76984,4.416653333333333,0.9371666666666666
3,386590.8583822659,1790.1972240531225,4.0,8.0,,,,6.3042764342694415,0.0,10.339255399782656,0.0,1.0,4.416653333333333,0.9617435657305579,,,2.5086249999999994,0.0,0.0,,1.2001666666666668,10.76984,4.416653333333333,0.9371666666666666
4,340269.6343868612,1957.36825375,6.0,0.0,,,,0.0,0.0,10.339255399782656,0.0,7.0,4.416653333333333,7.266019999999999,,,2.384138888888889,0.0,0.0,,1.2001666666666668,10.76984,4.416653333333333,0.9371666666666666
