,cost,emission,grid,wood_supply,DHDC_small_heat,DHDC_medium_heat,DHDC_large_heat,wood_boiler_heat,wood_boiler_DHW,PV,SCFP,DHW_to_heat,ASHP,ASHP_DHW,GSHP_heat,GSHP_cooling,battery,DHW_storage,heat_storage,geothermal_boreholes,demand_electricity,demand_space_heating,demand_space_cooling,demand_hot_water
0,584634.5446382093,2149.3903180059524,3.0,27.0,273.13,848.75,2000.0,2000.0,2000.0,17.13479785588346,0.0,0.0,8.0,0.0,,,250.00000000000006,0.0,0.0,,1.9461666666666666,19.342766666666666,7.005093333333335,1.950833333333333
1,12973.041083729824,2535.9476537127975,4.0,21.0,0.0,0.0,0.0,16.31833333333333,0.0,10.220831207225913,0.0,1.0,7.005093333333335,1.950833333333333,,,0.741936519185797,0.0,0.0,,1.9461666666666666,19.342766666666666,7.005093333333335,1.950833333333333
2,11711.069081843278,2922.504989419633,6.0,16.0,0.0,0.0,0.0,12.304006666666666,0.0,6.033691756405844,0.0,2.0,7.005093333333335,1.950833333333333,,,0.0,0.0,0.0,,1.9461666666666666,19.342766666666666,7.005093333333335,1.950833333333333
3,9398.976598518104,3309.0623251264888,10.0,0.0,0.0,0.0,0.0,0.0,0.0,11.549361222741714,0.0,13.0,7.005093333333335,14.254839999999998,,,1.0790927032998976,0.0,0.0,,1.9461666666666666,19.342766666666666,7.005093333333335,1.950833333333333
4,8174.314351606907,3695.619660833333,11.0,0.0,0.0,0.0,0.0,0.0,0.0,0.0,0.0,13.0,7.005093333333335,14.254839999999998,,,0.0,0.0,0.0,,1.9461666666666666,19.342766666666666,7.005093333333335,1.950833333333333
