,cost,emission,grid,wood_supply,DHDC_small_heat,DHDC_medium_heat,DHDC_large_heat,wood_boiler_heat,wood_boiler_DHW,PV,SCFP,DHW_to_heat,ASHP,ASHP_DHW,GSHP_heat,GSHP_cooling,battery,DHW_storage,heat_storage,geothermal_boreholes,demand_electricity,demand_space_heating,demand_space_cooling,demand_hot_water
0,1357495.2731133103,1957.677243303571,3.0,24.0,273.13,848.75,2000.0,2000.0,2000.0,11.641193086982202,0.0,0.0,5.0,0.0,,,250.00000000000006,0.0,0.0,,1.9745000000000001,16.994419999999995,4.6905,1.6715
1,578521.3640380073,2122.7083858314263,3.0,14.0,50.0,0.0,0.0,10.52845915789135,0.0,11.641193086982202,0.0,7.0,4.6905,1.6206366666666665,,,2.280166666666667,0.0,0.0,,1.9745000000000001,16.994419999999995,4.6905,1.6715
2,423732.99527685833,2287.7395283593,3.0,7.0,50.0,0.0,0.0,5.0,0.0,11.641193086982202,0.0,12.0,4.6905,1.6206366666666665,,,2.280166666666667,0.0,0.0,,1.9745000000000001,16.994419999999995,4.6905,1.6715
3,269034.23732466693,2452.7706708871488,3.0,7.0,50.0,0.0,0.0,5.0,0.0,11.641193086982202,0.0,17.0,4.6905,1.6206366666666665,,,2.280166666666667,0.0,0.0,,1.9745000000000001,16.994419999999995,4.6905,1.6715
4,115500.6476843498,2617.8018134149997,3.0,0.0,50.0,0.0,0.0,0.0,0.0,11.641193086982202,0.0,17.0,4.6905,0.0,,,2.771666666666667,0.0,0.0,,1.9745000000000001,16.994419999999995,4.6905,1.6715
