,cost,emission,grid,wood_supply,DHDC_small_heat,DHDC_medium_heat,DHDC_large_heat,wood_boiler_heat,wood_boiler_DHW,PV,SCFP,DHW_to_heat,ASHP,ASHP_DHW,GSHP_heat,GSHP_cooling,battery,DHW_storage,heat_storage,geothermal_boreholes,demand_electricity,demand_space_heating,demand_space_cooling,demand_hot_water
0,597910.3968175808,5339.063099389582,9.0,63.0,273.13,848.75,2000.0,2000.0,2000.0,33.756796319125094,0.0,0.0,16.0,0.0,,,250.00000000000006,0.0,0.0,,6.222833333333333,44.94784666666667,15.403199999999996,4.569666666666667
1,25173.130240643313,6138.564113604695,11.0,42.0,0.0,0.0,0.0,33.53488073747461,0.0,24.825355736464978,0.0,1.0,15.403199999999996,4.5696666666666665,,,1.3688386875489986,0.0,0.0,,6.222833333333333,44.94784666666667,15.403199999999996,4.569666666666667
2,22744.292338632018,6938.065127819787,12.0,37.0,0.0,0.0,0.0,29.54011666666667,0.0,17.45324034020462,0.0,4.0,15.403199999999996,4.5696666666666665,,,0.0,0.0,0.0,,6.222833333333333,44.94784666666667,15.403199999999996,4.569666666666667
3,19256.40187289979,7737.566142034901,24.0,0.0,0.0,0.0,0.0,0.0,0.0,20.874863293632004,0.0,31.0,15.403199999999996,34.10978333333334,,,0.22969118270649483,0.0,0.0,,6.222833333333333,44.94784666666667,15.403199999999996,4.569666666666667
4,17522.494085231203,8537.06715625,24.0,0.0,0.0,0.0,0.0,0.0,0.0,0.0,0.0,6.0,43.262816666666666,6.250166666666667,,,0.0,0.0,0.0,,6.222833333333333,44.94784666666667,15.403199999999996,4.569666666666667
