,cost,emission,grid,wood_supply,DHDC_small_heat,DHDC_medium_heat,DHDC_large_heat,wood_boiler_heat,wood_boiler_DHW,PV,SCFP,DHW_to_heat,ASHP,ASHP_DHW,GSHP_heat,GSHP_cooling,battery,DHW_storage,heat_storage,geothermal_boreholes,demand_electricity,demand_space_heating,demand_space_cooling,demand_hot_water
0,899326.0687480455,5006.478365466071,7.0,61.0,273.13,848.75,2000.0,2000.0,2000.0,26.35609164882388,0.0,0.0,14.0,0.0,,,250.00000000000006,0.0,0.0,,5.062333333333333,43.93001333333333,13.175399999999994,3.7916666666666665
1,333580.22211943776,5006.595416491073,7.0,61.0,0.0,0.0,0.0,42.69148333333332,5.0,26.35609164882388,0.0,2.0,13.175399999999994,0.0,,,6.012000000000001,0.0,0.0,,5.062333333333333,43.93001333333333,13.175399999999994,3.7916666666666665
2,333580.22211943776,5006.595416491073,7.0,61.0,0.0,0.0,0.0,42.69148333333332,5.0,26.35609164882388,0.0,2.0,13.175399999999994,0.0,,,6.012000000000001,0.0,0.0,,5.062333333333333,43.93001333333333,13.175399999999994,3.7916666666666665
3,333569.11465485854,6193.0921368071595,7.0,7.0,50.0,0.0,0.0,5.421361077659447,0.0,26.35609164882388,0.0,39.0,13.175399999999994,0.0,,,6.012000000000001,0.0,0.0,,5.062333333333333,43.93001333333333,13.175399999999994,3.7916666666666665
4,329984.68494144146,6588.630060587499,7.0,0.0,50.0,0.0,0.0,0.0,0.0,26.35609164882388,0.0,44.0,13.175399999999994,0.0,,,6.012000000000001,0.0,0.0,,5.062333333333333,43.93001333333333,13.175399999999994,3.7916666666666665
