,cost,emission,grid,wood_supply,DHDC_small_heat,DHDC_medium_heat,DHDC_large_heat,wood_boiler_heat,wood_boiler_DHW,PV,SCFP,DHW_to_heat,ASHP,ASHP_DHW,GSHP_heat,GSHP_cooling,battery,DHW_storage,heat_storage,geothermal_boreholes,demand_electricity,demand_space_heating,demand_space_cooling,demand_hot_water
0,941671.9250319882,1271.4666579809523,3.0,10.0,273.13,848.75,2000.0,2000.0,2000.0,13.117433887328588,0.0,0.0,5.0,0.0,,,250.00000000000006,0.0,0.0,,1.8515,5.506360000000001,4.234733333333332,1.5423333333333336
1,296023.21801746765,1325.231728975718,4.0,9.0,50.0,0.0,0.0,5.506360000000001,5.0,13.117433887328588,0.0,0.0,4.234733333333332,1.5230000000000001,,,2.4823194444444443,0.0,0.0,,1.8515,5.506360000000001,4.234733333333332,1.5423333333333336
2,221434.7886648788,1378.9967999704782,4.0,7.0,50.0,0.0,0.0,5.0,0.0,13.117433887328588,0.0,6.0,4.234733333333332,1.5113333333333332,,,2.4823194444444443,0.0,0.0,,1.8515,5.506360000000001,4.234733333333332,1.5423333333333336
3,171035.87863674844,1432.7618709652368,4.0,7.0,50.0,0.0,0.0,5.0,0.0,13.117433887328588,0.0,6.0,4.234733333333332,1.5113333333333332,,,2.4823194444444443,0.0,0.0,,1.8515,5.506360000000001,4.234733333333332,1.5423333333333336
4,121176.76055912547,1486.5269419600002,4.0,0.0,50.0,0.0,0.0,0.0,0.0,13.117433887328588,0.0,6.0,4.234733333333332,0.0,,,3.0057777777777783,0.0,0.0,,1.8515,5.506360000000001,4.234733333333332,1.5423333333333336
