,cost,emission,grid,wood_supply,DHDC_small_heat,DHDC_medium_heat,DHDC_large_heat,wood_boiler_heat,wood_boiler_DHW,PV,SCFP,DHW_to_heat,ASHP,ASHP_DHW,GSHP_heat,GSHP_cooling,battery,DHW_storage,heat_storage,geothermal_boreholes,demand_electricity,demand_space_heating,demand_space_cooling,demand_hot_water
0,755126.9165886485,3384.957431420833,5.0,42.0,273.13,848.75,2000.0,2000.0,2000.0,22.946469784598637,0.0,0.0,10.0,0.0,,,250.00000000000006,0.0,0.0,,3.3785000000000003,30.491159999999994,9.279399999999995,2.731833333333334
1,191390.39550561388,3597.9558764351186,6.0,48.0,0.0,0.0,0.0,0.0,33.20029666666666,22.946469784598637,0.0,31.0,9.279399999999995,0.0,,,5.8568333333333324,0.0,0.0,,3.3785000000000003,30.491159999999994,9.279399999999995,2.731833333333334
2,191390.39550561388,3597.9558764351186,6.0,48.0,0.0,0.0,0.0,0.0,33.20029666666666,22.946469784598637,0.0,31.0,9.279399999999995,0.0,,,5.8568333333333324,0.0,0.0,,3.3785000000000003,30.491159999999994,9.279399999999995,2.731833333333334
3,191390.39550561388,3597.9558764351186,6.0,48.0,0.0,0.0,0.0,0.0,33.20029666666666,22.946469784598637,0.0,31.0,9.279399999999995,0.0,,,5.8568333333333324,0.0,0.0,,3.3785000000000003,30.491159999999994,9.279399999999995,2.731833333333334
4,190944.03818004858,4497.031150400832,6.0,0.0,50.0,0.0,0.0,0.0,0.0,22.946469784598637,0.0,31.0,9.279399999999995,0.0,,,5.8568333333333324,0.0,0.0,,3.3785000000000003,30.491159999999994,9.279399999999995,2.731833333333334
