,cost,emission,grid,wood_supply,DHDC_small_heat,DHDC_medium_heat,DHDC_large_heat,wood_boiler_heat,wood_boiler_DHW,PV,SCFP,DHW_to_heat,ASHP,ASHP_DHW,GSHP_heat,GSHP_cooling,battery,DHW_storage,heat_storage,geothermal_boreholes,demand_electricity,demand_space_heating,demand_space_cooling,demand_hot_water
0,584230.8177345427,2382.146213235119,4.0,30.0,273.13,848.75,2000.0,2000.0,2000.0,14.2179667874309,0.0,0.0,6.0,0.0,,,250.00000000000006,0.0,0.0,,2.1114699999999997,21.08526666666668,5.7729,1.9148333333333334
1,12743.188201346515,2774.8708553430106,4.0,21.0,0.0,0.0,0.0,16.337333333333333,0.0,8.33109232054551,0.0,1.0,5.7729,1.9148333333333334,,,0.11890349890019289,0.0,0.0,,2.1114699999999997,21.08526666666668,5.7729,1.9148333333333334
2,11627.057620860138,3167.5954974508877,6.0,20.0,0.0,0.0,0.0,15.27283666666668,0.0,6.3199019997256585,0.0,2.0,5.7729,1.9148333333333334,,,0.0,0.0,0.0,,2.1114699999999997,21.08526666666668,5.7729,1.9148333333333334
3,9286.175344801211,3560.320139558783,11.0,0.0,0.0,0.0,0.0,0.0,0.0,11.363014834767226,0.0,16.0,5.7729,17.187670000000015,,,1.0131753488811592,0.0,0.0,,2.1114699999999997,21.08526666666668,5.7729,1.9148333333333334
4,8114.473430835992,3953.0447816666665,11.0,0.0,0.0,0.0,0.0,0.0,0.0,0.0,0.0,2.0,21.04573666666668,1.9148333333333334,,,0.0,0.0,0.0,,2.1114699999999997,21.08526666666668,5.7729,1.9148333333333334
