,cost,emission,grid,wood_supply,DHDC_small_heat,DHDC_medium_heat,DHDC_large_heat,wood_boiler_heat,wood_boiler_DHW,PV,SCFP,DHW_to_heat,ASHP,ASHP_DHW,GSHP_heat,GSHP_cooling,battery,DHW_storage,heat_storage,geothermal_boreholes,demand_electricity,demand_space_heating,demand_space_cooling,demand_hot_water
0,162645.89045726933,887.6984714217264,3.0,8.0,,,,2000.0,2000.0,9.310474768815856,0.0,0.0,3.0,0.0,,,250.00000000000006,0.0,0.0,,1.421563333333333,5.084593333333334,2.4698700000000007,0.9083333333333333
1,75887.43812897042,887.7267973330355,3.0,8.0,,,,5.0,5.0,9.310474768815856,0.0,1.0,2.4698700000000007,0.0,,,2.2695,0.0,0.0,,1.421563333333333,5.084593333333334,2.4698700000000007,0.9083333333333333
2,75887.43812897042,887.7267973330355,3.0,8.0,,,,5.0,5.0,9.310474768815856,0.0,1.0,2.4698700000000007,0.0,,,2.2694999999999994,0.0,0.0,,1.421563333333333,5.084593333333334,2.4698700000000007,0.9083333333333333
3,75887.43812897042,887.7267973330355,3.0,8.0,,,,5.0,5.0,9.310474768815856,0.0,1.0,2.4698700000000007,0.0,,,2.2694999999999994,0.0,0.0,,1.421563333333333,5.084593333333334,2.4698700000000007,0.9083333333333333
4,74349.18254044268,911.0330521901788,3.0,9.0,,,,0.0,5.981563333333334,9.310474768815856,0.0,6.0,2.4698700000000007,0.0,,,2.2694999999999994,0.0,0.0,,1.421563333333333,5.084593333333334,2.4698700000000007,0.9083333333333333
