,cost,emission,grid,wood_supply,DHDC_small_heat,DHDC_medium_heat,DHDC_large_heat,wood_boiler_heat,wood_boiler_DHW,PV,SCFP,DHW_to_heat,ASHP,ASHP_DHW,GSHP_heat,GSHP_cooling,battery,DHW_storage,heat_storage,geothermal_boreholes,demand_electricity,demand_space_heating,demand_space_cooling,demand_hot_water
0,653877.2515458365,1821.1877054714284,2.0,24.0,273.13,848.75,2000.0,2000.0,2000.0,19.310511816336266,0.0,0.0,6.0,0.0,,,250.00000000000006,0.0,0.0,,2.0102166666666657,17.208833333333335,5.822666666666667,1.5136666666666667
1,102736.18369665708,1823.9944188642853,2.0,25.0,0.0,0.0,0.0,13.706666666666667,5.0,19.310511816336266,0.0,4.0,5.822666666666667,0.0,,,4.398,0.0,0.0,,2.0102166666666657,17.208833333333335,5.822666666666667,1.5136666666666667
2,102736.18369665708,1823.9944188642853,2.0,25.0,0.0,0.0,0.0,13.706666666666667,5.0,19.310511816336266,0.0,4.0,5.822666666666667,0.0,,,4.398000000000001,0.0,0.0,,2.0102166666666657,17.208833333333335,5.822666666666667,1.5136666666666667
3,102736.18369665708,1823.9944188642853,2.0,25.0,0.0,0.0,0.0,13.706666666666667,5.0,19.310511816336266,0.0,4.0,5.822666666666667,0.0,,,4.398,0.0,0.0,,2.0102166666666657,17.208833333333335,5.822666666666667,1.5136666666666667
4,101752.44000998615,1933.8827674357144,2.0,27.0,0.0,0.0,0.0,0.0,18.706666666666667,19.310511816336266,0.0,18.0,5.822666666666667,0.0,,,4.398,0.0,0.0,,2.0102166666666657,17.208833333333335,5.822666666666667,1.5136666666666667
