,cost,emission,grid,wood_supply,DHDC_small_heat,DHDC_medium_heat,DHDC_large_heat,wood_boiler_heat,wood_boiler_DHW,PV,SCFP,DHW_to_heat,ASHP,ASHP_DHW,GSHP_heat,GSHP_cooling,battery,DHW_storage,heat_storage,geothermal_boreholes,demand_electricity,demand_space_heating,demand_space_cooling,demand_hot_water
0,97285.13912321944,1000.946042175,2.0,8.0,,,,2000.0,2000.0,13.93451603919329,0.0,0.0,4.0,0.0,,,250.00000000000006,0.0,0.0,,1.5243333333333335,4.84462,3.4119466666666667,1.350666666666667
1,6761.778002171866,1178.5381731937496,3.0,7.0,,,,5.0,0.0,12.170381854204978,0.0,1.0,3.4119466666666667,1.3506666666666667,,,1.6625096819161558,0.0,0.0,,1.5243333333333335,4.84462,3.4119466666666667,1.350666666666667
2,4478.6566308281745,1356.1303042124994,4.0,0.0,,,,0.0,0.0,10.034287700857915,0.0,2.0,3.4119466666666667,2.775006666666666,,,1.0470319849663188,0.0,0.0,,1.5243333333333335,4.84462,3.4119466666666667,1.350666666666667
3,3783.754704230863,1533.722435231248,4.0,0.0,,,,0.0,0.0,4.516106599735786,0.0,2.0,3.4119466666666667,2.775006666666666,,,0.0,0.0,0.0,,1.5243333333333335,4.84462,3.4119466666666667,1.350666666666667
4,3427.0900374133407,1711.3145662499999,4.0,0.0,,,,0.0,0.0,0.0,0.0,1.0,4.484286666666666,1.7026666666666668,,,0.0,0.0,0.0,,1.5243333333333335,4.84462,3.4119466666666667,1.350666666666667
