,cost,emission,grid,wood_supply,DHDC_small_heat,DHDC_medium_heat,DHDC_large_heat,wood_boiler_heat,wood_boiler_DHW,PV,SCFP,DHW_to_heat,ASHP,ASHP_DHW,GSHP_heat,GSHP_cooling,battery,DHW_storage,heat_storage,geothermal_boreholes,demand_electricity,demand_space_heating,demand_space_cooling,demand_hot_water
0,609816.4959407842,7474.459602848214,8.0,82.0,273.13,848.75,2000.0,2000.0,2000.0,51.62483220055287,0.0,0.0,0.0,0.0,0.0,0.0,250.00000000000006,0.0,0.0,76.13738254038701,7.4722800000000005,57.365616666666654,0.0,6.705469999999999
1,35643.37546118107,8702.271994479903,10.0,72.0,0.0,0.0,0.0,57.28444999999998,0.0,32.86182800581394,0.0,3.0,0.0,6.786470000000003,0.0,0.0,1.4000892039674524,0.0,0.0,76.13738254038701,7.4722800000000005,57.365616666666654,0.0,6.705469999999999
2,32245.24763327485,9930.084386111805,15.0,60.0,0.0,0.0,0.0,47.326613366521656,0.0,25.840063230506065,0.0,16.0,0.0,16.74430663347833,0.0,0.0,0.0,0.0,0.0,76.13738254038701,7.4722800000000005,57.365616666666654,0.0,6.705469999999999
3,27767.01443939624,11157.896777743292,31.0,0.0,0.0,0.0,0.0,0.0,0.0,31.074032233212687,0.0,58.0,0.0,64.07091999999997,0.0,0.0,0.8407595926430389,0.0,0.0,76.13738254038701,7.4722800000000005,57.365616666666654,0.0,6.705469999999999
4,25244.521924175533,12385.709169375003,32.0,0.0,0.0,0.0,0.0,0.0,0.0,0.0,0.0,58.0,0.0,64.07091999999997,0.0,0.0,0.0,0.0,0.0,76.13738254038701,7.4722800000000005,57.365616666666654,0.0,6.705469999999999
