,cost,emission,grid,wood_supply,DHDC_small_heat,DHDC_medium_heat,DHDC_large_heat,wood_boiler_heat,wood_boiler_DHW,PV,SCFP,DHW_to_heat,ASHP,ASHP_DHW,GSHP_heat,GSHP_cooling,battery,DHW_storage,heat_storage,geothermal_boreholes,demand_electricity,demand_space_heating,demand_space_cooling,demand_hot_water
0,278875.57328460173,3703.4750499904762,5.0,48.0,,,,2000.0,2000.0,20.545228906057677,0.0,0.0,9.0,0.0,,,250.00000000000006,0.0,0.0,,3.0811666666666664,35.24049999999999,8.5706,2.705833333333333
1,194384.69335609305,3704.073895897619,6.0,49.0,,,,32.91980333333332,5.0,20.545228906057677,0.0,3.0,8.5706,0.0,,,4.953166666666666,0.0,0.0,,3.0811666666666664,35.24049999999999,8.5706,2.705833333333333
2,194384.69335609305,3704.073895897619,6.0,49.0,,,,32.91980333333332,5.0,20.545228906057677,0.0,3.0,8.5706,0.0,,,4.953166666666666,0.0,0.0,,3.0811666666666664,35.24049999999999,8.5706,2.705833333333333
3,194384.69335609305,3704.073895897619,6.0,49.0,,,,32.91980333333332,5.0,20.545228906057677,0.0,3.0,8.5706,0.0,,,4.953166666666666,0.0,0.0,,3.0811666666666664,35.24049999999999,8.5706,2.705833333333333
4,194292.78395785068,3971.748310883333,6.0,55.0,,,,0.0,37.91980333333332,20.545228906057677,0.0,36.0,8.5706,0.0,,,4.953166666666666,0.0,0.0,,3.0811666666666664,35.24049999999999,8.5706,2.705833333333333
