,cost,emission,grid,wood_supply,DHDC_small_heat,DHDC_medium_heat,DHDC_large_heat,wood_boiler_heat,wood_boiler_DHW,PV,SCFP,DHW_to_heat,ASHP,ASHP_DHW,GSHP_heat,GSHP_cooling,battery,DHW_storage,heat_storage,geothermal_boreholes,demand_electricity,demand_space_heating,demand_space_cooling,demand_hot_water
0,99211.47672903375,1425.54985431756,3.0,12.0,,,,2000.0,2000.0,14.243654739172843,0.0,0.0,5.0,0.0,,,250.00000000000006,0.0,0.0,,1.9931066666666668,7.401833333333333,4.974666666666667,1.906
1,8505.318239694374,1642.683411675679,4.0,7.0,,,,5.159833333333333,0.0,13.62613627982834,0.0,1.0,4.974666666666667,1.906,,,1.4400526531118434,0.0,0.0,,1.9931066666666668,7.401833333333333,4.974666666666667,1.906
2,6176.798082390029,1859.816969033781,5.0,0.0,,,,0.0,0.0,11.741337356699399,0.0,3.0,4.974666666666667,4.318273333333333,,,1.0023216085318458,0.0,0.0,,1.9931066666666668,7.401833333333333,4.974666666666667,1.906
3,5445.202872491608,2076.9505263918913,5.0,0.0,,,,0.0,0.0,5.371449777950511,0.0,3.0,4.974666666666667,4.318273333333333,,,0.0,0.0,0.0,,1.9931066666666668,7.401833333333333,4.974666666666667,1.906
4,5038.063423188998,2294.0840837499995,6.0,0.0,,,,0.0,0.0,0.0,0.0,3.0,4.974666666666667,4.318273333333333,,,0.0,0.0,0.0,,1.9931066666666668,7.401833333333333,4.974666666666667,1.906
