,cost,emission,grid,wood_supply,DHDC_small_heat,DHDC_medium_heat,DHDC_large_heat,wood_boiler_heat,wood_boiler_DHW,PV,SCFP,DHW_to_heat,ASHP,ASHP_DHW,GSHP_heat,GSHP_cooling,battery,DHW_storage,heat_storage,geothermal_boreholes,demand_electricity,demand_space_heating,demand_space_cooling,demand_hot_water
0,601713.9816269287,8393.04029201726,37.0,129.0,273.13,848.75,2000.0,2000.0,2000.0,37.08510228277664,0.0,0.0,63.0,0.0,,,250.00000000000006,0.0,0.0,,19.23188,99.2850666666666,62.16171333333333,4.985813333333333
1,30955.177534280992,9076.022612242079,43.0,45.0,0.0,0.0,0.0,35.5209921727706,0.0,32.72214907303821,0.0,3.0,62.16171333333333,4.985813333333333,,,2.3808823529411747,0.0,0.0,,19.23188,99.2850666666666,62.16171333333333,4.985813333333333
2,28476.825850580237,9759.00493246677,43.0,45.0,0.0,0.0,0.0,35.32653999999993,0.0,11.614750199899357,0.0,3.0,62.16171333333333,4.985813333333333,,,0.0,0.0,0.0,,19.23188,99.2850666666666,62.16171333333333,4.985813333333333
3,25430.71198564646,10441.987252691612,58.0,0.0,0.0,0.0,0.0,0.0,0.0,19.104084509066382,0.0,38.0,62.16171333333333,40.31235333333326,,,0.2248501831375839,0.0,0.0,,19.23188,99.2850666666666,62.16171333333333,4.985813333333333
4,23701.37771552065,11124.96957291667,58.0,0.0,0.0,0.0,0.0,0.0,0.0,0.0,0.0,3.0,97.16139999999993,5.312666666666666,,,0.0,0.0,0.0,,19.23188,99.2850666666666,62.16171333333333,4.985813333333333
