,cost,emission,grid,wood_supply,DHDC_small_heat,DHDC_medium_heat,DHDC_large_heat,wood_boiler_heat,wood_boiler_DHW,PV,SCFP,DHW_to_heat,ASHP,ASHP_DHW,GSHP_heat,GSHP_cooling,battery,DHW_storage,heat_storage,geothermal_boreholes,demand_electricity,demand_space_heating,demand_space_cooling,demand_hot_water
0,907807.460334363,6454.292614359376,8.0,72.0,273.13,848.75,2000.0,2000.0,2000.0,44.58141433199381,0.0,0.0,0.0,0.0,28.0,24.0,250.00000000000006,0.0,0.0,71.20699003239568,5.923739999999998,51.25772000000001,23.16656,5.084333333333333
1,330557.8886725425,6494.3738501624985,9.0,72.0,0.0,0.0,0.0,51.241023333333345,5.084333333333333,44.58141433199381,0.0,1.0,0.0,0.0,0.0,23.166559999999997,9.938333333333333,0.0,0.0,71.20699003239568,5.923739999999998,51.25772000000001,23.16656,5.084333333333333
2,330557.8886725425,6494.3738501624985,9.0,72.0,0.0,0.0,0.0,51.241023333333345,5.084333333333333,44.58141433199381,0.0,1.0,0.0,0.0,0.0,23.166559999999997,9.938333333333333,0.0,0.0,71.20699003239568,5.923739999999998,51.25772000000001,23.16656,5.084333333333333
3,327614.01426424447,8203.86765736419,9.0,10.0,50.0,0.0,0.0,7.282245832642085,0.0,44.58141433199381,0.0,44.0,0.0,0.0,0.0,23.166559999999997,10.020833333333337,0.0,0.0,71.20699003239568,5.923739999999998,51.25772000000001,23.16656,5.084333333333333
4,324097.74836271437,8787.05933836583,8.0,0.0,56.32485666666668,0.0,0.0,0.0,0.0,44.58141433199381,0.0,52.0,0.0,0.0004999999999976504,0.0,23.166559999999997,9.938333333333333,0.0,0.0,71.20699003239568,5.923739999999998,51.25772000000001,23.16656,5.084333333333333
