,cost,emission,grid,wood_supply,DHDC_small_heat,DHDC_medium_heat,DHDC_large_heat,wood_boiler_heat,wood_boiler_DHW,PV,SCFP,DHW_to_heat,ASHP,ASHP_DHW,GSHP_heat,GSHP_cooling,battery,DHW_storage,heat_storage,geothermal_boreholes,demand_electricity,demand_space_heating,demand_space_cooling,demand_hot_water
0,1507700.9791649978,11294.395367998808,22.0,111.0,273.13,848.75,2000.0,2000.0,2000.0,86.45146690232907,0.0,0.0,35.0,0.0,,,250.00000000000006,0.0,0.0,,13.673769999999998,75.99466666666655,34.856599999999986,11.09044
1,948462.6741702008,11294.67868241845,22.0,111.0,0.0,0.0,0.0,75.99449999999987,11.090439999999997,86.45146690232907,0.0,1.0,34.856599999999986,0.0,,,19.3695,0.0,0.0,,13.673769999999998,75.99466666666655,34.856599999999986,11.09044
2,946732.3487407287,12440.519719661488,22.0,47.0,50.0,0.0,0.0,37.172899661218956,0.0,86.45146690232907,0.0,39.0,34.856599999999986,0.0,,,19.3695,0.0,0.0,,13.673769999999998,75.99466666666655,34.856599999999986,11.09044
3,943990.1908570698,13013.581895492835,22.0,47.0,50.0,0.0,0.0,37.084939999999875,0.0,86.45146690232907,0.0,42.0,34.856599999999986,0.0,,,19.3695,0.0,0.0,,13.673769999999998,75.99466666666655,34.856599999999986,11.09044
4,941249.9319896158,13586.644071324165,22.0,47.0,50.0,0.0,0.0,37.084939999999875,0.0,86.45146690232907,0.0,43.0,34.856599999999986,0.0,,,19.3695,0.0,0.0,,13.673769999999998,75.99466666666655,34.856599999999986,11.09044
