,cost,emission,grid,wood_supply,DHDC_small_heat,DHDC_medium_heat,DHDC_large_heat,wood_boiler_heat,wood_boiler_DHW,PV,SCFP,DHW_to_heat,ASHP,ASHP_DHW,GSHP_heat,GSHP_cooling,battery,DHW_storage,heat_storage,geothermal_boreholes,demand_electricity,demand_space_heating,demand_space_cooling,demand_hot_water
0,413158.7028229389,4551.644475987381,7.0,46.0,,,,2000.0,2000.0,37.001173029930854,0.0,0.0,0.0,0.0,17.0,17.0,250.00000000000006,0.0,0.0,65.9008211209516,5.481439999999999,32.232949999999995,16.32505333333333,3.8484999999999996
1,313747.2452426348,4584.957643982142,7.0,46.0,,,,31.081449999999997,5.0,37.001173029930854,0.0,2.0,0.0,0.0,0.0,16.32505333333333,9.085833333333333,0.0,0.0,65.9008211209516,5.481439999999999,32.232949999999995,16.32505333333333,3.8484999999999996
2,313747.24524263473,4584.957643982142,7.0,46.0,,,,31.081449999999997,5.0,37.001173029930854,0.0,2.0,0.0,0.0,0.0,16.32505333333333,9.085833333333333,0.0,0.0,65.9008211209516,5.481439999999999,32.232949999999995,16.32505333333333,3.8484999999999996
3,313747.2452426348,4584.957643982142,7.0,46.0,,,,31.081449999999997,5.0,37.001173029930854,0.0,2.0,0.0,0.0,0.0,16.32505333333333,9.085833333333333,0.0,0.0,65.9008211209516,5.481439999999999,32.232949999999995,16.32505333333333,3.8484999999999996
4,313431.14429471386,4812.967400178572,7.0,52.0,,,,0.0,36.08145,37.001173029930854,0.0,33.0,0.0,0.0,0.0,16.32505333333333,9.085833333333333,0.0,0.0,65.9008211209516,5.481439999999999,32.232949999999995,16.32505333333333,3.8484999999999996
