,cost,emission,grid,wood_supply,DHDC_small_heat,DHDC_medium_heat,DHDC_large_heat,wood_boiler_heat,wood_boiler_DHW,PV,SCFP,DHW_to_heat,ASHP,ASHP_DHW,GSHP_heat,GSHP_cooling,battery,DHW_storage,heat_storage,geothermal_boreholes,demand_electricity,demand_space_heating,demand_space_cooling,demand_hot_water
0,628543.913353427,10623.536630302151,12.0,118.0,273.13,848.75,2000.0,2000.0,2000.0,95.4059738849074,0.0,0.0,0.0,11.0,0.0,0.0,250.00000000000006,0.0,0.0,106.78418171943518,11.424833333333334,82.09256,0.0,10.172469999999999
1,52587.9999203219,12481.236322205774,15.0,102.0,0.0,0.0,0.0,80.80420666666666,0.0,62.810341957635984,0.0,5.0,0.0,11.460823333333332,0.0,0.0,5.568882362261176,0.0,0.0,106.78418171943518,11.424833333333334,82.09256,0.0,10.172469999999999
2,46750.62319821729,14338.936014109408,21.0,89.0,0.0,0.0,0.0,70.7792366517342,0.0,39.11659779120378,0.0,15.0,0.0,21.485793348265805,0.0,0.0,0.0,0.0,0.0,106.78418171943518,11.424833333333334,82.09256,0.0,10.172469999999999
3,40809.690566118195,16196.635706013078,45.0,0.0,0.0,0.0,0.0,0.0,0.0,48.21240313716711,0.0,83.0,0.0,92.26503,0.0,0.0,1.171773751930257,0.0,0.0,106.78418171943518,11.424833333333334,82.09256,0.0,10.172469999999999
4,36772.49320441494,18054.33539791666,46.0,0.0,0.0,0.0,0.0,0.0,0.0,0.0,0.0,83.0,0.0,92.26503,0.0,0.0,0.0,0.0,0.0,106.78418171943518,11.424833333333334,82.09256,0.0,10.172469999999999
