,cost,emission,grid,wood_supply,DHDC_small_heat,DHDC_medium_heat,DHDC_large_heat,wood_boiler_heat,wood_boiler_DHW,PV,SCFP,DHW_to_heat,ASHP,ASHP_DHW,GSHP_heat,GSHP_cooling,battery,DHW_storage,heat_storage,geothermal_boreholes,demand_electricity,demand_space_heating,demand_space_cooling,demand_hot_water
0,1289248.6007418577,12889.95930765093,14.0,144.0,273.13,848.75,2000.0,2000.0,2000.0,110.08443931240977,0.0,0.0,0.0,12.0,0.0,0.0,250.00000000000006,0.0,0.0,117.05910751868686,13.229333333333331,101.38855000000002,0.0,11.621803333333332
1,741357.2295027724,12901.237728851487,14.0,144.0,0.0,0.0,0.0,101.3882166666667,11.621803333333332,110.08443931240977,0.0,1.0,0.0,8.301433333333353,0.0,0.0,20.433402777777776,0.0,0.0,117.05910751868686,13.229333333333331,101.38855000000002,0.0,11.621803333333332
2,737313.3094961703,14561.552085867057,14.0,79.0,50.0,0.0,0.0,63.010020000000026,0.0,110.08443931240977,0.0,41.0,0.0,9.860999999999999,0.0,0.0,20.530474038831194,0.0,0.0,117.05910751868686,13.229333333333331,101.38855000000002,0.0,11.621803333333332
3,733316.0224178276,15397.348474975046,14.0,79.0,50.0,0.0,0.0,63.010020000000026,0.0,110.08443931240977,0.0,43.0,0.0,9.860999999999999,0.0,0.0,20.530474038831198,0.0,0.0,117.05910751868686,13.229333333333331,101.38855000000002,0.0,11.621803333333332
4,730899.3844170534,16233.144864083135,14.0,67.0,59.41983333333333,0.0,0.0,53.59018666666669,0.0,110.08443931240977,0.0,52.0,0.0,4.440096566409366,0.0,0.0,19.385626430662768,0.0,0.0,117.05910751868686,13.229333333333331,101.38855000000002,0.0,11.621803333333332
