,cost,emission,grid,wood_supply,DHDC_small_heat,DHDC_medium_heat,DHDC_large_heat,wood_boiler_heat,wood_boiler_DHW,PV,SCFP,DHW_to_heat,ASHP,ASHP_DHW,GSHP_heat,GSHP_cooling,battery,DHW_storage,heat_storage,geothermal_boreholes,demand_electricity,demand_space_heating,demand_space_cooling,demand_hot_water
0,910476.6791714773,3892.5846964357142,11.0,24.0,273.13,848.75,2000.0,2000.0,2000.0,44.37405547707473,0.0,0.0,15.0,0.0,,,250.00000000000006,0.0,0.0,,6.038803333333333,13.726633333333334,14.424086666666666,4.701833333333333
1,349567.3860669108,3893.046956647024,11.0,24.0,0.0,0.0,0.0,13.424633333333334,5.0,44.37405547707473,0.0,1.0,14.424086666666666,0.0,,,11.842944444444445,0.0,0.0,,6.038803333333333,13.726633333333334,14.424086666666666,4.701833333333333
2,349567.38606691075,3893.046956647024,11.0,24.0,0.0,0.0,0.0,13.424633333333334,5.0,44.37405547707473,0.0,1.0,14.424086666666666,0.0,,,11.842944444444445,0.0,0.0,,6.038803333333333,13.726633333333334,14.424086666666666,4.701833333333333
3,349567.38606691087,3893.046956647024,11.0,24.0,0.0,0.0,0.0,13.424633333333334,5.0,44.37405547707473,0.0,1.0,14.424086666666666,0.0,,,11.842944444444445,0.0,0.0,,6.038803333333333,13.726633333333334,14.424086666666666,4.701833333333333
4,348220.6034052399,3938.705332718453,11.0,27.0,0.0,0.0,0.0,0.0,18.424633333333333,44.37405547707473,0.0,14.0,14.424086666666666,0.0,,,11.842944444444445,0.0,0.0,,6.038803333333333,13.726633333333334,14.424086666666666,4.701833333333333
