,cost,emission,grid,wood_supply,DHDC_small_heat,DHDC_medium_heat,DHDC_large_heat,wood_boiler_heat,wood_boiler_DHW,PV,SCFP,DHW_to_heat,ASHP,ASHP_DHW,GSHP_heat,GSHP_cooling,battery,DHW_storage,heat_storage,geothermal_boreholes,demand_electricity,demand_space_heating,demand_space_cooling,demand_hot_water
0,111900.47753195735,3726.187974689285,4.0,42.0,,,,2000.0,2000.0,26.81784286226864,0.0,0.0,0.0,0.0,0.0,0.0,250.00000000000006,0.0,0.0,58.772490003588054,3.380166666666667,29.78931999999997,0.0,3.1908333333333334
1,19593.176772110528,4394.395957058631,5.0,38.0,,,,29.77181999999997,0.0,14.51973066944048,0.0,2.0,0.0,3.190833333333333,0.0,0.0,0.4238026473738448,0.0,0.0,58.772490003588054,3.380166666666667,29.78931999999997,0.0,3.1908333333333334
2,17765.919276800763,5062.603939427985,7.0,32.0,,,,25.047074588656532,0.0,11.276812889149719,0.0,8.0,0.0,7.915578744676769,0.0,0.0,0.0,0.0,0.0,58.772490003588054,3.380166666666667,29.78931999999997,0.0,3.1908333333333334
3,14794.8851398543,5730.811921797314,16.0,0.0,,,,0.0,0.0,18.211669473428685,0.0,30.0,0.0,32.9626533333333,0.0,0.0,1.5935453280722929,0.0,0.0,58.772490003588054,3.380166666666667,29.78931999999997,0.0,3.1908333333333334
4,13039.283871934806,6399.019904166665,16.0,0.0,,,,0.0,0.0,0.0,0.0,30.0,0.0,32.9626533333333,0.0,0.0,0.0,0.0,0.0,58.772490003588054,3.380166666666667,29.78931999999997,0.0,3.1908333333333334
