,cost,emission,grid,wood_supply,DHDC_small_heat,DHDC_medium_heat,DHDC_large_heat,wood_boiler_heat,wood_boiler_DHW,PV,SCFP,DHW_to_heat,ASHP,ASHP_DHW,GSHP_heat,GSHP_cooling,battery,DHW_storage,heat_storage,geothermal_boreholes,demand_electricity,demand_space_heating,demand_space_cooling,demand_hot_water
0,1102270.664066062,7588.7774468541675,13.0,91.0,273.13,848.75,2000.0,2000.0,2000.0,51.68443139230115,0.0,0.0,27.0,0.0,,,250.00000000000006,0.0,0.0,,8.216166666666668,64.93573333333333,26.05212666666667,6.7596066666666665
1,541757.3905657625,7588.777459175596,13.0,91.0,0.0,0.0,0.0,64.93523333333333,6.7596066666666665,51.68443139230115,0.0,1.0,26.05212666666667,0.0,,,12.315333333333335,0.0,0.0,,8.216166666666668,64.93573333333333,26.05212666666667,6.7596066666666665
2,541757.3905657625,7588.777459175597,13.0,91.0,0.0,0.0,0.0,64.93523333333333,6.7596066666666665,51.68443139230115,0.0,1.0,26.05212666666667,0.0,,,12.315333333333335,0.0,0.0,,8.216166666666668,64.93573333333333,26.05212666666667,6.7596066666666665
3,539424.1828545136,9082.35770825912,13.0,28.0,50.0,0.0,0.0,21.69484,0.0,51.68443139230115,0.0,45.0,26.05212666666667,0.0,,,12.315333333333335,0.0,0.0,,8.216166666666668,64.93573333333333,26.05212666666667,6.7596066666666665
4,537043.1128725634,9580.217795394165,13.0,28.0,50.0,0.0,0.0,21.69484,0.0,51.68443139230115,0.0,46.0,26.05212666666667,0.0,,,12.315333333333335,0.0,0.0,,8.216166666666668,64.93573333333333,26.05212666666667,6.7596066666666665
