,cost,emission,grid,wood_supply,DHDC_small_heat,DHDC_medium_heat,DHDC_large_heat,wood_boiler_heat,wood_boiler_DHW,PV,SCFP,DHW_to_heat,ASHP,ASHP_DHW,GSHP_heat,GSHP_cooling,battery,DHW_storage,heat_storage,geothermal_boreholes,demand_electricity,demand_space_heating,demand_space_cooling,demand_hot_water
0,605057.328006701,7690.350112638691,15.0,60.0,273.13,848.75,2000.0,2000.0,2000.0,30.613618091137596,0.0,0.0,25.0,0.0,,,250.00000000000006,0.0,0.0,,11.392333333333333,44.3127,24.18950000000001,3.3306066666666663
1,32424.21092675665,8562.390996458196,20.0,25.0,0.0,0.0,0.0,19.674759999999985,0.0,30.613618091137603,0.0,1.0,24.18950000000001,3.3306066666666663,,,0.0,0.0,0.0,,11.392333333333333,44.3127,24.18950000000001,3.3306066666666663
2,30088.387130811527,9434.431880277707,21.0,25.0,0.0,0.0,0.0,19.674759999999985,0.0,30.613618091137596,0.0,3.0,24.18950000000001,3.3306066666666663,,,0.0,0.0,0.0,,11.392333333333333,44.3127,24.18950000000001,3.3306066666666663
3,26325.303008480667,10306.472764097158,29.0,0.0,0.0,0.0,0.0,0.0,0.0,22.09938816191707,0.0,21.0,24.18950000000001,23.005366666666653,,,0.0,0.0,0.0,,11.392333333333333,44.3127,24.18950000000001,3.3306066666666663
4,24588.655789319,11178.513647916667,29.0,0.0,0.0,0.0,0.0,0.0,0.0,0.0,0.0,22.0,24.18950000000001,23.005366666666653,,,0.0,0.0,0.0,,11.392333333333333,44.3127,24.18950000000001,3.3306066666666663
