,cost,emission,grid,wood_supply,DHDC_small_heat,DHDC_medium_heat,DHDC_large_heat,wood_boiler_heat,wood_boiler_DHW,PV,SCFP,DHW_to_heat,ASHP,ASHP_DHW,GSHP_heat,GSHP_cooling,battery,DHW_storage,heat_storage,geothermal_boreholes,demand_electricity,demand_space_heating,demand_space_cooling,demand_hot_water
0,684046.8762590595,1271.4666579809523,3.0,10.0,273.13,848.75,2000.0,2000.0,2000.0,13.117433887328588,0.0,0.0,5.0,0.0,,,250.00000000000006,0.0,0.0,,1.8515,5.506360000000001,4.234733333333332,1.5423333333333336
1,117048.3756066091,1271.608567707143,4.0,10.0,0.0,0.0,0.0,5.0,5.0,13.117433887328588,0.0,1.0,4.234733333333332,0.0,,,3.0057777777777788,0.0,0.0,,1.8515,5.506360000000001,4.234733333333332,1.5423333333333336
2,117048.37560660912,1271.6085677071428,4.0,10.0,0.0,0.0,0.0,5.0,5.0,13.117433887328588,0.0,1.0,4.234733333333332,0.0,,,3.0057777777777788,0.0,0.0,,1.8515,5.506360000000001,4.234733333333332,1.5423333333333336
3,117048.37560660913,1271.6085677071428,4.0,10.0,0.0,0.0,0.0,5.0,5.0,13.117433887328588,0.0,1.0,4.234733333333332,0.0,,,3.0057777777777783,0.0,0.0,,1.8515,5.506360000000001,4.234733333333332,1.5423333333333336
4,115519.57769923088,1293.5526999714284,4.0,11.0,0.0,0.0,0.0,0.0,7.040026666666667,13.117433887328588,0.0,6.0,4.234733333333332,0.0,,,3.0057777777777783,0.0,0.0,,1.8515,5.506360000000001,4.234733333333332,1.5423333333333336
