,cost,emission,grid,wood_supply,DHDC_small_heat,DHDC_medium_heat,DHDC_large_heat,wood_boiler_heat,wood_boiler_DHW,PV,SCFP,DHW_to_heat,ASHP,ASHP_DHW,GSHP_heat,GSHP_cooling,battery,DHW_storage,heat_storage,geothermal_boreholes,demand_electricity,demand_space_heating,demand_space_cooling,demand_hot_water
0,100478.82577326208,1574.2638996202381,4.0,12.0,,,,2000.0,2000.0,22.81874520445191,0.0,0.0,6.0,0.0,,,250.00000000000006,0.0,0.0,,2.515046666666666,6.991733333333332,5.842659999999998,2.1031666666666666
1,9673.600117262009,1856.614971590181,6.0,7.0,,,,5.218,0.0,19.995486345277588,0.0,1.0,5.842659999999998,2.1031666666666666,,,3.0668927234933365,0.0,0.0,,2.515046666666666,6.991733333333332,5.842659999999998,2.1031666666666666
2,6941.624264195114,2138.9660435601204,6.0,0.0,,,,0.0,0.0,15.317710079120838,0.0,2.0,5.842659999999998,3.24518,,,1.83463496781761,0.0,0.0,,2.515046666666666,6.991733333333332,5.842659999999998,2.1031666666666666
3,5913.259190253102,2421.3171155300615,6.0,0.0,,,,0.0,0.0,6.907685779062332,0.0,2.0,5.842659999999998,3.24518,,,0.0,0.0,0.0,,2.515046666666666,6.991733333333332,5.842659999999998,2.1031666666666666
4,5398.691524783553,2703.6681874999995,6.0,0.0,,,,0.0,0.0,0.0,0.0,2.0,6.610066666666665,2.4777733333333334,,,0.0,0.0,0.0,,2.515046666666666,6.991733333333332,5.842659999999998,2.1031666666666666
