,cost,emission,grid,wood_supply,DHDC_small_heat,DHDC_medium_heat,DHDC_large_heat,wood_boiler_heat,wood_boiler_DHW,PV,SCFP,DHW_to_heat,ASHP,ASHP_DHW,GSHP_heat,GSHP_cooling,battery,DHW_storage,heat_storage,geothermal_boreholes,demand_electricity,demand_space_heating,demand_space_cooling,demand_hot_water
0,604505.6272190262,6445.944865150001,7.0,63.0,273.13,848.75,2000.0,2000.0,2000.0,56.92250911750368,0.0,0.0,0.0,0.0,0.0,0.0,250.00000000000006,0.0,0.0,79.84575638225259,6.753999999999999,43.2288,0.0,5.7558333333333325
1,30959.005400086156,7468.7975582375,9.0,54.0,0.0,0.0,0.0,43.05296666666667,0.0,40.98023353766832,0.0,2.0,0.0,5.927833333333325,0.0,0.0,2.312780976222866,0.0,0.0,79.84575638225259,6.753999999999999,43.2288,0.0,5.7558333333333325
2,27739.290413190887,8491.650251325284,12.0,47.0,0.0,0.0,0.0,37.14826875282732,0.0,26.507810709440538,0.0,8.0,0.0,11.832531247172678,0.0,0.0,0.0,0.0,0.0,79.84575638225259,6.753999999999999,43.2288,0.0,5.7558333333333325
3,23641.853124349407,9514.5029444125,26.0,0.0,0.0,0.0,0.0,0.0,0.0,27.239395679364755,0.0,44.0,0.0,48.980799999999995,0.0,0.0,0.0,0.0,0.0,79.84575638225259,6.753999999999999,43.2288,0.0,5.7558333333333325
4,21350.888080120516,10537.355637500003,27.0,0.0,0.0,0.0,0.0,0.0,0.0,0.0,0.0,44.0,0.0,48.980799999999995,0.0,0.0,0.0,0.0,0.0,79.84575638225259,6.753999999999999,43.2288,0.0,5.7558333333333325
