,cost,emission,grid,wood_supply,DHDC_small_heat,DHDC_medium_heat,DHDC_large_heat,wood_boiler_heat,wood_boiler_DHW,PV,SCFP,DHW_to_heat,ASHP,ASHP_DHW,GSHP_heat,GSHP_cooling,battery,DHW_storage,heat_storage,geothermal_boreholes,demand_electricity,demand_space_heating,demand_space_cooling,demand_hot_water
0,104077.25680299777,1893.5289546508752,2.0,22.0,,,,2000.0,2000.0,22.368486283656594,0.0,9.0,4.0,10.0,0.0,0.0,250.00000000000006,0.0,0.0,55.65794039855962,1.7743333333333335,15.947340000000002,0.0,1.4720000000000002
1,12133.474745431777,2309.822875623576,3.0,20.0,,,,15.642893333333333,0.0,9.895543075564845,0.0,1.0,0.0,1.743613333333335,0.0,0.0,1.015479425217036,0.0,0.0,55.65794039855962,1.7743333333333335,15.947340000000002,0.0,1.4720000000000002
2,10838.152809071005,2726.116796596266,4.0,18.0,,,,13.887973065466891,0.0,5.405362269879897,0.0,3.0,0.0,3.4985336011997767,0.0,0.0,0.0,0.0,0.0,55.65794039855962,1.7743333333333335,15.947340000000002,0.0,1.4720000000000002
3,8513.246480678552,3142.4107175689674,9.0,0.0,,,,0.0,0.0,11.88758920726492,0.0,16.0,0.0,17.38650666666667,0.0,0.0,1.5342327348933678,0.0,0.0,55.65794039855962,1.7743333333333335,15.947340000000002,0.0,1.4720000000000002
4,7229.978246432189,3558.704638541668,9.0,0.0,,,,0.0,0.0,0.0,0.0,16.0,0.0,17.38650666666667,0.0,0.0,0.0,0.0,0.0,55.65794039855962,1.7743333333333335,15.947340000000002,0.0,1.4720000000000002
