,cost,emission,grid,wood_supply,DHDC_small_heat,DHDC_medium_heat,DHDC_large_heat,wood_boiler_heat,wood_boiler_DHW,PV,SCFP,DHW_to_heat,ASHP,ASHP_DHW,GSHP_heat,GSHP_cooling,battery,DHW_storage,heat_storage,geothermal_boreholes,demand_electricity,demand_space_heating,demand_space_cooling,demand_hot_water
0,681050.2867644696,2340.798937102679,3.0,26.0,273.13,848.75,2000.0,2000.0,2000.0,15.65309177001062,0.0,0.0,0.0,0.0,11.0,8.0,250.00000000000006,0.0,0.0,50.95716423900743,2.011833333333333,18.51046,7.537499999999999,1.9773333333333334
1,112267.95020962281,2355.736832777232,3.0,27.0,0.0,0.0,0.0,15.45943,5.0,15.65309177001062,0.0,4.0,0.0,0.0,0.0,7.537499999999999,3.5869999999999997,0.0,0.0,50.95716423900743,2.011833333333333,18.51046,7.537499999999999,1.9773333333333334
2,112267.95020962282,2355.736832777232,4.0,27.0,0.0,0.0,0.0,15.45943,5.0,15.65309177001062,0.0,4.0,0.0,0.0,0.0,7.537499999999999,3.5869999999999997,0.0,0.0,50.95716423900743,2.011833333333333,18.51046,7.537499999999999,1.9773333333333334
3,112267.95020962282,2355.736832777232,4.0,27.0,0.0,0.0,0.0,15.45943,5.0,15.65309177001062,0.0,4.0,0.0,0.0,0.0,7.537499999999999,3.5869999999999997,0.0,0.0,50.95716423900743,2.011833333333333,18.51046,7.537499999999999,1.9773333333333334
4,111600.38702673756,2521.564808941518,3.0,30.0,0.0,0.0,0.0,0.0,20.459429999999998,15.65309177001062,0.0,19.0,0.0,0.0,0.0,7.537499999999999,3.5869999999999997,0.0,0.0,50.95716423900743,2.011833333333333,18.51046,7.537499999999999,1.9773333333333334
