,cost,emission,grid,wood_supply,DHDC_small_heat,DHDC_medium_heat,DHDC_large_heat,wood_boiler_heat,wood_boiler_DHW,PV,SCFP,DHW_to_heat,ASHP,ASHP_DHW,GSHP_heat,GSHP_cooling,battery,DHW_storage,heat_storage,geothermal_boreholes,demand_electricity,demand_space_heating,demand_space_cooling,demand_hot_water
0,367474.3442297286,4679.4335907458335,7.0,58.0,,,,2000.0,2000.0,33.798151358987084,0.0,0.0,14.0,0.0,,,250.00000000000006,0.0,0.0,,4.808,41.10296333333333,13.70919999999999,4.043666666666667
1,286093.476713512,4679.524976399405,8.0,58.0,,,,40.133266666666664,5.0,33.798151358987084,0.0,1.0,13.70919999999999,0.0,,,8.367833333333332,0.0,0.0,,4.808,41.10296333333333,13.70919999999999,4.043666666666667
2,286093.476713512,4679.524976399405,8.0,58.0,,,,40.133266666666664,5.0,33.798151358987084,0.0,1.0,13.70919999999999,0.0,,,8.367833333333332,0.0,0.0,,4.808,41.10296333333333,13.70919999999999,4.043666666666667
3,286093.476713512,4679.524976399405,8.0,58.0,,,,40.133266666666664,5.0,33.798151358987084,0.0,1.0,13.70919999999999,0.0,,,8.367833333333332,0.0,0.0,,4.808,41.10296333333333,13.70919999999999,4.043666666666667
4,285999.11499341246,4946.765519056547,8.0,65.0,,,,0.0,45.133266666666664,33.798151358987084,0.0,42.0,13.70919999999999,0.0,,,8.367833333333332,0.0,0.0,,4.808,41.10296333333333,13.70919999999999,4.043666666666667
