,cost,emission,grid,wood_supply,DHDC_small_heat,DHDC_medium_heat,DHDC_large_heat,wood_boiler_heat,wood_boiler_DHW,PV,SCFP,DHW_to_heat,ASHP,ASHP_DHW,GSHP_heat,GSHP_cooling,battery,DHW_storage,heat_storage,geothermal_boreholes,demand_electricity,demand_space_heating,demand_space_cooling,demand_hot_water
0,624923.6958954541,10978.377286812796,19.0,126.0,273.13,848.75,2000.0,2000.0,2000.0,74.78487815052394,0.0,0.0,34.0,0.0,,,250.00000000000006,0.0,0.0,,12.447470000000001,89.85435333333332,33.505500000000005,9.36685
1,49622.39510777622,12590.700815213775,22.0,83.0,0.0,0.0,0.0,65.88605496404118,0.0,56.45244102147964,0.0,1.0,33.505500000000005,9.36685,,,4.094330494762443,0.0,0.0,,12.447470000000001,89.85435333333332,33.505500000000005,9.36685
2,44554.01480678512,14203.024343615005,26.0,71.0,0.0,0.0,0.0,56.34835333349998,0.0,38.222637783735564,0.0,8.0,33.505500000000005,9.366849999833333,,,0.0,2.0,1.0,,12.447470000000001,89.85435333333332,33.505500000000005,9.36685
3,39035.381503319724,15815.3478720157,48.0,0.0,0.0,0.0,0.0,0.0,0.0,41.35926753999487,0.0,42.0,51.08553666666664,48.13516666666667,,,0.0,0.0,0.0,,12.447470000000001,89.85435333333332,33.505500000000005,9.36685
4,35728.22892911513,17427.671400416668,49.0,0.0,0.0,0.0,0.0,0.0,0.0,0.0,0.0,10.0,87.43636999999998,11.784333333333333,,,0.0,0.0,0.0,,12.447470000000001,89.85435333333332,33.505500000000005,9.36685
