,cost,emission,grid,wood_supply,DHDC_small_heat,DHDC_medium_heat,DHDC_large_heat,wood_boiler_heat,wood_boiler_DHW,PV,SCFP,DHW_to_heat,ASHP,ASHP_DHW,GSHP_heat,GSHP_cooling,battery,DHW_storage,heat_storage,geothermal_boreholes,demand_electricity,demand_space_heating,demand_space_cooling,demand_hot_water
0,591273.6456742642,3589.239185692856,6.0,39.0,273.13,848.75,2000.0,2000.0,2000.0,19.750912427163218,0.0,0.0,12.0,0.0,,,250.00000000000006,0.0,0.0,,3.164666666666667,27.531999999999993,11.803166666666668,2.8688333333333333
1,19146.380242773837,4177.672283436303,7.0,27.0,0.0,0.0,0.0,20.836994486473795,0.0,12.153632853302614,0.0,0.0,11.803166666666668,2.8688333333333333,,,0.09982093184979075,0.0,0.0,,3.164666666666667,27.531999999999993,11.803166666666668,2.8688333333333333
2,17461.970960404145,4766.105381179759,9.0,20.0,0.0,0.0,0.0,15.717803333333324,0.0,10.476999911313303,0.0,3.0,11.803166666666668,2.8688333333333333,,,0.0,0.0,0.0,,3.164666666666667,27.531999999999993,11.803166666666668,2.8688333333333333
3,14555.444790902748,5354.53847892321,15.0,0.0,0.0,0.0,0.0,0.0,0.0,15.752774945324347,0.0,17.0,11.803166666666668,18.586636666666656,,,1.1748158321601718,0.0,0.0,,3.164666666666667,27.531999999999993,11.803166666666668,2.8688333333333333
4,13103.978047106939,5942.971576666668,15.0,0.0,0.0,0.0,0.0,0.0,0.0,0.0,0.0,17.0,11.803166666666668,18.586636666666656,,,0.0,0.0,0.0,,3.164666666666667,27.531999999999993,11.803166666666668,2.8688333333333333
