,cost,emission,grid,wood_supply,DHDC_small_heat,DHDC_medium_heat,DHDC_large_heat,wood_boiler_heat,wood_boiler_DHW,PV,SCFP,DHW_to_heat,ASHP,ASHP_DHW,GSHP_heat,GSHP_cooling,battery,DHW_storage,heat_storage,geothermal_boreholes,demand_electricity,demand_space_heating,demand_space_cooling,demand_hot_water
0,664501.5130966346,2639.217599349691,3.0,31.0,273.13,848.75,2000.0,2000.0,2000.0,23.665361042221214,0.0,0.0,0.0,3.0,0.0,0.0,250.00000000000006,0.0,0.0,56.56575272955486,2.3766666666666665,21.321740000000002,0.0,2.4778333333333333
1,114879.68961689527,2643.4265513843297,3.0,31.0,0.0,0.0,0.0,18.778710000000004,5.0,23.665361042221214,0.0,3.0,0.0,2.184253382574747,0.0,0.0,5.176611111111109,0.0,0.0,56.56575272955486,2.3766666666666665,21.321740000000002,0.0,2.4778333333333333
2,114879.68961689527,2643.4265513843293,3.0,31.0,0.0,0.0,0.0,18.778710000000004,5.0,23.665361042221214,0.0,3.0,0.0,2.184253382574749,0.0,0.0,5.176611111111109,0.0,0.0,56.56575272955486,2.3766666666666665,21.321740000000002,0.0,2.4778333333333333
3,114879.68961689528,2643.4265513843293,3.0,31.0,0.0,0.0,0.0,18.778710000000004,5.0,23.665361042221214,0.0,3.0,0.0,2.1842533825747488,0.0,0.0,5.176611111111109,0.0,0.0,56.56575272955486,2.3766666666666665,21.321740000000002,0.0,2.4778333333333333
4,114356.55157569001,2834.806667999691,3.0,34.0,0.0,0.0,0.0,0.0,23.778710000000004,23.665361042221214,0.0,22.0,0.0,2.1842533825747465,0.0,0.0,5.176611111111109,0.0,0.0,56.56575272955486,2.3766666666666665,21.321740000000002,0.0,2.4778333333333333
