,cost,emission,grid,wood_supply,DHDC_small_heat,DHDC_medium_heat,DHDC_large_heat,wood_boiler_heat,wood_boiler_DHW,PV,SCFP,DHW_to_heat,ASHP,ASHP_DHW,GSHP_heat,GSHP_cooling,battery,DHW_storage,heat_storage,geothermal_boreholes,demand_electricity,demand_space_heating,demand_space_cooling,demand_hot_water
0,816667.2293704918,4074.259856733928,5.0,43.0,273.13,848.75,2000.0,2000.0,2000.0,21.3451107691694,0.0,0.0,13.0,0.0,,,250.00000000000006,0.0,0.0,,3.4394999999999993,30.301599999999997,12.5465,3.230166666666667
1,250463.40217664675,4341.988067733928,6.0,48.0,0.0,0.0,0.0,0.0,33.51720666666665,21.3451107691694,0.0,31.0,12.5465,0.0,,,4.312333333333332,0.0,0.0,,3.4394999999999993,30.301599999999997,12.5465,3.230166666666667
2,250463.40217664675,4341.988067733928,6.0,48.0,0.0,0.0,0.0,0.0,33.51720666666667,21.3451107691694,0.0,31.0,12.5465,0.0,,,4.312333333333332,0.0,0.0,,3.4394999999999993,30.301599999999997,12.5465,3.230166666666667
3,250463.40217664675,4341.988067733928,6.0,48.0,0.0,0.0,0.0,0.0,33.51720666666667,21.3451107691694,0.0,31.0,12.5465,0.0,,,4.312333333333333,0.0,0.0,,3.4394999999999993,30.301599999999997,12.5465,3.230166666666667
4,248302.48643114924,5453.586030202499,6.0,0.0,50.0,0.0,0.0,0.0,0.0,21.3451107691694,0.0,31.0,12.5465,0.0,,,4.312333333333332,0.0,0.0,,3.4394999999999993,30.301599999999997,12.5465,3.230166666666667
