,cost,emission,grid,wood_supply,DHDC_small_heat,DHDC_medium_heat,DHDC_large_heat,wood_boiler_heat,wood_boiler_DHW,PV,SCFP,DHW_to_heat,ASHP,ASHP_DHW,GSHP_heat,GSHP_cooling,battery,DHW_storage,heat_storage,geothermal_boreholes,demand_electricity,demand_space_heating,demand_space_cooling,demand_hot_water
0,941321.9755596526,6585.9807337147195,9.0,73.0,273.13,848.75,2000.0,2000.0,2000.0,53.94490437426862,0.0,0.0,0.0,6.0,28.0,25.0,250.00000000000006,0.0,0.0,77.76143306198804,6.9816666666666665,51.49399999999998,24.507166666666667,5.989439999999999
1,368221.96825957135,6643.897681194878,9.0,73.0,0.0,0.0,0.0,51.49366666666664,5.989439999999999,53.94490437426862,0.0,1.0,0.0,0.5071219517626514,0.0,24.507166666666667,12.063532520098896,0.0,0.0,77.76143306198804,6.9816666666666665,51.49399999999998,24.507166666666667,5.989439999999999
2,368221.96825957135,6643.897681194878,9.0,73.0,0.0,0.0,0.0,51.49366666666664,5.989439999999999,53.94490437426862,0.0,1.0,0.0,0.5071219517626487,0.0,24.507166666666667,12.063532520098896,0.0,0.0,77.76143306198804,6.9816666666666665,51.49399999999998,24.507166666666667,5.989439999999999
3,365696.64901188726,8220.381513151933,9.0,10.0,50.0,0.0,0.0,7.4831066666666475,0.0,53.94490437426862,0.0,45.0,0.0,0.5460249220596818,0.0,24.507166666666667,12.477989615808454,0.0,0.0,77.76143306198804,6.9816666666666665,51.49399999999998,24.507166666666667,5.989439999999999
4,362599.0334967586,8765.181772964495,7.0,0.0,57.32443999999998,0.0,0.0,0.0,0.0,53.94490437426862,0.0,52.0,0.0,0.23044647416775577,0.0,24.507166666666667,10.8416473024301,0.0,0.0,77.76143306198804,6.9816666666666665,51.49399999999998,24.507166666666667,5.989439999999999
