,cost,emission,grid,wood_supply,DHDC_small_heat,DHDC_medium_heat,DHDC_large_heat,wood_boiler_heat,wood_boiler_DHW,PV,SCFP,DHW_to_heat,ASHP,ASHP_DHW,GSHP_heat,GSHP_cooling,battery,DHW_storage,heat_storage,geothermal_boreholes,demand_electricity,demand_space_heating,demand_space_cooling,demand_hot_water
0,816008.5648881748,4829.385400046856,6.0,63.0,273.13,848.75,2000.0,2000.0,2000.0,36.22424464925402,0.0,0.0,17.0,5.0,,,250.00000000000006,0.0,0.0,,4.785073333333332,44.851753333333335,16.457666666666668,4.332833333333333
1,266724.6409968091,4831.604421153998,5.0,63.0,0.0,0.0,0.0,44.16816333333333,5.0,36.22424464925402,0.0,1.0,16.457666666666668,0.8668028977624039,,,8.663332125932332,0.0,0.0,,4.785073333333332,44.851753333333335,16.457666666666668,4.332833333333333
2,266724.6409968091,4831.604421153998,6.0,63.0,0.0,0.0,0.0,44.16816333333333,5.0,36.22424464925402,0.0,1.0,16.457666666666668,0.8668028977624039,,,8.663332125932332,0.0,0.0,,4.785073333333332,44.851753333333335,16.457666666666668,4.332833333333333
3,266586.0694834551,6020.461557896522,7.0,7.0,50.0,0.0,0.0,5.527438058585816,0.0,36.22424464925402,0.0,40.0,16.457666666666668,0.5884390932285465,,,9.01681704448811,0.0,0.0,,4.785073333333332,44.851753333333335,16.457666666666668,4.332833333333333
4,263055.65197379456,6417.486943846432,5.0,0.0,50.0,0.0,0.0,0.0,0.0,36.22424464925402,0.0,45.0,16.457666666666668,0.30849756442906406,,,7.704792681487889,0.0,0.0,,4.785073333333332,44.851753333333335,16.457666666666668,4.332833333333333
