,cost,emission,grid,wood_supply,DHDC_small_heat,DHDC_medium_heat,DHDC_large_heat,wood_boiler_heat,wood_boiler_DHW,PV,SCFP,DHW_to_heat,ASHP,ASHP_DHW,GSHP_heat,GSHP_cooling,battery,DHW_storage,heat_storage,geothermal_boreholes,demand_electricity,demand_space_heating,demand_space_cooling,demand_hot_water
0,773954.4141264317,3977.5019861482137,4.0,45.0,273.13,848.75,2000.0,2000.0,2000.0,21.873928981245868,0.0,0.0,0.0,0.0,0.0,0.0,250.00000000000006,0.0,0.0,55.31175028687211,3.3570000000000007,31.83208,0.0,3.185333333333334
1,209374.39937608014,4256.374474048214,4.0,51.0,0.0,0.0,0.0,0.0,35.00941333333333,21.873928981245868,0.0,32.0,0.0,0.0,0.0,0.0,4.8853333333333335,0.0,0.0,55.31175028687211,3.3570000000000007,31.83208,0.0,3.185333333333334
2,209374.39937608014,4256.374474048214,4.0,51.0,0.0,0.0,0.0,0.0,35.00941333333333,21.873928981245868,0.0,32.0,0.0,0.0,0.0,0.0,4.885333333333335,0.0,0.0,55.31175028687211,3.3570000000000007,31.83208,0.0,3.185333333333334
3,209374.39937608014,4256.374474048214,4.0,51.0,0.0,0.0,0.0,0.0,35.00941333333333,21.873928981245868,0.0,32.0,0.0,0.0,0.0,0.0,4.885333333333335,0.0,0.0,55.31175028687211,3.3570000000000007,31.83208,0.0,3.185333333333334
4,206934.74162459557,5399.619793042499,4.0,0.0,50.0,0.0,0.0,0.0,0.0,21.873928981245868,0.0,32.0,0.0,0.0,0.0,0.0,4.8853333333333335,0.0,0.0,55.31175028687211,3.3570000000000007,31.83208,0.0,3.185333333333334
