,cost,emission,grid,wood_supply,DHDC_small_heat,DHDC_medium_heat,DHDC_large_heat,wood_boiler_heat,wood_boiler_DHW,PV,SCFP,DHW_to_heat,ASHP,ASHP_DHW,GSHP_heat,GSHP_cooling,battery,DHW_storage,heat_storage,geothermal_boreholes,demand_electricity,demand_space_heating,demand_space_cooling,demand_hot_water
0,666665.4582314093,2149.3903180059524,3.0,27.0,273.13,848.75,2000.0,2000.0,2000.0,17.13479785588346,0.0,0.0,8.0,0.0,,,250.00000000000006,0.0,0.0,,1.9461666666666666,19.342766666666666,7.005093333333335,1.950833333333333
1,107805.74974611339,2151.313191889881,3.0,28.0,0.0,0.0,0.0,16.259933333333333,5.0,17.13479785588346,0.0,4.0,7.005093333333335,0.0,,,3.9091666666666662,0.0,0.0,,1.9461666666666666,19.342766666666666,7.005093333333335,1.950833333333333
2,107805.74974611339,2151.313191889881,3.0,28.0,0.0,0.0,0.0,16.259933333333333,5.0,17.13479785588346,0.0,4.0,7.005093333333335,0.0,,,3.9091666666666662,0.0,0.0,,1.9461666666666666,19.342766666666666,7.005093333333335,1.950833333333333
3,107805.74974611338,2151.313191889881,3.0,28.0,0.0,0.0,0.0,16.259933333333333,5.0,17.13479785588346,0.0,4.0,7.005093333333335,0.0,,,3.9091666666666662,0.0,0.0,,1.9461666666666666,19.342766666666666,7.005093333333335,1.950833333333333
4,107009.22124158527,2294.324226532738,2.0,31.0,0.0,0.0,0.0,0.0,21.259933333333333,17.13479785588346,0.0,20.0,7.005093333333335,0.0,,,3.909166666666665,0.0,0.0,,1.9461666666666666,19.342766666666666,7.005093333333335,1.950833333333333
