,cost,emission,grid,wood_supply,DHDC_small_heat,DHDC_medium_heat,DHDC_large_heat,wood_boiler_heat,wood_boiler_DHW,PV,SCFP,DHW_to_heat,ASHP,ASHP_DHW,GSHP_heat,GSHP_cooling,battery,DHW_storage,heat_storage,geothermal_boreholes,demand_electricity,demand_space_heating,demand_space_cooling,demand_hot_water
0,168183.78024355843,2023.472077441667,3.0,27.0,,,,2000.0,2000.0,13.959731116656073,0.0,0.0,5.0,0.0,,,250.00000000000006,0.0,0.0,,1.6596666666666666,19.52925,4.99016,1.585
1,87492.70354065362,2026.344278602381,2.0,28.0,,,,16.08575,5.0,13.959731116656073,0.0,4.0,4.99016,0.0,,,3.586333333333333,0.0,0.0,,1.6596666666666666,19.52925,4.99016,1.585
2,87492.70354065365,2026.344278602381,2.0,28.0,,,,16.08575,5.0,13.959731116656073,0.0,4.0,4.99016,0.0,,,3.586333333333333,0.0,0.0,,1.6596666666666666,19.52925,4.99016,1.585
3,87492.70354065362,2026.344278602381,2.0,28.0,,,,16.08575,5.0,13.959731116656073,0.0,4.0,4.99016,0.0,,,3.586333333333333,0.0,0.0,,1.6596666666666666,19.52925,4.99016,1.585
4,86746.20949416126,2178.207563513095,2.0,31.0,,,,0.0,21.08575,13.959731116656073,0.0,20.0,4.99016,0.0,,,3.586333333333333,0.0,0.0,,1.6596666666666666,19.52925,4.99016,1.585
