,cost,emission,grid,wood_supply,DHDC_small_heat,DHDC_medium_heat,DHDC_large_heat,wood_boiler_heat,wood_boiler_DHW,PV,SCFP,DHW_to_heat,ASHP,ASHP_DHW,GSHP_heat,GSHP_cooling,battery,DHW_storage,heat_storage,geothermal_boreholes,demand_electricity,demand_space_heating,demand_space_cooling,demand_hot_water
0,596485.6938221655,5006.478365466071,7.0,61.0,273.13,848.75,2000.0,2000.0,2000.0,26.35609164882388,0.0,0.0,14.0,0.0,,,250.00000000000006,0.0,0.0,,5.062333333333333,43.93001333333333,13.175399999999994,3.7916666666666665
1,23866.480410280834,5772.180422016218,10.0,40.0,0.0,0.0,0.0,31.9565,0.0,16.849400042262264,0.0,0.0,13.175399999999994,3.7916666666666665,,,0.28261577823476963,0.0,0.0,,5.062333333333333,43.93001333333333,13.175399999999994,3.7916666666666665
2,21738.250509016576,6537.882478566369,12.0,39.0,0.0,0.0,0.0,30.72441666666666,0.0,13.90988868631191,0.0,4.0,13.175399999999994,3.7916666666666665,,,0.0,0.0,0.0,,5.062333333333333,43.93001333333333,13.175399999999994,3.7916666666666665
3,18511.256423479477,7303.5845351165235,23.0,0.0,0.0,0.0,0.0,0.0,0.0,20.724943217265672,0.0,12.0,35.65048333333333,12.040999999999999,,,1.478948340716004,0.0,0.0,,5.062333333333333,43.93001333333333,13.175399999999994,3.7916666666666665
4,16582.735837769127,8069.286591666665,23.0,0.0,0.0,0.0,0.0,0.0,0.0,0.0,0.0,4.0,43.18114999999999,4.5103333333333335,,,0.0,0.0,0.0,,5.062333333333333,43.93001333333333,13.175399999999994,3.7916666666666665
