,cost,emission,grid,wood_supply,DHDC_small_heat,DHDC_medium_heat,DHDC_large_heat,wood_boiler_heat,wood_boiler_DHW,PV,SCFP,DHW_to_heat,ASHP,ASHP_DHW,GSHP_heat,GSHP_cooling,battery,DHW_storage,heat_storage,geothermal_boreholes,demand_electricity,demand_space_heating,demand_space_cooling,demand_hot_water
0,2071813.9753867441,5379.804573583333,9.0,65.0,,,,2000.0,2000.0,33.51402733499503,0.0,0.0,16.0,0.0,,,250.00000000000006,0.0,0.0,,5.805000000000001,46.21803333333333,15.129719999999999,4.548666666666667
1,1705936.0166863906,5888.816400651558,11.0,43.0,,,,33.604292642581655,0.0,33.51402733499503,0.0,1.0,15.129719999999999,4.548666666666666,,,6.6900138888888865,0.0,0.0,,5.805000000000001,46.21803333333333,15.129719999999999,4.548666666666667
2,1569552.708065426,6397.828227719772,13.0,39.0,,,,31.083783333333333,0.0,33.51402733499503,0.0,4.0,15.129719999999999,4.548666666666666,,,6.690013888888889,0.0,0.0,,5.805000000000001,46.21803333333333,15.129719999999999,4.548666666666667
3,1433219.7907358808,6906.840054788005,13.0,38.0,,,,29.647598619944397,0.0,33.51402733499503,0.0,3.0,15.3305,5.7840713800555985,,,6.6900138888888865,0.0,0.0,,5.805000000000001,46.21803333333333,15.129719999999999,4.548666666666667
4,1295482.780164891,7415.8518818562525,25.0,0.0,,,,0.0,0.0,33.51402733499503,0.0,33.0,15.129719999999999,35.63244999999999,,,6.622152777777778,0.0,0.0,,5.805000000000001,46.21803333333333,15.129719999999999,4.548666666666667
