,cost,emission,grid,wood_supply,DHDC_small_heat,DHDC_medium_heat,DHDC_large_heat,wood_boiler_heat,wood_boiler_DHW,PV,SCFP,DHW_to_heat,ASHP,ASHP_DHW,GSHP_heat,GSHP_cooling,battery,DHW_storage,heat_storage,geothermal_boreholes,demand_electricity,demand_space_heating,demand_space_cooling,demand_hot_water
0,578032.5745910595,1271.4666579809523,3.0,10.0,273.13,848.75,2000.0,2000.0,2000.0,13.117433887328588,0.0,0.0,5.0,0.0,,,250.00000000000006,0.0,0.0,,1.8515,5.506360000000001,4.234733333333332,1.5423333333333336
1,7282.129936990574,1451.8683669232173,4.0,7.0,0.0,0.0,0.0,5.0,0.0,12.155532907506347,0.0,1.0,4.234733333333332,1.5423333333333336,,,1.2986768811753804,0.0,0.0,,1.8515,5.506360000000001,4.234733333333332,1.5423333333333336
2,5011.108478753625,1632.2700758654769,4.0,0.0,0.0,0.0,0.0,0.0,0.0,10.228527406639053,0.0,2.0,4.234733333333332,2.805293333333335,,,0.8518023836515403,0.0,0.0,,1.8515,5.506360000000001,4.234733333333332,1.5423333333333336
3,4376.983448744893,1812.671784807741,4.0,0.0,0.0,0.0,0.0,0.0,0.0,4.728286325683494,0.0,2.0,4.234733333333332,2.805293333333335,,,0.0,0.0,0.0,,1.8515,5.506360000000001,4.234733333333332,1.5423333333333336
4,3987.5591023058337,1993.0734937500004,4.0,0.0,0.0,0.0,0.0,0.0,0.0,0.0,0.0,1.0,5.491026666666667,1.549,,,0.0,0.0,0.0,,1.8515,5.506360000000001,4.234733333333332,1.5423333333333336
