,cost,emission,grid,wood_supply,DHDC_small_heat,DHDC_medium_heat,DHDC_large_heat,wood_boiler_heat,wood_boiler_DHW,PV,SCFP,DHW_to_heat,ASHP,ASHP_DHW,GSHP_heat,GSHP_cooling,battery,DHW_storage,heat_storage,geothermal_boreholes,demand_electricity,demand_space_heating,demand_space_cooling,demand_hot_water
0,588506.7656925186,2659.736344449032,3.0,31.0,273.13,848.75,2000.0,2000.0,2000.0,23.612310330442863,0.0,0.0,0.0,3.0,13.0,10.0,250.00000000000006,0.0,0.0,56.52861723131,2.4843333333333333,21.2715,9.022166666666667,2.4779999999999998
1,15355.058628014955,3179.717211381976,5.0,26.0,0.0,0.0,0.0,20.591028389696717,0.0,13.831992905991815,0.0,2.0,0.0,2.8049999999999997,0.3328049436366164,9.022166666666667,1.298606731269863,0.0,0.0,56.52861723131,2.4843333333333333,21.2715,9.022166666666667,2.4779999999999998
2,13759.343394803942,3699.698078314896,5.0,23.0,0.0,0.0,0.0,18.379334588627344,0.0,8.101920705259715,0.0,5.0,0.0,5.0176755230257495,0.3318232216802368,9.022166666666667,0.0,0.0,0.0,56.52861723131,2.4843333333333333,21.2715,9.022166666666667,2.4779999999999998
3,11107.40046396473,4219.678945247868,12.0,0.0,0.0,0.0,0.0,0.0,0.0,14.22370547524512,0.0,21.0,0.0,23.395234105821686,0.33359922751164406,9.022166666666667,1.3340384184835514,0.0,0.0,56.52861723131,2.4843333333333333,21.2715,9.022166666666667,2.4779999999999998
4,9716.525025061532,4739.659812180816,12.0,0.0,0.0,0.0,0.0,0.0,0.0,0.0,0.0,21.0,0.0,23.397403733507822,0.3314295998255119,9.022166666666667,0.0,0.0,0.0,56.52861723131,2.4843333333333333,21.2715,9.022166666666667,2.4779999999999998
