,cost,emission,grid,wood_supply,DHDC_small_heat,DHDC_medium_heat,DHDC_large_heat,wood_boiler_heat,wood_boiler_DHW,PV,SCFP,DHW_to_heat,ASHP,ASHP_DHW,GSHP_heat,GSHP_cooling,battery,DHW_storage,heat_storage,geothermal_boreholes,demand_electricity,demand_space_heating,demand_space_cooling,demand_hot_water
0,118126.80438286824,5379.804573583333,9.0,65.0,,,,2000.0,2000.0,33.51402733499503,0.0,0.0,16.0,0.0,,,250.00000000000006,0.0,0.0,,5.805000000000001,46.21803333333333,15.129719999999999,4.548666666666667
1,25539.457790876742,6214.059256958329,11.0,42.0,,,,33.2255,0.0,24.399243055732438,0.0,2.0,15.129719999999999,4.548666666666666,,,1.645287287524636,0.0,0.0,,5.805000000000001,46.21803333333333,15.129719999999999,4.548666666666667
2,23095.722920369397,7048.31394033335,13.0,39.0,,,,31.083783333333333,0.0,17.550796950841857,0.0,4.0,15.129719999999999,4.548666666666666,,,0.0,0.0,0.0,,5.805000000000001,46.21803333333333,15.129719999999999,4.548666666666667
3,19508.138035190008,7882.568623708333,25.0,0.0,,,,0.0,0.0,20.67453894919612,0.0,10.0,37.923336666666664,12.838833333333334,,,0.39815034555173107,0.0,0.0,,5.805000000000001,46.21803333333333,15.129719999999999,4.548666666666667
4,17896.168636389983,8716.823307083332,25.0,0.0,,,,0.0,0.0,0.0,0.0,32.0,15.129719999999999,35.63244999999999,,,0.0,0.0,0.0,,5.805000000000001,46.21803333333333,15.129719999999999,4.548666666666667
