,cost,emission,grid,wood_supply,DHDC_small_heat,DHDC_medium_heat,DHDC_large_heat,wood_boiler_heat,wood_boiler_DHW,PV,SCFP,DHW_to_heat,ASHP,ASHP_DHW,GSHP_heat,GSHP_cooling,battery,DHW_storage,heat_storage,geothermal_boreholes,demand_electricity,demand_space_heating,demand_space_cooling,demand_hot_water
0,1157115.1321680306,1361.6988260523808,2.0,18.0,273.13,848.75,2000.0,2000.0,2000.0,10.303562793684877,0.0,0.0,5.0,0.0,,,250.00000000000006,0.0,0.0,,1.139666666666667,13.016899999999984,4.108999999999999,1.0362733333333332
1,432972.4964899133,1495.2828739378238,2.0,9.0,50.0,0.0,0.0,7.143706539678987,0.0,10.303562793684877,0.0,6.0,4.108999999999999,0.9828333333333333,,,2.090013888888888,0.0,0.0,,1.139666666666667,13.016899999999984,4.108999999999999,1.0362733333333332
2,307717.22425760777,1628.866921823273,2.0,7.0,50.0,0.0,0.0,5.0,0.0,10.303562793684877,0.0,13.0,4.108999999999999,0.9828333333333333,,,2.090013888888888,0.0,0.0,,1.139666666666667,13.016899999999984,4.108999999999999,1.0362733333333332
3,182496.6993702126,1762.4509697087135,2.0,7.0,50.0,0.0,0.0,5.0,0.0,10.303562793684877,0.0,14.0,4.108999999999999,0.9828333333333333,,,2.090013888888888,0.0,0.0,,1.139666666666667,13.016899999999984,4.108999999999999,1.0362733333333332
4,63870.831551849515,1896.0350175941664,2.0,0.0,50.0,0.0,0.0,0.0,0.0,10.303562793684877,0.0,14.0,4.108999999999999,0.0,,,2.391,0.0,0.0,,1.139666666666667,13.016899999999984,4.108999999999999,1.0362733333333332
