,cost,emission,grid,wood_supply,DHDC_small_heat,DHDC_medium_heat,DHDC_large_heat,wood_boiler_heat,wood_boiler_DHW,PV,SCFP,DHW_to_heat,ASHP,ASHP_DHW,GSHP_heat,GSHP_cooling,battery,DHW_storage,heat_storage,geothermal_boreholes,demand_electricity,demand_space_heating,demand_space_cooling,demand_hot_water
0,1377469.1332302364,3441.4696993951675,4.0,45.0,,,,2000.0,2000.0,34.27661769787935,0.0,0.0,13.0,4.0,,,250.00000000000006,0.0,0.0,,3.567833333333333,31.843860000000006,12.162706666666667,3.3593333333333333
1,1104590.9731312578,3801.0295475144685,8.0,28.0,,,,22.34137632633996,0.0,34.27661769787935,0.0,1.0,12.162706666666667,3.359333333333333,,,8.474472222222222,0.0,0.0,,3.567833333333333,31.843860000000006,12.162706666666667,3.3593333333333333
2,1008237.0363006359,4160.589395633771,9.0,25.0,,,,19.672290000000004,0.0,34.27661769787935,0.0,3.0,12.162706666666667,3.359333333333333,,,8.474472222222222,0.0,0.0,,3.567833333333333,31.843860000000006,12.162706666666667,3.3593333333333333
3,911926.3626972504,4520.149243753079,9.0,25.0,,,,19.672290000000004,0.0,34.27661769787935,0.0,3.0,12.162706666666667,3.359333333333333,,,8.474472222222222,0.0,0.0,,3.567833333333333,31.843860000000006,12.162706666666667,3.3593333333333333
4,814175.2657928594,4879.709091872398,17.0,0.0,,,,0.0,0.0,34.27661769787935,0.0,21.0,12.162706666666667,23.031623333333336,,,8.29547222222222,0.0,0.0,,3.567833333333333,31.843860000000006,12.162706666666667,3.3593333333333333
