,cost,emission,grid,wood_supply,DHDC_small_heat,DHDC_medium_heat,DHDC_large_heat,wood_boiler_heat,wood_boiler_DHW,PV,SCFP,DHW_to_heat,ASHP,ASHP_DHW,GSHP_heat,GSHP_cooling,battery,DHW_storage,heat_storage,geothermal_boreholes,demand_electricity,demand_space_heating,demand_space_cooling,demand_hot_water
0,1686422.8374117769,2555.5130274303574,2.0,29.0,273.13,848.75,2000.0,2000.0,2000.0,15.610467149460614,0.0,0.0,0.0,0.0,0.0,0.0,250.00000000000006,0.0,0.0,50.927327004622434,1.9417266666666617,20.885759999999994,0.0,2.0171666666666668
1,811611.379140557,2808.415084874644,2.0,16.0,50.0,0.0,0.0,12.104026581759133,0.0,15.610467149460614,0.0,9.0,0.0,5.307600000000001,0.0,0.0,3.1209027777777765,0.0,0.0,50.927327004622434,1.9417266666666617,20.885759999999994,0.0,2.0171666666666668
2,574447.7656999906,3061.317142318916,2.0,8.0,50.0,0.0,0.0,6.2169314339915225,0.0,15.610467149460614,0.0,15.0,0.0,5.307600000000001,0.0,0.0,3.1209027777777765,0.0,0.0,50.927327004622434,1.9417266666666617,20.885759999999994,0.0,2.0171666666666668
3,337359.8509552988,3314.2191997631503,2.0,7.0,50.0,0.0,0.0,5.0,0.0,15.610467149460614,0.0,21.0,0.0,5.307600000000001,0.0,0.0,3.1209027777777765,0.0,0.0,50.927327004622434,1.9417266666666617,20.885759999999994,0.0,2.0171666666666668
4,109592.76472161383,3567.1212572074996,2.0,0.0,50.0,0.0,0.0,0.0,0.0,15.610467149460614,0.0,21.0,0.0,0.0,0.0,0.0,3.5876666666666663,0.0,0.0,50.927327004622434,1.9417266666666617,20.885759999999994,0.0,2.0171666666666668
