,cost,emission,grid,wood_supply,DHDC_small_heat,DHDC_medium_heat,DHDC_large_heat,wood_boiler_heat,wood_boiler_DHW,PV,SCFP,DHW_to_heat,ASHP,ASHP_DHW,GSHP_heat,GSHP_cooling,battery,DHW_storage,heat_storage,geothermal_boreholes,demand_electricity,demand_space_heating,demand_space_cooling,demand_hot_water
0,133490.49579493245,1586.3364510957795,2.0,19.0,,,,2000.0,2000.0,14.138847400464025,0.0,0.0,0.0,2.0,0.0,0.0,250.00000000000006,0.0,0.0,49.89719318032482,1.4409999999999998,13.209519999999992,0.0,1.4906666666666668
1,63837.59937995847,1591.3390610029219,2.0,20.0,,,,10.347000000000001,5.0,14.138847400464025,0.0,3.0,0.0,0.8493843994068196,0.0,0.0,3.216089833580492,0.0,0.0,49.89719318032482,1.4409999999999998,13.209519999999992,0.0,1.4906666666666668
2,63837.59937995848,1591.3390610029219,2.0,20.0,,,,10.347000000000001,5.0,14.138847400464025,0.0,3.0,0.0,0.8493843994068201,0.0,0.0,3.2160898335804906,0.0,0.0,49.89719318032482,1.4409999999999998,13.209519999999992,0.0,1.4906666666666668
3,63837.59937995847,1591.3390610029219,2.0,20.0,,,,10.347000000000001,5.0,14.138847400464025,0.0,3.0,0.0,0.8493843994068201,0.0,0.0,3.2160898335804906,0.0,0.0,49.89719318032482,1.4409999999999998,13.209519999999992,0.0,1.4906666666666668
4,62890.73020809037,1709.67230314578,2.0,21.0,,,,0.0,14.677156666666658,14.138847400464025,0.0,14.0,0.0,0.8493843994068188,0.0,0.0,3.216089833580491,0.0,0.0,49.89719318032482,1.4409999999999998,13.209519999999992,0.0,1.4906666666666668
