,cost,emission,grid,wood_supply,DHDC_small_heat,DHDC_medium_heat,DHDC_large_heat,wood_boiler_heat,wood_boiler_DHW,PV,SCFP,DHW_to_heat,ASHP,ASHP_DHW,GSHP_heat,GSHP_cooling,battery,DHW_storage,heat_storage,geothermal_boreholes,demand_electricity,demand_space_heating,demand_space_cooling,demand_hot_water
0,1114290.9949063815,7428.9195842904755,13.0,88.0,273.13,848.75,2000.0,2000.0,2000.0,44.990057724338676,0.0,0.0,21.0,0.0,,,250.00000000000006,0.0,0.0,,7.893333333333334,63.1558,20.7855,5.972333333333332
1,549879.3592853908,7429.055202331548,13.0,88.0,0.0,0.0,0.0,63.15340666666666,5.972333333333332,44.990057724338676,0.0,1.0,20.7855,0.0,,,9.333333333333332,0.0,0.0,,7.893333333333334,63.1558,20.7855,5.972333333333332
2,549879.3592853907,7429.055202331548,13.0,88.0,0.0,0.0,0.0,63.15340666666666,5.972333333333332,44.990057724338676,0.0,1.0,20.7855,0.0,,,9.333333333333332,0.0,0.0,,7.893333333333334,63.1558,20.7855,5.972333333333332
3,547644.7205466977,8942.4555848495,13.0,24.0,50.0,0.0,0.0,19.125739999999997,0.0,44.990057724338676,0.0,45.0,20.7855,0.0,,,9.333333333333332,0.0,0.0,,7.893333333333334,63.1558,20.7855,5.972333333333332
4,545232.063522763,9446.967585035833,13.0,24.0,50.0,0.0,0.0,19.125739999999997,0.0,44.990057724338676,0.0,46.0,20.7855,0.0,,,9.333333333333332,0.0,0.0,,7.893333333333334,63.1558,20.7855,5.972333333333332
