,cost,emission,grid,wood_supply,DHDC_small_heat,DHDC_medium_heat,DHDC_large_heat,wood_boiler_heat,wood_boiler_DHW,PV,SCFP,DHW_to_heat,ASHP,ASHP_DHW,GSHP_heat,GSHP_cooling,battery,DHW_storage,heat_storage,geothermal_boreholes,demand_electricity,demand_space_heating,demand_space_cooling,demand_hot_water
0,586883.9483440439,2685.2409540952376,3.0,34.0,273.13,848.75,2000.0,2000.0,2000.0,23.435574121249367,0.0,0.0,7.0,0.0,,,250.00000000000006,0.0,0.0,,2.797,24.184479999999997,6.8069999999999995,2.3795
1,15162.919392467771,3183.791512446436,5.0,25.0,0.0,0.0,0.0,19.83833333333333,0.0,14.876731687498891,0.0,1.0,6.8069999999999995,2.3795,,,1.8454269603747804,0.0,0.0,,2.797,24.184479999999997,6.8069999999999995,2.3795
2,13520.61460383172,3682.34207079761,7.0,22.0,0.0,0.0,0.0,17.35381333333333,0.0,8.234770547151228,0.0,2.0,6.8069999999999995,2.3795,,,0.0,0.0,0.0,,2.797,24.184479999999997,6.8069999999999995,2.3795
3,10881.612876871674,4180.892629148808,13.0,0.0,0.0,0.0,0.0,0.0,0.0,13.451093528747766,0.0,4.0,22.255646666666664,4.284666666666666,,,1.4090919928532772,0.0,0.0,,2.797,24.184479999999997,6.8069999999999995,2.3795
4,9590.952141564747,4679.4431875,13.0,0.0,0.0,0.0,0.0,0.0,0.0,0.0,0.0,3.0,23.82548,2.7148333333333334,,,0.0,0.0,0.0,,2.797,24.184479999999997,6.8069999999999995,2.3795
