,cost,emission,grid,wood_supply,DHDC_small_heat,DHDC_medium_heat,DHDC_large_heat,wood_boiler_heat,wood_boiler_DHW,PV,SCFP,DHW_to_heat,ASHP,ASHP_DHW,GSHP_heat,GSHP_cooling,battery,DHW_storage,heat_storage,geothermal_boreholes,demand_electricity,demand_space_heating,demand_space_cooling,demand_hot_water
0,883533.1382450768,1893.9261047339278,3.0,26.0,,,,2000.0,2000.0,13.926416810308641,0.0,0.0,5.0,0.0,,,250.00000000000006,0.0,0.0,,1.7301666666666666,18.246866666666666,4.791600000000002,1.5643333333333331
1,677310.4687216962,2123.876978814121,5.0,17.0,,,,13.43290333333333,0.0,13.926416810308641,0.0,2.0,4.791600000000002,1.5643333333333331,,,3.1448055555555543,0.0,0.0,,1.7301666666666666,18.246866666666666,4.791600000000002,1.5643333333333331
2,615716.4845930771,2353.827852894299,5.0,17.0,,,,13.43290333333333,0.0,13.926416810308641,0.0,2.0,4.791600000000002,1.5643333333333331,,,3.1448055555555543,0.0,0.0,,1.7301666666666666,18.246866666666666,4.791600000000002,1.5643333333333331
3,554137.4246441199,2583.7787269744877,6.0,14.0,,,,11.185305464108044,0.0,13.926416810308641,0.0,3.0,4.904166666666666,3.699364535891954,,,3.1448055555555543,0.0,0.0,,1.7301666666666666,18.246866666666666,4.791600000000002,1.5643333333333331
4,491012.8598459865,2813.729601054688,10.0,0.0,,,,0.0,0.0,13.926416810308641,0.0,14.0,4.791600000000002,14.997236666666662,,,3.1448055555555543,0.0,0.0,,1.7301666666666666,18.246866666666666,4.791600000000002,1.5643333333333331
