,cost,emission,grid,wood_supply,DHDC_small_heat,DHDC_medium_heat,DHDC_large_heat,wood_boiler_heat,wood_boiler_DHW,PV,SCFP,DHW_to_heat,ASHP,ASHP_DHW,GSHP_heat,GSHP_cooling,battery,DHW_storage,heat_storage,geothermal_boreholes,demand_electricity,demand_space_heating,demand_space_cooling,demand_hot_water
0,591171.1941504268,3860.428299355357,4.0,43.0,273.13,848.75,2000.0,2000.0,2000.0,17.415626728482838,0.0,0.0,0.0,0.0,0.0,0.0,250.00000000000006,0.0,0.0,52.19093870993799,3.0246666666666666,30.845339999999993,0.0,2.9726666666666666
1,19111.958002274165,4485.686107589445,5.0,39.0,0.0,0.0,0.0,30.627400903463524,0.0,10.600130127691143,0.0,3.0,0.0,3.174545763203135,0.0,0.0,0.0,0.0,0.0,52.19093870993799,3.0246666666666666,30.845339999999993,0.0,2.9726666666666666
2,17481.43802200896,5110.9439158235,8.0,31.0,0.0,0.0,0.0,24.020997305101396,0.0,10.45340232402927,0.0,10.0,0.0,9.780949361565265,0.0,0.0,0.0,0.0,0.0,52.19093870993799,3.0246666666666666,30.845339999999993,0.0,2.9726666666666666
3,14593.296145117223,5736.201724057588,16.0,0.0,0.0,0.0,0.0,0.0,0.0,16.911019444311734,0.0,31.0,0.0,33.80194666666666,0.0,0.0,1.5273868052104884,0.0,0.0,52.19093870993799,3.0246666666666666,30.845339999999993,0.0,2.9726666666666666
4,12986.345021975416,6361.459532291666,16.0,0.0,0.0,0.0,0.0,0.0,0.0,0.0,0.0,31.0,0.0,33.80194666666666,0.0,0.0,0.0,0.0,0.0,52.19093870993799,3.0246666666666666,30.845339999999993,0.0,2.9726666666666666
