,cost,emission,grid,wood_supply,DHDC_small_heat,DHDC_medium_heat,DHDC_large_heat,wood_boiler_heat,wood_boiler_DHW,PV,SCFP,DHW_to_heat,ASHP,ASHP_DHW,GSHP_heat,GSHP_cooling,battery,DHW_storage,heat_storage,geothermal_boreholes,demand_electricity,demand_space_heating,demand_space_cooling,demand_hot_water
0,293710.98711264576,4880.943374944104,4.0,56.0,,,,2000.0,2000.0,32.273360745236936,0.0,0.0,0.0,4.0,0.0,0.0,250.00000000000006,0.0,0.0,62.591352521665854,3.9888333333333335,39.951040000000006,0.0,3.7929999999999997
1,224519.30082417722,4881.512288158402,4.0,56.0,,,,38.71470666666667,5.0,32.273360745236936,0.0,2.0,0.0,0.25887587454068633,0.0,0.0,7.262651363635408,0.0,0.0,62.591352521665854,3.9888333333333335,39.951040000000006,0.0,3.7929999999999997
2,224518.26685239567,4882.081201372665,4.0,56.0,,,,38.71470666666667,5.0,32.273360745236936,0.0,2.0,0.0,0.2459125024482598,0.0,0.0,7.0958697906465575,0.0,0.0,62.591352521665854,3.9888333333333335,39.951040000000006,0.0,3.7929999999999997
3,224517.71384202922,4882.650114586973,4.0,56.0,,,,38.71470666666667,5.0,32.273360745236936,0.0,2.0,0.0,0.23919076502659173,0.0,0.0,7.024451330541185,0.0,0.0,62.591352521665854,3.9888333333333335,39.951040000000006,0.0,3.7929999999999997
4,224517.53502447536,4883.219027801248,4.0,56.0,,,,38.71470666666667,5.0,32.273360745236936,0.0,2.0,0.0,0.22557854018410714,0.0,0.0,6.891842274923288,0.0,0.0,62.591352521665854,3.9888333333333335,39.951040000000006,0.0,3.7929999999999997
