,cost,emission,grid,wood_supply,DHDC_small_heat,DHDC_medium_heat,DHDC_large_heat,wood_boiler_heat,wood_boiler_DHW,PV,SCFP,DHW_to_heat,ASHP,ASHP_DHW,GSHP_heat,GSHP_cooling,battery,DHW_storage,heat_storage,geothermal_boreholes,demand_electricity,demand_space_heating,demand_space_cooling,demand_hot_water
0,144396.0754762516,1573.3471881815476,2.0,18.0,,,,2000.0,2000.0,10.086175327622117,0.0,0.0,6.0,0.0,,,250.00000000000006,0.0,0.0,,1.2883333333333333,12.976320000000001,5.30658,1.0361366666666665
1,63868.73930805063,1577.0793388761906,2.0,19.0,,,,10.207166666666666,5.0,10.086175327622117,0.0,3.0,5.30658,0.0,,,2.3394999999999997,0.0,0.0,,1.2883333333333333,12.976320000000001,5.30658,1.0361366666666665
2,63868.73930805064,1577.0793388761906,2.0,19.0,,,,10.207166666666666,5.0,10.086175327622117,0.0,3.0,5.30658,0.0,,,2.3394999999999997,0.0,0.0,,1.2883333333333333,12.976320000000001,5.30658,1.0361366666666665
3,63868.73930805064,1577.0793388761906,2.0,19.0,,,,10.207166666666666,5.0,10.086175327622117,0.0,3.0,5.30658,0.0,,,2.3394999999999997,0.0,0.0,,1.2883333333333333,12.976320000000001,5.30658,1.0361366666666665
4,62981.168765609356,1707.5366763261904,2.0,20.0,,,,0.0,13.967956666666668,10.086175327622117,0.0,13.0,5.30658,0.0,,,2.3394999999999997,0.0,0.0,,1.2883333333333333,12.976320000000001,5.30658,1.0361366666666665
