,cost,emission,grid,wood_supply,DHDC_small_heat,DHDC_medium_heat,DHDC_large_heat,wood_boiler_heat,wood_boiler_DHW,PV,SCFP,DHW_to_heat,ASHP,ASHP_DHW,GSHP_heat,GSHP_cooling,battery,DHW_storage,heat_storage,geothermal_boreholes,demand_electricity,demand_space_heating,demand_space_cooling,demand_hot_water
0,1646115.1738151882,2659.736344449032,3.0,31.0,273.13,848.75,2000.0,2000.0,2000.0,23.612310330442863,0.0,0.0,0.0,3.0,13.0,10.0,250.00000000000006,0.0,0.0,56.52861723131,2.4843333333333333,21.2715,9.022166666666667,2.4779999999999998
1,773764.6031990842,2911.7148382808687,3.0,17.0,50.0,0.0,0.0,12.96019437957965,0.0,23.612310330442863,0.0,9.0,0.0,8.994059174396481,1.848639048006598,9.022166666666667,6.023430555555554,0.0,0.0,56.52861723131,2.4843333333333333,21.2715,9.022166666666667,2.4779999999999998
2,537449.1532330047,3163.6933321127135,4.0,8.0,50.0,0.0,0.0,5.988700318636754,0.0,23.612310330442863,0.0,16.0,0.0,8.994059174396481,1.848639048006598,9.022166666666667,6.023430555555554,0.0,0.0,56.52861723131,2.4843333333333333,21.2715,9.022166666666667,2.4779999999999998
3,301230.6783863289,3415.671825944551,4.0,7.0,50.0,0.0,0.0,5.0,0.0,23.612310330442863,0.0,22.0,0.0,8.994059174396455,1.8486390480065893,9.022166666666667,6.023430555555554,0.0,0.0,56.52861723131,2.4843333333333333,21.2715,9.022166666666667,2.4779999999999998
4,118245.64056412206,3667.6503197763823,3.0,0.0,50.0,0.0,0.0,0.0,0.0,23.612310330442863,0.0,22.0,0.0,1.192621759382486,0.0,9.022166666666667,4.646740933590632,0.0,0.0,56.52861723131,2.4843333333333333,21.2715,9.022166666666667,2.4779999999999998
