,cost,emission,grid,wood_supply,DHDC_small_heat,DHDC_medium_heat,DHDC_large_heat,wood_boiler_heat,wood_boiler_DHW,PV,SCFP,DHW_to_heat,ASHP,ASHP_DHW,GSHP_heat,GSHP_cooling,battery,DHW_storage,heat_storage,geothermal_boreholes,demand_electricity,demand_space_heating,demand_space_cooling,demand_hot_water
0,102042.59677600584,2112.5254780875,6.0,15.0,,,,2000.0,2000.0,22.84575293619725,0.0,0.0,8.0,0.0,,,250.00000000000006,0.0,0.0,,3.166533333333333,8.657176666666663,7.2285,2.5005
1,11045.778653807827,2420.791493982281,7.0,8.0,,,,6.185666666666667,0.0,20.94980762277235,0.0,1.0,7.2285,2.5004999999999997,,,2.629528691497349,0.0,0.0,,3.166533333333333,8.657176666666663,7.2285,2.5005
2,8284.50888443782,2729.0575098770787,7.0,0.0,,,,0.0,0.0,16.7825314310067,0.0,3.0,7.2285,3.9178433333333302,,,1.4035163422479173,0.0,0.0,,3.166533333333333,8.657176666666663,7.2285,2.5005
3,7277.066077058864,3037.323525771869,7.0,0.0,,,,0.0,0.0,7.733998924814729,0.0,3.0,7.2285,3.9178433333333302,,,0.0,0.0,0.0,,3.166533333333333,8.657176666666663,7.2285,2.5005
4,6678.215391716612,3345.589541666667,7.0,0.0,,,,0.0,0.0,0.0,0.0,2.0,8.41784333333333,2.7285000000000004,,,0.0,0.0,0.0,,3.166533333333333,8.657176666666663,7.2285,2.5005
