,cost,emission,grid,wood_supply,DHDC_small_heat,DHDC_medium_heat,DHDC_large_heat,wood_boiler_heat,wood_boiler_DHW,PV,SCFP,DHW_to_heat,ASHP,ASHP_DHW,GSHP_heat,GSHP_cooling,battery,DHW_storage,heat_storage,geothermal_boreholes,demand_electricity,demand_space_heating,demand_space_cooling,demand_hot_water
0,585842.5462305992,2555.5130274303574,2.0,29.0,273.13,848.75,2000.0,2000.0,2000.0,15.610467149460614,0.0,0.0,0.0,0.0,0.0,0.0,250.00000000000006,0.0,0.0,50.927327004622434,1.9417266666666617,20.885759999999994,0.0,2.0171666666666668
1,14096.167011021813,3022.022113697228,3.0,27.0,0.0,0.0,0.0,20.84575999999999,0.0,6.6741285534452395,0.0,2.0,0.0,2.0171666666666668,0.0,0.0,0.0,0.0,0.0,50.927327004622434,1.9417266666666617,20.885759999999994,0.0,2.0171666666666668
2,12871.52372088753,3488.531199964097,5.0,22.0,0.0,0.0,0.0,17.10539315147313,0.0,6.60278768499389,0.0,6.0,0.0,5.757533515193531,0.0,0.0,0.0,0.0,0.0,50.927327004622434,1.9417266666666617,20.885759999999994,0.0,2.0171666666666668
3,10456.309723801722,3955.040286230967,11.0,0.0,0.0,0.0,0.0,0.0,0.0,13.513517519412938,0.0,21.0,0.0,22.86292666666666,0.0,0.0,1.4943932428339504,0.0,0.0,50.927327004622434,1.9417266666666617,20.885759999999994,0.0,2.0171666666666668
4,9011.771186809665,4421.549372497837,11.0,0.0,0.0,0.0,0.0,0.0,0.0,0.0,0.0,21.0,0.0,22.86292666666666,0.0,0.0,0.0,0.0,0.0,50.927327004622434,1.9417266666666617,20.885759999999994,0.0,2.0171666666666668
