,cost,emission,grid,wood_supply,DHDC_small_heat,DHDC_medium_heat,DHDC_large_heat,wood_boiler_heat,wood_boiler_DHW,PV,SCFP,DHW_to_heat,ASHP,ASHP_DHW,GSHP_heat,GSHP_cooling,battery,DHW_storage,heat_storage,geothermal_boreholes,demand_electricity,demand_space_heating,demand_space_cooling,demand_hot_water
0,3767246.1930707055,12747.01459721429,56.0,181.0,273.13,848.75,2000.0,2000.0,2000.0,48.11548706949479,0.0,0.0,94.0,0.0,,,250.00000000000006,0.0,0.0,,29.376883333333335,139.15487666666664,93.53948333333334,7.335959999999999
1,2799279.1668715947,13091.905867653606,56.0,118.0,50.0,0.0,0.0,93.8075433333333,0.0,48.115487069494804,0.0,46.0,93.53948333333334,0.0,,,11.348,0.0,0.0,,29.376883333333335,139.15487666666664,93.53948333333334,7.335959999999999
2,2475981.0890163206,13436.797138092905,56.0,118.0,50.0,0.0,0.0,93.8075433333333,0.0,48.11548706949479,0.0,47.0,93.53948333333334,0.0,,,11.347999999999999,0.0,0.0,,29.376883333333335,139.15487666666664,93.53948333333334,7.335959999999999
3,2152683.011160997,13781.688408532256,56.0,118.0,50.0,0.0,0.0,93.8075433333333,0.0,48.11548706949479,0.0,47.0,93.53948333333334,0.0,,,11.347999999999999,0.0,0.0,,29.376883333333335,139.15487666666664,93.53948333333334,7.335959999999999
4,1840918.2629527478,14126.579678971673,56.0,0.0,142.18720999999996,0.0,0.0,0.0,0.0,48.11548706949479,0.0,138.0,93.53948333333334,0.0,,,11.347999999999999,0.0,0.0,,29.376883333333335,139.15487666666664,93.53948333333334,7.335959999999999
