,cost,emission,grid,wood_supply,DHDC_small_heat,DHDC_medium_heat,DHDC_large_heat,wood_boiler_heat,wood_boiler_DHW,PV,SCFP,DHW_to_heat,ASHP,ASHP_DHW,GSHP_heat,GSHP_cooling,battery,DHW_storage,heat_storage,geothermal_boreholes,demand_electricity,demand_space_heating,demand_space_cooling,demand_hot_water
0,738788.1822355733,2851.757226090179,5.0,31.0,273.13,848.75,2000.0,2000.0,2000.0,22.7951355095409,0.0,0.0,0.0,0.0,11.0,10.0,250.00000000000006,0.0,0.0,55.956594856678635,3.021666666666667,21.569800000000015,9.646,2.811166666666667
1,166581.9526678156,2872.4334047892867,5.0,32.0,0.0,0.0,0.0,19.376740000000012,5.0,22.7951355095409,0.0,3.0,0.0,0.0,0.0,9.646,5.076833333333332,0.0,0.0,55.956594856678635,3.021666666666667,21.569800000000015,9.646,2.811166666666667
2,166581.9526678156,2872.4334047892867,5.0,32.0,0.0,0.0,0.0,19.376740000000012,5.0,22.7951355095409,0.0,3.0,0.0,0.0,0.0,9.646,5.076833333333332,0.0,0.0,55.956594856678635,3.021666666666667,21.569800000000015,9.646,2.811166666666667
3,166581.95266781558,2872.4334047892867,5.0,32.0,0.0,0.0,0.0,19.376740000000012,5.0,22.7951355095409,0.0,3.0,0.0,0.0,0.0,9.646,5.076833333333332,0.0,0.0,55.956594856678635,3.021666666666667,21.569800000000015,9.646,2.811166666666667
4,165882.38368178747,3032.598815782143,4.0,35.0,0.0,0.0,0.0,0.0,24.376740000000012,22.7951355095409,0.0,22.0,0.0,0.0,0.0,9.646,5.076833333333332,0.0,0.0,55.956594856678635,3.021666666666667,21.569800000000015,9.646,2.811166666666667
