,cost,emission,grid,wood_supply,DHDC_small_heat,DHDC_medium_heat,DHDC_large_heat,wood_boiler_heat,wood_boiler_DHW,PV,SCFP,DHW_to_heat,ASHP,ASHP_DHW,GSHP_heat,GSHP_cooling,battery,DHW_storage,heat_storage,geothermal_boreholes,demand_electricity,demand_space_heating,demand_space_cooling,demand_hot_water
0,583602.5532474184,2243.1023705511907,4.0,28.0,273.13,848.75,2000.0,2000.0,2000.0,15.638355087647998,0.0,0.0,6.0,0.0,,,250.00000000000006,0.0,0.0,,2.1796666666666664,20.010313333333333,5.966800000000003,1.9945000000000002
1,12229.702643381534,2621.592190673822,5.0,21.0,0.0,0.0,0.0,16.057,0.0,10.22711891702841,0.0,1.0,5.966800000000003,1.9945,,,0.7606397979467513,0.0,0.0,,2.1796666666666664,20.010313333333333,5.966800000000003,1.9945000000000002
2,11073.870999985025,3000.0820107964346,6.0,18.0,0.0,0.0,0.0,14.018816666666666,0.0,6.777997692538422,0.0,2.0,5.966800000000003,1.9945,,,0.0,0.0,0.0,,2.1796666666666664,20.010313333333333,5.966800000000003,1.9945000000000002
3,8654.214003275436,3378.5718309190465,11.0,0.0,0.0,0.0,0.0,0.0,0.0,10.164043780514413,0.0,15.0,5.966800000000003,16.013316666666665,,,0.7396776188280345,0.0,0.0,,2.1796666666666664,20.010313333333333,5.966800000000003,1.9945000000000002
4,7715.783382633701,3757.061651041666,11.0,0.0,0.0,0.0,0.0,0.0,0.0,0.0,0.0,2.0,19.559116666666668,2.421,,,0.0,0.0,0.0,,2.1796666666666664,20.010313333333333,5.966800000000003,1.9945000000000002
