,cost,emission,grid,wood_supply,DHDC_small_heat,DHDC_medium_heat,DHDC_large_heat,wood_boiler_heat,wood_boiler_DHW,PV,SCFP,DHW_to_heat,ASHP,ASHP_DHW,GSHP_heat,GSHP_cooling,battery,DHW_storage,heat_storage,geothermal_boreholes,demand_electricity,demand_space_heating,demand_space_cooling,demand_hot_water
0,582244.8832356267,1907.2261393988097,4.0,16.0,273.13,848.75,2000.0,2000.0,2000.0,19.132749968947365,0.0,0.0,7.0,0.0,,,250.00000000000006,0.0,0.0,,2.5308333333333333,9.096580000000003,6.539499999999999,2.6493333333333333
1,11009.639656733807,2207.4765972053656,5.0,9.0,0.0,0.0,0.0,6.994833333333334,0.0,18.106860817409267,0.0,1.0,6.539499999999999,2.649333333333333,,,2.0233871749010395,0.0,0.0,,2.5308333333333333,9.096580000000003,6.539499999999999,2.6493333333333333
2,8452.94057377258,2507.7270550119038,7.0,0.0,0.0,0.0,0.0,0.0,0.0,16.631482568218143,0.0,4.0,6.539499999999999,5.190050000000004,,,1.6221306145975964,0.0,0.0,,2.5308333333333333,9.096580000000003,6.539499999999999,2.6493333333333333
3,7385.931217290183,2807.9775128184497,7.0,0.0,0.0,0.0,0.0,0.0,0.0,7.601926893173887,0.0,4.0,6.539499999999999,5.190050000000004,,,0.0,0.0,0.0,,2.5308333333333333,9.096580000000003,6.539499999999999,2.6493333333333333
4,6789.351257899281,3108.227970625,7.0,0.0,0.0,0.0,0.0,0.0,0.0,0.0,0.0,4.0,6.539499999999999,5.190050000000004,,,0.0,0.0,0.0,,2.5308333333333333,9.096580000000003,6.539499999999999,2.6493333333333333
