,cost,emission,grid,wood_supply,DHDC_small_heat,DHDC_medium_heat,DHDC_large_heat,wood_boiler_heat,wood_boiler_DHW,PV,SCFP,DHW_to_heat,ASHP,ASHP_DHW,GSHP_heat,GSHP_cooling,battery,DHW_storage,heat_storage,geothermal_boreholes,demand_electricity,demand_space_heating,demand_space_cooling,demand_hot_water
0,116167.07716550195,4694.283119480952,8.0,58.0,,,,2000.0,2000.0,34.15754355041855,0.0,0.0,14.0,0.0,,,250.00000000000006,0.0,0.0,,5.184333333333334,41.622899999999994,13.128440000000007,3.9591666666666665
1,23743.56634302056,5488.6396080482045,9.0,41.0,,,,32.4945,0.0,22.769044925872596,0.0,2.0,13.128440000000007,3.9591666666666665,,,2.041582005219956,0.0,0.0,,5.184333333333334,41.622899999999994,13.128440000000007,3.9591666666666665
2,21295.652090547454,6282.996096615468,11.0,36.0,,,,28.480793333333324,0.0,14.759693997627098,0.0,4.0,13.128440000000007,3.9591666666666665,,,0.0,0.0,0.0,,5.184333333333334,41.622899999999994,13.128440000000007,3.9591666666666665
3,17899.324141305795,7077.352585182735,22.0,0.0,,,,0.0,0.0,20.309099773020602,0.0,30.0,13.787666666666667,31.78073333333333,,,1.2702137104219315,0.0,0.0,,5.184333333333334,41.622899999999994,13.128440000000007,3.9591666666666665
4,16154.87654411743,7871.70907375,22.0,0.0,,,,0.0,0.0,0.0,0.0,4.0,41.0984,4.470000000000001,,,0.0,0.0,0.0,,5.184333333333334,41.622899999999994,13.128440000000007,3.9591666666666665
