,cost,emission,grid,wood_supply,DHDC_small_heat,DHDC_medium_heat,DHDC_large_heat,wood_boiler_heat,wood_boiler_DHW,PV,SCFP,DHW_to_heat,ASHP,ASHP_DHW,GSHP_heat,GSHP_cooling,battery,DHW_storage,heat_storage,geothermal_boreholes,demand_electricity,demand_space_heating,demand_space_cooling,demand_hot_water
0,115521.56452306049,4387.527951261454,5.0,50.0,,,,2000.0,2000.0,32.59265239873616,0.0,0.0,0.0,4.0,0.0,0.0,250.00000000000006,0.0,0.0,62.814856679115316,4.0815,35.05375999999998,0.0,3.9305000000000003
1,22819.709687638504,5178.878174904426,6.0,44.0,,,,35.04036666666664,0.013060000000000588,18.495271878130833,0.0,2.0,0.0,3.9174399999999996,0.0,0.0,0.8708118003760446,0.0,0.0,62.814856679115316,4.0815,35.05375999999998,0.0,3.9305000000000003
2,20614.510659504922,5970.228398547391,9.0,37.0,,,,29.520626212335657,0.0,13.963759879806508,0.0,9.0,0.0,9.450240454330993,0.0,0.0,0.0,0.0,0.0,62.814856679115316,4.0815,35.05375999999998,0.0,3.9305000000000003
3,17320.957202949463,6761.578622190357,19.0,0.0,,,,0.0,0.0,21.003168430270435,0.0,36.0,0.0,38.970866666666645,0.0,0.0,1.6454593291797146,0.0,0.0,62.814856679115316,4.0815,35.05375999999998,0.0,3.9305000000000003
4,15392.0710690978,7552.928845833335,19.0,0.0,,,,0.0,0.0,0.0,0.0,36.0,0.0,38.970866666666645,0.0,0.0,0.0,0.0,0.0,62.814856679115316,4.0815,35.05375999999998,0.0,3.9305000000000003
