,cost,emission,grid,wood_supply,DHDC_small_heat,DHDC_medium_heat,DHDC_large_heat,wood_boiler_heat,wood_boiler_DHW,PV,SCFP,DHW_to_heat,ASHP,ASHP_DHW,GSHP_heat,GSHP_cooling,battery,DHW_storage,heat_storage,geothermal_boreholes,demand_electricity,demand_space_heating,demand_space_cooling,demand_hot_water
0,2184852.815132662,3860.428299355357,4.0,43.0,273.13,848.75,2000.0,2000.0,2000.0,17.415626728482838,0.0,0.0,0.0,0.0,0.0,0.0,250.00000000000006,0.0,0.0,52.19093870993799,3.0246666666666666,30.845339999999993,0.0,2.9726666666666666
1,1186458.3262762036,4207.52655851527,4.0,24.0,50.0,0.0,0.0,19.052122344315976,0.0,17.415626728482838,0.0,12.0,0.0,5.0516000000000005,0.0,0.0,2.7357083333333323,0.0,0.0,52.19093870993799,3.0246666666666666,30.845339999999993,0.0,2.9726666666666666
2,860939.8416772815,4554.624817675178,4.0,13.0,50.0,0.0,0.0,9.699621651967243,0.0,17.415626728482838,0.0,22.0,0.0,5.0516000000000005,0.0,0.0,2.7357083333333323,0.0,0.0,52.19093870993799,3.0246666666666666,30.845339999999993,0.0,2.9726666666666666
3,535496.77560697,4901.723076834991,4.0,7.0,50.0,0.0,0.0,5.0,0.0,17.415626728482838,0.0,31.0,0.0,5.0516000000000005,0.0,0.0,2.7357083333333323,0.0,0.0,52.19093870993799,3.0246666666666666,30.845339999999993,0.0,2.9726666666666666
4,212042.18730330674,5248.8213359950005,4.0,0.0,50.0,0.0,0.0,0.0,0.0,17.415626728482838,0.0,31.0,0.0,0.0,0.0,0.0,3.6966666666666663,0.0,0.0,52.19093870993799,3.0246666666666666,30.845339999999993,0.0,2.9726666666666666
