,cost,emission,grid,wood_supply,DHDC_small_heat,DHDC_medium_heat,DHDC_large_heat,wood_boiler_heat,wood_boiler_DHW,PV,SCFP,DHW_to_heat,ASHP,ASHP_DHW,GSHP_heat,GSHP_cooling,battery,DHW_storage,heat_storage,geothermal_boreholes,demand_electricity,demand_space_heating,demand_space_cooling,demand_hot_water
0,114254.40351851122,4614.271631076486,7.0,55.0,,,,2000.0,2000.0,27.381880277850183,0.0,0.0,13.0,0.0,,,250.00000000000006,0.0,0.0,,4.723000000000001,38.82464666666667,12.832499999999994,3.9906666666666673
1,21977.473934733316,5303.337938411522,9.0,38.0,,,,29.8295,0.0,19.560741395834395,0.0,2.0,12.832499999999994,3.990666666666667,,,0.8425744170333901,0.0,0.0,,4.723000000000001,38.82464666666667,12.832499999999994,3.9906666666666673
2,19921.123081846265,5992.404245746578,11.0,33.0,,,,25.970646666666674,0.0,14.525695931912312,0.0,3.0,12.832499999999994,3.990666666666667,,,0.0,0.0,0.0,,4.723000000000001,38.82464666666667,12.832499999999994,3.9906666666666673
3,16741.23567567078,6681.470553081622,21.0,0.0,,,,0.0,0.0,18.429479123543764,0.0,19.0,21.34166666666667,21.452146666666668,,,0.5222290415603601,0.0,0.0,,4.723000000000001,38.82464666666667,12.832499999999994,3.9906666666666673
4,15129.229196271823,7370.536860416665,21.0,0.0,,,,0.0,0.0,0.0,0.0,6.0,36.66464666666667,6.129166666666666,,,0.0,0.0,0.0,,4.723000000000001,38.82464666666667,12.832499999999994,3.9906666666666673
