,cost,emission,grid,wood_supply,DHDC_small_heat,DHDC_medium_heat,DHDC_large_heat,wood_boiler_heat,wood_boiler_DHW,PV,SCFP,DHW_to_heat,ASHP,ASHP_DHW,GSHP_heat,GSHP_cooling,battery,DHW_storage,heat_storage,geothermal_boreholes,demand_electricity,demand_space_heating,demand_space_cooling,demand_hot_water
0,1037120.1840798106,7676.773812321429,8.0,84.0,273.13,848.75,2000.0,2000.0,2000.0,52.84496233220642,0.0,0.0,0.0,0.0,0.0,0.0,250.00000000000006,0.0,0.0,76.9914736325445,7.615333333333335,58.46746666666667,0.0,6.986999999999999
1,478685.55040692125,7677.001321830357,8.0,84.0,0.0,0.0,0.0,58.466966666666664,6.986999999999999,52.84496233220642,0.0,1.0,0.0,0.0,0.0,0.0,11.729499999999998,0.0,0.0,76.9914736325445,7.615333333333335,58.46746666666667,0.0,6.986999999999999
2,478122.7131859119,8811.616167129465,8.0,28.0,50.0,0.0,0.0,22.129937447517026,0.0,52.84496233220642,0.0,37.0,0.0,0.0,0.0,0.0,11.895,0.0,0.0,76.9914736325445,7.615333333333335,58.46746666666667,0.0,6.986999999999999
3,475300.7489009347,9379.037344533408,8.0,20.0,50.0,0.0,0.0,15.453966666666663,0.0,52.84496233220642,0.0,44.0,0.0,0.0,0.0,0.0,11.895,0.0,0.0,76.9914736325445,7.615333333333335,58.46746666666667,0.0,6.986999999999999
4,472587.8281703792,9946.458521937497,8.0,20.0,50.0,0.0,0.0,15.453966666666663,0.0,52.84496233220642,0.0,46.0,0.0,0.0,0.0,0.0,11.729499999999998,0.0,0.0,76.9914736325445,7.615333333333335,58.46746666666667,0.0,6.986999999999999
