,cost,emission,grid,wood_supply,DHDC_small_heat,DHDC_medium_heat,DHDC_large_heat,wood_boiler_heat,wood_boiler_DHW,PV,SCFP,DHW_to_heat,ASHP,ASHP_DHW,GSHP_heat,GSHP_cooling,battery,DHW_storage,heat_storage,geothermal_boreholes,demand_electricity,demand_space_heating,demand_space_cooling,demand_hot_water
0,611747.6727235899,7588.7774468541675,13.0,91.0,273.13,848.75,2000.0,2000.0,2000.0,51.68443139230115,0.0,0.0,27.0,0.0,,,250.00000000000006,0.0,0.0,,8.216166666666668,64.93573333333333,26.05212666666667,6.7596066666666665
1,37794.00835044085,8761.253671130227,15.0,59.0,0.0,0.0,0.0,46.71549999999999,0.0,39.09773668070999,0.0,1.0,26.05212666666667,6.7596066666666665,,,2.697316994983958,0.0,0.0,,8.216166666666668,64.93573333333333,26.05212666666667,6.7596066666666665
2,34163.81765147616,9933.729895406264,19.0,49.0,0.0,0.0,0.0,38.88310666666666,0.0,26.29672375768303,0.0,6.0,26.05212666666667,6.7596066666666665,,,0.0,0.0,0.0,,8.216166666666668,64.93573333333333,26.05212666666667,6.7596066666666665
3,29703.887077425876,11106.206119682303,35.0,0.0,0.0,0.0,0.0,0.0,0.0,29.456090561360448,0.0,41.0,26.05212666666667,45.642713333333326,,,0.0,0.0,0.0,,8.216166666666668,64.93573333333333,26.05212666666667,6.7596066666666665
4,27418.445476714587,12278.682343958335,35.0,0.0,0.0,0.0,0.0,0.0,0.0,0.0,0.0,41.0,26.05212666666667,45.642713333333326,,,0.0,0.0,0.0,,8.216166666666668,64.93573333333333,26.05212666666667,6.7596066666666665
