,cost,emission,grid,wood_supply,DHDC_small_heat,DHDC_medium_heat,DHDC_large_heat,wood_boiler_heat,wood_boiler_DHW,PV,SCFP,DHW_to_heat,ASHP,ASHP_DHW,GSHP_heat,GSHP_cooling,battery,DHW_storage,heat_storage,geothermal_boreholes,demand_electricity,demand_space_heating,demand_space_cooling,demand_hot_water
0,993945.4174853332,5934.960628370238,10.0,70.0,273.13,848.75,2000.0,2000.0,2000.0,38.216681651009104,0.0,0.0,18.0,0.0,,,250.00000000000006,0.0,0.0,,6.7197,50.07874000000002,17.46289333333333,5.052333333333333
1,430500.3860040341,5934.960628370238,10.0,70.0,0.0,0.0,0.0,50.07874000000002,5.052333333333333,38.216681651009104,0.0,0.0,17.46289333333333,0.0,,,9.229166666666668,0.0,0.0,,6.7197,50.07874000000002,17.46289333333333,5.052333333333333
2,430500.386004034,5934.960628370238,10.0,70.0,0.0,0.0,0.0,50.07874000000002,5.052333333333333,38.216681651009104,0.0,0.0,17.46289333333333,0.0,,,9.229166666666668,0.0,0.0,,6.7197,50.07874000000002,17.46289333333333,5.052333333333333
3,429861.0610864162,7167.122968341301,10.0,9.0,50.0,0.0,0.0,6.649316975833211,0.0,38.216681651009104,0.0,44.0,17.46289333333333,0.0,,,9.229166666666668,0.0,0.0,,6.7197,50.07874000000002,17.46289333333333,5.052333333333333
4,426968.3665820003,7577.843748331667,10.0,0.0,54.83712,0.0,0.0,0.0,0.0,38.216681651009104,0.0,50.0,17.46289333333333,0.0,,,9.229166666666668,0.0,0.0,,6.7197,50.07874000000002,17.46289333333333,5.052333333333333
