,cost,emission,grid,wood_supply,DHDC_small_heat,DHDC_medium_heat,DHDC_large_heat,wood_boiler_heat,wood_boiler_DHW,PV,SCFP,DHW_to_heat,ASHP,ASHP_DHW,GSHP_heat,GSHP_cooling,battery,DHW_storage,heat_storage,geothermal_boreholes,demand_electricity,demand_space_heating,demand_space_cooling,demand_hot_water
0,290773.89999226044,4387.527951261454,5.0,50.0,,,,2000.0,2000.0,32.59265239873616,0.0,0.0,0.0,4.0,0.0,0.0,250.00000000000006,0.0,0.0,62.814856679115316,4.0815,35.05375999999998,0.0,3.9305000000000003
1,221529.48881405787,4388.116249943586,5.0,50.0,,,,35.04596666550014,5.0,32.59265239873616,0.0,1.0,0.0,0.5793790102812897,0.0,0.0,7.133258745716132,0.0,0.0,62.814856679115316,4.0815,35.05375999999998,0.0,3.9305000000000003
2,221512.79197136703,4388.7045486257475,5.0,50.0,,,,33.970866666666645,5.0,32.59265239873616,0.0,2.0,0.0,0.5793790102812887,0.0,0.0,7.13325874571613,0.0,0.0,62.814856679115316,4.0815,35.05375999999998,0.0,3.9305000000000003
3,221512.22465119042,4389.292847307877,5.0,50.0,,,,33.970866666666645,5.0,32.59265239873616,0.0,2.0,0.0,0.5719977842049039,0.0,0.0,7.055986535228991,0.0,0.0,62.814856679115316,4.0815,35.05375999999998,0.0,3.9305000000000003
4,221511.9001206649,4389.881145990025,5.0,50.0,,,,33.970866666666645,5.0,32.59265239873616,0.0,2.0,0.0,0.5577196801377462,0.0,0.0,6.9122834666092725,0.0,0.0,62.814856679115316,4.0815,35.05375999999998,0.0,3.9305000000000003
