,cost,emission,grid,wood_supply,DHDC_small_heat,DHDC_medium_heat,DHDC_large_heat,wood_boiler_heat,wood_boiler_DHW,PV,SCFP,DHW_to_heat,ASHP,ASHP_DHW,GSHP_heat,GSHP_cooling,battery,DHW_storage,heat_storage,geothermal_boreholes,demand_electricity,demand_space_heating,demand_space_cooling,demand_hot_water
0,584805.6249451411,2224.757718610491,3.0,25.0,273.13,848.75,2000.0,2000.0,2000.0,13.57258630715539,0.0,0.0,0.0,0.0,10.0,8.0,250.00000000000006,0.0,0.0,49.50081041500877,1.8226666666666667,17.420799999999996,7.345593333333333,1.8571666666666669
1,12261.482298709068,2611.686264312947,4.0,22.0,0.0,0.0,0.0,17.131811457661172,0.0,6.909046075935657,0.0,1.0,0.0,1.8571666666666666,0.24732187567215552,7.345593333333333,0.0,0.0,0.0,49.50081041500877,1.8226666666666667,17.420799999999996,7.345593333333333,1.8571666666666669
2,11236.312555460161,2998.6148100154005,4.0,18.0,0.0,0.0,0.0,14.283027883131165,0.0,5.97483246673837,0.0,5.0,0.0,4.70595024119668,0.24732187567215272,7.345593333333333,0.0,0.0,0.0,49.50081041500877,1.8226666666666667,17.420799999999996,7.345593333333333,1.8571666666666669
3,8925.564216881421,3385.5433557178576,9.0,1.0,0.0,0.0,0.0,0.0,0.0,11.29894452969627,0.0,18.0,0.0,18.98762710580606,0.24867289419381802,7.345593333333333,1.0676096396039552,0.0,0.0,49.50081041500877,1.8226666666666667,17.420799999999996,7.345593333333333,1.8571666666666669
4,7741.110025899052,3772.471901420318,10.0,0.0,0.0,0.0,0.0,0.0,0.0,0.0,0.0,18.0,0.0,18.988978124329588,0.24732187567040761,7.345593333333333,0.0,0.0,0.0,49.50081041500877,1.8226666666666667,17.420799999999996,7.345593333333333,1.8571666666666669
