,cost,emission,grid,wood_supply,DHDC_small_heat,DHDC_medium_heat,DHDC_large_heat,wood_boiler_heat,wood_boiler_DHW,PV,SCFP,DHW_to_heat,ASHP,ASHP_DHW,GSHP_heat,GSHP_cooling,battery,DHW_storage,heat_storage,geothermal_boreholes,demand_electricity,demand_space_heating,demand_space_cooling,demand_hot_water
0,103284.94902818755,2228.5377237773805,3.0,28.0,,,,2000.0,2000.0,14.44476964367224,0.0,0.0,6.0,0.0,,,250.00000000000006,0.0,0.0,,2.1738333333333335,19.761459999999996,5.196159999999996,1.8996666666666666
1,12061.950780979209,2602.2243883017863,4.0,20.0,,,,15.43321151523334,0.0,9.137495234186996,0.0,1.0,5.196159999999996,1.8996666666666666,,,0.49322491314995276,0.0,0.0,,2.1738333333333335,19.761459999999996,5.196159999999996,1.8996666666666666
2,10970.510657998208,2975.9110528261845,5.0,19.0,,,,14.539133333333332,0.0,6.555734587290864,0.0,2.0,5.196159999999996,1.8996666666666666,,,0.0,0.0,0.0,,2.1738333333333335,19.761459999999996,5.196159999999996,1.8996666666666666
3,8580.853054056286,3349.597717350595,11.0,0.0,,,,0.0,0.0,10.06357374765971,0.0,10.0,10.9555,10.679459999999994,,,0.7905450654718245,0.0,0.0,,2.1738333333333335,19.761459999999996,5.196159999999996,1.8996666666666666
4,7643.044520320279,3723.284381875,11.0,0.0,,,,0.0,0.0,0.0,0.0,6.0,15.917833333333334,5.71712666666666,,,0.0,0.0,0.0,,2.1738333333333335,19.761459999999996,5.196159999999996,1.8996666666666666
