,cost,emission,grid,wood_supply,DHDC_small_heat,DHDC_medium_heat,DHDC_large_heat,wood_boiler_heat,wood_boiler_DHW,PV,SCFP,DHW_to_heat,ASHP,ASHP_DHW,GSHP_heat,GSHP_cooling,battery,DHW_storage,heat_storage,geothermal_boreholes,demand_electricity,demand_space_heating,demand_space_cooling,demand_hot_water
0,1602371.0472176329,2554.178284558333,4.0,34.0,273.13,848.75,2000.0,2000.0,2000.0,15.48240108227495,0.0,0.0,7.0,0.0,,,250.00000000000006,0.0,0.0,,2.3065,24.32036666666666,6.866640000000001,1.9891666666666665
1,759075.6897526572,2774.4395836183207,4.0,19.0,50.0,0.0,0.0,14.555028734202143,0.0,15.48240108227495,0.0,10.0,6.866640000000001,1.9486666666666665,,,3.1597083333333327,0.0,0.0,,2.3065,24.32036666666666,6.866640000000001,1.9891666666666665
2,552482.8868613446,2994.7008826783285,4.0,9.0,50.0,0.0,0.0,7.042137841527718,0.0,15.48240108227495,0.0,18.0,6.866640000000001,1.9486666666666665,,,3.1597083333333327,0.0,0.0,,2.3065,24.32036666666666,6.866640000000001,1.9891666666666665
3,345978.7594205208,3214.962181738344,4.0,7.0,50.0,0.0,0.0,5.0,0.0,15.48240108227495,0.0,23.0,6.866640000000001,1.9486666666666665,,,3.1597083333333327,0.0,0.0,,2.3065,24.32036666666666,6.866640000000001,1.9891666666666665
4,141912.24062112073,3435.223480798334,4.0,0.0,50.0,0.0,0.0,0.0,0.0,15.48240108227495,0.0,25.0,6.866640000000001,0.0,,,3.8328333333333324,0.0,0.0,,2.3065,24.32036666666666,6.866640000000001,1.9891666666666665
