,cost,emission,grid,wood_supply,DHDC_small_heat,DHDC_medium_heat,DHDC_large_heat,wood_boiler_heat,wood_boiler_DHW,PV,SCFP,DHW_to_heat,ASHP,ASHP_DHW,GSHP_heat,GSHP_cooling,battery,DHW_storage,heat_storage,geothermal_boreholes,demand_electricity,demand_space_heating,demand_space_cooling,demand_hot_water
0,97759.56039450488,1156.0659040065475,3.0,10.0,,,,2000.0,2000.0,11.199912046172978,0.0,0.0,4.0,0.0,,,250.00000000000006,0.0,0.0,,1.5730799999999991,6.229733333333333,3.9623333333333335,1.534
1,7187.368253115083,1329.4386593590814,3.0,7.0,,,,5.0,0.0,10.673108217641687,0.0,1.0,3.9623333333333335,1.534,,,1.1262135628297654,0.0,0.0,,1.5730799999999991,6.229733333333333,3.9623333333333335,1.534
2,5023.044026711259,1502.8114147116073,5.0,0.0,,,,0.0,0.0,9.647774152536863,0.0,3.0,3.9623333333333335,3.7858699999999996,,,0.8440374127170704,0.0,0.0,,1.5730799999999991,6.229733333333333,3.9623333333333335,1.534
3,4415.008442232717,1676.1841700641364,5.0,0.0,,,,0.0,0.0,4.4255852158866,0.0,3.0,3.9623333333333335,3.7858699999999996,,,0.0,0.0,0.0,,1.5730799999999991,6.229733333333333,3.9623333333333335,1.534
4,4063.585245474305,1849.5569254166667,5.0,0.0,,,,0.0,0.0,0.0,0.0,3.0,3.9623333333333335,3.7858699999999996,,,0.0,0.0,0.0,,1.5730799999999991,6.229733333333333,3.9623333333333335,1.534
