,cost,emission,grid,wood_supply,DHDC_small_heat,DHDC_medium_heat,DHDC_large_heat,wood_boiler_heat,wood_boiler_DHW,PV,SCFP,DHW_to_heat,ASHP,ASHP_DHW,GSHP_heat,GSHP_cooling,battery,DHW_storage,heat_storage,geothermal_boreholes,demand_electricity,demand_space_heating,demand_space_cooling,demand_hot_water
0,925755.453968189,6111.285611675001,6.0,67.0,273.13,848.75,2000.0,2000.0,2000.0,38.60885250417156,0.0,0.0,0.0,0.0,0.0,0.0,250.00000000000006,0.0,0.0,67.0261967529201,5.790166666666667,47.4266,0.0,5.242500000000001
1,363435.78181868576,6111.634510226786,6.0,67.0,0.0,0.0,0.0,47.41840333333333,5.2425,38.60885250417156,0.0,1.0,0.0,0.0,0.0,0.0,8.5045,0.0,0.0,67.0261967529201,5.790166666666667,47.4266,0.0,5.242500000000001
2,363435.7818186857,6111.634510226786,6.0,67.0,0.0,0.0,0.0,47.41840333333333,5.2425,38.60885250417156,0.0,1.0,0.0,0.0,0.0,0.0,8.504499999999997,0.0,0.0,67.0261967529201,5.790166666666667,47.4266,0.0,5.242500000000001
3,361575.881048242,7597.713382624354,6.0,9.0,50.0,0.0,0.0,6.71843465467593,0.0,38.60885250417156,0.0,41.0,0.0,0.0,0.0,0.0,8.681333333333331,0.0,0.0,67.0261967529201,5.790166666666667,47.4266,0.0,5.242500000000001
4,357902.9290574939,8093.189306274166,6.0,0.0,52.51780333333333,0.0,0.0,0.0,0.0,38.60885250417156,0.0,48.0,0.0,0.143100000000004,0.0,0.0,8.504499999999997,0.0,0.0,67.0261967529201,5.790166666666667,47.4266,0.0,5.242500000000001
