,cost,emission,grid,wood_supply,DHDC_small_heat,DHDC_medium_heat,DHDC_large_heat,wood_boiler_heat,wood_boiler_DHW,PV,SCFP,DHW_to_heat,ASHP,ASHP_DHW,GSHP_heat,GSHP_cooling,battery,DHW_storage,heat_storage,geothermal_boreholes,demand_electricity,demand_space_heating,demand_space_cooling,demand_hot_water
0,591590.3150441423,3531.550417335714,4.0,45.0,273.13,848.75,2000.0,2000.0,2000.0,29.58652894388787,0.0,0.0,11.0,0.0,,,250.00000000000006,0.0,0.0,,3.7135000000000002,32.31763333333334,10.214600000000003,2.8798333333333335
1,19387.729094466726,4189.319898418456,7.0,33.0,0.0,0.0,0.0,26.10583333333333,0.0,17.848075130518737,0.0,1.0,10.214600000000003,2.879833333333333,,,1.8540060790720863,0.0,0.0,,3.7135000000000002,32.31763333333334,10.214600000000003,2.8798333333333335
2,17287.081901313533,4847.089379501197,9.0,28.0,0.0,0.0,0.0,22.077503333333333,0.0,10.513309560827118,0.0,3.0,10.214600000000003,2.879833333333333,,,0.0,0.0,0.0,,3.7135000000000002,32.31763333333334,10.214600000000003,2.8798333333333335
3,14325.878593161378,5504.858860583924,17.0,0.0,0.0,0.0,0.0,0.0,0.0,17.59832428651647,0.0,18.0,15.891666666666666,19.280270000000005,,,1.769132036312473,0.0,0.0,,3.7135000000000002,32.31763333333334,10.214600000000003,2.8798333333333335
4,12635.892120190307,6162.628341666665,17.0,0.0,0.0,0.0,0.0,0.0,0.0,0.0,0.0,5.0,30.255103333333338,4.916833333333333,,,0.0,0.0,0.0,,3.7135000000000002,32.31763333333334,10.214600000000003,2.8798333333333335
