,cost,emission,grid,wood_supply,DHDC_small_heat,DHDC_medium_heat,DHDC_large_heat,wood_boiler_heat,wood_boiler_DHW,PV,SCFP,DHW_to_heat,ASHP,ASHP_DHW,GSHP_heat,GSHP_cooling,battery,DHW_storage,heat_storage,geothermal_boreholes,demand_electricity,demand_space_heating,demand_space_cooling,demand_hot_water
0,3055653.3429052867,7690.350112638691,15.0,60.0,273.13,848.75,2000.0,2000.0,2000.0,30.613618091137596,0.0,0.0,25.0,0.0,,,250.00000000000006,0.0,0.0,,11.392333333333333,44.3127,24.18950000000001,3.3306066666666663
1,1986235.0559704027,8109.426919650457,15.0,33.0,50.0,0.0,0.0,26.14879814403852,0.0,30.613618091137596,0.0,19.0,24.18950000000001,2.8038799999999995,,,5.918777777777779,0.0,0.0,,11.392333333333333,44.3127,24.18950000000001,3.3306066666666663
2,1593186.654778926,8528.50372666229,15.0,17.0,50.0,0.0,0.0,13.227186016369627,0.0,30.613618091137596,0.0,32.0,24.18950000000001,2.8038799999999995,,,5.918777777777779,0.0,0.0,,11.392333333333333,44.3127,24.18950000000001,3.3306066666666663
3,1200225.6736129578,8947.580533674081,15.0,8.0,50.0,0.0,0.0,5.698874609498889,0.0,30.613618091137607,0.0,39.0,24.18950000000001,2.8038799999999995,,,5.918777777777782,0.0,0.0,,11.392333333333333,44.3127,24.18950000000001,3.3306066666666663
4,807106.1245063948,9366.657340685833,15.0,0.0,50.0,0.0,0.0,0.0,0.0,30.613618091137596,0.0,45.0,24.18950000000001,0.0,,,6.921833333333334,0.0,0.0,,11.392333333333333,44.3127,24.18950000000001,3.3306066666666663
