,cost,emission,grid,wood_supply,DHDC_small_heat,DHDC_medium_heat,DHDC_large_heat,wood_boiler_heat,wood_boiler_DHW,PV,SCFP,DHW_to_heat,ASHP,ASHP_DHW,GSHP_heat,GSHP_cooling,battery,DHW_storage,heat_storage,geothermal_boreholes,demand_electricity,demand_space_heating,demand_space_cooling,demand_hot_water
0,213971.44704221634,1928.3703397380953,3.0,23.0,,,,2000.0,2000.0,12.23667838807911,0.0,0.0,5.0,0.0,,,250.00000000000006,0.0,0.0,,1.8925,16.5159,4.28634,1.3843333333333334
1,127228.8350255195,1931.745255745238,3.0,24.0,,,,12.864703333333331,5.0,12.23667838807911,0.0,4.0,4.28634,0.0,,,2.8315000000000006,0.0,0.0,,1.8925,16.5159,4.28634,1.3843333333333334
2,127228.8350255195,1931.745255745238,3.0,24.0,,,,12.864703333333331,5.0,12.23667838807911,0.0,4.0,4.28634,0.0,,,2.8315000000000006,0.0,0.0,,1.8925,16.5159,4.28634,1.3843333333333334
3,127228.83502551947,1931.745255745238,3.0,24.0,,,,12.864703333333331,5.0,12.23667838807911,0.0,4.0,4.28634,0.0,,,2.8315000000000006,0.0,0.0,,1.8925,16.5159,4.28634,1.3843333333333334
4,126278.66929234854,2047.574319166667,3.0,26.0,,,,0.0,17.86470333333333,12.23667838807911,0.0,17.0,4.28634,0.0,,,2.8315000000000006,0.0,0.0,,1.8925,16.5159,4.28634,1.3843333333333334
