,cost,emission,grid,wood_supply,DHDC_small_heat,DHDC_medium_heat,DHDC_large_heat,wood_boiler_heat,wood_boiler_DHW,PV,SCFP,DHW_to_heat,ASHP,ASHP_DHW,GSHP_heat,GSHP_cooling,battery,DHW_storage,heat_storage,geothermal_boreholes,demand_electricity,demand_space_heating,demand_space_cooling,demand_hot_water
0,582186.5682082894,1863.91351895,3.0,24.0,273.13,848.75,2000.0,2000.0,2000.0,14.146933886119715,0.0,0.0,5.0,0.0,,,250.00000000000006,0.0,0.0,,1.7634699999999999,16.66086666666667,4.682539999999997,1.5735000000000001
1,10865.83902602314,2199.4534424416697,3.0,18.0,0.0,0.0,0.0,13.904166666666665,0.0,8.056146188721433,0.0,1.0,4.682539999999997,1.5735000000000001,,,0.5538152677547481,0.0,0.0,,1.7634699999999999,16.66086666666667,4.682539999999997,1.5735000000000001
2,9823.224761922867,2534.993365933327,5.0,15.0,0.0,0.0,0.0,11.94149333333334,0.0,5.017733846714049,0.0,2.0,4.682539999999997,1.5735000000000001,,,0.0,0.0,0.0,,1.7634699999999999,16.66086666666667,4.682539999999997,1.5735000000000001
3,7621.669426737065,2870.5332894249987,9.0,0.0,0.0,0.0,0.0,0.0,0.0,9.861427051779872,0.0,13.0,4.682539999999997,13.51499333333334,,,1.024717124610377,0.0,0.0,,1.7634699999999999,16.66086666666667,4.682539999999997,1.5735000000000001
4,6571.457106499699,3206.0732129166668,9.0,0.0,0.0,0.0,0.0,0.0,0.0,0.0,0.0,2.0,16.148700000000005,2.048833333333333,,,0.0,0.0,0.0,,1.7634699999999999,16.66086666666667,4.682539999999997,1.5735000000000001
