,cost,emission,grid,wood_supply,DHDC_small_heat,DHDC_medium_heat,DHDC_large_heat,wood_boiler_heat,wood_boiler_DHW,PV,SCFP,DHW_to_heat,ASHP,ASHP_DHW,GSHP_heat,GSHP_cooling,battery,DHW_storage,heat_storage,geothermal_boreholes,demand_electricity,demand_space_heating,demand_space_cooling,demand_hot_water
0,1764184.2326654058,2992.2251129125,4.0,38.0,273.13,848.75,2000.0,2000.0,2000.0,20.44836588979076,0.0,0.0,10.0,0.0,,,250.00000000000006,0.0,0.0,,2.721833333333333,27.249633333333332,9.575343333333334,2.5708333333333333
1,870664.2444057879,3243.420385885005,4.0,22.0,50.0,0.0,0.0,17.047643303921863,0.0,20.44836588979076,0.0,11.0,9.575343333333334,2.515106666666666,,,3.8639861111111102,0.0,0.0,,2.721833333333333,27.249633333333332,9.575343333333334,2.5708333333333333
2,635047.3318066874,3494.6156588575013,4.0,10.0,50.0,0.0,0.0,7.876935829935913,0.0,20.44836588979076,0.0,20.0,9.575343333333334,2.515106666666666,,,3.8639861111111102,0.0,0.0,,2.721833333333333,27.249633333333332,9.575343333333334,2.5708333333333333
3,399532.4349686551,3745.8109318299457,4.0,7.0,50.0,0.0,0.0,5.0,0.0,20.44836588979076,0.0,28.0,9.575343333333334,2.515106666666666,,,3.8639861111111102,0.0,0.0,,2.721833333333333,27.249633333333332,9.575343333333334,2.5708333333333333
4,168493.06837404857,3997.0062048024997,4.0,0.0,50.0,0.0,0.0,0.0,0.0,20.44836588979076,0.0,28.0,9.575343333333334,0.0,,,4.735166666666665,0.0,0.0,,2.721833333333333,27.249633333333332,9.575343333333334,2.5708333333333333
