,cost,emission,grid,wood_supply,DHDC_small_heat,DHDC_medium_heat,DHDC_large_heat,wood_boiler_heat,wood_boiler_DHW,PV,SCFP,DHW_to_heat,ASHP,ASHP_DHW,GSHP_heat,GSHP_cooling,battery,DHW_storage,heat_storage,geothermal_boreholes,demand_electricity,demand_space_heating,demand_space_cooling,demand_hot_water
0,2709712.98568369,5934.960628370238,10.0,70.0,273.13,848.75,2000.0,2000.0,2000.0,38.216681651009104,0.0,0.0,18.0,0.0,,,250.00000000000006,0.0,0.0,,6.7197,50.07874000000002,17.46289333333333,5.052333333333333
1,1575800.5974958364,6345.68140836061,10.0,44.0,50.0,0.0,0.0,35.15004736327226,0.0,38.216681651009104,0.0,15.0,17.46289333333333,4.996666666666666,,,7.468402777777779,0.0,0.0,,6.7197,50.07874000000002,17.46289333333333,5.052333333333333
2,1190475.4975842494,6756.402188350948,10.0,20.0,50.0,0.0,0.0,15.468871333306705,0.0,38.216681651009104,0.0,35.0,17.46289333333333,4.996666666666666,,,7.468402777777779,0.0,0.0,,6.7197,50.07874000000002,17.46289333333333,5.052333333333333
3,805308.3534176387,7167.122968341315,10.0,7.0,50.0,0.0,0.0,5.5326345065441025,0.0,38.216681651009104,0.0,45.0,17.46289333333333,4.996666666666666,,,7.468402777777779,0.0,0.0,,6.7197,50.07874000000002,17.46289333333333,5.052333333333333
4,426968.3665820003,7577.8437483316675,10.0,0.0,54.83712,0.0,0.0,0.0,0.0,38.216681651009104,0.0,50.0,17.46289333333333,0.0,,,9.229166666666668,0.0,0.0,,6.7197,50.07874000000002,17.46289333333333,5.052333333333333
