,cost,emission,grid,wood_supply,DHDC_small_heat,DHDC_medium_heat,DHDC_large_heat,wood_boiler_heat,wood_boiler_DHW,PV,SCFP,DHW_to_heat,ASHP,ASHP_DHW,GSHP_heat,GSHP_cooling,battery,DHW_storage,heat_storage,geothermal_boreholes,demand_electricity,demand_space_heating,demand_space_cooling,demand_hot_water
0,119322.9960830773,1022.2704354464288,1.0,12.0,,,,2000.0,2000.0,7.7078565407427,0.0,0.0,0.0,0.0,0.0,0.0,250.00000000000006,0.0,0.0,45.39549957851989,0.9065,8.416999999999996,0.0,0.798
1,41177.98068033476,1024.6569078125,1.0,12.0,,,,6.640499999999998,5.0,7.7078565407427,0.0,2.0,0.0,0.0,0.0,0.0,1.9735,0.0,0.0,45.39549957851989,0.9065,8.416999999999996,0.0,0.798
2,41177.98068033477,1024.6569078125003,1.0,12.0,,,,6.640499999999998,5.0,7.7078565407427,0.0,2.0,0.0,0.0,0.0,0.0,1.9735,0.0,0.0,45.39549957851989,0.9065,8.416999999999996,0.0,0.798
3,41177.98068033475,1024.6569078125,1.0,12.0,,,,6.640499999999998,5.0,7.7078565407427,0.0,2.0,0.0,0.0,0.0,0.0,1.9735000000000007,0.0,0.0,45.39549957851989,0.9065,8.416999999999996,0.0,0.798
4,39998.22880202358,1106.9205847767857,1.0,14.0,,,,0.0,9.180833333333329,7.7078565407427,0.0,9.0,0.0,0.0,0.0,0.0,1.9735,0.0,0.0,45.39549957851989,0.9065,8.416999999999996,0.0,0.798
