,cost,emission,grid,wood_supply,DHDC_small_heat,DHDC_medium_heat,DHDC_large_heat,wood_boiler_heat,wood_boiler_DHW,PV,SCFP,DHW_to_heat,ASHP,ASHP_DHW,GSHP_heat,GSHP_cooling,battery,DHW_storage,heat_storage,geothermal_boreholes,demand_electricity,demand_space_heating,demand_space_cooling,demand_hot_water
0,584969.0887743089,3412.321351185119,8.0,14.0,273.13,848.75,2000.0,2000.0,2000.0,26.788029536838888,0.0,0.0,9.0,0.0,,,250.00000000000006,0.0,0.0,,5.0408333333333335,8.092199999999998,8.603799999999998,2.3448333333333333
1,13667.975415861985,3758.221897481093,8.0,7.0,0.0,0.0,0.0,5.0,0.0,24.868530898213617,0.0,0.0,8.603799999999998,2.344833333333333,,,0.61602981016403,0.0,0.0,,5.0408333333333335,8.092199999999998,8.603799999999998,2.3448333333333333
2,10926.328029430428,4104.122443777089,8.0,0.0,0.0,0.0,0.0,0.0,0.0,18.000314802406624,0.0,1.0,8.603799999999998,2.344833333333333,,,0.0,0.0,0.0,,5.0408333333333335,8.092199999999998,8.603799999999998,2.3448333333333333
3,10165.10674335614,4450.022990073076,8.0,1.0,0.0,0.0,0.0,0.0,0.01700000000000005,8.858658555294982,0.0,1.0,8.603799999999998,2.327833333333333,,,0.0,0.0,0.0,,5.0408333333333335,8.092199999999998,8.603799999999998,2.3448333333333333
4,9458.322442675535,4795.923536369048,9.0,1.0,0.0,0.0,0.0,0.0,0.008999999999999748,0.0,0.0,1.0,8.603799999999998,2.3358333333333334,,,0.0,0.0,0.0,,5.0408333333333335,8.092199999999998,8.603799999999998,2.3448333333333333
