,cost,emission,grid,wood_supply,DHDC_small_heat,DHDC_medium_heat,DHDC_large_heat,wood_boiler_heat,wood_boiler_DHW,PV,SCFP,DHW_to_heat,ASHP,ASHP_DHW,GSHP_heat,GSHP_cooling,battery,DHW_storage,heat_storage,geothermal_boreholes,demand_electricity,demand_space_heating,demand_space_cooling,demand_hot_water
0,628962.6707266778,11294.395367998808,22.0,111.0,273.13,848.75,2000.0,2000.0,2000.0,86.45146690232907,0.0,0.0,35.0,0.0,,,250.00000000000006,0.0,0.0,,13.673769999999998,75.99466666666655,34.856599999999986,11.09044
1,53511.14763461619,12903.41238495742,26.0,71.0,0.0,0.0,0.0,56.598833333333324,0.0,71.71380641387827,0.0,1.0,34.856599999999986,11.090439999999997,,,6.9257722850382635,0.0,0.0,,13.673769999999998,75.99466666666655,34.856599999999986,11.09044
2,47847.16476832958,14512.429401916423,28.0,52.0,0.0,0.0,0.0,41.13790000116656,0.0,43.24905888091529,0.0,4.0,34.856599999999986,11.090439998833334,,,0.0,2.0,1.0,,13.673769999999998,75.99466666666655,34.856599999999986,11.09044
3,42217.16714475423,16121.44641887471,44.0,0.0,0.0,0.0,0.0,0.0,0.0,40.932005253219224,0.0,45.0,34.856599999999986,52.22833999999989,,,0.0,0.0,0.0,,13.673769999999998,75.99466666666655,34.856599999999986,11.09044
4,38982.78042584216,17730.463435833335,45.0,0.0,0.0,0.0,0.0,0.0,0.0,0.0,0.0,45.0,34.856599999999986,52.22833999999989,,,0.0,0.0,0.0,,13.673769999999998,75.99466666666655,34.856599999999986,11.09044
