,cost,emission,grid,wood_supply,DHDC_small_heat,DHDC_medium_heat,DHDC_large_heat,wood_boiler_heat,wood_boiler_DHW,PV,SCFP,DHW_to_heat,ASHP,ASHP_DHW,GSHP_heat,GSHP_cooling,battery,DHW_storage,heat_storage,geothermal_boreholes,demand_electricity,demand_space_heating,demand_space_cooling,demand_hot_water
0,2634258.9407536844,5564.989139953572,9.0,67.0,273.13,848.75,2000.0,2000.0,2000.0,33.28099622320642,0.0,0.0,16.0,0.0,,,250.00000000000006,0.0,0.0,,5.9645,47.705306666666665,15.841520000000008,4.612666666666667
1,1523058.1666653645,5968.6978683676925,9.0,40.0,50.0,0.0,0.0,31.83370391666286,0.0,33.28099622320642,0.0,16.0,15.841520000000008,4.54497,,,6.162250000000001,0.0,0.0,,5.9645,47.705306666666665,15.841520000000008,4.612666666666667
2,1144343.645236593,6372.406596781796,9.0,19.0,50.0,0.0,0.0,14.468667288491952,0.0,33.28099622320642,0.0,34.0,15.841520000000008,4.54497,,,6.162250000000001,0.0,0.0,,5.9645,47.705306666666665,15.841520000000008,4.612666666666667
3,765761.794633348,6776.115325195897,9.0,7.0,50.0,0.0,0.0,5.288639244567382,0.0,33.28099622320642,0.0,43.0,15.841520000000008,4.54497,,,6.162250000000001,0.0,0.0,,5.9645,47.705306666666665,15.841520000000008,4.612666666666667
4,391659.7591880045,7179.82405361,9.0,0.0,52.1112,0.0,0.0,0.0,0.0,33.28099622320642,0.0,48.0,15.841520000000008,0.0,,,7.688,0.0,0.0,,5.9645,47.705306666666665,15.841520000000008,4.612666666666667
