,cost,emission,grid,wood_supply,DHDC_small_heat,DHDC_medium_heat,DHDC_large_heat,wood_boiler_heat,wood_boiler_DHW,PV,SCFP,DHW_to_heat,ASHP,ASHP_DHW,GSHP_heat,GSHP_cooling,battery,DHW_storage,heat_storage,geothermal_boreholes,demand_electricity,demand_space_heating,demand_space_cooling,demand_hot_water
0,676276.317528674,2224.757718610491,3.0,25.0,273.13,848.75,2000.0,2000.0,2000.0,13.57258630715539,0.0,0.0,0.0,0.0,10.0,8.0,250.00000000000006,0.0,0.0,49.50081041500877,1.8226666666666667,17.420799999999996,7.345593333333333,1.8571666666666669
1,105081.7349904902,2239.48561971875,3.0,25.0,0.0,0.0,0.0,14.236299999999996,5.0,13.57258630715539,0.0,4.0,0.0,0.0,0.0,7.345593333333334,2.9706666666666663,0.0,0.0,49.50081041500877,1.8226666666666667,17.420799999999996,7.345593333333333,1.8571666666666669
2,105081.73499049016,2239.48561971875,3.0,25.0,0.0,0.0,0.0,14.236299999999996,5.0,13.57258630715539,0.0,4.0,0.0,0.0,0.0,7.345593333333333,2.9706666666666663,0.0,0.0,49.50081041500877,1.8226666666666667,17.420799999999996,7.345593333333333,1.8571666666666669
3,105081.73499049018,2239.48561971875,3.0,25.0,0.0,0.0,0.0,14.236299999999996,5.0,13.57258630715539,0.0,4.0,0.0,0.0,0.0,7.345593333333334,2.9706666666666663,0.0,0.0,49.50081041500877,1.8226666666666667,17.420799999999996,7.345593333333333,1.8571666666666669
4,104389.67372917636,2400.97932046875,3.0,28.0,0.0,0.0,0.0,0.0,19.236299999999996,13.57258630715539,0.0,18.0,0.0,0.0,0.0,7.345593333333333,2.9706666666666663,0.0,0.0,49.50081041500877,1.8226666666666667,17.420799999999996,7.345593333333333,1.8571666666666669
