,cost,emission,grid,wood_supply,DHDC_small_heat,DHDC_medium_heat,DHDC_large_heat,wood_boiler_heat,wood_boiler_DHW,PV,SCFP,DHW_to_heat,ASHP,ASHP_DHW,GSHP_heat,GSHP_cooling,battery,DHW_storage,heat_storage,geothermal_boreholes,demand_electricity,demand_space_heating,demand_space_cooling,demand_hot_water
0,592345.7823702317,3977.5019861482137,4.0,45.0,273.13,848.75,2000.0,2000.0,2000.0,21.873928981245868,0.0,0.0,0.0,0.0,0.0,0.0,250.00000000000006,0.0,0.0,55.31175028687211,3.3570000000000007,31.83208,0.0,3.185333333333334
1,20034.233719144308,4646.755094819492,5.0,40.0,0.0,0.0,0.0,31.82408,0.0,11.268737751899515,0.0,3.0,0.0,3.1853333333333333,0.0,0.0,0.0,0.0,0.0,55.31175028687211,3.3570000000000007,31.83208,0.0,3.185333333333334
2,18284.04294878442,5316.008203490759,8.0,32.0,0.0,0.0,0.0,25.438528381944145,0.0,11.18031450351887,0.0,9.0,0.0,9.570884951389187,0.0,0.0,0.0,0.0,0.0,55.31175028687211,3.3570000000000007,31.83208,0.0,3.185333333333334
3,15311.995237452524,5985.261312162046,17.0,0.0,0.0,0.0,0.0,0.0,0.0,18.09856110723484,0.0,32.0,0.0,35.00941333333333,0.0,0.0,1.6629949998767346,0.0,0.0,55.31175028687211,3.3570000000000007,31.83208,0.0,3.185333333333334
4,13576.599886735601,6654.514420833332,17.0,0.0,0.0,0.0,0.0,0.0,0.0,0.0,0.0,32.0,0.0,35.00941333333333,0.0,0.0,0.0,0.0,0.0,55.31175028687211,3.3570000000000007,31.83208,0.0,3.185333333333334
