,cost,emission,grid,wood_supply,DHDC_small_heat,DHDC_medium_heat,DHDC_large_heat,wood_boiler_heat,wood_boiler_DHW,PV,SCFP,DHW_to_heat,ASHP,ASHP_DHW,GSHP_heat,GSHP_cooling,battery,DHW_storage,heat_storage,geothermal_boreholes,demand_electricity,demand_space_heating,demand_space_cooling,demand_hot_water
0,1017873.9788267602,7474.459602848214,8.0,82.0,273.13,848.75,2000.0,2000.0,2000.0,51.62483220055287,0.0,0.0,0.0,0.0,0.0,0.0,250.00000000000006,0.0,0.0,76.13738254038701,7.4722800000000005,57.365616666666654,0.0,6.705469999999999
1,461826.572893038,7474.628942892857,8.0,82.0,0.0,0.0,0.0,57.36544999999999,6.705469999999999,51.62483220055287,0.0,1.0,0.0,0.0,0.0,0.0,11.988833333333334,0.0,0.0,76.13738254038701,7.4722800000000005,57.365616666666654,0.0,6.705469999999999
2,461448.2987855766,8586.728759546575,8.0,27.0,50.0,0.0,0.0,21.37795012003093,0.0,51.62483220055287,0.0,36.0,0.0,0.0,0.0,0.0,12.142500000000002,0.0,0.0,76.13738254038701,7.4722800000000005,57.365616666666654,0.0,6.705469999999999
3,458670.0850449058,9142.863337895713,8.0,18.0,50.0,0.0,0.0,14.070919999999981,0.0,51.62483220055287,0.0,44.0,0.0,0.0,0.0,0.0,12.142500000000002,0.0,0.0,76.13738254038701,7.4722800000000005,57.365616666666654,0.0,6.705469999999999
4,456011.014173846,9698.997916244998,8.0,18.0,50.0,0.0,0.0,14.070919999999981,0.0,51.62483220055287,0.0,46.0,0.0,0.0,0.0,0.0,11.988833333333332,0.0,0.0,76.13738254038701,7.4722800000000005,57.365616666666654,0.0,6.705469999999999
