,cost,emission,grid,wood_supply,DHDC_small_heat,DHDC_medium_heat,DHDC_large_heat,wood_boiler_heat,wood_boiler_DHW,PV,SCFP,DHW_to_heat,ASHP,ASHP_DHW,GSHP_heat,GSHP_cooling,battery,DHW_storage,heat_storage,geothermal_boreholes,demand_electricity,demand_space_heating,demand_space_cooling,demand_hot_water
0,1034100.1198694262,6445.944865150001,7.0,63.0,273.13,848.75,2000.0,2000.0,2000.0,56.92250911750368,0.0,0.0,0.0,0.0,0.0,0.0,250.00000000000006,0.0,0.0,79.84575638225259,6.753999999999999,43.2288,0.0,5.7558333333333325
1,477532.1970070243,6446.410068989284,7.0,63.0,0.0,0.0,0.0,43.22496666666666,5.7558333333333325,56.92250911750368,0.0,1.0,0.0,0.0,0.0,0.0,12.761666666666674,0.0,0.0,79.84575638225259,6.753999999999999,43.2288,0.0,5.7558333333333325
2,477532.19700702425,6446.410068989284,7.0,63.0,0.0,0.0,0.0,43.22496666666666,5.7558333333333325,56.92250911750368,0.0,1.0,0.0,0.0,0.0,0.0,12.761666666666674,0.0,0.0,79.84575638225259,6.753999999999999,43.2288,0.0,5.7558333333333325
3,476870.33658422716,7673.430348186254,7.0,9.0,50.0,0.0,0.0,6.762774282345856,0.0,56.92250911750368,0.0,37.0,0.0,0.0,0.0,0.0,13.033999999999999,0.0,0.0,79.84575638225259,6.753999999999999,43.2288,0.0,5.7558333333333325
4,473200.52798118826,8082.592175865,7.0,0.0,50.0,0.0,0.0,0.0,0.0,56.92250911750368,0.0,44.0,0.0,0.0,0.0,0.0,12.76166666666667,0.0,0.0,79.84575638225259,6.753999999999999,43.2288,0.0,5.7558333333333325
