,cost,emission,grid,wood_supply,DHDC_small_heat,DHDC_medium_heat,DHDC_large_heat,wood_boiler_heat,wood_boiler_DHW,PV,SCFP,DHW_to_heat,ASHP,ASHP_DHW,GSHP_heat,GSHP_cooling,battery,DHW_storage,heat_storage,geothermal_boreholes,demand_electricity,demand_space_heating,demand_space_cooling,demand_hot_water
0,248418.49421625014,3792.7058120964275,4.0,43.0,,,,2000.0,2000.0,26.02247460330102,0.0,0.0,0.0,0.0,0.0,0.0,250.00000000000006,0.0,0.0,58.21573222231072,3.2255000000000003,30.417239999999968,0.0,3.3245
1,178832.49371790496,3793.381188105356,4.0,44.0,,,,28.701906666666634,5.0,26.02247460330102,0.0,2.0,0.0,0.0,0.0,0.0,6.324166666666667,0.0,0.0,58.21573222231072,3.2255000000000003,30.417239999999968,0.0,3.3245
2,178832.49371790496,3793.381188105356,4.0,44.0,,,,28.701906666666634,5.0,26.02247460330102,0.0,2.0,0.0,0.0,0.0,0.0,6.324166666666667,0.0,0.0,58.21573222231072,3.2255000000000003,30.417239999999968,0.0,3.3245
3,178832.49371790496,3793.381188105356,4.0,44.0,,,,28.701906666666634,5.0,26.02247460330102,0.0,2.0,0.0,0.0,0.0,0.0,6.324166666666667,0.0,0.0,58.21573222231072,3.2255000000000003,30.417239999999968,0.0,3.3245
4,178757.36044823402,4064.0236873767863,4.0,49.0,,,,0.0,33.70190666666663,26.02247460330102,0.0,31.0,0.0,0.0,0.0,0.0,6.324166666666667,0.0,0.0,58.21573222231072,3.2255000000000003,30.417239999999968,0.0,3.3245
