,cost,emission,grid,wood_supply,DHDC_small_heat,DHDC_medium_heat,DHDC_large_heat,wood_boiler_heat,wood_boiler_DHW,PV,SCFP,DHW_to_heat,ASHP,ASHP_DHW,GSHP_heat,GSHP_cooling,battery,DHW_storage,heat_storage,geothermal_boreholes,demand_electricity,demand_space_heating,demand_space_cooling,demand_hot_water
0,107413.0819606593,3054.064264977381,7.0,21.0,,,,2000.0,2000.0,33.50894397185995,0.0,0.0,10.0,0.0,,,250.00000000000006,0.0,0.0,,4.733999999999999,11.572359999999998,9.562666666666667,3.9451666666666667
1,15871.718803471613,3506.772949878877,8.0,10.0,,,,7.385833333333334,0.0,31.57326168992047,0.0,2.0,9.562666666666667,3.9451666666666663,,,3.5025747180562306,0.0,0.0,,4.733999999999999,11.572359999999998,9.562666666666667,3.9451666666666667
2,12536.537124439212,3959.481634780357,9.0,0.0,,,,0.0,0.0,23.35151317753964,0.0,4.0,9.562666666666667,5.941693333333331,,,1.39507769225492,0.0,0.0,,4.733999999999999,11.572359999999998,9.562666666666667,3.9451666666666667
3,11303.179746753409,4412.190319681846,9.0,0.0,,,,0.0,0.0,10.939674771528018,0.0,4.0,9.562666666666667,5.941693333333331,,,0.0,0.0,0.0,,4.733999999999999,11.572359999999998,9.562666666666667,3.9451666666666667
4,10504.310321534049,4864.899004583334,9.0,0.0,,,,0.0,0.0,0.0,0.0,4.0,9.562666666666667,5.941693333333331,,,0.0,0.0,0.0,,4.733999999999999,11.572359999999998,9.562666666666667,3.9451666666666667
