,cost,emission,grid,wood_supply,DHDC_small_heat,DHDC_medium_heat,DHDC_large_heat,wood_boiler_heat,wood_boiler_DHW,PV,SCFP,DHW_to_heat,ASHP,ASHP_DHW,GSHP_heat,GSHP_cooling,battery,DHW_storage,heat_storage,geothermal_boreholes,demand_electricity,demand_space_heating,demand_space_cooling,demand_hot_water
0,2721411.523608572,8393.04029201726,37.0,129.0,273.13,848.75,2000.0,2000.0,2000.0,37.08510228277664,0.0,0.0,63.0,0.0,,,250.00000000000006,0.0,0.0,,19.23188,99.2850666666666,62.16171333333333,4.985813333333333
1,1869486.6613738313,8646.387977271106,37.0,66.0,50.0,0.0,0.0,52.4740666666666,0.0,37.08510228277664,0.0,47.0,62.16171333333333,0.0,,,9.248333333333333,0.0,0.0,,19.23188,99.2850666666666,62.16171333333333,4.985813333333333
2,1632000.7442402756,8899.735662524901,37.0,66.0,50.0,0.0,0.0,52.4740666666666,0.0,37.08510228277664,0.0,47.0,62.16171333333333,0.0,,,9.248333333333333,0.0,0.0,,19.23188,99.2850666666666,62.16171333333333,4.985813333333333
3,1394514.8271067261,9153.083347778685,37.0,66.0,50.0,0.0,0.0,52.4740666666666,0.0,37.085102282776646,0.0,48.0,62.16171333333333,0.0,,,9.248333333333335,0.0,0.0,,19.23188,99.2850666666666,62.16171333333333,4.985813333333333
4,1162737.178473821,9406.431033032499,33.0,0.0,100.89029999999994,0.0,0.0,0.0,0.0,37.08510228277664,0.0,98.0,62.16171333333333,0.0,,,9.248333333333333,0.0,0.0,,19.23188,99.2850666666666,62.16171333333333,4.985813333333333
