,cost,emission,grid,wood_supply,DHDC_small_heat,DHDC_medium_heat,DHDC_large_heat,wood_boiler_heat,wood_boiler_DHW,PV,SCFP,DHW_to_heat,ASHP,ASHP_DHW,GSHP_heat,GSHP_cooling,battery,DHW_storage,heat_storage,geothermal_boreholes,demand_electricity,demand_space_heating,demand_space_cooling,demand_hot_water
0,1540086.574778711,2340.798937102679,3.0,26.0,273.13,848.75,2000.0,2000.0,2000.0,15.65309177001062,0.0,0.0,0.0,0.0,11.0,8.0,250.00000000000006,0.0,0.0,50.95716423900743,2.011833333333333,18.51046,7.537499999999999,1.9773333333333334
1,697837.7968604962,2560.306201308097,4.0,14.0,50.0,0.0,0.0,11.130483996294092,0.0,15.65309177001062,0.0,8.0,0.0,4.1808290378006605,1.9281955541237754,7.537499999999999,3.0985555555555564,0.0,0.0,50.95716423900743,2.011833333333333,18.51046,7.537499999999999,1.9773333333333334
2,491978.6823977729,2779.8134655135286,4.0,7.0,50.0,0.0,0.0,5.274864274280378,0.0,15.65309177001062,0.0,14.0,0.0,4.1808290378006605,1.9281955541237754,7.537499999999999,3.0985555555555564,0.0,0.0,50.95716423900743,2.011833333333333,18.51046,7.537499999999999,1.9773333333333334
3,286210.0264146828,2999.320729718957,4.0,7.0,50.0,0.0,0.0,5.0,0.0,15.65309177001062,0.0,19.0,0.0,4.1808290378006605,1.9281955541237754,7.537499999999999,3.0985555555555564,0.0,0.0,50.95716423900743,2.011833333333333,18.51046,7.537499999999999,1.9773333333333334
4,112983.81759277229,3218.827993924375,3.0,0.0,50.0,0.0,0.0,0.0,0.0,15.65309177001062,0.0,19.0,0.0,0.0,0.0,7.537499999999999,3.5869999999999997,0.0,0.0,50.95716423900743,2.011833333333333,18.51046,7.537499999999999,1.9773333333333334
