,cost,emission,grid,wood_supply,DHDC_small_heat,DHDC_medium_heat,DHDC_large_heat,wood_boiler_heat,wood_boiler_DHW,PV,SCFP,DHW_to_heat,ASHP,ASHP_DHW,GSHP_heat,GSHP_cooling,battery,DHW_storage,heat_storage,geothermal_boreholes,demand_electricity,demand_space_heating,demand_space_cooling,demand_hot_water
0,2482454.7377195777,4957.604640881251,8.0,61.0,273.13,848.75,2000.0,2000.0,2000.0,33.72437427295285,0.0,0.0,15.0,0.0,,,250.00000000000006,0.0,0.0,,5.2988333333333335,43.73359333333334,14.130899999999999,4.169833333333333
1,1396124.40909317,5351.707464506255,8.0,35.0,50.0,0.0,0.0,27.81894536476926,0.0,33.72437427295285,0.0,16.0,14.130899999999999,4.092636666666666,,,6.932222222222222,0.0,0.0,,5.2988333333333335,43.73359333333334,14.130899999999999,4.169833333333333
2,1026451.8309782285,5745.810288131241,8.0,16.0,50.0,0.0,0.0,12.76445769593665,0.0,33.72437427295285,0.0,31.0,14.130899999999999,4.092636666666666,,,6.932222222222222,0.0,0.0,,5.2988333333333335,43.73359333333334,14.130899999999999,4.169833333333333
3,656897.4169782538,6139.91311175613,8.0,7.0,50.0,0.0,0.0,5.0,0.0,33.72437427295285,0.0,42.0,14.130899999999999,4.092636666666666,,,6.932222222222222,0.0,0.0,,5.2988333333333335,43.73359333333334,14.130899999999999,4.169833333333333
4,294503.6004701085,6534.015935381249,8.0,0.0,50.0,0.0,0.0,0.0,0.0,33.72437427295285,0.0,44.0,14.130899999999999,0.0,,,8.355833333333333,0.0,0.0,,5.2988333333333335,43.73359333333334,14.130899999999999,4.169833333333333
