,cost,emission,grid,wood_supply,DHDC_small_heat,DHDC_medium_heat,DHDC_large_heat,wood_boiler_heat,wood_boiler_DHW,PV,SCFP,DHW_to_heat,ASHP,ASHP_DHW,GSHP_heat,GSHP_cooling,battery,DHW_storage,heat_storage,geothermal_boreholes,demand_electricity,demand_space_heating,demand_space_cooling,demand_hot_water
0,946704.3904386701,2224.665488702679,4.0,27.0,,,,2000.0,2000.0,15.043900017150683,0.0,0.0,6.0,0.0,,,250.00000000000006,0.0,0.0,,2.3925799999999993,18.858213333333325,5.884799999999999,2.0498333333333334
1,732694.45434916,2450.5525790384672,5.0,18.0,,,,14.045031478180322,0.0,15.043900017150683,0.0,1.0,5.884799999999999,2.049833333333333,,,2.7421250000000015,0.0,0.0,,2.3925799999999993,18.858213333333325,5.884799999999999,2.0498333333333334
2,672171.1654131213,2676.4396693742538,6.0,17.0,,,,12.94574666666666,0.0,15.043900017150683,0.0,2.0,5.884799999999999,2.049833333333333,,,2.742125,0.0,0.0,,2.3925799999999993,18.858213333333325,5.884799999999999,2.0498333333333334
3,611671.1689826249,2902.326759710041,6.0,16.0,,,,12.121326855599936,0.0,15.043900017150683,0.0,2.0,5.975833333333334,2.78321981106672,,,2.742125,0.0,0.0,,2.3925799999999993,18.858213333333325,5.884799999999999,2.0498333333333334
4,549641.6674561861,3128.213850045833,10.0,0.0,,,,0.0,0.0,15.043900017150683,0.0,14.0,5.884799999999999,14.995579999999991,,,2.739638888888889,0.0,0.0,,2.3925799999999993,18.858213333333325,5.884799999999999,2.0498333333333334
