,cost,emission,grid,wood_supply,DHDC_small_heat,DHDC_medium_heat,DHDC_large_heat,wood_boiler_heat,wood_boiler_DHW,PV,SCFP,DHW_to_heat,ASHP,ASHP_DHW,GSHP_heat,GSHP_cooling,battery,DHW_storage,heat_storage,geothermal_boreholes,demand_electricity,demand_space_heating,demand_space_cooling,demand_hot_water
0,361183.8241845153,3054.064264977381,7.0,21.0,,,,2000.0,2000.0,33.50894397185995,0.0,0.0,10.0,0.0,,,250.00000000000006,0.0,0.0,,4.733999999999999,11.572359999999998,9.562666666666667,3.9451666666666667
1,276602.3689963944,3054.8837623386903,7.0,21.0,,,,10.504359999999998,5.0,33.50894397185995,0.0,2.0,9.562666666666667,0.0,,,8.103333333333332,0.0,0.0,,4.733999999999999,11.572359999999998,9.562666666666667,3.9451666666666667
2,276602.3689963944,3054.88376233869,7.0,21.0,,,,10.504359999999998,5.0,33.50894397185995,0.0,2.0,9.562666666666667,0.0,,,8.103333333333332,0.0,0.0,,4.733999999999999,11.572359999999998,9.562666666666667,3.9451666666666667
3,276602.36899639445,3054.8837623386903,7.0,21.0,,,,10.504359999999998,5.0,33.50894397185995,0.0,2.0,9.562666666666667,0.0,,,8.103333333333332,0.0,0.0,,4.733999999999999,11.572359999999998,9.562666666666667,3.9451666666666667
4,275199.7229260093,3090.658612252976,7.0,23.0,,,,0.0,15.504359999999998,33.50894397185995,0.0,12.0,9.562666666666667,0.0,,,8.103333333333332,0.0,0.0,,4.733999999999999,11.572359999999998,9.562666666666667,3.9451666666666667
