,cost,emission,grid,wood_supply,DHDC_small_heat,DHDC_medium_heat,DHDC_large_heat,wood_boiler_heat,wood_boiler_DHW,PV,SCFP,DHW_to_heat,ASHP,ASHP_DHW,GSHP_heat,GSHP_cooling,battery,DHW_storage,heat_storage,geothermal_boreholes,demand_electricity,demand_space_heating,demand_space_cooling,demand_hot_water
0,1950331.0081128038,3481.9005737619054,5.0,45.0,273.13,848.75,2000.0,2000.0,2000.0,17.93376855776184,0.0,0.0,9.0,0.0,,,250.00000000000006,0.0,0.0,,3.061,32.20033333333333,8.951879999999997,2.807333333333333
1,1017904.8369846593,3765.685032009759,6.0,25.0,50.0,0.0,0.0,19.90340642190086,0.0,17.93376855776184,0.0,13.0,8.951879999999997,2.73847,,,3.1130416666666663,0.0,0.0,,3.061,32.20033333333333,8.951879999999997,2.807333333333333
2,751720.906999428,4049.4694902576075,6.0,13.0,50.0,0.0,0.0,9.609959093433158,0.0,17.93376855776184,0.0,23.0,8.951879999999997,2.73847,,,3.1130416666666663,0.0,0.0,,3.061,32.20033333333333,8.951879999999997,2.807333333333333
3,485629.10068991064,4333.253948505387,6.0,7.0,50.0,0.0,0.0,5.0,0.0,17.93376855776184,0.0,33.0,8.951879999999997,2.73847,,,3.1130416666666663,0.0,0.0,,3.061,32.20033333333333,8.951879999999997,2.807333333333333
4,221282.60849102083,4617.038406753333,6.0,0.0,50.0,0.0,0.0,0.0,0.0,17.93376855776184,0.0,33.0,8.951879999999997,0.0,,,3.9111666666666647,0.0,0.0,,3.061,32.20033333333333,8.951879999999997,2.807333333333333
