,cost,emission,grid,wood_supply,DHDC_small_heat,DHDC_medium_heat,DHDC_large_heat,wood_boiler_heat,wood_boiler_DHW,PV,SCFP,DHW_to_heat,ASHP,ASHP_DHW,GSHP_heat,GSHP_cooling,battery,DHW_storage,heat_storage,geothermal_boreholes,demand_electricity,demand_space_heating,demand_space_cooling,demand_hot_water
0,103126.18328562916,2224.665488702679,4.0,27.0,,,,2000.0,2000.0,15.043900017150683,0.0,0.0,6.0,0.0,,,250.00000000000006,0.0,0.0,,2.3925799999999993,18.858213333333325,5.884799999999999,2.0498333333333334
1,11910.054624292425,2579.8573919957616,5.0,20.0,,,,15.504166666666666,0.0,10.301640373462124,0.0,1.0,5.884799999999999,2.049833333333333,,,0.5992648357642009,0.0,0.0,,2.3925799999999993,18.858213333333325,5.884799999999999,2.0498333333333334
2,10790.99163791116,2935.0492952888435,6.0,17.0,,,,12.94574666666651,0.0,6.914542131068021,0.0,2.0,5.884799999999999,2.049833333333481,,,0.0,0.0,0.0,,2.3925799999999993,18.858213333333325,5.884799999999999,2.0498333333333334
3,8431.483571272036,3290.2411985819213,10.0,0.0,,,,0.0,0.0,10.011788759692186,0.0,11.0,9.277333333333333,11.603046666666657,,,0.5246101169847175,0.0,0.0,,2.3925799999999993,18.858213333333325,5.884799999999999,2.0498333333333334
4,7476.328618747059,3645.433101875,10.0,0.0,,,,0.0,0.0,0.0,0.0,2.0,18.807546666666656,2.0728333333333326,,,0.0,0.0,0.0,,2.3925799999999993,18.858213333333325,5.884799999999999,2.0498333333333334
