,cost,emission,grid,wood_supply,DHDC_small_heat,DHDC_medium_heat,DHDC_large_heat,wood_boiler_heat,wood_boiler_DHW,PV,SCFP,DHW_to_heat,ASHP,ASHP_DHW,GSHP_heat,GSHP_cooling,battery,DHW_storage,heat_storage,geothermal_boreholes,demand_electricity,demand_space_heating,demand_space_cooling,demand_hot_water
0,729429.9959715152,2991.308110837798,5.0,40.0,273.13,848.75,2000.0,2000.0,2000.0,19.739012287982348,0.0,0.0,8.0,0.0,,,250.00000000000006,0.0,0.0,,2.965333333333333,28.541386666666668,7.698599999999982,2.405
1,165605.4244435621,2992.807319867994,5.0,40.0,0.0,0.0,0.0,25.93872000016667,4.999999999833333,19.739012287982348,0.0,3.0,7.698599999999982,0.0,,,4.891833333333334,8.0,0.0,,2.965333333333333,28.541386666666668,7.698599999999982,2.405
2,165602.53287213444,2992.2957341538686,5.0,40.0,0.0,0.0,0.0,25.938719999999996,5.0,19.739012287982348,0.0,3.0,7.698599999999982,0.0,,,4.891833333333334,0.0,0.0,,2.965333333333333,28.541386666666668,7.698599999999982,2.405
3,165602.53287213444,2992.2957341538686,5.0,40.0,0.0,0.0,0.0,25.938719999999996,5.0,19.739012287982348,0.0,3.0,7.698599999999982,0.0,,,4.891833333333334,0.0,0.0,,2.965333333333333,28.541386666666668,7.698599999999982,2.405
4,165085.5971068206,3184.773176503869,5.0,45.0,0.0,0.0,0.0,0.0,30.938719999999996,19.739012287982348,0.0,29.0,7.698599999999982,0.0,,,4.891833333333333,0.0,0.0,,2.965333333333333,28.541386666666668,7.698599999999982,2.405
