,cost,emission,grid,wood_supply,DHDC_small_heat,DHDC_medium_heat,DHDC_large_heat,wood_boiler_heat,wood_boiler_DHW,PV,SCFP,DHW_to_heat,ASHP,ASHP_DHW,GSHP_heat,GSHP_cooling,battery,DHW_storage,heat_storage,geothermal_boreholes,demand_electricity,demand_space_heating,demand_space_cooling,demand_hot_water
0,277887.36283540324,2079.198486408928,3.0,34.0,,,,2000.0,2000.0,12.013811142377213,0.0,0.0,0.0,0.0,0.0,0.0,250.00000000000006,0.0,0.0,48.40966779966405,2.9158333333333335,25.090793333333334,0.0,1.3123033333333332
1,190743.7560014606,2079.766033505357,3.0,34.0,,,,21.395596666666666,5.0,12.013811142377213,0.0,4.0,0.0,0.0,0.0,0.0,2.767833333333334,0.0,0.0,48.40966779966405,2.9158333333333335,25.090793333333334,0.0,1.3123033333333332
2,190743.7560014606,2079.766033505357,3.0,34.0,,,,21.395596666666666,5.0,12.013811142377213,0.0,4.0,0.0,0.0,0.0,0.0,2.767833333333334,0.0,0.0,48.40966779966405,2.9158333333333335,25.090793333333334,0.0,1.3123033333333332
3,190743.7560014606,2079.766033505357,3.0,34.0,,,,21.395596666666666,5.0,12.013811142377213,0.0,4.0,0.0,0.0,0.0,0.0,2.767833333333334,0.0,0.0,48.40966779966405,2.9158333333333335,25.090793333333334,0.0,1.3123033333333332
4,189678.93462932532,2175.3098684946426,3.0,38.0,,,,0.0,26.395596666666666,12.013811142377213,0.0,26.0,0.0,0.0,0.0,0.0,2.767833333333333,0.0,0.0,48.40966779966405,2.9158333333333335,25.090793333333334,0.0,1.3123033333333332
