,cost,emission,grid,wood_supply,DHDC_small_heat,DHDC_medium_heat,DHDC_large_heat,wood_boiler_heat,wood_boiler_DHW,PV,SCFP,DHW_to_heat,ASHP,ASHP_DHW,GSHP_heat,GSHP_cooling,battery,DHW_storage,heat_storage,geothermal_boreholes,demand_electricity,demand_space_heating,demand_space_cooling,demand_hot_water
0,357841.82849635003,4694.283119480952,8.0,58.0,,,,2000.0,2000.0,34.15754355041855,0.0,0.0,14.0,0.0,,,250.00000000000006,0.0,0.0,,5.184333333333334,41.622899999999994,13.128440000000007,3.9591666666666665
1,277537.1776847814,4694.382507409524,8.0,58.0,,,,40.5684,5.0,34.15754355041855,0.0,2.0,13.128440000000007,0.0,,,8.889833333333335,0.0,0.0,,5.184333333333334,41.622899999999994,13.128440000000007,3.9591666666666665
2,277537.1776847814,4694.382507409524,8.0,58.0,,,,40.5684,5.0,34.15754355041855,0.0,2.0,13.128440000000007,0.0,,,8.889833333333335,0.0,0.0,,5.184333333333334,41.622899999999994,13.128440000000007,3.9591666666666665
3,277537.1776847814,4694.382507409524,8.0,58.0,,,,40.5684,5.0,34.15754355041855,0.0,2.0,13.128440000000007,0.0,,,8.889833333333335,0.0,0.0,,5.184333333333334,41.622899999999994,13.128440000000007,3.9591666666666665
4,277482.3563013248,4968.618648088097,8.0,66.0,,,,0.0,45.5684,34.15754355041855,0.0,42.0,13.128440000000007,0.0,,,8.889833333333335,0.0,0.0,,5.184333333333334,41.622899999999994,13.128440000000007,3.9591666666666665
