,cost,emission,grid,wood_supply,DHDC_small_heat,DHDC_medium_heat,DHDC_large_heat,wood_boiler_heat,wood_boiler_DHW,PV,SCFP,DHW_to_heat,ASHP,ASHP_DHW,GSHP_heat,GSHP_cooling,battery,DHW_storage,heat_storage,geothermal_boreholes,demand_electricity,demand_space_heating,demand_space_cooling,demand_hot_water
0,100902.95134360333,2079.198486408928,3.0,34.0,,,,2000.0,2000.0,12.013811142377213,0.0,0.0,0.0,0.0,0.0,0.0,250.00000000000006,0.0,0.0,48.40966779966405,2.9158333333333335,25.090793333333334,0.0,1.3123033333333332
1,10347.235256443098,2354.8312043900296,4.0,32.0,,,,25.083293333333334,0.0,8.026124573870808,0.0,1.0,0.0,1.312303333333333,0.0,0.0,0.0,0.0,0.0,48.40966779966405,2.9158333333333335,25.090793333333334,0.0,1.3123033333333332
2,9598.254959262695,2630.463922371145,5.0,27.0,,,,21.497422828368926,0.0,4.894641629071578,0.0,5.0,0.0,4.8981738382977404,0.0,0.0,0.0,0.0,0.0,48.40966779966405,2.9158333333333335,25.090793333333334,0.0,1.3123033333333332
3,7428.8206940517,2906.096640352235,14.0,0.0,,,,0.0,0.0,7.856342478293864,0.0,26.0,0.0,26.395596666666666,0.0,0.0,0.0,0.0,0.0,48.40966779966405,2.9158333333333335,25.090793333333334,0.0,1.3123033333333332
4,6712.034949711684,3181.729358333333,14.0,0.0,,,,0.0,0.0,0.0,0.0,26.0,0.0,26.395596666666666,0.0,0.0,0.0,0.0,0.0,48.40966779966405,2.9158333333333335,25.090793333333334,0.0,1.3123033333333332
