,cost,emission,grid,wood_supply,DHDC_small_heat,DHDC_medium_heat,DHDC_large_heat,wood_boiler_heat,wood_boiler_DHW,PV,SCFP,DHW_to_heat,ASHP,ASHP_DHW,GSHP_heat,GSHP_cooling,battery,DHW_storage,heat_storage,geothermal_boreholes,demand_electricity,demand_space_heating,demand_space_cooling,demand_hot_water
0,590740.9834756256,3560.8575064750007,5.0,44.0,273.13,848.75,2000.0,2000.0,2000.0,20.125425489588007,0.0,0.0,12.0,0.0,,,250.00000000000006,0.0,0.0,,3.2191666666666667,31.73970666666666,11.791593333333331,2.989166666666667
1,18728.242118171696,4116.244709752093,7.0,30.0,0.0,0.0,0.0,23.98183333333333,0.0,13.416192390582234,0.0,0.0,11.791593333333331,2.9891666666666667,,,0.232208289031019,0.0,0.0,,3.2191666666666667,31.73970666666666,11.791593333333331,2.989166666666667
2,17116.158384470174,4671.631913029168,9.0,25.0,0.0,0.0,0.0,19.921083333333325,0.0,10.488785697479168,0.0,3.0,11.791593333333331,2.9891666666666667,,,0.0,0.0,0.0,,3.2191666666666667,31.73970666666666,11.791593333333331,2.989166666666667
3,14295.437269202004,5227.01911630625,17.0,0.0,0.0,0.0,0.0,0.0,0.0,15.193115320981155,0.0,20.0,11.791593333333331,22.910249999999994,,,0.798819360541938,0.0,0.0,,3.2191666666666667,31.73970666666666,11.791593333333331,2.989166666666667
4,12893.239176148461,5782.4063195833305,17.0,0.0,0.0,0.0,0.0,0.0,0.0,0.0,0.0,21.0,11.791593333333331,22.910249999999994,,,0.0,0.0,0.0,,3.2191666666666667,31.73970666666666,11.791593333333331,2.989166666666667
