,cost,emission,grid,wood_supply,DHDC_small_heat,DHDC_medium_heat,DHDC_large_heat,wood_boiler_heat,wood_boiler_DHW,PV,SCFP,DHW_to_heat,ASHP,ASHP_DHW,GSHP_heat,GSHP_cooling,battery,DHW_storage,heat_storage,geothermal_boreholes,demand_electricity,demand_space_heating,demand_space_cooling,demand_hot_water
0,752428.6513557829,1586.3364510957795,2.0,19.0,,,,2000.0,2000.0,14.138847400464025,0.0,0.0,0.0,2.0,0.0,0.0,250.00000000000006,0.0,0.0,49.89719318032482,1.4409999999999998,13.209519999999992,0.0,1.4906666666666668
1,568398.7131555967,1785.7336191857673,4.0,11.0,,,,8.41572409525054,0.0,14.138847400464025,0.0,6.0,0.0,6.855999999999998,0.0,0.0,3.7886111111111114,0.0,0.0,49.89719318032482,1.4409999999999998,13.209519999999992,0.0,1.4906666666666668
2,514979.1200722032,1985.1307872757577,5.0,10.0,,,,7.821156666666662,0.0,14.138847400464025,0.0,7.0,0.0,6.855999999999998,0.0,0.0,3.7886111111111114,0.0,0.0,49.89719318032482,1.4409999999999998,13.209519999999992,0.0,1.4906666666666668
3,461569.1643338167,2184.5279553657338,5.0,10.0,,,,7.821156666666662,0.0,14.138847400464025,0.0,7.0,0.0,6.855999999999998,0.0,0.0,3.7886111111111114,0.0,0.0,49.89719318032482,1.4409999999999998,13.209519999999992,0.0,1.4906666666666668
4,406648.7430632169,2383.9251234557287,7.0,0.0,,,,0.0,0.0,14.138847400464025,0.0,14.0,0.0,14.677156666666658,0.0,0.0,3.488819444444444,0.0,0.0,49.89719318032482,1.4409999999999998,13.209519999999992,0.0,1.4906666666666668
