,cost,emission,grid,wood_supply,DHDC_small_heat,DHDC_medium_heat,DHDC_large_heat,wood_boiler_heat,wood_boiler_DHW,PV,SCFP,DHW_to_heat,ASHP,ASHP_DHW,GSHP_heat,GSHP_cooling,battery,DHW_storage,heat_storage,geothermal_boreholes,demand_electricity,demand_space_heating,demand_space_cooling,demand_hot_water
0,1184971.9986407952,1907.2261393988097,4.0,16.0,273.13,848.75,2000.0,2000.0,2000.0,19.132749968947365,0.0,0.0,7.0,0.0,,,250.00000000000006,0.0,0.0,,2.5308333333333333,9.096580000000003,6.539499999999999,2.6493333333333333
1,466114.93877736875,2008.3366531057684,4.0,16.0,50.0,0.0,0.0,9.096580000000003,5.0,19.132749968947365,0.0,0.0,6.539499999999999,2.601636666666667,,,3.899916666666667,0.0,0.0,,2.5308333333333333,9.096580000000003,6.539499999999999,2.6493333333333333
2,335334.71762564324,2109.4471668127358,4.0,7.0,50.0,0.0,0.0,5.0,0.0,19.132749968947365,0.0,5.0,6.539499999999999,2.5641366666666663,,,3.899916666666667,0.0,0.0,,2.5308333333333333,9.096580000000003,6.539499999999999,2.6493333333333333
3,240554.6012985986,2210.5576805196943,4.0,7.0,50.0,0.0,0.0,5.0,0.0,19.132749968947365,0.0,10.0,6.539499999999999,2.5641366666666663,,,3.899916666666667,0.0,0.0,,2.5308333333333333,9.096580000000003,6.539499999999999,2.6493333333333333
4,148115.8301042854,2311.6681942266673,4.0,0.0,50.0,0.0,0.0,0.0,0.0,19.132749968947365,0.0,10.0,6.539499999999999,0.0,,,4.648166666666667,0.0,0.0,,2.5308333333333333,9.096580000000003,6.539499999999999,2.6493333333333333
