,cost,emission,grid,wood_supply,DHDC_small_heat,DHDC_medium_heat,DHDC_large_heat,wood_boiler_heat,wood_boiler_DHW,PV,SCFP,DHW_to_heat,ASHP,ASHP_DHW,GSHP_heat,GSHP_cooling,battery,DHW_storage,heat_storage,geothermal_boreholes,demand_electricity,demand_space_heating,demand_space_cooling,demand_hot_water
0,722757.2013526224,3531.550417335714,4.0,45.0,273.13,848.75,2000.0,2000.0,2000.0,29.58652894388787,0.0,0.0,11.0,0.0,,,250.00000000000006,0.0,0.0,,3.7135000000000002,32.31763333333334,10.214600000000003,2.8798333333333335
1,173061.35447187166,3767.8060352910716,5.0,51.0,0.0,0.0,0.0,0.0,35.17193666666667,29.58652894388787,0.0,33.0,10.214600000000003,0.0,,,7.667500000000001,0.0,0.0,,3.7135000000000002,32.31763333333334,10.214600000000003,2.8798333333333335
2,173061.35447187166,3767.8060352910716,5.0,51.0,0.0,0.0,0.0,0.0,35.17193666666667,29.58652894388787,0.0,33.0,10.214600000000003,0.0,,,7.667499999999999,0.0,0.0,,3.7135000000000002,32.31763333333334,10.214600000000003,2.8798333333333335
3,173061.35447187166,3767.806035291071,6.0,51.0,0.0,0.0,0.0,0.0,35.17193666666674,29.58652894388787,0.0,33.0,10.214600000000003,0.0,,,7.667499999999999,0.0,1.0,,3.7135000000000002,32.31763333333334,10.214600000000003,2.8798333333333335
4,171885.80357216677,4753.5646113825005,5.0,0.0,50.0,0.0,0.0,0.0,0.0,29.58652894388787,0.0,33.0,10.214600000000003,0.0,,,7.667499999999999,0.0,0.0,,3.7135000000000002,32.31763333333334,10.214600000000003,2.8798333333333335
