,cost,emission,grid,wood_supply,DHDC_small_heat,DHDC_medium_heat,DHDC_large_heat,wood_boiler_heat,wood_boiler_DHW,PV,SCFP,DHW_to_heat,ASHP,ASHP_DHW,GSHP_heat,GSHP_cooling,battery,DHW_storage,heat_storage,geothermal_boreholes,demand_electricity,demand_space_heating,demand_space_cooling,demand_hot_water
0,3078802.7826411827,6493.179848836608,10.0,80.0,273.13,848.75,2000.0,2000.0,2000.0,43.366168654141774,0.0,0.0,18.0,0.0,,,250.00000000000006,0.0,0.0,,6.491833333333333,57.69193333333333,17.6934,4.979333333333333
1,1846194.441954142,7011.458609392568,10.0,44.0,50.0,0.0,0.0,34.82273515646336,0.0,43.366168654141774,0.0,23.0,17.6934,4.910333333333333,,,8.163388888888885,0.0,0.0,,6.491833333333333,57.69193333333333,17.6934,4.979333333333333
2,1360065.499562684,7529.7373699485015,10.0,21.0,50.0,0.0,0.0,16.379958305615325,0.0,43.366168654141774,0.0,42.0,17.6934,4.910333333333333,,,8.163388888888885,0.0,0.0,,6.491833333333333,57.69193333333333,17.6934,4.979333333333333
3,874175.0524138772,8048.01613050442,10.0,16.0,50.0,0.0,0.0,12.650933333333331,0.0,43.366168654141774,0.0,46.0,17.6934,4.910333333333333,,,8.163388888888885,0.0,0.0,,6.491833333333333,57.69193333333333,17.6934,4.979333333333333
4,397826.9492881689,8566.294891060417,10.0,0.0,62.40359999999999,0.0,0.0,0.0,0.0,43.366168654141774,0.0,58.0,17.6934,0.0,,,9.829666666666668,0.0,0.0,,6.491833333333333,57.69193333333333,17.6934,4.979333333333333
