,cost,emission,grid,wood_supply,DHDC_small_heat,DHDC_medium_heat,DHDC_large_heat,wood_boiler_heat,wood_boiler_DHW,PV,SCFP,DHW_to_heat,ASHP,ASHP_DHW,GSHP_heat,GSHP_cooling,battery,DHW_storage,heat_storage,geothermal_boreholes,demand_electricity,demand_space_heating,demand_space_cooling,demand_hot_water
0,1184670.9765902269,10623.536630302151,12.0,118.0,273.13,848.75,2000.0,2000.0,2000.0,95.4059738849074,0.0,0.0,0.0,11.0,0.0,0.0,250.00000000000006,0.0,0.0,106.78418171943518,11.424833333333334,82.09256,0.0,10.172469999999999
1,636365.7157187329,10633.887603148201,12.0,118.0,0.0,0.0,0.0,82.09255999999999,10.172469999999999,95.4059738849074,0.0,0.0,0.0,6.986166666666667,0.0,0.0,17.336930555555554,0.0,0.0,106.78418171943518,11.424833333333334,82.09256,0.0,10.172469999999999
2,634200.6171399475,11964.913763138366,12.0,53.0,50.0,0.0,0.0,42.265029999999996,0.0,95.4059738849074,0.0,42.0,0.0,7.564678125367809,0.0,0.0,18.20979166666667,0.0,0.0,106.78418171943518,11.424833333333334,82.09256,0.0,10.172469999999999
3,630992.9761701218,12635.60232955645,12.0,53.0,50.0,0.0,0.0,42.265029999999996,0.0,95.4059738849074,0.0,43.0,0.0,7.5646781253678,0.0,0.0,18.20979166666667,0.0,0.0,106.78418171943518,11.424833333333334,82.09256,0.0,10.172469999999999
4,627988.9030820545,13306.290895974587,12.0,53.0,50.0,0.0,0.0,42.265029999999996,0.0,95.4059738849074,0.0,43.0,0.0,3.828725710147255,0.0,0.0,16.96853095410531,0.0,0.0,106.78418171943518,11.424833333333334,82.09256,0.0,10.172469999999999
