,cost,emission,grid,wood_supply,DHDC_small_heat,DHDC_medium_heat,DHDC_large_heat,wood_boiler_heat,wood_boiler_DHW,PV,SCFP,DHW_to_heat,ASHP,ASHP_DHW,GSHP_heat,GSHP_cooling,battery,DHW_storage,heat_storage,geothermal_boreholes,demand_electricity,demand_space_heating,demand_space_cooling,demand_hot_water
0,192940.35646969854,1927.069304517262,3.0,24.0,,,,2000.0,2000.0,11.666815580118602,0.0,0.0,6.0,0.0,,,250.00000000000006,0.0,0.0,,1.6911666666666667,17.119666666666664,5.594566666666666,1.6648333333333332
1,106984.04158326033,1929.7836775279757,3.0,25.0,,,,13.750136666666664,5.0,11.666815580118602,0.0,4.0,5.594566666666666,0.0,,,2.7476666666666674,0.0,0.0,,1.6911666666666667,17.119666666666664,5.594566666666666,1.6648333333333332
2,106984.04158326033,1929.7836775279757,3.0,25.0,,,,13.750136666666664,5.0,11.666815580118602,0.0,4.0,5.594566666666666,0.0,,,2.7476666666666674,0.0,0.0,,1.6911666666666667,17.119666666666664,5.594566666666666,1.6648333333333332
3,106984.04158326033,1929.7836775279757,3.0,25.0,,,,13.750136666666664,5.0,11.666815580118602,0.0,4.0,5.594566666666666,0.0,,,2.7476666666666674,0.0,0.0,,1.6911666666666667,17.119666666666664,5.594566666666666,1.6648333333333332
4,106090.79325701795,2055.6827437136903,3.0,27.0,,,,0.0,18.750136666666663,11.666815580118602,0.0,18.0,5.594566666666666,0.0,,,2.7476666666666674,0.0,0.0,,1.6911666666666667,17.119666666666664,5.594566666666666,1.6648333333333332
