,cost,emission,grid,wood_supply,DHDC_small_heat,DHDC_medium_heat,DHDC_large_heat,wood_boiler_heat,wood_boiler_DHW,PV,SCFP,DHW_to_heat,ASHP,ASHP_DHW,GSHP_heat,GSHP_cooling,battery,DHW_storage,heat_storage,geothermal_boreholes,demand_electricity,demand_space_heating,demand_space_cooling,demand_hot_water
0,788794.2102648232,1573.3471881815476,2.0,18.0,,,,2000.0,2000.0,10.086175327622117,0.0,0.0,6.0,0.0,,,250.00000000000006,0.0,0.0,,1.2883333333333333,12.976320000000001,5.30658,1.0361366666666665
1,605040.0019231099,1786.4934323125976,4.0,10.0,,,,7.62524,0.0,10.086175327622117,0.0,1.0,5.30658,1.0361366666666665,,,2.137888888888889,0.0,0.0,,1.2883333333333333,12.976320000000001,5.30658,1.0361366666666665
2,547947.2579594369,1999.639676443643,4.0,10.0,,,,7.62524,0.0,10.086175327622117,0.0,1.0,5.30658,1.0361366666666665,,,2.137888888888889,0.0,0.0,,1.2883333333333333,12.976320000000001,5.30658,1.0361366666666665
3,490854.51399576775,2212.785920574676,4.0,10.0,,,,7.62524,0.0,10.086175327622117,0.0,1.0,5.30658,1.0361366666666665,,,2.137888888888889,0.0,0.0,,1.2883333333333333,12.976320000000001,5.30658,1.0361366666666665
4,432207.5503222856,2425.932164705728,7.0,0.0,,,,0.0,0.0,10.086175327622117,0.0,9.0,5.30658,8.661376666666666,,,2.137888888888889,0.0,0.0,,1.2883333333333333,12.976320000000001,5.30658,1.0361366666666665
