,cost,emission,grid,wood_supply,DHDC_small_heat,DHDC_medium_heat,DHDC_large_heat,wood_boiler_heat,wood_boiler_DHW,PV,SCFP,DHW_to_heat,ASHP,ASHP_DHW,GSHP_heat,GSHP_cooling,battery,DHW_storage,heat_storage,geothermal_boreholes,demand_electricity,demand_space_heating,demand_space_cooling,demand_hot_water
0,133210.35508906184,1660.8442599696427,2.0,20.0,,,,2000.0,2000.0,12.04009937059324,0.0,0.0,0.0,0.0,0.0,0.0,250.00000000000006,0.0,0.0,48.42806955941527,1.3033333333333335,13.852239999999993,0.0,1.406
1,62875.627713347545,1664.8800308071425,2.0,20.0,,,,11.005333333333333,5.0,12.04009937059324,0.0,3.0,0.0,0.0,0.0,0.0,3.0904999999999996,0.0,0.0,48.42806955941527,1.3033333333333335,13.852239999999993,0.0,1.406
2,62875.627713347545,1664.8800308071425,2.0,20.0,,,,11.005333333333333,5.0,12.04009937059324,0.0,3.0,0.0,0.0,0.0,0.0,3.0904999999999996,0.0,0.0,48.42806955941527,1.3033333333333335,13.852239999999993,0.0,1.406
3,62875.627713347545,1664.8800308071422,2.0,20.0,,,,11.005333333333333,5.0,12.04009937059324,0.0,3.0,0.0,0.0,0.0,0.0,3.0904999999999996,0.0,0.0,48.42806955941527,1.3033333333333335,13.852239999999993,0.0,1.406
4,62018.491631539415,1799.3761409857145,2.0,22.0,,,,0.0,15.235406666666659,12.04009937059324,0.0,14.0,0.0,0.0,0.0,0.0,3.0904999999999996,0.0,0.0,48.42806955941527,1.3033333333333335,13.852239999999993,0.0,1.406
