,cost,emission,grid,wood_supply,DHDC_small_heat,DHDC_medium_heat,DHDC_large_heat,wood_boiler_heat,wood_boiler_DHW,PV,SCFP,DHW_to_heat,ASHP,ASHP_DHW,GSHP_heat,GSHP_cooling,battery,DHW_storage,heat_storage,geothermal_boreholes,demand_electricity,demand_space_heating,demand_space_cooling,demand_hot_water
0,740660.5169220574,3248.958190603572,3.0,36.0,273.13,848.75,2000.0,2000.0,2000.0,18.955159942404563,0.0,0.0,0.0,0.0,0.0,0.0,250.00000000000006,0.0,0.0,53.2686119596832,2.8369999999999997,25.4485,0.0,2.7183333333333337
1,175561.95995614404,3467.2922509607147,3.0,41.0,0.0,0.0,0.0,0.0,28.14447,18.955159942404563,0.0,26.0,0.0,0.0,0.0,0.0,4.364166666666666,0.0,0.0,53.2686119596832,2.8369999999999997,25.4485,0.0,2.7183333333333337
2,175561.95995614398,3467.2922509607147,3.0,41.0,0.0,0.0,0.0,0.0,28.14447,18.955159942404563,0.0,26.0,0.0,0.0,0.0,0.0,4.364166666666667,0.0,0.0,53.2686119596832,2.8369999999999997,25.4485,0.0,2.7183333333333337
3,175561.95995614398,3467.2922509607147,3.0,41.0,0.0,0.0,0.0,0.0,28.14447,18.955159942404563,0.0,26.0,0.0,0.0,0.0,0.0,4.364166666666667,0.0,0.0,53.2686119596832,2.8369999999999997,25.4485,0.0,2.7183333333333337
4,175082.16311828428,4380.713236595,3.0,0.0,50.0,0.0,0.0,0.0,0.0,18.955159942404563,0.0,26.0,0.0,0.0,0.0,0.0,4.364166666666666,0.0,0.0,53.2686119596832,2.8369999999999997,25.4485,0.0,2.7183333333333337
