,cost,emission,grid,wood_supply,DHDC_small_heat,DHDC_medium_heat,DHDC_large_heat,wood_boiler_heat,wood_boiler_DHW,PV,SCFP,DHW_to_heat,ASHP,ASHP_DHW,GSHP_heat,GSHP_cooling,battery,DHW_storage,heat_storage,geothermal_boreholes,demand_electricity,demand_space_heating,demand_space_cooling,demand_hot_water
0,790868.3395999937,1683.3211729309528,3.0,21.0,,,,2000.0,2000.0,11.924651059997487,0.0,0.0,4.0,0.0,,,250.00000000000006,0.0,0.0,,1.6646666666666665,14.857666666666667,3.8845999999999994,1.459666666666667
1,597746.2204782164,1883.5746524019903,4.0,14.0,,,,10.932870000000001,0.0,11.924651059997487,0.0,1.0,3.8845999999999994,1.4596666666666667,,,2.597694444444445,0.0,0.0,,1.6646666666666665,14.857666666666667,3.8845999999999994,1.459666666666667
2,544106.8956199033,2083.828131873026,4.0,14.0,,,,10.932870000000001,0.0,11.924651059997487,0.0,1.0,3.8845999999999994,1.4596666666666667,,,2.597694444444445,0.0,0.0,,1.6646666666666665,14.857666666666667,3.8845999999999994,1.459666666666667
3,490477.25387961895,2284.0816113440655,5.0,12.0,,,,9.474581776475455,0.0,11.924651059997487,0.0,3.0,3.9795000000000003,2.823054890191212,,,2.597694444444445,0.0,0.0,,1.6646666666666665,14.857666666666667,3.8845999999999994,1.459666666666667
4,435311.936348892,2484.335090815104,8.0,0.0,,,,0.0,0.0,11.924651059997487,0.0,8.0,7.517,8.760136666666664,,,2.479180555555555,0.0,0.0,,1.6646666666666665,14.857666666666667,3.8845999999999994,1.459666666666667
