,cost,emission,grid,wood_supply,DHDC_small_heat,DHDC_medium_heat,DHDC_large_heat,wood_boiler_heat,wood_boiler_DHW,PV,SCFP,DHW_to_heat,ASHP,ASHP_DHW,GSHP_heat,GSHP_cooling,battery,DHW_storage,heat_storage,geothermal_boreholes,demand_electricity,demand_space_heating,demand_space_cooling,demand_hot_water
0,170712.31195422058,1865.416605841072,3.0,24.0,,,,2000.0,2000.0,15.798931161616553,0.0,0.0,5.0,0.0,,,250.00000000000006,0.0,0.0,,1.8338333333333334,17.271666666666665,4.7945199999999994,1.4218333333333335
1,93195.1134241894,1868.5504047696425,3.0,25.0,,,,13.65733333333333,5.0,15.798931161616553,0.0,4.0,4.7945199999999994,0.0,,,3.9518333333333335,0.0,0.0,,1.8338333333333334,17.271666666666665,4.7945199999999994,1.4218333333333335
2,93195.11342418939,1868.5504047696425,2.0,25.0,,,,13.65733333333333,5.0,15.798931161616553,0.0,4.0,4.7945199999999994,0.0,,,3.9518333333333335,0.0,0.0,,1.8338333333333334,17.271666666666665,4.7945199999999994,1.4218333333333335
3,93195.1134241894,1868.5504047696425,2.0,25.0,,,,13.65733333333333,5.0,15.798931161616553,0.0,4.0,4.7945199999999994,0.0,,,3.9518333333333335,0.0,0.0,,1.8338333333333334,17.271666666666665,4.7945199999999994,1.4218333333333335
4,92301.79543930414,1994.4371467339286,2.0,27.0,,,,0.0,18.65733333333333,15.798931161616553,0.0,18.0,4.7945199999999994,0.0,,,3.9518333333333335,0.0,0.0,,1.8338333333333334,17.271666666666665,4.7945199999999994,1.4218333333333335
