,cost,emission,grid,wood_supply,DHDC_small_heat,DHDC_medium_heat,DHDC_large_heat,wood_boiler_heat,wood_boiler_DHW,PV,SCFP,DHW_to_heat,ASHP,ASHP_DHW,GSHP_heat,GSHP_cooling,battery,DHW_storage,heat_storage,geothermal_boreholes,demand_electricity,demand_space_heating,demand_space_cooling,demand_hot_water
0,854112.5402098461,5020.156468590476,7.0,65.0,273.13,848.75,2000.0,2000.0,2000.0,37.99579143761771,0.0,0.0,15.0,0.0,,,250.00000000000006,0.0,0.0,,5.205,48.81419999999997,14.35504,2.5846066666666663
1,296017.8403582799,5020.567701361903,8.0,65.0,0.0,0.0,0.0,46.21513999999997,5.0,37.99579143761771,0.0,3.0,14.35504,0.0,,,9.81,0.0,0.0,,5.205,48.81419999999997,14.35504,2.5846066666666663
2,296017.8403582798,5020.567701361904,8.0,65.0,0.0,0.0,0.0,46.21513999999997,5.0,37.99579143761771,0.0,3.0,14.35504,0.0,,,9.810000000000002,0.0,0.0,,5.205,48.81419999999997,14.35504,2.5846066666666663
3,296017.8403582798,5020.567701361903,8.0,65.0,0.0,0.0,0.0,46.21513999999997,5.0,37.99579143761771,0.0,3.0,14.35504,0.0,,,9.81,0.0,0.0,,5.205,48.81419999999997,14.35504,2.5846066666666663
4,292544.0890704531,6662.29369974,8.0,0.0,51.102639999999965,0.0,0.0,0.0,0.0,37.99579143761771,0.0,49.0,14.35504,0.0,,,9.81,0.0,0.0,,5.205,48.81419999999997,14.35504,2.5846066666666663
