,cost,emission,grid,wood_supply,DHDC_small_heat,DHDC_medium_heat,DHDC_large_heat,wood_boiler_heat,wood_boiler_DHW,PV,SCFP,DHW_to_heat,ASHP,ASHP_DHW,GSHP_heat,GSHP_cooling,battery,DHW_storage,heat_storage,geothermal_boreholes,demand_electricity,demand_space_heating,demand_space_cooling,demand_hot_water
0,296326.79322047974,3675.7436343541667,6.0,47.0,,,,2000.0,2000.0,29.587342876452187,0.0,0.0,13.0,0.0,,,250.00000000000006,0.0,0.0,,3.9945000000000004,32.90146666666666,12.368166666666667,3.450833333333333
1,220504.00186502945,3676.1242003809525,4.0,47.0,,,,31.35076999999999,5.0,29.587342876452187,0.0,2.0,12.368166666666667,0.0,,,7.4336666666666655,0.0,0.0,,3.9945000000000004,32.90146666666666,12.368166666666667,3.450833333333333
2,220504.00186502948,3676.1242003809525,4.0,47.0,,,,31.35076999999999,5.0,29.587342876452187,0.0,2.0,12.368166666666667,0.0,,,7.4336666666666655,0.0,0.0,,3.9945000000000004,32.90146666666666,12.368166666666667,3.450833333333333
3,220504.00186502942,3676.1242003809525,4.0,47.0,,,,31.35076999999999,5.0,29.587342876452187,0.0,2.0,12.368166666666667,0.0,,,7.4336666666666655,0.0,0.0,,3.9945000000000004,32.90146666666666,12.368166666666667,3.450833333333333
4,220028.6428130013,3875.9575227738105,7.0,52.0,,,,0.0,36.35076999999999,29.587342876452187,0.0,33.0,12.368166666666667,0.0,,,7.4336666666666655,0.0,0.0,,3.9945000000000004,32.90146666666666,12.368166666666667,3.450833333333333
