,cost,emission,grid,wood_supply,DHDC_small_heat,DHDC_medium_heat,DHDC_large_heat,wood_boiler_heat,wood_boiler_DHW,PV,SCFP,DHW_to_heat,ASHP,ASHP_DHW,GSHP_heat,GSHP_cooling,battery,DHW_storage,heat_storage,geothermal_boreholes,demand_electricity,demand_space_heating,demand_space_cooling,demand_hot_water
0,99625.77099485372,1288.6841349625,2.0,15.0,,,,2000.0,2000.0,10.339255399782656,0.0,0.0,5.0,0.0,,,250.00000000000006,0.0,0.0,,1.2001666666666668,10.76984,4.416653333333333,0.9371666666666666
1,8720.43374559086,1545.4964786177075,3.0,12.0,,,,9.118666666666666,0.0,5.005626378813787,0.0,1.0,4.416653333333333,0.9371666666666665,,,0.3484466340436416,0.0,0.0,,1.2001666666666668,10.76984,4.416653333333333,0.9371666666666666
2,7939.485426278361,1802.308822272916,4.0,8.0,,,,6.328853333333333,0.0,3.325690634081787,0.0,1.0,4.416653333333333,0.9371666666666665,,,0.0,0.0,0.0,,1.2001666666666668,10.76984,4.416653333333333,0.9371666666666666
3,5858.196296633084,2059.1211659281234,6.0,0.0,,,,0.0,0.0,7.227316453832937,0.0,7.0,4.416653333333333,7.266019999999999,,,0.9893986948336222,0.0,0.0,,1.2001666666666668,10.76984,4.416653333333333,0.9371666666666666
4,5087.383728261633,2315.9335095833335,6.0,0.0,,,,0.0,0.0,0.0,0.0,7.0,4.416653333333333,7.266019999999999,,,0.0,0.0,0.0,,1.2001666666666668,10.76984,4.416653333333333,0.9371666666666666
