,cost,emission,grid,wood_supply,DHDC_small_heat,DHDC_medium_heat,DHDC_large_heat,wood_boiler_heat,wood_boiler_DHW,PV,SCFP,DHW_to_heat,ASHP,ASHP_DHW,GSHP_heat,GSHP_cooling,battery,DHW_storage,heat_storage,geothermal_boreholes,demand_electricity,demand_space_heating,demand_space_cooling,demand_hot_water
0,587485.4194697432,2991.308110837798,5.0,40.0,273.13,848.75,2000.0,2000.0,2000.0,19.739012287982348,0.0,0.0,8.0,0.0,,,250.00000000000006,0.0,0.0,,2.965333333333333,28.541386666666668,7.698599999999982,2.405
1,15772.178612054526,3502.3845959408623,6.0,27.0,0.0,0.0,0.0,21.130666666666666,0.0,12.508383690660333,0.0,1.0,7.698599999999982,2.405,,,0.9426949043631414,0.0,0.0,,2.965333333333333,28.541386666666668,7.698599999999982,2.405
2,14285.328898506785,4013.4610810439044,7.0,27.0,0.0,0.0,0.0,20.835120000000018,0.0,8.65905430632656,0.0,2.0,7.698599999999982,2.405,,,0.0,0.0,0.0,,2.965333333333333,28.541386666666668,7.698599999999982,2.405
3,11600.806227527475,4524.537566146958,15.0,0.0,0.0,0.0,0.0,0.0,0.0,13.369122691424296,0.0,19.0,9.644166666666667,21.294553333333333,,,1.2699269665041162,0.0,0.0,,2.965333333333333,28.541386666666668,7.698599999999982,2.405
4,10375.2996594187,5035.614051249999,15.0,0.0,0.0,0.0,0.0,0.0,0.0,0.0,0.0,2.0,28.456053333333333,2.4826666666666664,,,0.0,0.0,0.0,,2.965333333333333,28.541386666666668,7.698599999999982,2.405
