,cost,emission,grid,wood_supply,DHDC_small_heat,DHDC_medium_heat,DHDC_large_heat,wood_boiler_heat,wood_boiler_DHW,PV,SCFP,DHW_to_heat,ASHP,ASHP_DHW,GSHP_heat,GSHP_cooling,battery,DHW_storage,heat_storage,geothermal_boreholes,demand_electricity,demand_space_heating,demand_space_cooling,demand_hot_water
0,1266615.4648779794,1821.1877054714284,2.0,24.0,273.13,848.75,2000.0,2000.0,2000.0,19.310511816336266,0.0,0.0,6.0,0.0,,,250.00000000000006,0.0,0.0,,2.0102166666666657,17.208833333333335,5.822666666666667,1.5136666666666667
1,512025.7653891172,1970.116662391065,3.0,14.0,50.0,0.0,0.0,10.876880021213307,0.0,19.310511816336266,0.0,7.0,5.822666666666667,1.5136666666666667,,,4.059986111111111,0.0,0.0,,2.0102166666666657,17.208833333333335,5.822666666666667,1.5136666666666667
2,372325.7978434216,2119.045619310721,3.0,7.0,50.0,0.0,0.0,5.0,0.0,19.310511816336266,0.0,13.0,5.822666666666667,1.5136666666666667,,,4.059986111111111,0.0,0.0,,2.0102166666666657,17.208833333333335,5.822666666666667,1.5136666666666667
3,232721.08866136085,2267.9745762303596,3.0,7.0,50.0,0.0,0.0,5.0,0.0,19.310511816336266,0.0,17.0,5.822666666666667,1.5136666666666667,,,4.059986111111111,0.0,0.0,,2.0102166666666657,17.208833333333335,5.822666666666667,1.5136666666666667
4,104887.53536341287,2416.90353315,2.0,0.0,50.0,0.0,0.0,0.0,0.0,19.310511816336266,0.0,18.0,5.822666666666667,0.0,,,4.398,0.0,0.0,,2.0102166666666657,17.208833333333335,5.822666666666667,1.5136666666666667
