,cost,emission,grid,wood_supply,DHDC_small_heat,DHDC_medium_heat,DHDC_large_heat,wood_boiler_heat,wood_boiler_DHW,PV,SCFP,DHW_to_heat,ASHP,ASHP_DHW,GSHP_heat,GSHP_cooling,battery,DHW_storage,heat_storage,geothermal_boreholes,demand_electricity,demand_space_heating,demand_space_cooling,demand_hot_water
0,1584301.0576464331,3760.9229778910712,10.0,22.0,273.13,848.75,2000.0,2000.0,2000.0,33.065348407615716,0.0,0.0,13.0,0.0,,,250.00000000000006,0.0,0.0,,5.4718333333333335,12.302393333333335,12.067166666666665,4.228
1,824576.2987391986,3885.6319300758055,10.0,21.0,50.0,0.0,0.0,12.302393333333335,5.0,33.065348407615716,0.0,0.0,12.067166666666665,4.201273333333333,,,6.140986111111111,0.0,0.0,,5.4718333333333335,12.302393333333335,12.067166666666665,4.228
2,649116.2251436458,4010.3408822605315,10.0,20.0,50.0,0.0,0.0,12.302393333333335,5.0,33.065348407615716,0.0,0.0,12.067166666666665,4.201273333333333,,,6.140986111111111,0.0,0.0,,5.4718333333333335,12.302393333333335,12.067166666666665,4.228
3,516028.07224064367,4135.049834445259,10.0,7.0,50.0,0.0,0.0,5.0,0.0,33.065348407615716,0.0,13.0,12.067166666666665,4.170606666666666,,,6.140986111111111,0.0,0.0,,5.4718333333333335,12.302393333333335,12.067166666666665,4.228
4,402396.513358004,4259.758786630001,10.0,0.0,50.0,0.0,0.0,0.0,0.0,33.065348407615716,0.0,13.0,12.067166666666665,0.0,,,7.228833333333334,0.0,0.0,,5.4718333333333335,12.302393333333335,12.067166666666665,4.228
