,cost,emission,grid,wood_supply,DHDC_small_heat,DHDC_medium_heat,DHDC_large_heat,wood_boiler_heat,wood_boiler_DHW,PV,SCFP,DHW_to_heat,ASHP,ASHP_DHW,GSHP_heat,GSHP_cooling,battery,DHW_storage,heat_storage,geothermal_boreholes,demand_electricity,demand_space_heating,demand_space_cooling,demand_hot_water
0,100920.29783353247,1586.3364510957795,2.0,19.0,,,,2000.0,2000.0,14.138847400464025,0.0,0.0,0.0,2.0,0.0,0.0,250.00000000000006,0.0,0.0,49.89719318032482,1.4409999999999998,13.209519999999992,0.0,1.4906666666666668
1,9965.765610319359,1916.4452065510022,2.0,17.0,,,,12.936679999999996,0.0,7.566988085813169,0.0,1.0,0.0,1.7404766666666642,0.0,0.0,0.7734021636305265,0.0,0.0,49.89719318032482,1.4409999999999998,13.209519999999992,0.0,1.4906666666666668
2,9004.599847096379,2246.553962006221,3.0,15.0,,,,11.347236955579591,0.0,4.9172083489333795,0.0,3.0,0.0,3.3299197110870677,0.0,0.0,0.0,0.0,0.0,49.89719318032482,1.4409999999999998,13.209519999999992,0.0,1.4906666666666668
3,6715.916307252286,2576.6627174614437,7.0,0.0,,,,0.0,0.0,8.483312673237007,0.0,14.0,0.0,14.677156666666658,0.0,0.0,1.0509179141040965,0.0,0.0,49.89719318032482,1.4409999999999998,13.209519999999992,0.0,1.4906666666666668
4,5916.360466721518,2906.7714729166664,7.0,0.0,,,,0.0,0.0,0.0,0.0,14.0,0.0,14.677156666666658,0.0,0.0,0.0,0.0,0.0,49.89719318032482,1.4409999999999998,13.209519999999992,0.0,1.4906666666666668
