,cost,emission,grid,wood_supply,DHDC_small_heat,DHDC_medium_heat,DHDC_large_heat,wood_boiler_heat,wood_boiler_DHW,PV,SCFP,DHW_to_heat,ASHP,ASHP_DHW,GSHP_heat,GSHP_cooling,battery,DHW_storage,heat_storage,geothermal_boreholes,demand_electricity,demand_space_heating,demand_space_cooling,demand_hot_water
0,954459.3804266409,5339.063099389582,9.0,63.0,273.13,848.75,2000.0,2000.0,2000.0,33.756796319125094,0.0,0.0,16.0,0.0,,,250.00000000000006,0.0,0.0,,6.222833333333333,44.94784666666667,15.403199999999996,4.569666666666667
1,389823.04286777764,5608.992053725297,9.0,71.0,0.0,0.0,0.0,0.0,49.51298333333334,33.756796319125094,0.0,45.0,15.403199999999996,0.0,,,7.910333333333334,0.0,0.0,,6.222833333333333,44.94784666666667,15.403199999999996,4.569666666666667
2,389823.04286777764,5608.9920537252965,9.0,71.0,0.0,0.0,0.0,0.0,49.51298333333334,33.756796319125094,0.0,45.0,15.403199999999996,0.0,,,7.910333333333334,0.0,0.0,,6.222833333333333,44.94784666666667,15.403199999999996,4.569666666666667
3,389823.04286777764,5608.992053725297,9.0,71.0,0.0,0.0,0.0,0.0,49.51298333333334,33.756796319125094,0.0,45.0,15.403199999999996,0.0,,,7.910333333333334,0.0,0.0,,6.222833333333333,44.94784666666667,15.403199999999996,4.569666666666667
4,386526.4988362722,6829.541973519583,9.0,0.0,50.0,0.0,0.0,0.0,0.0,33.756796319125094,0.0,45.0,15.403199999999996,0.0,,,7.910333333333334,0.0,0.0,,6.222833333333333,44.94784666666667,15.403199999999996,4.569666666666667
