,cost,emission,grid,wood_supply,DHDC_small_heat,DHDC_medium_heat,DHDC_large_heat,wood_boiler_heat,wood_boiler_DHW,PV,SCFP,DHW_to_heat,ASHP,ASHP_DHW,GSHP_heat,GSHP_cooling,battery,DHW_storage,heat_storage,geothermal_boreholes,demand_electricity,demand_space_heating,demand_space_cooling,demand_hot_water
0,671932.8376059184,2673.0444522999665,3.0,31.0,273.13,848.75,2000.0,2000.0,2000.0,23.778042798371178,0.0,0.0,0.0,3.0,13.0,9.0,250.00000000000006,0.0,0.0,56.64462995885984,2.521293333333333,21.38655999999999,8.9188,2.4804999999999997
1,118119.802948104,2694.1236778481425,3.0,31.0,0.0,0.0,0.0,18.844726666666652,5.0,23.778042798371178,0.0,3.0,0.0,1.3596283666422004,0.0,8.9188,5.32848818056575,0.0,0.0,56.64462995885984,2.521293333333333,21.38655999999999,8.9188,2.4804999999999997
2,118119.80294810397,2694.1236778481425,3.0,31.0,0.0,0.0,0.0,18.844726666666652,5.0,23.778042798371178,0.0,3.0,0.0,1.3596283666422024,0.0,8.9188,5.328488180565751,0.0,0.0,56.64462995885984,2.521293333333333,21.38655999999999,8.9188,2.4804999999999997
3,118119.802948104,2694.1236778481425,3.0,31.0,0.0,0.0,0.0,18.844726666666652,5.0,23.778042798371178,0.0,3.0,0.0,1.3596283666422013,0.0,8.9188,5.328488180565751,0.0,0.0,56.64462995885984,2.521293333333333,21.38655999999999,8.9188,2.4804999999999997
4,117602.72635564732,2886.576204626714,3.0,35.0,0.0,0.0,0.0,0.0,23.844726666666652,23.778042798371178,0.0,22.0,0.0,1.3596283666421998,0.0,8.9188,5.328488180565751,0.0,0.0,56.64462995885984,2.521293333333333,21.38655999999999,8.9188,2.4804999999999997
