,cost,emission,grid,wood_supply,DHDC_small_heat,DHDC_medium_heat,DHDC_large_heat,wood_boiler_heat,wood_boiler_DHW,PV,SCFP,DHW_to_heat,ASHP,ASHP_DHW,GSHP_heat,GSHP_cooling,battery,DHW_storage,heat_storage,geothermal_boreholes,demand_electricity,demand_space_heating,demand_space_cooling,demand_hot_water
0,1613109.096530586,3726.187974689285,4.0,42.0,,,,2000.0,2000.0,26.81784286226864,0.0,0.0,0.0,0.0,0.0,0.0,250.00000000000006,0.0,0.0,58.772490003588054,3.380166666666667,29.78931999999997,0.0,3.1908333333333334
1,1298744.4557983517,4157.1196913620115,8.0,28.0,,,,21.857453333333304,0.0,26.81784286226864,0.0,11.0,0.0,11.105199999999998,0.0,0.0,5.487569444444444,0.0,0.0,58.772490003588054,3.380166666666667,29.78931999999997,0.0,3.1908333333333334
2,1183316.3174038695,4588.051408034744,8.0,28.0,,,,21.857453333333304,0.0,26.81784286226864,0.0,11.0,0.0,11.105199999999998,0.0,0.0,5.487569444444444,0.0,0.0,58.772490003588054,3.380166666666667,29.78931999999997,0.0,3.1908333333333334
3,1067912.9546885008,5018.983124707461,10.0,23.0,,,,18.126208814487583,0.0,26.81784286226864,0.0,15.0,0.0,14.836444518845719,0.0,0.0,5.487569444444444,0.0,0.0,58.772490003588054,3.380166666666667,29.78931999999997,0.0,3.1908333333333334
4,951053.7171706127,5449.914841380208,16.0,0.0,,,,0.0,0.0,26.81784286226864,0.0,30.0,0.0,32.9626533333333,0.0,0.0,5.194902777777777,0.0,0.0,58.772490003588054,3.380166666666667,29.78931999999997,0.0,3.1908333333333334
