,cost,emission,grid,wood_supply,DHDC_small_heat,DHDC_medium_heat,DHDC_large_heat,wood_boiler_heat,wood_boiler_DHW,PV,SCFP,DHW_to_heat,ASHP,ASHP_DHW,GSHP_heat,GSHP_cooling,battery,DHW_storage,heat_storage,geothermal_boreholes,demand_electricity,demand_space_heating,demand_space_cooling,demand_hot_water
0,588445.0493568041,3760.9229778910712,10.0,22.0,273.13,848.75,2000.0,2000.0,2000.0,33.065348407615716,0.0,0.0,13.0,0.0,,,250.00000000000006,0.0,0.0,,5.4718333333333335,12.302393333333335,12.067166666666665,4.228
1,16674.030746894852,4224.820124876654,11.0,10.0,0.0,0.0,0.0,7.953,0.0,32.27791688744143,0.0,0.0,12.067166666666665,4.228,,,3.212888678916536,0.0,0.0,,5.4718333333333335,12.302393333333335,12.067166666666665,4.228
2,13279.693715917227,4688.717271862198,11.0,0.0,0.0,0.0,0.0,0.0,0.0,24.499407824210184,0.0,2.0,12.296500000000002,4.228,,,0.8005263023940387,0.0,0.0,,5.4718333333333335,12.302393333333335,12.067166666666665,4.228
3,12054.408261705616,5152.6144188475155,11.0,0.0,0.0,0.0,0.0,0.0,0.0,11.59680838690978,0.0,2.0,12.067166666666665,4.457333333333335,,,0.0,0.0,0.0,,5.4718333333333335,12.302393333333335,12.067166666666665,4.228
4,11161.271504467062,5616.5115658333325,11.0,0.0,0.0,0.0,0.0,0.0,0.0,0.0,0.0,2.0,12.067166666666665,4.457333333333335,,,0.0,0.0,0.0,,5.4718333333333335,12.302393333333335,12.067166666666665,4.228
