,cost,emission,grid,wood_supply,DHDC_small_heat,DHDC_medium_heat,DHDC_large_heat,wood_boiler_heat,wood_boiler_DHW,PV,SCFP,DHW_to_heat,ASHP,ASHP_DHW,GSHP_heat,GSHP_cooling,battery,DHW_storage,heat_storage,geothermal_boreholes,demand_electricity,demand_space_heating,demand_space_cooling,demand_hot_water
0,838016.0917298852,5589.842543170032,6.0,64.0,273.13,848.75,2000.0,2000.0,2000.0,44.227150930469406,0.0,0.0,0.0,6.0,0.0,0.0,250.00000000000006,0.0,0.0,70.95900565132858,5.53197,44.79484,0.0,5.01894
1,288854.8883580266,5592.484817670031,6.0,64.0,0.0,0.0,0.0,44.79450666666666,5.018939999999999,44.227150930469406,0.0,1.0,0.0,3.253922265800439,0.0,0.0,9.646199055916483,0.0,0.0,70.95900565132858,5.53197,44.79484,0.0,5.01894
2,288854.8883580266,5592.484817670031,6.0,64.0,0.0,0.0,0.0,44.79450666666666,5.018939999999999,44.227150930469406,0.0,1.0,0.0,3.253922265800439,0.0,0.0,9.646199055916483,0.0,0.0,70.95900565132858,5.53197,44.79484,0.0,5.01894
3,287641.77628440835,6997.811597106669,6.0,8.0,50.0,0.0,0.0,5.9865608166352375,0.0,44.227150930469406,0.0,39.0,0.0,3.2876121235737754,0.0,0.0,9.981494948510932,0.0,0.0,70.95900565132858,5.53197,44.79484,0.0,5.01894
4,283761.35158810345,7467.1346150855425,6.0,0.0,50.0,0.0,0.0,0.0,0.0,44.227150930469406,0.0,45.0,0.0,2.989753820484428,0.0,0.0,8.596102574798154,0.0,0.0,70.95900565132858,5.53197,44.79484,0.0,5.01894
