,cost,emission,grid,wood_supply,DHDC_small_heat,DHDC_medium_heat,DHDC_large_heat,wood_boiler_heat,wood_boiler_DHW,PV,SCFP,DHW_to_heat,ASHP,ASHP_DHW,GSHP_heat,GSHP_cooling,battery,DHW_storage,heat_storage,geothermal_boreholes,demand_electricity,demand_space_heating,demand_space_cooling,demand_hot_water
0,693683.9660091784,2243.1023705511907,4.0,28.0,273.13,848.75,2000.0,2000.0,2000.0,15.638355087647998,0.0,0.0,6.0,0.0,,,250.00000000000006,0.0,0.0,,2.1796666666666664,20.010313333333333,5.966800000000003,1.9945000000000002
1,128389.48772966675,2244.796638854762,4.0,29.0,0.0,0.0,0.0,16.980116666666667,5.0,15.638355087647998,0.0,4.0,5.966800000000003,0.0,,,3.886499999999999,0.0,0.0,,2.1796666666666664,20.010313333333333,5.966800000000003,1.9945000000000002
2,128389.48772966675,2244.796638854762,4.0,29.0,0.0,0.0,0.0,16.980116666666667,5.0,15.638355087647998,0.0,4.0,5.966800000000003,0.0,,,3.886499999999999,0.0,0.0,,2.1796666666666664,20.010313333333333,5.966800000000003,1.9945000000000002
3,128389.48772966674,2244.796638854762,4.0,29.0,0.0,0.0,0.0,16.980116666666667,5.0,15.638355087647998,0.0,4.0,5.966800000000003,0.0,,,3.886499999999999,0.0,0.0,,2.1796666666666664,20.010313333333333,5.966800000000003,1.9945000000000002
4,127545.21722285295,2379.3610115547626,4.0,32.0,0.0,0.0,0.0,0.0,21.980116666666664,15.638355087647998,0.0,21.0,5.966800000000003,0.0,,,3.886499999999999,0.0,0.0,,2.1796666666666664,20.010313333333333,5.966800000000003,1.9945000000000002
