,cost,emission,grid,wood_supply,DHDC_small_heat,DHDC_medium_heat,DHDC_large_heat,wood_boiler_heat,wood_boiler_DHW,PV,SCFP,DHW_to_heat,ASHP,ASHP_DHW,GSHP_heat,GSHP_cooling,battery,DHW_storage,heat_storage,geothermal_boreholes,demand_electricity,demand_space_heating,demand_space_cooling,demand_hot_water
0,227150.67098777712,2224.665488702679,4.0,27.0,,,,2000.0,2000.0,15.043900017150683,0.0,0.0,6.0,0.0,,,250.00000000000006,0.0,0.0,,2.3925799999999993,18.858213333333325,5.884799999999999,2.0498333333333334
1,141111.45817947746,2226.4500621526786,4.0,27.0,,,,15.88037999999999,5.0,15.043900017150683,0.0,3.0,5.884799999999999,0.0,,,3.4323333333333332,0.0,0.0,,2.3925799999999993,18.858213333333325,5.884799999999999,2.0498333333333334
2,141111.4581794775,2226.4500621526786,4.0,27.0,,,,15.88037999999999,5.0,15.043900017150683,0.0,3.0,5.884799999999999,0.0,,,3.4323333333333332,0.0,0.0,,2.3925799999999993,18.858213333333325,5.884799999999999,2.0498333333333334
3,141111.4581794775,2226.4500621526786,4.0,27.0,,,,15.88037999999999,5.0,15.043900017150683,0.0,3.0,5.884799999999999,0.0,,,3.4323333333333332,0.0,0.0,,2.3925799999999993,18.858213333333325,5.884799999999999,2.0498333333333334
4,140209.05279205652,2350.7290328991076,4.0,30.0,,,,0.0,20.880379999999988,15.043900017150683,0.0,19.0,5.884799999999999,0.0,,,3.4323333333333332,0.0,0.0,,2.3925799999999993,18.858213333333325,5.884799999999999,2.0498333333333334
