,cost,emission,grid,wood_supply,DHDC_small_heat,DHDC_medium_heat,DHDC_large_heat,wood_boiler_heat,wood_boiler_DHW,PV,SCFP,DHW_to_heat,ASHP,ASHP_DHW,GSHP_heat,GSHP_cooling,battery,DHW_storage,heat_storage,geothermal_boreholes,demand_electricity,demand_space_heating,demand_space_cooling,demand_hot_water
0,960287.4350063269,5564.989139953572,9.0,67.0,273.13,848.75,2000.0,2000.0,2000.0,33.28099622320642,0.0,0.0,16.0,0.0,,,250.00000000000006,0.0,0.0,,5.9645,47.705306666666665,15.841520000000008,4.612666666666667
1,395340.55118187447,5565.08782145349,9.0,67.0,0.0,0.0,0.0,47.30744333349999,4.999999999833333,33.28099622320642,0.0,1.0,15.841520000000008,0.0,,,7.688000000000002,2.0,0.0,,5.9645,47.705306666666665,15.841520000000008,4.612666666666667
2,395340.11958187504,5565.011461453571,9.0,67.0,0.0,0.0,0.0,47.307443333333325,5.0,33.28099622320642,0.0,1.0,15.841520000000008,0.0,,,7.688000000000002,0.0,0.0,,5.9645,47.705306666666665,15.841520000000008,4.612666666666667
3,394949.02142659447,6776.11532519589,9.0,8.0,50.0,0.0,0.0,6.191869505716139,0.0,33.28099622320642,0.0,42.0,15.841520000000008,0.0,,,7.688,0.0,0.0,,5.9645,47.705306666666665,15.841520000000008,4.612666666666667
4,391659.7591880044,7179.82405361,9.0,0.0,52.1112,0.0,0.0,0.0,0.0,33.28099622320642,0.0,48.0,15.841520000000008,0.0,,,7.688,0.0,0.0,,5.9645,47.705306666666665,15.841520000000008,4.612666666666667
