,cost,emission,grid,wood_supply,DHDC_small_heat,DHDC_medium_heat,DHDC_large_heat,wood_boiler_heat,wood_boiler_DHW,PV,SCFP,DHW_to_heat,ASHP,ASHP_DHW,GSHP_heat,GSHP_cooling,battery,DHW_storage,heat_storage,geothermal_boreholes,demand_electricity,demand_space_heating,demand_space_cooling,demand_hot_water
0,247032.35119881076,3255.3434012642856,3.0,36.0,,,,2000.0,2000.0,23.859669600603844,0.0,0.0,0.0,0.0,0.0,0.0,250.00000000000006,0.0,0.0,56.7017687204227,2.939333333333334,25.448760000000004,0.0,2.838833333333333
1,168968.77529103085,3256.3880737125,3.0,37.0,,,,23.2717,5.0,23.859669600603844,0.0,3.0,0.0,0.0,0.0,0.0,5.2675,0.0,0.0,56.7017687204227,2.939333333333334,25.448760000000004,0.0,2.838833333333333
2,168968.77529103088,3256.3880737125,3.0,37.0,,,,23.2717,5.0,23.859669600603844,0.0,3.0,0.0,0.0,0.0,0.0,5.2675,0.0,0.0,56.7017687204227,2.939333333333334,25.448760000000004,0.0,2.838833333333333
3,168968.77529103088,3256.3880737125,3.0,37.0,,,,23.2717,5.0,23.859669600603844,0.0,3.0,0.0,0.0,0.0,0.0,5.267500000000002,0.0,0.0,56.7017687204227,2.939333333333334,25.448760000000004,0.0,2.838833333333333
4,168587.26817900274,3472.825970105357,3.0,41.0,,,,0.0,28.2717,23.859669600603844,0.0,26.0,0.0,0.0,0.0,0.0,5.2675,0.0,0.0,56.7017687204227,2.939333333333334,25.448760000000004,0.0,2.838833333333333
