,cost,emission,grid,wood_supply,DHDC_small_heat,DHDC_medium_heat,DHDC_large_heat,wood_boiler_heat,wood_boiler_DHW,PV,SCFP,DHW_to_heat,ASHP,ASHP_DHW,GSHP_heat,GSHP_cooling,battery,DHW_storage,heat_storage,geothermal_boreholes,demand_electricity,demand_space_heating,demand_space_cooling,demand_hot_water
0,155545.34443289944,1000.946042175,2.0,8.0,,,,2000.0,2000.0,13.93451603919329,0.0,0.0,4.0,0.0,,,250.00000000000006,0.0,0.0,,1.5243333333333335,4.84462,3.4119466666666667,1.350666666666667
1,74710.28928993302,1001.0456869666666,2.0,8.0,,,,5.0,5.0,13.93451603919329,0.0,1.0,3.4119466666666667,0.0,,,3.4726666666666675,0.0,0.0,,1.5243333333333335,4.84462,3.4119466666666667,1.350666666666667
2,74710.28928993302,1001.0456869666667,2.0,8.0,,,,4.999999999999999,4.999999999999999,13.93451603919329,0.0,1.0,3.4119466666666667,0.0,,,3.472666666666666,0.0,0.0,,1.5243333333333335,4.84462,3.4119466666666667,1.350666666666667
3,74710.28928993302,1001.0456869666667,2.0,8.0,,,,4.999999999999999,4.999999999999999,13.93451603919329,0.0,1.0,3.4119466666666667,0.0,,,3.472666666666666,0.0,0.0,,1.5243333333333335,4.84462,3.4119466666666667,1.350666666666667
4,73162.297935309,1022.0404536523811,2.0,9.0,,,,0.0,6.186953333333332,13.93451603919329,0.0,5.0,3.4119466666666667,0.0,,,3.472666666666666,0.0,0.0,,1.5243333333333335,4.84462,3.4119466666666667,1.350666666666667
