,cost,emission,grid,wood_supply,DHDC_small_heat,DHDC_medium_heat,DHDC_large_heat,wood_boiler_heat,wood_boiler_DHW,PV,SCFP,DHW_to_heat,ASHP,ASHP_DHW,GSHP_heat,GSHP_cooling,battery,DHW_storage,heat_storage,geothermal_boreholes,demand_electricity,demand_space_heating,demand_space_cooling,demand_hot_water
0,1209326.965573547,9228.011435674998,11.0,93.0,273.13,848.75,2000.0,2000.0,2000.0,72.72591382266913,0.0,0.0,0.0,0.0,0.0,0.0,250.00000000000006,0.0,0.0,90.9081396758684,10.600166666666668,63.32952,0.0,9.42891
1,654411.7792765256,9228.238752237501,11.0,93.0,0.0,0.0,0.0,63.32952,9.42891,72.72591382266913,0.0,0.0,0.0,0.0,0.0,0.0,16.451500000000006,0.0,0.0,90.9081396758684,10.600166666666668,63.32952,0.0,9.42891
2,653161.5040252154,10374.914215986268,11.0,35.0,50.0,0.0,0.0,27.437914148593386,0.0,72.72591382266913,0.0,36.0,0.0,0.0,0.0,0.0,16.61500000000001,0.0,0.0,90.9081396758684,10.600166666666668,63.32952,0.0,9.42891
3,650343.0606493338,10948.365606141855,11.0,29.0,50.0,0.0,0.0,22.758430000000004,0.0,72.72591382266913,0.0,44.0,0.0,0.0,0.0,0.0,16.61500000000001,0.0,0.0,90.9081396758684,10.600166666666668,63.32952,0.0,9.42891
4,647601.2939985694,11521.8169962975,11.0,29.0,50.0,0.0,0.0,22.758430000000004,0.0,72.72591382266913,0.0,44.0,0.0,0.0,0.0,0.0,16.451500000000003,0.0,0.0,90.9081396758684,10.600166666666668,63.32952,0.0,9.42891
