,cost,emission,grid,wood_supply,DHDC_small_heat,DHDC_medium_heat,DHDC_large_heat,wood_boiler_heat,wood_boiler_DHW,PV,SCFP,DHW_to_heat,ASHP,ASHP_DHW,GSHP_heat,GSHP_cooling,battery,DHW_storage,heat_storage,geothermal_boreholes,demand_electricity,demand_space_heating,demand_space_cooling,demand_hot_water
0,581478.2735512701,1684.9118884839286,2.0,19.0,273.13,848.75,2000.0,2000.0,2000.0,12.136407677812485,0.0,0.0,0.0,0.0,0.0,0.0,250.00000000000006,0.0,0.0,48.49548537446874,1.3074999999999999,13.380400000000003,0.0,1.4268333333333334
1,10074.553007926248,2002.3689741754463,2.0,17.0,0.0,0.0,0.0,13.342340000000004,0.0,5.254824320333635,0.0,1.0,0.0,1.4268333333333332,0.0,0.0,0.0,0.0,0.0,48.49548537446874,1.3074999999999999,13.380400000000003,0.0,1.4268333333333334
2,9226.738898222207,2319.8260598669704,3.0,15.0,0.0,0.0,0.0,11.303015245530876,0.0,4.070858105008142,0.0,4.0,0.0,3.4661580878024596,0.0,0.0,0.0,0.0,0.0,48.49548537446874,1.3074999999999999,13.380400000000003,0.0,1.4268333333333334
3,7158.824987750393,2637.2831455584783,7.0,0.0,0.0,0.0,0.0,0.0,0.0,10.03686086564638,0.0,14.0,0.0,14.769173333333336,0.0,0.0,1.0458019291429992,0.0,0.0,48.49548537446874,1.3074999999999999,13.380400000000003,0.0,1.4268333333333334
4,6010.562977093134,2954.74023125,7.0,0.0,0.0,0.0,0.0,0.0,0.0,0.0,0.0,14.0,0.0,14.769173333333336,0.0,0.0,0.0,0.0,0.0,48.49548537446874,1.3074999999999999,13.380400000000003,0.0,1.4268333333333334
