,cost,emission,grid,wood_supply,DHDC_small_heat,DHDC_medium_heat,DHDC_large_heat,wood_boiler_heat,wood_boiler_DHW,PV,SCFP,DHW_to_heat,ASHP,ASHP_DHW,GSHP_heat,GSHP_cooling,battery,DHW_storage,heat_storage,geothermal_boreholes,demand_electricity,demand_space_heating,demand_space_cooling,demand_hot_water
0,582446.058065655,1893.151057052976,3.0,24.0,273.13,848.75,2000.0,2000.0,2000.0,15.716469835545357,0.0,0.0,5.0,0.0,,,250.00000000000006,0.0,0.0,,1.9476666666666667,17.582960000000003,4.704999999999999,1.3921666666666666
1,11181.355141279548,2248.603586800148,4.0,18.0,0.0,0.0,0.0,14.318999999999999,0.0,8.750815245775685,0.0,1.0,4.704999999999999,1.3921666666666666,,,0.742204786633471,0.0,0.0,,1.9476666666666667,17.582960000000003,4.704999999999999,1.3921666666666666
2,10086.213817159167,2604.0561165473446,5.0,17.0,0.0,0.0,0.0,12.841460000000001,0.0,5.332140455924587,0.0,1.0,4.704999999999999,1.3921666666666666,,,0.0,0.0,0.0,,1.9476666666666667,17.582960000000003,4.704999999999999,1.3921666666666666
3,7793.936457256459,2959.508646294494,9.0,0.0,0.0,0.0,0.0,0.0,0.0,9.849131108268175,0.0,11.0,7.727960000000003,11.210666666666665,,,1.0240426766629853,0.0,0.0,,1.9476666666666667,17.582960000000003,4.704999999999999,1.3921666666666666
4,6797.455282012076,3314.961176041667,10.0,0.0,0.0,0.0,0.0,0.0,0.0,0.0,0.0,2.0,17.153793333333333,1.7848333333333333,,,0.0,0.0,0.0,,1.9476666666666667,17.582960000000003,4.704999999999999,1.3921666666666666
