,cost,emission,grid,wood_supply,DHDC_small_heat,DHDC_medium_heat,DHDC_large_heat,wood_boiler_heat,wood_boiler_DHW,PV,SCFP,DHW_to_heat,ASHP,ASHP_DHW,GSHP_heat,GSHP_cooling,battery,DHW_storage,heat_storage,geothermal_boreholes,demand_electricity,demand_space_heating,demand_space_cooling,demand_hot_water
0,128944.82507345371,1288.6841349625,2.0,15.0,,,,2000.0,2000.0,10.339255399782656,0.0,0.0,5.0,0.0,,,250.00000000000006,0.0,0.0,,1.2001666666666668,10.76984,4.416653333333333,0.9371666666666666
1,54028.39672957008,1291.9088115839284,2.0,16.0,,,,8.5305,5.0,10.339255399782656,0.0,3.0,4.416653333333333,0.0,,,2.6610000000000005,0.0,0.0,,1.2001666666666668,10.76984,4.416653333333333,0.9371666666666666
2,54028.39672957009,1291.9088115839284,2.0,16.0,,,,8.5305,5.0,10.339255399782656,0.0,3.0,4.416653333333333,0.0,,,2.6610000000000005,0.0,0.0,,1.2001666666666668,10.76984,4.416653333333333,0.9371666666666666
3,54028.39672957008,1291.9088115839284,2.0,16.0,,,,8.5305,5.0,10.339255399782656,0.0,3.0,4.416653333333333,0.0,,,2.6610000000000005,0.0,0.0,,1.2001666666666668,10.76984,4.416653333333333,0.9371666666666666
4,52968.009740345915,1393.5362899124998,2.0,17.0,,,,0.0,11.682673333333334,10.339255399782656,0.0,11.0,4.416653333333333,0.0,,,2.6610000000000005,0.0,0.0,,1.2001666666666668,10.76984,4.416653333333333,0.9371666666666666
