,cost,emission,grid,wood_supply,DHDC_small_heat,DHDC_medium_heat,DHDC_large_heat,wood_boiler_heat,wood_boiler_DHW,PV,SCFP,DHW_to_heat,ASHP,ASHP_DHW,GSHP_heat,GSHP_cooling,battery,DHW_storage,heat_storage,geothermal_boreholes,demand_electricity,demand_space_heating,demand_space_cooling,demand_hot_water
0,599153.5268534188,4829.385400046856,6.0,63.0,273.13,848.75,2000.0,2000.0,2000.0,36.22424464925402,0.0,0.0,17.0,5.0,,,250.00000000000006,0.0,0.0,,4.785073333333332,44.851753333333335,16.457666666666668,4.332833333333333
1,26370.78446233608,5690.600323993466,9.0,43.0,0.0,0.0,0.0,33.94333333333333,0.0,24.221188595988966,0.0,1.0,16.457666666666668,4.332833333333333,,,2.386560675109373,0.0,0.0,,4.785073333333332,44.851753333333335,16.457666666666668,4.332833333333333
2,23734.42209091578,6551.815247940095,12.0,36.0,0.0,0.0,0.0,28.377663333333334,0.0,15.81673351107764,0.0,4.0,16.457666666666668,4.332833333333333,,,0.0,0.0,0.0,,4.785073333333332,44.851753333333335,16.457666666666668,4.332833333333333
3,20130.942456995155,7413.030171886721,24.0,0.0,0.0,0.0,0.0,0.0,0.0,21.17046776183116,0.0,30.0,16.457666666666668,32.710496666666664,,,1.389485264305556,0.0,0.0,,4.785073333333332,44.851753333333335,16.457666666666668,4.332833333333333
4,18403.07720268884,8274.245095833336,24.0,0.0,0.0,0.0,0.0,0.0,0.0,0.0,0.0,30.0,16.457666666666668,32.710496666666664,,,0.0,0.0,0.0,,4.785073333333332,44.851753333333335,16.457666666666668,4.332833333333333
