,cost,emission,grid,wood_supply,DHDC_small_heat,DHDC_medium_heat,DHDC_large_heat,wood_boiler_heat,wood_boiler_DHW,PV,SCFP,DHW_to_heat,ASHP,ASHP_DHW,GSHP_heat,GSHP_cooling,battery,DHW_storage,heat_storage,geothermal_boreholes,demand_electricity,demand_space_heating,demand_space_cooling,demand_hot_water
0,101104.15609125159,1573.3471881815476,2.0,18.0,,,,2000.0,2000.0,10.086175327622117,0.0,0.0,6.0,0.0,,,250.00000000000006,0.0,0.0,,1.2883333333333333,12.976320000000001,5.30658,1.0361366666666665
1,10020.061823567754,1871.6303674903293,3.0,13.0,,,,9.891097033516202,0.0,4.3594760273758855,0.0,1.0,5.30658,1.0361366666666665,,,0.0,0.0,0.0,,1.2883333333333333,12.976320000000001,5.30658,1.0361366666666665
2,9171.623090967123,2169.9135467991096,4.0,10.0,,,,7.62524,0.0,3.4419468531816415,0.0,1.0,5.30658,1.0361366666666665,,,0.0,0.0,0.0,,1.2883333333333333,12.976320000000001,5.30658,1.0361366666666665
3,7087.090239463587,2468.1967261078853,7.0,0.0,,,,0.0,0.0,8.918499207730742,0.0,8.0,5.30658,8.661376666666666,,,1.2211726009951458,0.0,0.0,,1.2883333333333333,12.976320000000001,5.30658,1.0361366666666665
4,6079.978368297792,2766.479905416666,7.0,0.0,,,,0.0,0.0,0.0,0.0,8.0,5.30658,8.661376666666666,,,0.0,0.0,0.0,,1.2883333333333333,12.976320000000001,5.30658,1.0361366666666665
