,cost,emission,grid,wood_supply,DHDC_small_heat,DHDC_medium_heat,DHDC_large_heat,wood_boiler_heat,wood_boiler_DHW,PV,SCFP,DHW_to_heat,ASHP,ASHP_DHW,GSHP_heat,GSHP_cooling,battery,DHW_storage,heat_storage,geothermal_boreholes,demand_electricity,demand_space_heating,demand_space_cooling,demand_hot_water
0,2764671.803710426,6445.944865150001,7.0,63.0,273.13,848.75,2000.0,2000.0,2000.0,56.92250911750368,0.0,0.0,0.0,0.0,0.0,0.0,250.00000000000006,0.0,0.0,79.84575638225259,6.753999999999999,43.2288,0.0,5.7558333333333325
1,1612388.3151317947,6855.106692828758,7.0,43.0,50.0,0.0,0.0,34.014376855632264,0.0,56.92250911750368,0.0,10.0,0.0,13.397599999999999,0.0,0.0,11.401347222222217,0.0,0.0,79.84575638225259,6.753999999999999,43.2288,0.0,5.7558333333333325
2,1228526.3335503289,7264.268520507507,7.0,19.0,50.0,0.0,0.0,14.442398744019313,0.0,56.92250911750368,0.0,29.0,0.0,13.397599999999999,0.0,0.0,11.401347222222217,0.0,0.0,79.84575638225259,6.753999999999999,43.2288,0.0,5.7558333333333325
3,844835.584356818,7673.430348186252,7.0,7.0,50.0,0.0,0.0,5.434450514123996,0.0,56.92250911750368,0.0,38.0,0.0,13.397599999999999,0.0,0.0,11.401347222222217,0.0,0.0,79.84575638225259,6.753999999999999,43.2288,0.0,5.7558333333333325
4,473200.52798118826,8082.592175865,7.0,0.0,50.0,0.0,0.0,0.0,0.0,56.92250911750368,0.0,44.0,0.0,0.0,0.0,0.0,12.76166666666667,0.0,0.0,79.84575638225259,6.753999999999999,43.2288,0.0,5.7558333333333325
