,cost,emission,grid,wood_supply,DHDC_small_heat,DHDC_medium_heat,DHDC_large_heat,wood_boiler_heat,wood_boiler_DHW,PV,SCFP,DHW_to_heat,ASHP,ASHP_DHW,GSHP_heat,GSHP_cooling,battery,DHW_storage,heat_storage,geothermal_boreholes,demand_electricity,demand_space_heating,demand_space_cooling,demand_hot_water
0,112388.65186785019,3792.7058120964275,4.0,43.0,,,,2000.0,2000.0,26.02247460330102,0.0,0.0,0.0,0.0,0.0,0.0,250.00000000000006,0.0,0.0,58.21573222231072,3.2255000000000003,30.417239999999968,0.0,3.3245
1,20005.10300574548,4480.031846572327,5.0,38.0,,,,30.377406666666634,0.0,13.615382068177624,0.0,2.0,0.0,3.3244999999999996,0.0,0.0,0.30270457446591514,0.0,0.0,58.21573222231072,3.2255000000000003,30.417239999999968,0.0,3.3245
2,18149.25695906085,5167.357881048205,7.0,32.0,,,,25.343811976418188,0.0,11.294494558562276,0.0,8.0,0.0,8.358094690248448,0.0,0.0,0.0,0.0,0.0,58.21573222231072,3.2255000000000003,30.417239999999968,0.0,3.3245
3,15176.479527266252,5854.683915524102,16.0,0.0,,,,0.0,0.0,18.776207686534818,0.0,31.0,0.0,33.70190666666663,0.0,0.0,1.797899414186719,0.0,0.0,58.21573222231072,3.2255000000000003,30.417239999999968,0.0,3.3245
4,13330.716003976104,6542.009949999999,17.0,0.0,,,,0.0,0.0,0.0,0.0,31.0,0.0,33.70190666666663,0.0,0.0,0.0,0.0,0.0,58.21573222231072,3.2255000000000003,30.417239999999968,0.0,3.3245
