,cost,emission,grid,wood_supply,DHDC_small_heat,DHDC_medium_heat,DHDC_large_heat,wood_boiler_heat,wood_boiler_DHW,PV,SCFP,DHW_to_heat,ASHP,ASHP_DHW,GSHP_heat,GSHP_cooling,battery,DHW_storage,heat_storage,geothermal_boreholes,demand_electricity,demand_space_heating,demand_space_cooling,demand_hot_water
0,731988.7082339057,2992.2251129125,4.0,38.0,273.13,848.75,2000.0,2000.0,2000.0,20.44836588979076,0.0,0.0,10.0,0.0,,,250.00000000000006,0.0,0.0,,2.721833333333333,27.249633333333332,9.575343333333334,2.5708333333333333
1,168734.94372593125,2993.4406533837473,4.0,39.0,0.0,0.0,0.0,24.793740000166665,4.999999999833333,20.44836588979076,0.0,3.0,9.575343333333334,0.0,,,4.735166666666665,7.0,0.0,,2.721833333333333,27.249633333333332,9.575343333333334,2.5708333333333333
2,168732.236940218,2992.961760526786,4.0,39.0,0.0,0.0,0.0,24.793739999999993,5.0,20.44836588979076,0.0,3.0,9.575343333333334,0.0,,,4.735166666666665,0.0,0.0,,2.721833333333333,27.249633333333332,9.575343333333334,2.5708333333333333
3,168732.23694021802,2992.961760526786,4.0,39.0,0.0,0.0,0.0,24.793739999999993,5.0,20.44836588979076,0.0,3.0,9.575343333333334,0.0,,,4.735166666666665,0.0,0.0,,2.721833333333333,27.249633333333332,9.575343333333334,2.5708333333333333
4,168200.8718991899,3182.886331019643,4.0,43.0,0.0,0.0,0.0,0.0,29.793739999999993,20.44836588979076,0.0,28.0,9.575343333333334,0.0,,,4.735166666666665,0.0,0.0,,2.721833333333333,27.249633333333332,9.575343333333334,2.5708333333333333
