,cost,emission,grid,wood_supply,DHDC_small_heat,DHDC_medium_heat,DHDC_large_heat,wood_boiler_heat,wood_boiler_DHW,PV,SCFP,DHW_to_heat,ASHP,ASHP_DHW,GSHP_heat,GSHP_cooling,battery,DHW_storage,heat_storage,geothermal_boreholes,demand_electricity,demand_space_heating,demand_space_cooling,demand_hot_water
0,164996.028781434,1893.9261047339278,3.0,26.0,,,,2000.0,2000.0,13.926416810308641,0.0,0.0,5.0,0.0,,,250.00000000000006,0.0,0.0,,1.7301666666666666,18.246866666666666,4.791600000000002,1.5643333333333331
1,85018.26626997937,1896.8961043821428,2.0,26.0,,,,14.788836666666668,5.0,13.926416810308647,0.0,4.0,4.791600000000002,0.0,,,3.5855000000000015,0.0,0.0,,1.7301666666666666,18.246866666666666,4.791600000000002,1.5643333333333331
2,85018.26626997937,1896.896104382143,2.0,26.0,,,,14.788836666666668,5.0,13.926416810308641,0.0,4.0,4.791600000000002,0.0,,,3.585499999999999,0.0,0.0,,1.7301666666666666,18.246866666666666,4.791600000000002,1.5643333333333331
3,85018.26626997937,1896.896104382143,2.0,26.0,,,,14.788836666666668,5.0,13.926416810308641,0.0,4.0,4.791600000000002,0.0,,,3.585499999999999,0.0,0.0,,1.7301666666666666,18.246866666666666,4.791600000000002,1.5643333333333331
4,84181.3513275227,2032.761846160714,2.0,29.0,,,,0.0,19.788836666666665,13.926416810308641,0.0,19.0,4.791600000000002,0.0,,,3.585499999999999,0.0,0.0,,1.7301666666666666,18.246866666666666,4.791600000000002,1.5643333333333331
