,cost,emission,grid,wood_supply,DHDC_small_heat,DHDC_medium_heat,DHDC_large_heat,wood_boiler_heat,wood_boiler_DHW,PV,SCFP,DHW_to_heat,ASHP,ASHP_DHW,GSHP_heat,GSHP_cooling,battery,DHW_storage,heat_storage,geothermal_boreholes,demand_electricity,demand_space_heating,demand_space_cooling,demand_hot_water
0,843157.2948838964,4017.4660481630945,6.0,51.0,273.13,848.75,2000.0,2000.0,2000.0,21.342214110974684,0.0,0.0,11.0,0.0,,,250.00000000000006,0.0,0.0,,3.557,36.57195333333333,10.683899999999996,3.2055000000000002
1,276336.78288103547,4256.869562923809,6.0,57.0,0.0,0.0,0.0,0.0,39.76956,21.342214110974684,0.0,37.0,10.683899999999996,0.0,,,4.249500000000001,0.0,0.0,,3.557,36.57195333333333,10.683899999999996,3.2055000000000002
2,276336.78288103547,4256.86956292381,6.0,57.0,0.0,0.0,0.0,0.0,39.76956,21.342214110974684,0.0,37.0,10.683899999999996,0.0,,,4.249500000000001,0.0,0.0,,3.557,36.57195333333333,10.683899999999996,3.2055000000000002
3,276336.78288103547,4256.869562923808,6.0,57.0,0.0,0.0,0.0,0.0,39.769560000000084,21.342214110974684,0.0,37.0,10.683899999999996,0.0,,,4.249500000000002,0.0,0.0,,3.557,36.57195333333333,10.683899999999996,3.2055000000000002
4,274821.9270350521,5275.546989426667,6.0,0.0,50.0,0.0,0.0,0.0,0.0,21.342214110974684,0.0,37.0,10.683899999999996,0.0,,,4.249500000000001,0.0,0.0,,3.557,36.57195333333333,10.683899999999996,3.2055000000000002
