,cost,emission,grid,wood_supply,DHDC_small_heat,DHDC_medium_heat,DHDC_large_heat,wood_boiler_heat,wood_boiler_DHW,PV,SCFP,DHW_to_heat,ASHP,ASHP_DHW,GSHP_heat,GSHP_cooling,battery,DHW_storage,heat_storage,geothermal_boreholes,demand_electricity,demand_space_heating,demand_space_cooling,demand_hot_water
0,4388830.238188439,10978.377286812796,19.0,126.0,273.13,848.75,2000.0,2000.0,2000.0,74.78487815052394,0.0,0.0,34.0,0.0,,,250.00000000000006,0.0,0.0,,12.447470000000001,89.85435333333332,33.505500000000005,9.36685
1,2821864.5430632723,11685.96280833556,19.0,83.0,50.0,0.0,0.0,66.33226642484982,0.0,74.78487815052394,0.0,24.0,33.505500000000005,9.28085,,,13.983333333333322,0.0,0.0,,12.447470000000001,89.85435333333332,33.505500000000005,9.36685
2,2158302.666734604,12393.548329858273,19.0,62.0,50.0,0.0,0.0,49.22070333333332,0.0,74.78487815052394,0.0,43.0,33.505500000000005,9.28085,,,13.983333333333322,0.0,0.0,,12.447470000000001,89.85435333333332,33.505500000000005,9.36685
3,1495018.1517767617,13101.133851381015,19.0,62.0,50.0,0.0,0.0,49.22070333333332,0.0,74.78487815052394,0.0,44.0,33.505500000000005,9.28085,,,13.983333333333322,0.0,0.0,,12.447470000000001,89.85435333333332,33.505500000000005,9.36685
4,849287.4382181088,13808.719372903754,19.0,0.0,98.68923999999998,0.0,0.0,0.0,0.0,74.78487815052394,0.0,90.0,33.505500000000005,0.0,,,17.059833333333334,0.0,0.0,,12.447470000000001,89.85435333333332,33.505500000000005,9.36685
