,cost,emission,grid,wood_supply,DHDC_small_heat,DHDC_medium_heat,DHDC_large_heat,wood_boiler_heat,wood_boiler_DHW,PV,SCFP,DHW_to_heat,ASHP,ASHP_DHW,GSHP_heat,GSHP_cooling,battery,DHW_storage,heat_storage,geothermal_boreholes,demand_electricity,demand_space_heating,demand_space_cooling,demand_hot_water
0,600794.9281192371,5934.960628370238,10.0,70.0,273.13,848.75,2000.0,2000.0,2000.0,38.216681651009104,0.0,0.0,18.0,0.0,,,250.00000000000006,0.0,0.0,,6.7197,50.07874000000002,17.46289333333333,5.052333333333333
1,27820.6087869407,6835.298465444304,12.0,46.0,0.0,0.0,0.0,36.30566666666667,0.0,28.33027037224281,0.0,1.0,17.46289333333333,5.052333333333333,,,2.007705497601423,0.0,0.0,,6.7197,50.07874000000002,17.46289333333333,5.052333333333333
2,25109.12024880914,7735.636302518463,14.0,41.0,0.0,0.0,0.0,32.615846666666684,0.0,19.957053214403683,0.0,5.0,17.46289333333333,5.052333333333333,,,0.0,0.0,0.0,,6.7197,50.07874000000002,17.46289333333333,5.052333333333333
3,21346.00676264742,8635.97413959256,27.0,0.0,0.0,0.0,0.0,0.0,0.0,22.635927969877496,0.0,20.0,32.36166666666666,22.76940666666669,,,0.17929943982532998,0.0,0.0,,6.7197,50.07874000000002,17.46289333333333,5.052333333333333
4,19569.41221799952,9536.311976666668,27.0,0.0,0.0,0.0,0.0,0.0,0.0,0.0,0.0,9.0,45.77374000000002,9.357333333333333,,,0.0,0.0,0.0,,6.7197,50.07874000000002,17.46289333333333,5.052333333333333
