,cost,emission,grid,wood_supply,DHDC_small_heat,DHDC_medium_heat,DHDC_large_heat,wood_boiler_heat,wood_boiler_DHW,PV,SCFP,DHW_to_heat,ASHP,ASHP_DHW,GSHP_heat,GSHP_cooling,battery,DHW_storage,heat_storage,geothermal_boreholes,demand_electricity,demand_space_heating,demand_space_cooling,demand_hot_water
0,626218.5824194702,1684.9118884839286,2.0,19.0,273.13,848.75,2000.0,2000.0,2000.0,12.136407677812485,0.0,0.0,0.0,0.0,0.0,0.0,250.00000000000006,0.0,0.0,48.49548537446874,1.3074999999999999,13.380400000000003,0.0,1.4268333333333334
1,66902.78197693432,1688.9928011625007,2.0,20.0,0.0,0.0,0.0,10.501166666666666,5.0,12.136407677812485,0.0,3.0,0.0,0.0,0.0,0.0,2.548333333333333,0.0,0.0,48.49548537446874,1.3074999999999999,13.380400000000003,0.0,1.4268333333333334
2,66902.78197693429,1688.9928011625004,2.0,20.0,0.0,0.0,0.0,10.501166666666666,5.0,12.136407677812485,0.0,3.0,0.0,0.0,0.0,0.0,2.548333333333333,0.0,0.0,48.49548537446874,1.3074999999999999,13.380400000000003,0.0,1.4268333333333334
3,66902.7819769343,1688.9928011625004,2.0,20.0,0.0,0.0,0.0,10.501166666666666,5.0,12.136407677812485,0.0,3.0,0.0,0.0,0.0,0.0,2.548333333333334,0.0,0.0,48.49548537446874,1.3074999999999999,13.380400000000003,0.0,1.4268333333333334
4,66029.50691376813,1820.5247699125002,2.0,22.0,0.0,0.0,0.0,0.0,14.769173333333336,12.136407677812485,0.0,14.0,0.0,0.0,0.0,0.0,2.548333333333333,0.0,0.0,48.49548537446874,1.3074999999999999,13.380400000000003,0.0,1.4268333333333334
