,cost,emission,grid,wood_supply,DHDC_small_heat,DHDC_medium_heat,DHDC_large_heat,wood_boiler_heat,wood_boiler_DHW,PV,SCFP,DHW_to_heat,ASHP,ASHP_DHW,GSHP_heat,GSHP_cooling,battery,DHW_storage,heat_storage,geothermal_boreholes,demand_electricity,demand_space_heating,demand_space_cooling,demand_hot_water
0,592904.7853078985,4871.747854389881,8.0,50.0,273.13,848.75,2000.0,2000.0,2000.0,21.68481540731495,0.0,0.0,12.0,0.0,,,250.00000000000006,0.0,0.0,,5.456166666666667,36.9935,11.565199999999995,2.5978333333333334
1,21030.278915539333,5492.862034542434,11.0,32.0,0.0,0.0,0.0,25.405133333333332,0.0,17.202961735809897,0.0,2.0,11.565199999999995,2.5978333333333334,,,0.0,0.0,0.0,,5.456166666666667,36.9935,11.565199999999995,2.5978333333333334
2,19366.580218702253,6113.976214694942,11.0,32.0,0.0,0.0,0.0,25.405133333333332,0.0,17.202961735809897,0.0,2.0,11.565199999999995,2.5978333333333334,,,0.0,0.0,0.0,,5.456166666666667,36.9935,11.565199999999995,2.5978333333333334
3,16274.483893852284,6735.09039484747,21.0,0.0,0.0,0.0,0.0,0.0,0.0,15.789891264652553,0.0,27.0,11.565199999999995,28.00296666666667,,,0.0,0.0,0.0,,5.456166666666667,36.9935,11.565199999999995,2.5978333333333334
4,15028.008212856183,7356.204575,21.0,0.0,0.0,0.0,0.0,0.0,0.0,0.0,0.0,2.0,36.97033333333333,2.5978333333333334,,,0.0,0.0,0.0,,5.456166666666667,36.9935,11.565199999999995,2.5978333333333334
