,cost,emission,grid,wood_supply,DHDC_small_heat,DHDC_medium_heat,DHDC_large_heat,wood_boiler_heat,wood_boiler_DHW,PV,SCFP,DHW_to_heat,ASHP,ASHP_DHW,GSHP_heat,GSHP_cooling,battery,DHW_storage,heat_storage,geothermal_boreholes,demand_electricity,demand_space_heating,demand_space_cooling,demand_hot_water
0,581350.5371502386,1817.8613863011906,3.0,23.0,273.13,848.75,2000.0,2000.0,2000.0,10.908797883645315,0.0,0.0,5.0,0.0,,,250.00000000000006,0.0,0.0,,1.7271666666666665,16.307746666666667,4.4566799999999995,1.5078333333333334
1,10190.780676871329,2126.4369820175702,3.0,16.0,0.0,0.0,0.0,12.398166666666665,0.0,6.54442973826158,0.0,0.0,4.4566799999999995,1.5078333333333334,,,0.22270173622921338,0.0,0.0,,1.7271666666666665,16.307746666666667,4.4566799999999995,1.5078333333333334
2,9319.392206140665,2435.012577733947,4.0,15.0,0.0,0.0,0.0,11.819203333333334,0.0,4.837618399229135,0.0,2.0,4.4566799999999995,1.5078333333333334,,,0.0,1.0,1.0,,1.7271666666666665,16.307746666666667,4.4566799999999995,1.5078333333333334
3,7095.217505901735,2743.588173450298,9.0,0.0,0.0,0.0,0.0,0.0,0.0,8.475108484920026,0.0,8.0,9.335333333333333,8.448383333333332,,,0.8346764031341136,0.0,0.0,,1.7271666666666665,16.307746666666667,4.4566799999999995,1.5078333333333334
4,6266.495652501348,3052.1637691666665,9.0,0.0,0.0,0.0,0.0,0.0,0.0,0.0,0.0,2.0,16.010216666666665,1.7734999999999999,,,0.0,0.0,0.0,,1.7271666666666665,16.307746666666667,4.4566799999999995,1.5078333333333334
