,cost,emission,grid,wood_supply,DHDC_small_heat,DHDC_medium_heat,DHDC_large_heat,wood_boiler_heat,wood_boiler_DHW,PV,SCFP,DHW_to_heat,ASHP,ASHP_DHW,GSHP_heat,GSHP_cooling,battery,DHW_storage,heat_storage,geothermal_boreholes,demand_electricity,demand_space_heating,demand_space_cooling,demand_hot_water
0,579591.5861527591,1361.6988260523808,2.0,18.0,273.13,848.75,2000.0,2000.0,2000.0,10.303562793684877,0.0,0.0,5.0,0.0,,,250.00000000000006,0.0,0.0,,1.139666666666667,13.016899999999984,4.108999999999999,1.0362733333333332
1,8518.98134126402,1618.2816955809508,2.0,14.0,0.0,0.0,0.0,10.837,0.0,4.882553428021412,0.0,1.0,4.108999999999999,1.0362733333333332,,,0.23729738254321844,0.0,0.0,,1.139666666666667,13.016899999999984,4.108999999999999,1.0362733333333332
2,7725.05914088152,1874.8645651095358,5.0,7.0,0.0,0.0,0.0,5.0,0.0,3.224750789616888,0.0,1.0,7.972233333333316,1.0362733333333332,,,0.0,0.0,0.0,,1.139666666666667,13.016899999999984,4.108999999999999,1.0362733333333332
3,5662.087451740822,2131.447434638095,7.0,0.0,0.0,0.0,0.0,0.0,0.0,7.905737814731733,0.0,1.0,12.972233333333316,1.0362733333333332,,,1.0227714758358362,0.0,0.0,,1.139666666666667,13.016899999999984,4.108999999999999,1.0362733333333332
4,4751.390622618754,2388.030304166666,7.0,0.0,0.0,0.0,0.0,0.0,0.0,0.0,0.0,1.0,12.972233333333316,1.0362733333333332,,,0.0,0.0,0.0,,1.139666666666667,13.016899999999984,4.108999999999999,1.0362733333333332
