,cost,emission,grid,wood_supply,DHDC_small_heat,DHDC_medium_heat,DHDC_large_heat,wood_boiler_heat,wood_boiler_DHW,PV,SCFP,DHW_to_heat,ASHP,ASHP_DHW,GSHP_heat,GSHP_cooling,battery,DHW_storage,heat_storage,geothermal_boreholes,demand_electricity,demand_space_heating,demand_space_cooling,demand_hot_water
0,177780.840743047,1770.362133598214,3.0,24.0,,,,2000.0,2000.0,9.492624996164388,0.0,0.0,5.0,0.0,,,250.00000000000006,0.0,0.0,,1.4528333333333334,17.20993333333333,4.198999999999999,1.106
1,91508.90211472864,1774.5300641517863,3.0,24.0,,,,13.277599999999996,5.0,9.492624996164388,0.0,4.0,4.198999999999999,0.0,,,2.290333333333333,0.0,0.0,,1.4528333333333334,17.20993333333333,4.198999999999999,1.106
2,91508.90211472865,1774.5300641517863,3.0,24.0,,,,13.277599999999996,5.0,9.492624996164388,0.0,4.0,4.198999999999999,0.0,,,2.290333333333333,0.0,0.0,,1.4528333333333334,17.20993333333333,4.198999999999999,1.106
3,91508.90211472865,1774.530064151786,3.0,24.0,,,,13.277599999999996,5.0,9.492624996164388,0.0,4.0,4.198999999999999,0.0,,,2.2903333333333338,0.0,0.0,,1.4528333333333334,17.20993333333333,4.198999999999999,1.106
4,90649.07083448625,1906.3413769375002,3.0,27.0,,,,0.0,18.277599999999996,9.492624996164388,0.0,18.0,4.198999999999999,0.0,,,2.290333333333333,0.0,0.0,,1.4528333333333334,17.20993333333333,4.198999999999999,1.106
