,cost,emission,grid,wood_supply,DHDC_small_heat,DHDC_medium_heat,DHDC_large_heat,wood_boiler_heat,wood_boiler_DHW,PV,SCFP,DHW_to_heat,ASHP,ASHP_DHW,GSHP_heat,GSHP_cooling,battery,DHW_storage,heat_storage,geothermal_boreholes,demand_electricity,demand_space_heating,demand_space_cooling,demand_hot_water
0,203605.11524906175,1425.54985431756,3.0,12.0,,,,2000.0,2000.0,14.243654739172843,0.0,0.0,5.0,0.0,,,250.00000000000006,0.0,0.0,,1.9931066666666668,7.401833333333333,4.974666666666667,1.906
1,117387.47937074576,1427.2138914752975,3.0,13.0,,,,5.0,5.0,14.243654739172843,0.0,3.0,4.974666666666667,0.0,,,3.414999999999999,0.0,0.0,,1.9931066666666668,7.401833333333333,4.974666666666667,1.906
2,117387.47937074573,1427.2138914752977,3.0,13.0,,,,4.999999999999998,5.0,14.243654739172843,0.0,3.0,4.974666666666667,0.0,,,3.414999999999999,0.0,0.0,,1.9931066666666668,7.401833333333333,4.974666666666667,1.906
3,117387.47937074576,1427.2138914752977,3.0,13.0,,,,5.0,5.0,14.243654739172843,0.0,3.0,4.974666666666667,0.0,,,3.414999999999999,0.0,0.0,,1.9931066666666668,7.401833333333333,4.974666666666667,1.906
4,115929.15245383045,1455.165183618155,3.0,14.0,,,,0.0,9.292939999999998,14.243654739172843,0.0,8.0,4.974666666666667,0.0,,,3.414999999999999,0.0,0.0,,1.9931066666666668,7.401833333333333,4.974666666666667,1.906
