,cost,emission,grid,wood_supply,DHDC_small_heat,DHDC_medium_heat,DHDC_large_heat,wood_boiler_heat,wood_boiler_DHW,PV,SCFP,DHW_to_heat,ASHP,ASHP_DHW,GSHP_heat,GSHP_cooling,battery,DHW_storage,heat_storage,geothermal_boreholes,demand_electricity,demand_space_heating,demand_space_cooling,demand_hot_water
0,623752.6104040997,1269.1021822613093,2.0,16.0,273.13,848.75,2000.0,2000.0,2000.0,9.203989011668014,0.0,0.0,3.0,0.0,,,250.00000000000006,0.0,0.0,,1.1318333333333335,11.499766666666671,2.9946999999999995,0.9874700000000001
1,59618.471307058535,1273.1288573119039,2.0,17.0,0.0,0.0,0.0,8.2895,5.0,9.203989011668014,0.0,4.0,2.9946999999999995,0.0,,,2.2608888888888896,0.0,0.0,,1.1318333333333335,11.499766666666671,2.9946999999999995,0.9874700000000001
2,59618.471307058535,1273.1288573119045,2.0,17.0,0.0,0.0,0.0,8.2895,5.0,9.203989011668014,0.0,4.0,2.9946999999999995,0.0,,,2.260888888888889,0.0,0.0,,1.1318333333333335,11.499766666666671,2.9946999999999995,0.9874700000000001
3,59618.471307058535,1273.1288573119043,2.0,17.0,0.0,0.0,0.0,8.2895,5.0,9.203989011668014,0.0,4.0,2.9946999999999995,0.0,,,2.2608888888888896,0.0,0.0,,1.1318333333333335,11.499766666666671,2.9946999999999995,0.9874700000000001
4,58508.04543120305,1363.027248329762,2.0,18.0,0.0,0.0,0.0,0.0,12.444570000000002,9.203989011668014,0.0,12.0,2.9946999999999995,0.0,,,2.260888888888889,0.0,0.0,,1.1318333333333335,11.499766666666671,2.9946999999999995,0.9874700000000001
