,cost,emission,grid,wood_supply,DHDC_small_heat,DHDC_medium_heat,DHDC_large_heat,wood_boiler_heat,wood_boiler_DHW,PV,SCFP,DHW_to_heat,ASHP,ASHP_DHW,GSHP_heat,GSHP_cooling,battery,DHW_storage,heat_storage,geothermal_boreholes,demand_electricity,demand_space_heating,demand_space_cooling,demand_hot_water
0,684995.2506765458,2112.5254780875,6.0,15.0,,,,2000.0,2000.0,22.84575293619725,0.0,0.0,8.0,0.0,,,250.00000000000006,0.0,0.0,,3.166533333333333,8.657176666666663,7.2285,2.5005
1,512020.35510809213,2216.39524191589,6.0,15.0,,,,8.657176666666663,5.0,22.84575293619725,0.0,0.0,7.2285,2.48,,,4.729402777777777,0.0,0.0,,3.166533333333333,8.657176666666663,7.2285,2.5005
2,465713.0919771724,2320.2650057442725,7.0,15.0,,,,8.657176666666663,5.0,22.84575293619725,0.0,0.0,7.2285,2.48,,,4.729402777777777,0.0,0.0,,3.166533333333333,8.657176666666663,7.2285,2.5005
3,432425.5523775458,2424.1347695726536,7.0,7.0,,,,5.0,0.0,22.84575293619725,0.0,1.0,7.2285,2.5004999999999997,,,4.729402777777777,0.0,0.0,,3.166533333333333,8.657176666666663,7.2285,2.5005
4,403016.8229814401,2528.004533401042,7.0,0.0,,,,0.0,0.0,22.84575293619725,0.0,3.0,7.362509999999997,3.783833333333334,,,4.420736111111112,0.0,0.0,,3.166533333333333,8.657176666666663,7.2285,2.5005
