,cost,emission,grid,wood_supply,DHDC_small_heat,DHDC_medium_heat,DHDC_large_heat,wood_boiler_heat,wood_boiler_DHW,PV,SCFP,DHW_to_heat,ASHP,ASHP_DHW,GSHP_heat,GSHP_cooling,battery,DHW_storage,heat_storage,geothermal_boreholes,demand_electricity,demand_space_heating,demand_space_cooling,demand_hot_water
0,599053.6263848388,5564.989139953572,9.0,67.0,273.13,848.75,2000.0,2000.0,2000.0,33.28099622320642,0.0,0.0,16.0,0.0,,,250.00000000000006,0.0,0.0,,5.9645,47.705306666666665,15.841520000000008,4.612666666666667
1,26209.775915823302,6404.169686111017,10.0,45.0,0.0,0.0,0.0,35.3,0.0,23.611786799047096,0.0,1.0,15.841520000000008,4.612666666666666,,,1.0516327440207551,0.0,0.0,,5.9645,47.705306666666665,15.841520000000008,4.612666666666667
2,23738.99658189666,7243.35023226844,13.0,40.0,0.0,0.0,0.0,31.853256666666656,0.0,17.48466721908805,0.0,4.0,15.841520000000008,4.612666666666666,,,0.0,0.0,0.0,,5.9645,47.705306666666665,15.841520000000008,4.612666666666667
3,20200.481174238186,8082.530778425902,25.0,0.0,0.0,0.0,0.0,0.0,0.0,22.00543307320844,0.0,13.0,36.99277666666666,15.314666666666668,,,0.606398964906318,0.0,0.0,,5.9645,47.705306666666665,15.841520000000008,4.612666666666667
4,18324.861673669875,8921.711324583335,26.0,0.0,0.0,0.0,0.0,0.0,0.0,0.0,0.0,7.0,45.21144333333332,7.096,,,0.0,0.0,0.0,,5.9645,47.705306666666665,15.841520000000008,4.612666666666667
