,cost,emission,grid,wood_supply,DHDC_small_heat,DHDC_medium_heat,DHDC_large_heat,wood_boiler_heat,wood_boiler_DHW,PV,SCFP,DHW_to_heat,ASHP,ASHP_DHW,GSHP_heat,GSHP_cooling,battery,DHW_storage,heat_storage,geothermal_boreholes,demand_electricity,demand_space_heating,demand_space_cooling,demand_hot_water
0,3022312.2981395423,6585.9807337147195,9.0,73.0,273.13,848.75,2000.0,2000.0,2000.0,53.94490437426862,0.0,0.0,0.0,6.0,28.0,25.0,250.00000000000006,0.0,0.0,77.76143306198804,6.9816666666666665,51.49399999999998,24.507166666666667,5.989439999999999
1,1734017.4843742563,7130.780993527175,10.0,42.0,50.0,0.0,0.0,32.845404121581964,0.0,53.94490437426862,0.0,19.0,0.0,10.562549166666678,10.190784166666653,24.507166666666667,11.460291666666667,0.0,0.0,77.76143306198804,6.9816666666666665,51.49399999999998,24.507166666666667,5.989439999999999
2,1223021.4733947176,7675.581253339628,10.0,18.0,50.0,0.0,0.0,14.029636600177414,0.0,53.94490437426862,0.0,38.0,0.0,10.562549166666788,10.190784166666544,24.507166666666667,11.460291666666667,0.0,0.0,77.76143306198804,6.9816666666666665,51.49399999999998,24.507166666666667,5.989439999999999
3,712224.3345192373,8220.381513152137,10.0,10.0,50.0,0.0,0.0,7.4831066666666475,0.0,53.94490437426862,0.0,45.0,0.0,10.562549166666678,10.190784166666653,24.507166666666667,11.460291666666667,0.0,0.0,77.76143306198804,6.9816666666666665,51.49399999999998,24.507166666666667,5.989439999999999
4,362599.0334967586,8765.181772964495,7.0,0.0,57.32443999999998,0.0,0.0,0.0,0.0,53.94490437426862,0.0,52.0,0.0,0.23044647416775627,0.0,24.507166666666667,10.8416473024301,0.0,0.0,77.76143306198804,6.9816666666666665,51.49399999999998,24.507166666666667,5.989439999999999
