,cost,emission,grid,wood_supply,DHDC_small_heat,DHDC_medium_heat,DHDC_large_heat,wood_boiler_heat,wood_boiler_DHW,PV,SCFP,DHW_to_heat,ASHP,ASHP_DHW,GSHP_heat,GSHP_cooling,battery,DHW_storage,heat_storage,geothermal_boreholes,demand_electricity,demand_space_heating,demand_space_cooling,demand_hot_water
0,140140.8227589978,1893.5289546508752,2.0,22.0,,,,2000.0,2000.0,22.368486283656594,0.0,9.0,4.0,10.0,0.0,0.0,250.00000000000006,0.0,0.0,55.65794039855962,1.7743333333333335,15.947340000000002,0.0,1.4720000000000002
1,69966.30966125925,1920.8168649289373,2.0,23.0,,,,12.539198513668726,5.0,22.368486283656594,0.0,4.0,0.0,1.8961348196646044,0.0,0.0,3.4422405762634436,0.0,0.0,55.65794039855962,1.7743333333333335,15.947340000000002,0.0,1.4720000000000002
2,69966.30966125923,1920.8168649289375,2.0,23.0,,,,12.539198513668726,5.0,22.368486283656594,0.0,4.0,0.0,1.8961348196646048,0.0,0.0,3.4422405762634436,0.0,0.0,55.65794039855962,1.7743333333333335,15.947340000000002,0.0,1.4720000000000002
3,69966.30966125923,1920.8168649289373,2.0,23.0,,,,12.539198513668726,5.0,22.368486283656594,0.0,4.0,0.0,1.8961348196646048,0.0,0.0,3.4422405762634436,0.0,0.0,55.65794039855962,1.7743333333333335,15.947340000000002,0.0,1.4720000000000002
4,69217.19788007022,2070.9424124461325,2.0,25.0,,,,0.0,17.38650666666667,22.368486283656594,0.0,16.0,0.0,2.2652562860438294,0.0,0.0,3.4659701450163647,0.0,0.0,55.65794039855962,1.7743333333333335,15.947340000000002,0.0,1.4720000000000002
