,cost,emission,grid,wood_supply,DHDC_small_heat,DHDC_medium_heat,DHDC_large_heat,wood_boiler_heat,wood_boiler_DHW,PV,SCFP,DHW_to_heat,ASHP,ASHP_DHW,GSHP_heat,GSHP_cooling,battery,DHW_storage,heat_storage,geothermal_boreholes,demand_electricity,demand_space_heating,demand_space_cooling,demand_hot_water
0,1487235.759999276,4265.595676504763,10.0,19.0,273.13,848.75,2000.0,2000.0,2000.0,14.02300227630557,0.0,0.0,9.0,0.0,,,250.00000000000006,0.0,0.0,,7.87782,13.989013333333334,8.694279999999992,0.8306066666666666
1,861825.3247080315,4316.7426385044055,10.0,10.0,50.0,0.0,0.0,7.370485117489292,0.0,14.02300227630557,0.0,7.0,8.694279999999992,0.0,,,3.583000000000001,0.0,0.0,,7.87782,13.989013333333334,8.694279999999992,0.8306066666666666
2,813842.1840862888,4367.889600504054,10.0,7.0,50.0,0.0,0.0,5.0,0.0,14.02300227630557,0.0,11.0,8.694279999999992,0.0,,,3.583000000000001,0.0,0.0,,7.87782,13.989013333333334,8.694279999999992,0.8306066666666666
3,765897.4666640143,4419.036562503698,10.0,7.0,50.0,0.0,0.0,5.0,0.0,14.02300227630557,0.0,14.0,8.694279999999992,0.0,,,3.583000000000001,0.0,0.0,,7.87782,13.989013333333334,8.694279999999992,0.8306066666666666
4,716293.3785880066,4470.183524503334,10.0,0.0,50.0,0.0,0.0,0.0,0.0,14.02300227630557,0.0,14.0,8.694279999999992,0.0,,,3.5296666666666665,0.0,0.0,,7.87782,13.989013333333334,8.694279999999992,0.8306066666666666
