,cost,emission,grid,wood_supply,DHDC_small_heat,DHDC_medium_heat,DHDC_large_heat,wood_boiler_heat,wood_boiler_DHW,PV,SCFP,DHW_to_heat,ASHP,ASHP_DHW,GSHP_heat,GSHP_cooling,battery,DHW_storage,heat_storage,geothermal_boreholes,demand_electricity,demand_space_heating,demand_space_cooling,demand_hot_water
0,584505.6377582328,4265.595676504763,10.0,19.0,273.13,848.75,2000.0,2000.0,2000.0,14.02300227630557,0.0,0.0,9.0,0.0,,,250.00000000000006,0.0,0.0,,7.87782,13.989013333333334,8.694279999999992,0.8306066666666666
1,13940.639912366,4449.514284670277,10.0,7.0,0.0,0.0,0.0,5.459666666666667,0.0,11.769741836708235,0.0,1.0,8.694279999999992,0.8306066666666665,,,0.0,0.0,0.0,,7.87782,13.989013333333334,8.694279999999992,0.8306066666666666
2,11868.35832218452,4633.432892835721,13.0,0.0,0.0,0.0,0.0,0.0,0.0,11.735767166844699,0.0,6.0,8.694279999999992,5.849233333333342,,,0.0,0.0,0.0,,7.87782,13.989013333333334,8.694279999999992,0.8306066666666666
3,11216.940030702766,4817.35150100119,13.0,0.0,0.0,0.0,0.0,0.0,0.0,5.594999889400862,0.0,6.0,8.694279999999992,5.849233333333342,,,0.0,0.0,0.0,,7.87782,13.989013333333334,8.694279999999992,0.8306066666666666
4,10670.682696554195,5001.270109166666,13.0,0.0,0.0,0.0,0.0,0.0,0.0,0.0,0.0,6.0,8.694279999999992,5.849233333333342,,,0.0,0.0,0.0,,7.87782,13.989013333333334,8.694279999999992,0.8306066666666666
