,cost,emission,grid,wood_supply,DHDC_small_heat,DHDC_medium_heat,DHDC_large_heat,wood_boiler_heat,wood_boiler_DHW,PV,SCFP,DHW_to_heat,ASHP,ASHP_DHW,GSHP_heat,GSHP_cooling,battery,DHW_storage,heat_storage,geothermal_boreholes,demand_electricity,demand_space_heating,demand_space_cooling,demand_hot_water
0,2073823.892629483,8713.115154427382,21.0,31.0,273.13,848.75,2000.0,2000.0,2000.0,29.19848134235703,0.0,0.0,18.0,0.0,,,250.00000000000006,0.0,0.0,,16.51046,23.126966666666664,17.2189,1.2974866666666667
1,1506963.610525433,8713.687222195238,21.0,31.0,0.0,0.0,0.0,18.95563333333333,5.0,29.19848134235703,0.0,5.0,17.2189,0.0,,,6.343333333333334,0.0,0.0,,16.51046,23.126966666666664,17.2189,1.2974866666666667
2,1506963.610525433,8713.687222195238,21.0,31.0,0.0,0.0,0.0,18.95563333333333,5.0,29.19848134235703,0.0,5.0,17.2189,0.0,,,6.343333333333334,0.0,0.0,,16.51046,23.126966666666664,17.2189,1.2974866666666667
3,1506963.6105254332,8713.68722219524,21.0,31.0,0.0,0.0,0.0,18.95563333333333,5.0,29.19848134235703,0.0,5.0,17.2189,0.0,,,6.343333333333332,0.0,0.0,,16.51046,23.126966666666664,17.2189,1.2974866666666667
4,1505623.2394869765,8760.47996237381,21.0,35.0,0.0,0.0,0.0,0.0,23.95563333333333,29.19848134235703,0.0,24.0,17.2189,0.0,,,6.343333333333332,0.0,0.0,,16.51046,23.126966666666664,17.2189,1.2974866666666667
