,cost,emission,grid,wood_supply,DHDC_small_heat,DHDC_medium_heat,DHDC_large_heat,wood_boiler_heat,wood_boiler_DHW,PV,SCFP,DHW_to_heat,ASHP,ASHP_DHW,GSHP_heat,GSHP_cooling,battery,DHW_storage,heat_storage,geothermal_boreholes,demand_electricity,demand_space_heating,demand_space_cooling,demand_hot_water
0,2546458.138856611,14829.82026557617,68.0,236.0,273.13,848.75,2000.0,2000.0,2000.0,88.51917664607896,0.0,0.0,101.0,0.0,,,250.00000000000006,0.0,0.0,,41.78499666666665,180.93799999999996,100.05033333333334,10.104179999999998
1,1999745.2483458451,14839.648070828183,68.0,237.0,0.0,0.0,0.0,177.27131999999995,10.104179999999998,88.51917664607896,0.0,4.0,100.05033333333334,0.0,,,23.393333333333334,0.0,0.0,,41.78499666666665,180.93799999999996,100.05033333333334,10.104179999999998
2,1999733.5485776877,14849.475876080121,68.0,237.0,0.0,0.0,0.0,177.27131999999995,10.104179999999998,88.51917664607896,0.0,4.0,100.05033333333334,0.0,,,23.393333333333334,0.0,0.0,,41.78499666666665,180.93799999999996,100.05033333333334,10.104179999999998
3,1999721.8488095307,14859.30368133206,68.0,237.0,0.0,0.0,0.0,177.27131999999995,10.104179999999998,88.51917664607896,0.0,4.0,100.05033333333334,0.0,,,23.39333333333333,0.0,0.0,,41.78499666666665,180.93799999999996,100.05033333333334,10.104179999999998
4,1999710.1490413742,14869.13148658393,68.0,237.0,0.0,0.0,0.0,177.27131999999995,10.104179999999998,88.51917664607896,0.0,4.0,100.05033333333334,0.0,,,23.39333333333333,0.0,0.0,,41.78499666666665,180.93799999999996,100.05033333333334,10.104179999999998
