,cost,emission,grid,wood_supply,DHDC_small_heat,DHDC_medium_heat,DHDC_large_heat,wood_boiler_heat,wood_boiler_DHW,PV,SCFP,DHW_to_heat,ASHP,ASHP_DHW,GSHP_heat,GSHP_cooling,battery,DHW_storage,heat_storage,geothermal_boreholes,demand_electricity,demand_space_heating,demand_space_cooling,demand_hot_water
0,902390.4079760651,4229.7209904381225,10.0,84.0,273.13,848.75,2000.0,2000.0,2000.0,51.115510153265575,0.0,0.0,0.0,5.0,0.0,0.0,250.00000000000006,0.0,0.0,75.7808571072859,10.045276666666664,62.97466666666667,0.0,4.0664066666666665
1,353482.7675327102,4299.047677564424,10.0,84.0,0.0,0.0,0.0,61.42883333333334,5.0,51.115510153265575,0.0,2.0,0.0,2.3975,0.0,0.0,12.018333333333333,0.0,0.0,75.7808571072859,10.045276666666664,62.97466666666667,0.0,4.0664066666666665
2,353478.47358358087,4302.681419800451,10.0,84.0,0.0,0.0,0.0,61.42883333333334,5.0,51.115510153265575,0.0,2.0,0.0,2.3829999999999996,0.0,0.0,12.018333333333333,0.0,0.0,75.7808571072859,10.045276666666664,62.97466666666667,0.0,4.0664066666666665
3,353111.122609956,4437.701051816999,10.0,95.0,0.0,0.0,0.0,0.0,66.42883333333333,51.115510153265575,0.0,63.0,0.0,2.3975,0.0,0.0,12.018333333333333,0.0,0.0,75.7808571072859,10.045276666666664,62.97466666666667,0.0,4.0664066666666665
4,353028.62277405284,4507.027738943309,10.0,95.0,0.0,0.0,0.0,0.0,66.42883333333333,51.115510153265575,0.0,63.0,0.0,2.3829999999999996,0.0,0.0,12.018333333333333,0.0,0.0,75.7808571072859,10.045276666666664,62.97466666666667,0.0,4.0664066666666665
