,cost,emission,grid,wood_supply,DHDC_small_heat,DHDC_medium_heat,DHDC_large_heat,wood_boiler_heat,wood_boiler_DHW,PV,SCFP,DHW_to_heat,ASHP,ASHP_DHW,GSHP_heat,GSHP_cooling,battery,DHW_storage,heat_storage,geothermal_boreholes,demand_electricity,demand_space_heating,demand_space_cooling,demand_hot_water
0,596853.3192698832,8713.115154427382,21.0,31.0,273.13,848.75,2000.0,2000.0,2000.0,29.19848134235703,0.0,0.0,18.0,0.0,,,250.00000000000006,0.0,0.0,,16.51046,23.126966666666664,17.2189,1.2974866666666667
1,25910.950963188345,9027.125090611944,22.0,11.0,0.0,0.0,0.0,8.31733333333342,0.0,24.400559031075492,0.0,1.0,17.2189,1.2974866666666762,,,0.0,0.0,0.0,,16.51046,23.126966666666664,17.2189,1.2974866666666667
2,23326.570849015425,9341.135026796745,23.0,0.0,0.0,0.0,0.0,0.0,0.0,20.74309759920641,0.0,7.0,17.2189,6.736733333333332,,,0.0,0.0,0.0,,16.51046,23.126966666666664,17.2189,1.2974866666666667
3,22149.901719063004,9655.14496298184,23.0,0.0,0.0,0.0,0.0,0.0,0.0,9.924122255927605,0.0,6.0,17.2189,6.736733333333332,,,0.0,0.0,0.0,,16.51046,23.126966666666664,17.2189,1.2974866666666667
4,21145.656976129,9969.154899166662,24.0,0.0,0.0,0.0,0.0,0.0,0.0,0.0,0.0,7.0,17.2189,6.736733333333332,,,0.0,0.0,0.0,,16.51046,23.126966666666664,17.2189,1.2974866666666667
