,cost,emission,grid,wood_supply,DHDC_small_heat,DHDC_medium_heat,DHDC_large_heat,wood_boiler_heat,wood_boiler_DHW,PV,SCFP,DHW_to_heat,ASHP,ASHP_DHW,GSHP_heat,GSHP_cooling,battery,DHW_storage,heat_storage,geothermal_boreholes,demand_electricity,demand_space_heating,demand_space_cooling,demand_hot_water
0,1168256.0185948014,5860.963593311903,13.0,105.0,273.13,848.75,2000.0,2000.0,2000.0,37.25500819531176,0.0,0.0,23.0,0.0,,,250.00000000000006,0.0,0.0,,10.1175,80.47333333333334,22.29169333333334,2.969803333333333
1,604359.9703206067,5861.081989720832,13.0,106.0,0.0,0.0,0.0,78.44313666666667,5.0,37.25500819531176,0.0,3.0,22.29169333333334,0.0,,,9.122333333333334,0.0,0.0,,10.1175,80.47333333333334,22.29169333333334,2.969803333333333
2,604359.9703206068,5861.081989720834,13.0,106.0,0.0,0.0,0.0,78.44313666666667,5.0,37.25500819531176,0.0,3.0,22.29169333333334,0.0,,,9.122333333333334,0.0,0.0,,10.1175,80.47333333333334,22.29169333333334,2.969803333333333
3,604359.9703206067,5861.081989720832,13.0,106.0,0.0,0.0,0.0,78.44313666666667,5.0,37.25500819531176,0.0,3.0,22.29169333333334,0.0,,,9.122333333333334,0.0,0.0,,10.1175,80.47333333333334,22.29169333333334,2.969803333333333
4,604004.6051922574,6082.145006302975,13.0,120.0,0.0,0.0,0.0,0.0,83.44313666666667,37.25500819531176,0.0,81.0,22.29169333333334,0.0,,,9.122333333333334,0.0,0.0,,10.1175,80.47333333333334,22.29169333333334,2.969803333333333
