,cost,emission,grid,wood_supply,DHDC_small_heat,DHDC_medium_heat,DHDC_large_heat,wood_boiler_heat,wood_boiler_DHW,PV,SCFP,DHW_to_heat,ASHP,ASHP_DHW,GSHP_heat,GSHP_cooling,battery,DHW_storage,heat_storage,geothermal_boreholes,demand_electricity,demand_space_heating,demand_space_cooling,demand_hot_water
0,594277.195850797,4229.7209904381225,10.0,84.0,273.13,848.75,2000.0,2000.0,2000.0,51.115510153265575,0.0,0.0,0.0,5.0,0.0,0.0,250.00000000000006,0.0,0.0,75.7808571072859,10.045276666666664,62.97466666666667,0.0,4.0664066666666665
1,23134.448248747114,4956.150809807666,11.0,78.0,0.0,0.0,0.0,62.36242666666667,0.0,32.15830672908791,0.0,1.0,0.0,4.0664066666666665,0.0,0.0,2.2657085894580424,0.0,0.0,75.7808571072859,10.045276666666664,62.97466666666667,0.0,4.0664066666666665
2,20165.99933168188,5682.580629177317,11.0,78.0,0.0,0.0,0.0,62.36242666666667,0.0,7.732315364564741,0.0,1.0,0.0,4.0664066666666665,0.0,0.0,0.0,0.0,0.0,75.7808571072859,10.045276666666664,62.97466666666667,0.0,4.0664066666666665
3,17569.839847090792,6409.010448546938,37.0,0.0,0.0,0.0,0.0,0.0,0.0,21.47001320775914,0.0,63.0,0.0,66.42883333333333,0.0,0.0,1.9397485262334617,0.0,0.0,75.7808571072859,10.045276666666664,62.97466666666667,0.0,4.0664066666666665
4,15217.881737473665,7135.440267916669,37.0,0.0,0.0,0.0,0.0,0.0,0.0,0.0,0.0,63.0,0.0,66.42883333333333,0.0,0.0,0.0,0.0,0.0,75.7808571072859,10.045276666666664,62.97466666666667,0.0,4.0664066666666665
