,cost,emission,grid,wood_supply,DHDC_small_heat,DHDC_medium_heat,DHDC_large_heat,wood_boiler_heat,wood_boiler_DHW,PV,SCFP,DHW_to_heat,ASHP,ASHP_DHW,GSHP_heat,GSHP_cooling,battery,DHW_storage,heat_storage,geothermal_boreholes,demand_electricity,demand_space_heating,demand_space_cooling,demand_hot_water
0,635990.4302588118,14829.82026557617,68.0,236.0,273.13,848.75,2000.0,2000.0,2000.0,88.51917664607896,0.0,0.0,101.0,0.0,,,250.00000000000006,0.0,0.0,,41.78499666666665,180.93799999999996,100.05033333333334,10.104179999999998
1,64710.5658498501,16193.741528661063,74.0,97.0,0.0,0.0,0.0,77.22098666666662,0.0,71.49749835225056,0.0,4.0,100.05033333333334,10.104179999999998,,,5.814412732719501,0.0,0.0,,41.78499666666665,180.93799999999996,100.05033333333334,10.104179999999998
2,59643.667510087645,17557.662791746436,75.0,97.0,0.0,0.0,0.0,77.22098666666662,0.0,29.294490400238864,0.0,5.0,100.05033333333334,10.104179999999998,,,0.0,0.0,0.0,,41.78499666666665,180.93799999999996,100.05033333333334,10.104179999999998
3,55122.555304916736,18921.584054832045,106.0,0.0,0.0,0.0,0.0,0.0,0.0,37.826137560801854,0.0,82.0,100.05033333333334,87.3251666666666,,,0.7732437169882949,0.0,0.0,,41.78499666666665,180.93799999999996,100.05033333333334,10.104179999999998
4,51698.41300686936,20285.50531791665,106.0,0.0,0.0,0.0,0.0,0.0,0.0,0.0,0.0,82.0,100.05033333333334,87.3251666666666,,,0.0,0.0,0.0,,41.78499666666665,180.93799999999996,100.05033333333334,10.104179999999998
