,cost,emission,grid,wood_supply,DHDC_small_heat,DHDC_medium_heat,DHDC_large_heat,wood_boiler_heat,wood_boiler_DHW,PV,SCFP,DHW_to_heat,ASHP,ASHP_DHW,GSHP_heat,GSHP_cooling,battery,DHW_storage,heat_storage,geothermal_boreholes,demand_electricity,demand_space_heating,demand_space_cooling,demand_hot_water
0,599063.1822244016,5860.963593311903,13.0,105.0,273.13,848.75,2000.0,2000.0,2000.0,37.25500819531176,0.0,0.0,23.0,0.0,,,250.00000000000006,0.0,0.0,,10.1175,80.47333333333334,22.29169333333334,2.969803333333333
1,27542.013340152836,6601.447692067263,19.0,73.0,0.0,0.0,0.0,58.181640000000016,0.0,27.00384230516562,0.0,0.0,22.29169333333334,2.969803333333333,,,0.0,0.0,0.0,,10.1175,80.47333333333334,22.29169333333334,2.969803333333333
2,25488.332295918204,7341.931790822619,19.0,73.0,0.0,0.0,0.0,58.181640000000016,0.0,18.075304213556176,0.0,2.0,22.29169333333334,2.969803333333333,,,0.0,0.0,0.0,,10.1175,80.47333333333334,22.29169333333334,2.969803333333333
3,22288.002031168824,8082.415889577968,43.0,0.0,0.0,0.0,0.0,0.0,0.0,19.17998195642943,0.0,59.0,22.29169333333334,61.15144333333335,,,0.0,0.0,0.0,,10.1175,80.47333333333334,22.29169333333334,2.969803333333333
4,20733.474194970495,8822.899988333338,43.0,0.0,0.0,0.0,0.0,0.0,0.0,0.0,0.0,59.0,22.29169333333334,61.15144333333335,,,0.0,0.0,0.0,,10.1175,80.47333333333334,22.29169333333334,2.969803333333333
