,cost,emission,grid,wood_supply,DHDC_small_heat,DHDC_medium_heat,DHDC_large_heat,wood_boiler_heat,wood_boiler_DHW,PV,SCFP,DHW_to_heat,ASHP,ASHP_DHW,GSHP_heat,GSHP_cooling,battery,DHW_storage,heat_storage,geothermal_boreholes,demand_electricity,demand_space_heating,demand_space_cooling,demand_hot_water
0,1279647.090680633,4265.595676504763,10.0,19.0,273.13,848.75,2000.0,2000.0,2000.0,14.02300227630557,0.0,0.0,9.0,0.0,,,250.00000000000006,0.0,0.0,,7.87782,13.989013333333334,8.694279999999992,0.8306066666666666
1,711913.5811379658,4266.894782883333,10.0,20.0,0.0,0.0,0.0,9.543513333333333,5.0,14.02300227630557,0.0,5.0,8.694279999999992,0.0,,,3.5296666666666665,0.0,0.0,,7.87782,13.989013333333334,8.694279999999992,0.8306066666666666
2,711913.5811379659,4266.894782883333,10.0,20.0,0.0,0.0,0.0,9.543513333333333,5.0,14.02300227630557,0.0,5.0,8.694279999999992,0.0,,,3.5296666666666665,0.0,0.0,,7.87782,13.989013333333334,8.694279999999992,0.8306066666666666
3,711913.5811379658,4266.894782883334,10.0,20.0,0.0,0.0,0.0,9.543513333333333,5.0,14.02300227630557,0.0,5.0,8.694279999999992,0.0,,,3.5296666666666665,0.0,0.0,,7.87782,13.989013333333334,8.694279999999992,0.8306066666666666
4,710528.3075748662,4305.743230240478,10.0,21.0,0.0,0.0,0.0,0.0,14.543513333333333,14.02300227630557,0.0,14.0,8.694279999999992,0.0,,,3.5296666666666665,0.0,0.0,,7.87782,13.989013333333334,8.694279999999992,0.8306066666666666
