,cost,emission,grid,wood_supply,DHDC_small_heat,DHDC_medium_heat,DHDC_large_heat,wood_boiler_heat,wood_boiler_DHW,PV,SCFP,DHW_to_heat,ASHP,ASHP_DHW,GSHP_heat,GSHP_cooling,battery,DHW_storage,heat_storage,geothermal_boreholes,demand_electricity,demand_space_heating,demand_space_cooling,demand_hot_water
0,1841291.3757479885,4229.7209904381225,10.0,84.0,273.13,848.75,2000.0,2000.0,2000.0,51.115510153265575,0.0,0.0,0.0,5.0,0.0,0.0,250.00000000000006,0.0,0.0,75.7808571072859,10.045276666666664,62.97466666666667,0.0,4.0664066666666665
1,1007413.9391778453,4490.804563501355,10.0,37.0,50.0,0.0,0.0,29.00240771530064,0.0,51.115510153265575,0.0,34.0,0.0,6.1975,0.0,0.0,13.719999999999999,0.0,0.0,75.7808571072859,10.045276666666664,62.97466666666667,0.0,4.0664066666666665
2,762472.6629802716,4751.888136564623,10.0,21.0,50.0,0.0,0.0,16.428833333333337,0.0,51.115510153265575,0.0,47.0,0.0,6.1975,0.0,0.0,13.719999999999999,0.0,0.0,75.7808571072859,10.045276666666664,62.97466666666667,0.0,4.0664066666666665
3,517735.191882674,5012.971709627922,10.0,21.0,50.0,0.0,0.0,16.428833333333337,0.0,51.115510153265575,0.0,48.0,0.0,6.1975,0.0,0.0,13.719999999999999,0.0,0.0,75.7808571072859,10.045276666666664,62.97466666666667,0.0,4.0664066666666665
4,355659.9973719949,5274.055282691251,10.0,0.0,65.0773,0.0,0.0,0.0,0.0,51.115510153265575,0.0,63.0,0.0,1.3515333333333406,0.0,0.0,12.018333333333333,0.0,0.0,75.7808571072859,10.045276666666664,62.97466666666667,0.0,4.0664066666666665
