,cost,emission,grid,wood_supply,DHDC_small_heat,DHDC_medium_heat,DHDC_large_heat,wood_boiler_heat,wood_boiler_DHW,PV,SCFP,DHW_to_heat,ASHP,ASHP_DHW,GSHP_heat,GSHP_cooling,battery,DHW_storage,heat_storage,geothermal_boreholes,demand_electricity,demand_space_heating,demand_space_cooling,demand_hot_water
0,2350833.192699658,5860.963593311903,13.0,105.0,273.13,848.75,2000.0,2000.0,2000.0,37.25500819531176,0.0,0.0,23.0,0.0,,,250.00000000000006,0.0,0.0,,10.1175,80.47333333333334,22.29169333333334,2.969803333333333
1,1414495.2279672665,6149.734062992044,13.0,53.0,50.0,0.0,0.0,41.83005698127605,0.0,37.25500819531176,0.0,39.0,22.29169333333334,2.8438333333333334,,,8.345305555555555,0.0,0.0,,10.1175,80.47333333333334,22.29169333333334,2.969803333333333
2,1143668.3571233845,6438.504532672174,13.0,42.0,50.0,0.0,0.0,33.44313666666668,0.0,37.25500819531176,0.0,48.0,22.29169333333334,2.8438333333333334,,,8.345305555555555,0.0,0.0,,10.1175,80.47333333333334,22.29169333333334,2.969803333333333
3,872977.4298927691,6727.275002352328,13.0,42.0,50.0,0.0,0.0,33.44313666666668,0.0,37.25500819531176,0.0,48.0,22.29169333333334,2.8438333333333334,,,8.345305555555555,0.0,0.0,,10.1175,80.47333333333334,22.29169333333334,2.969803333333333
4,607496.7882881494,7016.0454720325,13.0,0.0,80.94280333333334,0.0,0.0,0.0,0.0,37.25500819531176,0.0,78.0,22.29169333333334,0.0,,,9.122333333333334,0.0,0.0,,10.1175,80.47333333333334,22.29169333333334,2.969803333333333
