,cost,emission,grid,wood_supply,DHDC_small_heat,DHDC_medium_heat,DHDC_large_heat,wood_boiler_heat,wood_boiler_DHW,PV,SCFP,DHW_to_heat,ASHP,ASHP_DHW,GSHP_heat,GSHP_cooling,battery,DHW_storage,heat_storage,geothermal_boreholes,demand_electricity,demand_space_heating,demand_space_cooling,demand_hot_water
0,118443.89893847817,5457.487478541667,9.0,61.0,,,,2000.0,2000.0,42.652951724433485,0.0,0.0,0.0,0.0,16.0,19.0,250.00000000000006,0.0,0.0,69.85706620710344,6.4985,41.89016666666665,18.739966666666664,5.40944
1,25677.481819508823,6273.477063424494,11.0,51.0,,,,40.39790073522903,0.0,34.16580725428054,0.0,2.0,0.0,5.431809795542147,1.4697294692288145,18.739966666666664,3.385131662189522,0.0,0.0,69.85706620710344,6.4985,41.89016666666665,18.739966666666664,5.40944
2,23039.488679384664,7089.46664830732,11.0,45.0,,,,35.78961537222364,0.0,20.737764239420045,0.0,7.0,0.0,10.041482413449435,1.4683422143268994,18.739966666666664,0.0,0.0,0.0,69.85706620710344,6.4985,41.89016666666665,18.739966666666664,5.40944
3,19489.46879163476,7905.456233190012,23.0,0.0,,,,0.0,0.0,20.376176266305357,0.0,41.0,0.0,45.83109778567309,1.4683422143268994,18.739966666666664,0.0,0.0,0.0,69.85706620710344,6.4985,41.89016666666665,18.739966666666664,5.40944
4,17922.781879472575,8721.445818072918,24.0,0.0,,,,0.0,0.0,0.0,0.0,41.0,0.0,45.83109778567308,1.468342214326901,18.739966666666664,0.0,0.0,0.0,69.85706620710344,6.4985,41.89016666666665,18.739966666666664,5.40944
