,cost,emission,grid,wood_supply,DHDC_small_heat,DHDC_medium_heat,DHDC_large_heat,wood_boiler_heat,wood_boiler_DHW,PV,SCFP,DHW_to_heat,ASHP,ASHP_DHW,GSHP_heat,GSHP_cooling,battery,DHW_storage,heat_storage,geothermal_boreholes,demand_electricity,demand_space_heating,demand_space_cooling,demand_hot_water
0,1208343.6339167552,8009.42506260397,18.0,12.0,,,,2000.0,2000.0,39.049192139368984,0.0,0.0,0.0,0.0,24.0,28.0,250.00000000000006,0.0,0.0,67.33443449755829,10.553136666666665,23.89221333333332,27.05252666666667,8.073166666666667
1,1028632.5224963478,8027.127654496429,18.0,42.0,,,,23.89068333333332,8.073166666666665,39.04919213936899,0.0,1.0,0.0,0.0,0.0,27.05252666666667,5.9973333333333345,0.0,0.0,67.33443449755829,10.553136666666665,23.89221333333332,27.05252666666667,8.073166666666667
2,1028632.5224963478,8027.127654496429,18.0,42.0,,,,23.89068333333332,8.073166666666665,39.04919213936899,0.0,1.0,0.0,0.0,0.0,27.05252666666667,5.9973333333333345,0.0,0.0,67.33443449755829,10.553136666666665,23.89221333333332,27.05252666666667,8.073166666666667
3,1028632.5224963478,8027.127654496428,18.0,42.0,,,,23.89068333333332,8.073166666666665,39.04919213936899,0.0,1.0,0.0,0.0,0.0,27.05252666666667,5.9973333333333345,0.0,0.0,67.33443449755829,10.553136666666665,23.89221333333332,27.05252666666667,8.073166666666667
4,1027443.0243902126,8100.613298085715,18.0,46.0,,,,0.0,31.963849999999987,39.049192139368984,0.0,24.0,0.0,0.0,0.0,27.052526666666676,5.997333333333332,0.0,0.0,67.33443449755829,10.553136666666665,23.89221333333332,27.05252666666667,8.073166666666667
