,cost,emission,grid,wood_supply,DHDC_small_heat,DHDC_medium_heat,DHDC_large_heat,wood_boiler_heat,wood_boiler_DHW,PV,SCFP,DHW_to_heat,ASHP,ASHP_DHW,GSHP_heat,GSHP_cooling,battery,DHW_storage,heat_storage,geothermal_boreholes,demand_electricity,demand_space_heating,demand_space_cooling,demand_hot_water
0,327311.21809772827,3508.986128208482,6.0,38.0,,,,2000.0,2000.0,35.6668010075529,0.0,0.0,0.0,0.0,16.0,12.0,250.00000000000006,0.0,0.0,64.96676070528704,4.631166666666667,25.74169999999999,11.985333333333335,3.9120000000000004
1,239741.23645323975,3540.1758678419646,5.0,38.0,,,,24.652806666666656,5.0,35.6668010075529,0.0,2.0,0.0,0.0,0.0,11.985333333333333,9.120499999999998,0.0,0.0,64.96676070528704,4.631166666666667,25.74169999999999,11.985333333333335,3.9120000000000004
2,239741.2364532398,3540.1758678419646,5.0,38.0,,,,24.652806666666656,5.0,35.6668010075529,0.0,2.0,0.0,0.0,0.0,11.985333333333333,9.120499999999998,0.0,0.0,64.96676070528704,4.631166666666667,25.74169999999999,11.985333333333335,3.9120000000000004
3,239741.23645323975,3540.1758678419646,5.0,38.0,,,,24.652806666666656,5.0,35.6668010075529,0.0,2.0,0.0,0.0,0.0,11.985333333333333,9.1205,0.0,0.0,64.96676070528704,4.631166666666667,25.74169999999999,11.985333333333335,3.9120000000000004
4,238916.33097021165,3678.166360134822,5.0,43.0,,,,0.0,29.652806666666656,35.6668010075529,0.0,26.0,0.0,0.0,0.0,11.985333333333337,9.120499999999998,0.0,0.0,64.96676070528704,4.631166666666667,25.74169999999999,11.985333333333335,3.9120000000000004
