,cost,emission,grid,wood_supply,DHDC_small_heat,DHDC_medium_heat,DHDC_large_heat,wood_boiler_heat,wood_boiler_DHW,PV,SCFP,DHW_to_heat,ASHP,ASHP_DHW,GSHP_heat,GSHP_cooling,battery,DHW_storage,heat_storage,geothermal_boreholes,demand_electricity,demand_space_heating,demand_space_cooling,demand_hot_water
0,2012479.2595195635,4294.22170164375,7.0,48.0,273.13,848.75,2000.0,2000.0,2000.0,42.52836994014337,0.0,0.0,0.0,0.0,18.0,15.0,250.00000000000006,0.0,0.0,69.76985895810036,5.4905,33.154583333333335,14.1335,4.441803333333333
1,1015273.587328021,4586.856728987039,8.0,39.0,50.0,0.0,0.0,31.159512097056457,0.0,42.52836994014337,0.0,2.0,0.0,4.425,9.542302251323235,14.1335,8.765847222222224,0.0,0.0,69.76985895810036,5.4905,33.154583333333335,14.1335,4.441803333333333
2,740608.9848815129,4879.491756330314,8.0,13.0,50.0,0.0,0.0,9.79363395959253,0.0,42.52836994014337,0.0,24.0,0.0,5.032301509316551,10.575750000000001,14.1335,8.765847222222224,0.0,0.0,69.76985895810036,5.4905,33.154583333333335,14.1335,4.441803333333333
3,466217.7548769392,5172.126783673617,8.0,7.0,50.0,0.0,0.0,5.0,0.0,42.52836994014337,0.0,34.0,0.0,5.032301509316429,10.575750000000001,14.1335,8.765847222222224,0.0,0.0,69.76985895810036,5.4905,33.154583333333335,14.1335,4.441803333333333
4,287689.761384929,5464.761811016875,6.0,0.0,50.0,0.0,0.0,0.0,0.0,42.52836994014337,0.0,34.0,0.0,0.0,0.0,14.1335,10.0305,0.0,0.0,69.76985895810036,5.4905,33.154583333333335,14.1335,4.441803333333333
