,cost,emission,grid,wood_supply,DHDC_small_heat,DHDC_medium_heat,DHDC_large_heat,wood_boiler_heat,wood_boiler_DHW,PV,SCFP,DHW_to_heat,ASHP,ASHP_DHW,GSHP_heat,GSHP_cooling,battery,DHW_storage,heat_storage,geothermal_boreholes,demand_electricity,demand_space_heating,demand_space_cooling,demand_hot_water
0,3048529.258357236,12366.338484975742,29.0,20.0,,,,2000.0,2000.0,114.71634386706032,0.0,0.0,0.0,0.0,32.0,44.0,250.00000000000006,0.0,0.0,120.30144070694223,18.464106666666662,31.458606666666668,43.15526,13.823
1,2650884.0549723846,12685.802435042802,30.0,13.0,,,,0.0,8.892017163890618,114.71634386706032,0.0,0.0,0.0,13.781333333333333,31.458606666666668,43.15526,19.64865277777778,0.0,0.0,120.30144070694223,18.464106666666662,31.458606666666668,43.15526,13.823
2,2508405.7356461366,13005.266385109859,31.0,8.0,,,,0.0,5.513484794257897,114.71634386706032,0.0,0.0,0.0,13.781333333333333,31.458606666666668,43.15526,19.64865277777778,0.0,0.0,120.30144070694223,18.464106666666662,31.458606666666668,43.15526,13.823
3,2365973.855883559,13324.73033517684,33.0,8.0,,,,0.0,5.0,114.71634386706032,0.0,0.0,0.0,13.781333333333333,31.458606666666668,43.15526,19.64865277777778,0.0,0.0,120.30144070694223,18.464106666666662,31.458606666666668,43.15526,13.823
4,2222211.3294328763,13644.19428524401,33.0,0.0,,,,0.0,0.0,114.71634386706032,0.0,0.0,0.0,13.823,31.458606666666668,43.155260000000006,18.15088986111111,0.0,0.0,120.30144070694223,18.464106666666662,31.458606666666668,43.15526,13.823
