,cost,emission,grid,wood_supply,DHDC_small_heat,DHDC_medium_heat,DHDC_large_heat,wood_boiler_heat,wood_boiler_DHW,PV,SCFP,DHW_to_heat,ASHP,ASHP_DHW,GSHP_heat,GSHP_cooling,battery,DHW_storage,heat_storage,geothermal_boreholes,demand_electricity,demand_space_heating,demand_space_cooling,demand_hot_water
0,1708553.2997313016,4832.634562996427,6.0,48.0,,,,2000.0,2000.0,33.24584532111903,0.0,0.0,0.0,0.0,0.0,0.0,250.00000000000006,0.0,0.0,63.27209172478332,5.820426666666656,32.456499999999956,0.0,4.940636666666667
1,1403188.1442286605,5192.194543151082,8.0,42.0,,,,32.45649999999995,5.0,33.24584532111903,0.0,4.0,0.0,7.230799999999999,0.0,0.0,4.861680555555555,0.0,0.0,63.27209172478332,5.820426666666656,32.456499999999956,0.0,4.940636666666667
2,1284977.7921812055,5551.754523305769,9.0,38.0,,,,29.827408210021748,0.0,33.24584532111903,0.0,5.0,0.0,7.569728456644874,0.0,0.0,4.861680555555555,0.0,0.0,63.27209172478332,5.820426666666656,32.456499999999956,0.0,4.940636666666667
3,1188714.3712321948,5911.314503460441,12.0,29.0,,,,22.705780247553893,0.0,33.24584532111903,0.0,12.0,0.0,14.691356419112727,0.0,0.0,4.861680555555555,0.0,0.0,63.27209172478332,5.820426666666656,32.456499999999956,0.0,4.940636666666667
4,1090949.5782106314,6270.874483615104,19.0,0.0,,,,0.0,0.0,33.24584532111903,0.0,33.0,0.0,37.39713666666662,0.0,0.0,4.861680555555555,0.0,0.0,63.27209172478332,5.820426666666656,32.456499999999956,0.0,4.940636666666667
