,cost,emission,grid,wood_supply,DHDC_small_heat,DHDC_medium_heat,DHDC_large_heat,wood_boiler_heat,wood_boiler_DHW,PV,SCFP,DHW_to_heat,ASHP,ASHP_DHW,GSHP_heat,GSHP_cooling,battery,DHW_storage,heat_storage,geothermal_boreholes,demand_electricity,demand_space_heating,demand_space_cooling,demand_hot_water
0,2151470.7548900796,4726.717181942189,8.0,52.0,273.13,848.75,2000.0,2000.0,2000.0,46.898539616761894,0.0,0.0,0.0,0.0,19.0,15.0,250.00000000000006,0.0,0.0,72.82897773173333,5.8795,35.98834999999999,14.8795,4.848166666666667
1,1118074.967589016,5042.367386301108,8.0,46.0,50.0,0.0,0.0,35.98834999999999,0.015099005753908,46.898539616761894,0.0,0.0,0.0,4.831999999999999,13.614333333333331,14.8795,9.303444444444443,0.0,0.0,72.82897773173333,5.8795,35.98834999999999,14.8795,4.848166666666667
2,821058.4028229923,5358.01759066003,8.0,14.0,50.0,0.0,0.0,10.7142285968935,0.0,46.898539616761894,0.0,26.0,0.0,4.818833333333333,12.569187500000002,14.8795,9.303444444444443,0.0,0.0,72.82897773173333,5.8795,35.98834999999999,14.8795,4.848166666666667
3,525078.0239194081,5673.667795018882,8.0,7.0,50.0,0.0,0.0,5.0,0.0,46.898539616761894,0.0,36.0,0.0,4.817666666666666,12.571375,14.8795,9.303444444444443,0.0,0.0,72.82897773173333,5.8795,35.98834999999999,14.8795,4.848166666666667
4,325545.7047944938,5989.317999377813,8.0,0.0,50.0,0.0,0.0,0.0,0.0,46.898539616761894,0.0,36.0,0.0,0.0,0.0,14.8795,10.663833333333333,0.0,0.0,72.82897773173333,5.8795,35.98834999999999,14.8795,4.848166666666667
