,cost,emission,grid,wood_supply,DHDC_small_heat,DHDC_medium_heat,DHDC_large_heat,wood_boiler_heat,wood_boiler_DHW,PV,SCFP,DHW_to_heat,ASHP,ASHP_DHW,GSHP_heat,GSHP_cooling,battery,DHW_storage,heat_storage,geothermal_boreholes,demand_electricity,demand_space_heating,demand_space_cooling,demand_hot_water
0,375063.9932110092,3955.8517217590925,7.0,46.0,,,,2000.0,2000.0,29.667909413733643,0.0,0.0,0.0,0.0,13.0,14.0,250.00000000000006,0.0,0.0,60.767536589613556,4.571166666666667,31.50516666666665,13.12691,3.936803333333333
1,278656.2658471341,3981.1288930453984,7.0,46.0,,,,31.175799998833316,5.0,29.667909413733643,0.0,1.0,0.0,0.0,0.0,13.126910000000002,7.276833333333336,0.0,0.0,60.767536589613556,4.571166666666667,31.50516666666665,13.12691,3.936803333333333
2,278644.96700815775,3981.234784141741,7.0,46.0,,,,30.441803333333315,5.0,29.667909413733643,0.0,2.0,0.0,0.0,0.0,13.126909999999999,7.276833333333333,0.0,0.0,60.767536589613556,4.571166666666667,31.50516666666665,13.12691,3.936803333333333
3,278644.9670081578,3981.2347841417413,7.0,46.0,,,,30.441803333333315,5.0,29.667909413733643,0.0,2.0,0.0,0.0,0.0,13.126909999999999,7.276833333333333,0.0,0.0,60.767536589613556,4.571166666666667,31.50516666666665,13.12691,3.936803333333333
4,278060.3466987369,4161.73726868817,7.0,51.0,,,,0.0,35.44180333333331,29.667909413733643,0.0,32.0,0.0,0.0,0.0,13.126910000000002,7.276833333333333,0.0,0.0,60.767536589613556,4.571166666666667,31.50516666666665,13.12691,3.936803333333333
