,cost,emission,grid,wood_supply,DHDC_small_heat,DHDC_medium_heat,DHDC_large_heat,wood_boiler_heat,wood_boiler_DHW,PV,SCFP,DHW_to_heat,ASHP,ASHP_DHW,GSHP_heat,GSHP_cooling,battery,DHW_storage,heat_storage,geothermal_boreholes,demand_electricity,demand_space_heating,demand_space_cooling,demand_hot_water
0,587113.7441313395,3301.0762889443154,6.0,34.0,273.13,848.75,2000.0,2000.0,2000.0,21.971877858279875,0.0,0.0,0.0,0.0,9.0,10.0,250.00000000000006,0.0,0.0,55.38031450079591,3.9843333333333333,23.294533333333344,9.954166666666667,3.3241666666666667
1,15370.620178927129,3763.240012078115,7.0,29.0,0.0,0.0,0.0,22.457690492607856,0.007196666666667184,18.471457024773045,0.0,2.0,0.0,3.3169699999999995,0.836646174058819,9.954166666666666,1.5705608540649094,0.0,0.0,55.38031450079591,3.9843333333333333,23.294533333333344,9.954166666666667,3.3241666666666667
2,14001.35062691752,4225.403735211673,7.0,24.0,0.0,0.0,0.0,18.910163465296947,0.0,12.798043865727928,0.0,5.0,0.0,6.872462526438238,0.8358773415981544,9.954166666666666,0.0,0.0,0.0,55.38031450079591,3.9843333333333333,23.294533333333344,9.954166666666667,3.3241666666666667
3,11317.669058114034,4687.567458345693,14.0,0.0,0.0,0.0,0.0,0.0,0.0,10.9338603452818,0.0,23.0,0.0,25.78288649834486,0.8356168349884809,9.954166666666666,0.0,0.0,0.0,55.38031450079591,3.9843333333333333,23.294533333333344,9.954166666666667,3.3241666666666667
4,10547.259852732603,5149.731181479501,14.0,0.0,0.0,0.0,0.0,0.0,0.0,0.0,0.0,23.0,0.0,25.782886498344855,0.8356168349884836,9.954166666666666,0.0,0.0,0.0,55.38031450079591,3.9843333333333333,23.294533333333344,9.954166666666667,3.3241666666666667
