,cost,emission,grid,wood_supply,DHDC_small_heat,DHDC_medium_heat,DHDC_large_heat,wood_boiler_heat,wood_boiler_DHW,PV,SCFP,DHW_to_heat,ASHP,ASHP_DHW,GSHP_heat,GSHP_cooling,battery,DHW_storage,heat_storage,geothermal_boreholes,demand_electricity,demand_space_heating,demand_space_cooling,demand_hot_water
0,825009.6732839552,3228.463292728453,6.0,36.0,273.13,848.75,2000.0,2000.0,2000.0,23.76448911850031,0.0,0.0,0.0,0.0,10.0,11.0,250.00000000000006,0.0,0.0,56.63514238295022,3.7463333333333337,24.88116666666667,10.335,3.1725
1,245765.52775030112,3244.852450672322,5.0,36.0,0.0,0.0,0.0,23.052243333333337,5.0,23.76448911850031,0.0,2.0,0.0,0.0,0.0,10.335000000000003,5.212333333333334,0.0,0.0,56.63514238295022,3.7463333333333337,24.88116666666667,10.335,3.1725
2,245765.5277503011,3244.8524506723224,5.0,36.0,0.0,0.0,0.0,23.052243333333337,5.0,23.76448911850031,0.0,2.0,0.0,0.0,0.0,10.335000000000003,5.212333333333334,0.0,0.0,56.63514238295022,3.7463333333333337,24.88116666666667,10.335,3.1725
3,245765.52775030112,3244.8524506723215,5.0,36.0,0.0,0.0,0.0,23.052243333333337,5.0,23.76448911850031,0.0,2.0,0.0,0.0,0.0,10.335,5.2123333333333335,0.0,0.0,56.63514238295022,3.7463333333333337,24.88116666666667,10.335,3.1725
4,244952.82818084443,3385.0024507508924,5.0,41.0,0.0,0.0,0.0,0.0,28.052243333333337,23.76448911850031,0.0,25.0,0.0,0.0,0.0,10.335000000000003,5.2123333333333335,0.0,0.0,56.63514238295022,3.7463333333333337,24.88116666666667,10.335,3.1725
