,cost,emission,grid,wood_supply,DHDC_small_heat,DHDC_medium_heat,DHDC_large_heat,wood_boiler_heat,wood_boiler_DHW,PV,SCFP,DHW_to_heat,ASHP,ASHP_DHW,GSHP_heat,GSHP_cooling,battery,DHW_storage,heat_storage,geothermal_boreholes,demand_electricity,demand_space_heating,demand_space_cooling,demand_hot_water
0,785448.7683011073,2857.15399074567,6.0,33.0,273.13,848.75,2000.0,2000.0,2000.0,21.493353814263727,0.0,0.0,0.0,0.0,9.0,10.0,250.00000000000006,0.0,0.0,55.04534766998461,3.4340000000000006,22.484133333333332,9.062833333333332,2.815166666666667
1,208626.86619162897,2874.2822064604907,6.0,33.0,0.0,0.0,0.0,20.297739999999997,5.0,21.493353814263727,0.0,3.0,0.0,0.0,0.0,9.062833333333336,4.954875000000001,0.0,0.0,55.04534766998461,3.4340000000000006,22.484133333333332,9.062833333333332,2.815166666666667
2,208626.86619162897,2874.2822064604898,6.0,33.0,0.0,0.0,0.0,20.297739999999997,5.0,21.493353814263727,0.0,3.0,0.0,0.0,0.0,9.062833333333336,4.954875000000001,0.0,0.0,55.04534766998461,3.4340000000000006,22.484133333333332,9.062833333333332,2.815166666666667
3,208626.86619162897,2874.28220646049,6.0,33.0,0.0,0.0,0.0,20.297739999999997,5.0,21.493353814263727,0.0,3.0,0.0,0.0,0.0,9.062833333333336,4.954875000000001,0.0,0.0,55.04534766998461,3.4340000000000006,22.484133333333332,9.062833333333332,2.815166666666667
4,207739.07346488663,3001.146494096206,6.0,37.0,0.0,0.0,0.0,0.0,25.297739999999997,21.493353814263727,0.0,23.0,0.0,0.0,0.0,9.062833333333332,4.9548749999999995,0.0,0.0,55.04534766998461,3.4340000000000006,22.484133333333332,9.062833333333332,2.815166666666667
