,cost,emission,grid,wood_supply,DHDC_small_heat,DHDC_medium_heat,DHDC_large_heat,wood_boiler_heat,wood_boiler_DHW,PV,SCFP,DHW_to_heat,ASHP,ASHP_DHW,GSHP_heat,GSHP_cooling,battery,DHW_storage,heat_storage,geothermal_boreholes,demand_electricity,demand_space_heating,demand_space_cooling,demand_hot_water
0,2304182.0316531844,5321.951354064822,9.0,56.0,273.13,848.75,2000.0,2000.0,2000.0,42.42535972445896,0.0,0.0,0.0,0.0,16.0,19.0,250.00000000000006,0.0,0.0,69.69775180712126,6.566833333333332,38.33208333333329,18.29816666666667,5.378666666666668
1,1257939.807192525,5647.924082254838,9.0,39.0,50.0,0.0,0.0,25.050582611211862,5.0,42.42535972445896,0.0,0.0,0.0,5.360666666666667,13.738023196602736,18.298166666666667,7.434138888888889,0.0,0.0,69.69775180712126,6.566833333333332,38.33208333333329,18.29816666666667,5.378666666666668
2,933215.3669565984,5973.89681044487,9.0,14.0,50.0,0.0,0.0,10.79351615946749,0.0,42.42535972445896,0.0,28.0,0.0,5.338666666666667,13.738,18.298166666666667,7.434138888888889,0.0,0.0,69.69775180712126,6.566833333333332,38.33208333333329,18.29816666666667,5.378666666666668
3,627557.458978174,6299.869538634888,9.0,7.0,50.0,0.0,0.0,5.0,0.0,42.42535972445896,0.0,39.0,0.0,5.338666666666667,13.738,18.298166666666667,7.434138888888889,0.0,0.0,69.69775180712126,6.566833333333332,38.33208333333329,18.29816666666667,5.378666666666668
4,420265.18361669296,6625.842266824999,9.0,0.0,50.0,0.0,0.0,0.0,0.0,42.42535972445896,0.0,39.0,0.0,0.0,0.0,18.298166666666667,8.92116666666667,0.0,0.0,69.69775180712126,6.566833333333332,38.33208333333329,18.29816666666667,5.378666666666668
