,cost,emission,grid,wood_supply,DHDC_small_heat,DHDC_medium_heat,DHDC_large_heat,wood_boiler_heat,wood_boiler_DHW,PV,SCFP,DHW_to_heat,ASHP,ASHP_DHW,GSHP_heat,GSHP_cooling,battery,DHW_storage,heat_storage,geothermal_boreholes,demand_electricity,demand_space_heating,demand_space_cooling,demand_hot_water
0,1012656.2903134217,5321.951354064822,9.0,56.0,273.13,848.75,2000.0,2000.0,2000.0,42.42535972445896,0.0,0.0,0.0,0.0,16.0,19.0,250.00000000000006,0.0,0.0,69.69775180712126,6.566833333333332,38.33208333333329,18.29816666666667,5.378666666666668
1,422275.3425266966,5553.5284665392865,9.0,63.0,0.0,0.0,0.0,0.0,43.71058333333329,42.42535972445896,0.0,39.0,0.0,0.0,0.0,18.298166666666667,8.92116666666667,0.0,0.0,69.69775180712126,6.566833333333332,38.33208333333329,18.29816666666667,5.378666666666668
2,422275.3425266966,5553.5284665392865,9.0,63.0,0.0,0.0,0.0,0.0,43.71058333333329,42.42535972445896,0.0,39.0,0.0,0.0,0.0,18.298166666666667,8.921166666666672,0.0,0.0,69.69775180712126,6.566833333333332,38.33208333333329,18.29816666666667,5.378666666666668
3,422275.3425266965,5553.5284665392865,9.0,63.0,0.0,0.0,0.0,0.0,43.71058333333329,42.42535972445896,0.0,39.0,0.0,0.0,0.0,18.298166666666667,8.92116666666667,0.0,0.0,69.69775180712126,6.566833333333332,38.33208333333329,18.29816666666667,5.378666666666668
4,420265.18361669296,6625.842266824999,9.0,0.0,50.0,0.0,0.0,0.0,0.0,42.42535972445896,0.0,39.0,0.0,0.0,0.0,18.298166666666674,8.92116666666667,0.0,0.0,69.69775180712126,6.566833333333332,38.33208333333329,18.29816666666667,5.378666666666668
