,cost,emission,grid,wood_supply,DHDC_small_heat,DHDC_medium_heat,DHDC_large_heat,wood_boiler_heat,wood_boiler_DHW,PV,SCFP,DHW_to_heat,ASHP,ASHP_DHW,GSHP_heat,GSHP_cooling,battery,DHW_storage,heat_storage,geothermal_boreholes,demand_electricity,demand_space_heating,demand_space_cooling,demand_hot_water
0,153338.87119113797,487.10781029583336,2.0,6.0,,,,2000.0,2000.0,4.512139978433139,0.0,0.0,3.0,0.0,,,250.00000000000006,0.0,0.0,,1.1236666666666666,3.8953966666666666,2.0495,0.44316666666666665
1,65373.75145629667,487.1114227958335,2.0,6.0,,,,5.0,5.0,4.512139978433139,0.0,1.0,2.0495,0.0,,,1.2553333333333334,0.0,0.0,,1.1236666666666666,3.8953966666666666,2.0495,0.44316666666666665
2,65373.75145629667,487.1114227958335,2.0,6.0,,,,5.0,5.0,4.512139978433139,0.0,1.0,2.0495,0.0,,,1.2553333333333334,0.0,0.0,,1.1236666666666666,3.8953966666666666,2.0495,0.44316666666666665
3,65373.75145629667,487.1114227958335,2.0,6.0,,,,5.0,5.0,4.512139978433139,0.0,1.0,2.0495,0.0,,,1.2553333333333334,0.0,0.0,,1.1236666666666666,3.8953966666666666,2.0495,0.44316666666666665
4,63738.265248384545,496.0302122279762,2.0,7.0,,,,0.0,5.0,4.512139978433139,0.0,4.0,2.0495,0.0,,,1.2553333333333334,0.0,0.0,,1.1236666666666666,3.8953966666666666,2.0495,0.44316666666666665
