,cost,emission,grid,wood_supply,DHDC_small_heat,DHDC_medium_heat,DHDC_large_heat,wood_boiler_heat,wood_boiler_DHW,PV,SCFP,DHW_to_heat,ASHP,ASHP_DHW,GSHP_heat,GSHP_cooling,battery,DHW_storage,heat_storage,geothermal_boreholes,demand_electricity,demand_space_heating,demand_space_cooling,demand_hot_water
0,821456.5125667162,3301.4851754785714,5.0,34.0,273.13,848.75,2000.0,2000.0,2000.0,27.309526354887144,0.0,0.0,0.0,0.0,0.0,0.0,250.00000000000006,0.0,0.0,59.116668448421,4.026000000000001,22.463166666666666,0.0,3.564333333333334
1,256641.6027172804,3301.8788000249997,5.0,34.0,0.0,0.0,0.0,21.026469999999996,5.0,27.309526354887144,0.0,2.0,0.0,0.0,0.0,0.0,6.006666666666666,0.0,0.0,59.116668448421,4.026000000000001,22.463166666666666,0.0,3.564333333333334
2,256641.60271728048,3301.8788000249997,5.0,34.0,0.0,0.0,0.0,21.026469999999996,5.0,27.309526354887144,0.0,2.0,0.0,0.0,0.0,0.0,6.006666666666668,0.0,0.0,59.116668448421,4.026000000000001,22.463166666666666,0.0,3.564333333333334
3,256641.60271728048,3301.8788000249997,5.0,34.0,0.0,0.0,0.0,21.026469999999996,5.0,27.309526354887144,0.0,2.0,0.0,0.0,0.0,0.0,6.006666666666668,0.0,0.0,59.116668448421,4.026000000000001,22.463166666666666,0.0,3.564333333333334
4,255721.57505496667,3423.0399836750003,5.0,38.0,0.0,0.0,0.0,0.0,26.026469999999996,27.309526354887144,0.0,23.0,0.0,0.0,0.0,0.0,6.006666666666666,0.0,0.0,59.116668448421,4.026000000000001,22.463166666666666,0.0,3.564333333333334
