,cost,emission,grid,wood_supply,DHDC_small_heat,DHDC_medium_heat,DHDC_large_heat,wood_boiler_heat,wood_boiler_DHW,PV,SCFP,DHW_to_heat,ASHP,ASHP_DHW,GSHP_heat,GSHP_cooling,battery,DHW_storage,heat_storage,geothermal_boreholes,demand_electricity,demand_space_heating,demand_space_cooling,demand_hot_water
0,1058048.4197482574,6933.167550777465,10.0,70.0,273.13,848.75,2000.0,2000.0,2000.0,76.21483827234111,0.0,0.0,0.0,8.0,0.0,0.0,250.00000000000006,0.0,0.0,93.35038679063878,9.133833333333333,46.554333333333325,0.0,7.982833333333333
1,508749.60958231083,7173.48636524175,10.0,78.0,0.0,0.0,0.0,0.0,54.53699999999999,76.21483827234111,0.0,47.0,0.0,2.998602471576867,0.0,0.0,14.506415636842975,0.0,0.0,93.35038679063878,9.133833333333333,46.554333333333325,0.0,7.982833333333333
2,508749.60958231083,7173.48636524175,10.0,78.0,0.0,0.0,0.0,0.0,54.53699999999999,76.21483827234111,0.0,47.0,0.0,2.9986024715768655,0.0,0.0,14.506415636842975,0.0,0.0,93.35038679063878,9.133833333333333,46.554333333333325,0.0,7.982833333333333
3,507934.18420233927,8138.668937087126,10.0,10.0,50.0,0.0,0.0,7.2782376914829285,0.0,76.21483827234111,0.0,40.0,0.0,3.0672574166318105,0.0,0.0,14.783809409736744,0.0,0.0,93.35038679063878,9.133833333333333,46.554333333333325,0.0,7.982833333333333
4,505121.7140907124,8540.50273252372,10.0,0.0,54.24966666666666,0.0,0.0,0.0,0.0,76.21483827234111,0.0,47.0,0.0,1.5619157318741428,0.0,0.0,13.01420177838577,0.0,0.0,93.35038679063878,9.133833333333333,46.554333333333325,0.0,7.982833333333333
