,cost,emission,grid,wood_supply,DHDC_small_heat,DHDC_medium_heat,DHDC_large_heat,wood_boiler_heat,wood_boiler_DHW,PV,SCFP,DHW_to_heat,ASHP,ASHP_DHW,GSHP_heat,GSHP_cooling,battery,DHW_storage,heat_storage,geothermal_boreholes,demand_electricity,demand_space_heating,demand_space_cooling,demand_hot_water
0,822497.0434789041,3711.9123443089284,5.0,39.0,273.13,848.75,2000.0,2000.0,2000.0,39.17995055235333,0.0,0.0,0.0,0.0,0.0,0.0,250.00000000000006,0.0,0.0,67.42596538664735,4.8375,25.679583333333326,0.0,4.302833333333333
1,268669.7973509231,3712.3746203071432,5.0,39.0,0.0,0.0,0.0,24.97971999999999,5.0,39.17995055235333,0.0,1.0,0.0,0.0,0.0,0.0,8.323333333333332,0.0,0.0,67.42596538664735,4.8375,25.679583333333326,0.0,4.302833333333333
2,268669.7973509231,3712.3746203071432,5.0,39.0,0.0,0.0,0.0,24.97971999999999,5.0,39.17995055235333,0.0,1.0,0.0,0.0,0.0,0.0,8.323333333333332,0.0,0.0,67.42596538664735,4.8375,25.679583333333326,0.0,4.302833333333333
3,268669.7973509231,3712.3746203071432,5.0,39.0,0.0,0.0,0.0,24.97971999999999,5.0,39.17995055235333,0.0,1.0,0.0,0.0,0.0,0.0,8.323333333333332,0.0,0.0,67.42596538664735,4.8375,25.679583333333326,0.0,4.302833333333333
4,267812.8194481093,3844.6907614071424,5.0,43.0,0.0,0.0,0.0,0.0,29.97971999999999,39.17995055235333,0.0,26.0,0.0,0.0,0.0,0.0,8.323333333333332,0.0,0.0,67.42596538664735,4.8375,25.679583333333326,0.0,4.302833333333333
