,cost,emission,grid,wood_supply,DHDC_small_heat,DHDC_medium_heat,DHDC_large_heat,wood_boiler_heat,wood_boiler_DHW,PV,SCFP,DHW_to_heat,ASHP,ASHP_DHW,GSHP_heat,GSHP_cooling,battery,DHW_storage,heat_storage,geothermal_boreholes,demand_electricity,demand_space_heating,demand_space_cooling,demand_hot_water
0,2091810.9863320093,8036.179454150173,17.0,12.0,,,,2000.0,2000.0,39.054126261568655,0.0,0.0,0.0,0.0,25.0,27.0,250.00000000000006,0.0,0.0,67.33788838309806,10.718606666666668,24.009446666666662,26.669833333333333,8.347
1,1866979.8845120692,8255.134066797975,18.0,8.0,,,,0.0,5.094787622575299,39.054126261568655,0.0,0.0,0.0,8.246136666666665,24.009446666666662,26.669833333333333,3.652750000000002,0.0,0.0,67.33788838309806,10.718606666666668,24.009446666666662,26.669833333333333,8.347
2,1769363.9077857493,8474.08867944562,19.0,8.0,,,,0.0,5.0,39.054126261568655,0.0,0.0,0.0,8.246136666666665,24.009446666666662,26.669833333333333,3.652750000000002,0.0,0.0,67.33788838309806,10.718606666666668,24.009446666666662,26.669833333333333,8.347
3,1671749.4674721512,8693.043292093485,20.0,8.0,,,,0.0,5.0,39.054126261568655,0.0,0.0,0.0,8.246136666666665,24.009446666666662,26.669833333333333,3.652750000000002,0.0,0.0,67.33788838309806,10.718606666666668,24.009446666666662,26.669833333333333,8.347
4,1572574.8855360085,8911.997904741322,20.0,0.0,,,,0.0,0.0,39.054126261568655,0.0,0.0,0.0,8.346999999999998,24.009446666666662,26.66983333333334,3.1183194444444404,0.0,0.0,67.33788838309806,10.718606666666668,24.009446666666662,26.669833333333333,8.347
