,cost,emission,grid,wood_supply,DHDC_small_heat,DHDC_medium_heat,DHDC_large_heat,wood_boiler_heat,wood_boiler_DHW,PV,SCFP,DHW_to_heat,ASHP,ASHP_DHW,GSHP_heat,GSHP_cooling,battery,DHW_storage,heat_storage,geothermal_boreholes,demand_electricity,demand_space_heating,demand_space_cooling,demand_hot_water
0,600253.3551831346,5810.360984409197,10.0,63.0,273.13,848.75,2000.0,2000.0,2000.0,45.97248057179219,0.0,0.0,0.0,0.0,17.0,20.0,250.00000000000006,0.0,0.0,72.18073640025453,7.035499999999999,42.99258333333333,19.68058,5.812833333333334
1,27151.561990033715,6671.81177530169,12.0,52.0,0.0,0.0,0.0,41.43597934959147,0.0,37.25289963053592,0.0,2.0,0.0,5.812833333333334,1.5564373170751844,19.68058,3.5602132659951957,0.0,0.0,72.18073640025453,7.035499999999999,42.99258333333333,19.68058,5.812833333333334
2,24327.600241054082,7533.262566193957,12.0,46.0,0.0,0.0,0.0,36.76074052553052,0.0,22.501044272050034,0.0,7.0,0.0,10.488749495916124,1.5557599785533407,19.68058,0.0,0.0,0.0,72.18073640025453,7.035499999999999,42.99258333333333,19.68058,5.812833333333334
3,20666.042875682964,8394.713357087501,24.0,0.0,0.0,0.0,0.0,0.0,0.0,21.632494786824896,0.0,42.0,0.0,47.25026213410911,1.554987865890887,19.68058,0.0,0.0,0.0,72.18073640025453,7.035499999999999,42.99258333333333,19.68058,5.812833333333334
4,18988.736852719252,9256.164147979165,25.0,0.0,0.0,0.0,0.0,0.0,0.0,0.0,0.0,42.0,0.0,47.25026213410909,1.5549878658908938,19.68058,0.0,0.0,0.0,72.18073640025453,7.035499999999999,42.99258333333333,19.68058,5.812833333333334
