,cost,emission,grid,wood_supply,DHDC_small_heat,DHDC_medium_heat,DHDC_large_heat,wood_boiler_heat,wood_boiler_DHW,PV,SCFP,DHW_to_heat,ASHP,ASHP_DHW,GSHP_heat,GSHP_cooling,battery,DHW_storage,heat_storage,geothermal_boreholes,demand_electricity,demand_space_heating,demand_space_cooling,demand_hot_water
0,2790915.3441119683,6933.167550777465,10.0,70.0,273.13,848.75,2000.0,2000.0,2000.0,76.21483827234111,0.0,0.0,0.0,8.0,0.0,0.0,250.00000000000006,0.0,0.0,93.35038679063878,9.133833333333333,46.554333333333325,0.0,7.982833333333333
1,1621644.5410763365,7335.001346214036,10.0,62.0,50.0,0.0,0.0,46.554333333333325,5.0,76.21483827234111,0.0,0.0,0.0,7.950666666666667,0.0,0.0,14.65226388888889,0.0,0.0,93.35038679063878,9.133833333333333,46.554333333333325,0.0,7.982833333333333
2,1204615.481609074,7736.835141650585,10.0,21.0,50.0,0.0,0.0,16.65666353944934,0.0,76.21483827234111,0.0,30.0,0.0,15.985666666666667,0.0,0.0,14.65226388888889,0.0,0.0,93.35038679063878,9.133833333333333,46.554333333333325,0.0,7.982833333333333
3,827751.0330840725,8138.668937087061,10.0,7.0,50.0,0.0,0.0,5.0,0.0,76.21483827234111,0.0,42.0,0.0,15.985666666666667,0.0,0.0,14.65226388888889,0.0,0.0,93.35038679063878,9.133833333333333,46.554333333333325,0.0,7.982833333333333
4,505121.7140907123,8540.50273252372,10.0,0.0,54.24966666666666,0.0,0.0,0.0,0.0,76.21483827234111,0.0,47.0,0.0,1.5619157318741428,0.0,0.0,13.01420177838577,0.0,0.0,93.35038679063878,9.133833333333333,46.554333333333325,0.0,7.982833333333333
