,cost,emission,grid,wood_supply,DHDC_small_heat,DHDC_medium_heat,DHDC_large_heat,wood_boiler_heat,wood_boiler_DHW,PV,SCFP,DHW_to_heat,ASHP,ASHP_DHW,GSHP_heat,GSHP_cooling,battery,DHW_storage,heat_storage,geothermal_boreholes,demand_electricity,demand_space_heating,demand_space_cooling,demand_hot_water
0,502719.26515860716,4739.937506500119,8.0,49.0,,,,2000.0,2000.0,30.812859942492853,0.0,0.0,0.0,0.0,14.0,15.0,250.00000000000006,0.0,0.0,61.569001959744995,5.645666666666667,33.68373333333333,14.72166666666667,4.6285
1,397878.2954236022,4758.208422313837,8.0,49.0,,,,33.31206666666666,5.0,30.812859942492853,0.0,1.0,0.0,0.0,0.0,14.721666666666668,6.525333333333333,0.0,0.0,61.569001959744995,5.645666666666667,33.68373333333333,14.72166666666667,4.6285
2,397878.29542360216,4758.208422313837,8.0,49.0,,,,33.31206666666666,5.0,30.812859942492853,0.0,1.0,0.0,0.0,0.0,14.721666666666668,6.525333333333333,0.0,0.0,61.569001959744995,5.645666666666667,33.68373333333333,14.72166666666667,4.6285
3,397878.2954236021,4758.208422313837,8.0,49.0,,,,33.31206666666666,5.0,30.812859942492853,0.0,1.0,0.0,0.0,0.0,14.721666666666668,6.525333333333333,0.0,0.0,61.569001959744995,5.645666666666667,33.68373333333333,14.72166666666667,4.6285
4,397315.7328358598,4942.613426849553,8.0,55.0,,,,0.0,38.31206666666666,30.812859942492853,0.0,34.0,0.0,0.0,0.0,14.721666666666671,6.525333333333333,0.0,0.0,61.569001959744995,5.645666666666667,33.68373333333333,14.72166666666667,4.6285
