,cost,emission,grid,wood_supply,DHDC_small_heat,DHDC_medium_heat,DHDC_large_heat,wood_boiler_heat,wood_boiler_DHW,PV,SCFP,DHW_to_heat,ASHP,ASHP_DHW,GSHP_heat,GSHP_cooling,battery,DHW_storage,heat_storage,geothermal_boreholes,demand_electricity,demand_space_heating,demand_space_cooling,demand_hot_water
0,2039500.6090782194,7884.924816608085,18.0,12.0,,,,2000.0,2000.0,38.98269814065218,0.0,0.0,0.0,0.0,24.0,27.0,250.00000000000006,0.0,0.0,67.28788869845653,10.388813333333331,23.692806666666666,26.914493333333336,7.94697
1,1819995.1693152697,8094.2139622653385,18.0,8.0,,,,0.0,5.0,38.98269814065218,0.0,0.0,0.0,7.891303333333333,23.692806666666662,26.914493333333333,3.524124999999999,0.0,0.0,67.28788869845653,10.388813333333331,23.692806666666666,26.914493333333336,7.94697
2,1726689.7916846853,8303.50310792283,18.0,8.0,,,,0.0,5.0,38.98269814065218,0.0,0.0,0.0,7.891303333333333,23.692806666666662,26.914493333333333,3.524124999999999,0.0,0.0,67.28788869845653,10.388813333333331,23.692806666666666,26.914493333333336,7.94697
3,1633384.4140540943,8512.792253580337,20.0,8.0,,,,0.0,5.0,38.98269814065218,0.0,0.0,0.0,7.891303333333333,23.692806666666662,26.914493333333333,3.524124999999999,0.0,0.0,67.28788869845653,10.388813333333331,23.692806666666666,26.914493333333336,7.94697
4,1538590.936557918,8722.081399237846,20.0,0.0,,,,0.0,0.0,38.98269814065218,0.0,0.0,0.0,7.94697,23.692806666666662,26.91449333333334,2.673347222222221,0.0,0.0,67.28788869845653,10.388813333333331,23.692806666666666,26.914493333333336,7.94697
