,cost,emission,grid,wood_supply,DHDC_small_heat,DHDC_medium_heat,DHDC_large_heat,wood_boiler_heat,wood_boiler_DHW,PV,SCFP,DHW_to_heat,ASHP,ASHP_DHW,GSHP_heat,GSHP_cooling,battery,DHW_storage,heat_storage,geothermal_boreholes,demand_electricity,demand_space_heating,demand_space_cooling,demand_hot_water
0,607238.7666185106,7319.960889553571,14.0,72.0,273.13,848.75,2000.0,2000.0,2000.0,61.19332868755729,0.0,0.0,0.0,0.0,29.0,25.0,250.00000000000006,0.0,0.0,82.83533008129012,9.349833333333333,48.36926666666665,24.878833333333333,7.637440000000001
1,33248.726621027345,8361.495210120904,16.0,58.0,0.0,0.0,0.0,45.885837968480715,0.0,52.21183432723942,0.0,3.0,0.0,7.63744,2.4829286981859306,24.878833333333333,5.2910767528422245,0.0,0.0,82.83533008129012,9.349833333333333,48.36926666666665,24.878833333333333,7.637440000000001
2,29530.63809341859,9403.02953068824,28.0,0.0,0.0,0.0,0.0,0.0,0.0,58.41163329864189,0.0,46.0,0.0,53.48184047975196,2.524366186914689,24.878833333333333,6.901849092187158,0.0,0.0,82.83533008129012,9.349833333333333,48.36926666666665,24.878833333333333,7.637440000000001
3,25541.188930195138,10444.563851255667,28.0,0.0,0.0,0.0,0.0,0.0,0.0,26.416870794945147,0.0,46.0,0.0,53.524010552607706,2.4821961140589437,24.878833333333333,0.0,0.0,0.0,82.83533008129012,9.349833333333333,48.36926666666665,24.878833333333333,7.637440000000001
4,23462.730907724126,11486.098171822918,29.0,0.0,0.0,0.0,0.0,0.0,0.0,0.0,0.0,46.0,0.0,53.52401055260766,2.482196114058979,24.878833333333333,0.0,0.0,0.0,82.83533008129012,9.349833333333333,48.36926666666665,24.878833333333333,7.637440000000001
