,cost,emission,grid,wood_supply,DHDC_small_heat,DHDC_medium_heat,DHDC_large_heat,wood_boiler_heat,wood_boiler_DHW,PV,SCFP,DHW_to_heat,ASHP,ASHP_DHW,GSHP_heat,GSHP_cooling,battery,DHW_storage,heat_storage,geothermal_boreholes,demand_electricity,demand_space_heating,demand_space_cooling,demand_hot_water
0,588073.7346043162,3301.4851754785714,5.0,34.0,273.13,848.75,2000.0,2000.0,2000.0,27.309526354887144,0.0,0.0,0.0,0.0,0.0,0.0,250.00000000000006,0.0,0.0,59.116668448421,4.026000000000001,22.463166666666666,0.0,3.564333333333334
1,16265.174948077387,3793.5770524422605,6.0,29.0,0.0,0.0,0.0,22.414005551105184,0.0,22.36169085730221,0.0,2.0,0.0,3.6124644488948126,0.0,0.0,1.8418639204706686,0.0,0.0,59.116668448421,4.026000000000001,22.463166666666666,0.0,3.564333333333334
2,14566.919591585942,4285.668929405758,7.0,26.0,0.0,0.0,0.0,20.15629214352493,0.0,13.297706807643788,0.0,4.0,0.0,5.870177856475069,0.0,0.0,0.0,0.0,0.0,59.116668448421,4.026000000000001,22.463166666666666,0.0,3.564333333333334
3,11779.924886293857,4777.76080636965,13.0,0.0,0.0,0.0,0.0,0.0,0.0,12.92290064208563,0.0,23.0,0.0,26.026469999999996,0.0,0.0,0.0,0.0,0.0,59.116668448421,4.026000000000001,22.463166666666666,0.0,3.564333333333334
4,10712.797536221222,5269.852683333335,14.0,0.0,0.0,0.0,0.0,0.0,0.0,0.0,0.0,23.0,0.0,26.026469999999996,0.0,0.0,0.0,0.0,0.0,59.116668448421,4.026000000000001,22.463166666666666,0.0,3.564333333333334
