,cost,emission,grid,wood_supply,DHDC_small_heat,DHDC_medium_heat,DHDC_large_heat,wood_boiler_heat,wood_boiler_DHW,PV,SCFP,DHW_to_heat,ASHP,ASHP_DHW,GSHP_heat,GSHP_cooling,battery,DHW_storage,heat_storage,geothermal_boreholes,demand_electricity,demand_space_heating,demand_space_cooling,demand_hot_water
0,853791.391324053,4294.22170164375,7.0,48.0,273.13,848.75,2000.0,2000.0,2000.0,42.52836994014337,0.0,0.0,0.0,0.0,18.0,15.0,250.00000000000006,0.0,0.0,69.76985895810036,5.4905,33.154583333333335,14.1335,4.441803333333333
1,288604.17626323155,4516.354145382589,7.0,54.0,0.0,0.0,0.0,0.0,37.59621999999999,42.52836994014337,0.0,34.0,0.0,0.0,0.0,14.1335,10.0305,0.0,0.0,69.76985895810036,5.4905,33.154583333333335,14.1335,4.441803333333333
2,288604.1762632316,4516.354145382587,7.0,54.0,0.0,0.0,0.0,0.0,37.59622,42.52836994014337,0.0,34.0,0.0,0.0,0.0,14.1335,10.0305,0.0,0.0,69.76985895810036,5.4905,33.154583333333335,14.1335,4.441803333333333
3,288604.17626323155,4516.354145382589,6.0,54.0,0.0,0.0,0.0,0.0,37.59622,42.52836994014337,0.0,34.0,0.0,0.0,0.0,14.1335,10.0305,0.0,0.0,69.76985895810036,5.4905,33.154583333333335,14.1335,4.441803333333333
4,287689.76138492906,5464.761811016875,6.0,0.0,50.0,0.0,0.0,0.0,0.0,42.52836994014337,0.0,34.0,0.0,0.0,0.0,14.1335,10.0305,0.0,0.0,69.76985895810036,5.4905,33.154583333333335,14.1335,4.441803333333333
