,cost,emission,grid,wood_supply,DHDC_small_heat,DHDC_medium_heat,DHDC_large_heat,wood_boiler_heat,wood_boiler_DHW,PV,SCFP,DHW_to_heat,ASHP,ASHP_DHW,GSHP_heat,GSHP_cooling,battery,DHW_storage,heat_storage,geothermal_boreholes,demand_electricity,demand_space_heating,demand_space_cooling,demand_hot_water
0,1029512.416317212,5810.360984409197,10.0,63.0,273.13,848.75,2000.0,2000.0,2000.0,45.97248057179219,0.0,0.0,0.0,0.0,17.0,20.0,250.00000000000006,0.0,0.0,72.18073640025453,7.035499999999999,42.99258333333333,19.68058,5.812833333333334
1,443136.9714175728,6079.500936920982,10.0,70.0,0.0,0.0,0.0,0.0,48.80524999999999,45.97248057179219,0.0,43.0,0.0,0.0,0.0,19.68058,10.245999999999999,0.0,0.0,72.18073640025453,7.035499999999999,42.99258333333333,19.68058,5.812833333333334
2,443136.9714175728,6079.500936920982,10.0,70.0,0.0,0.0,0.0,0.0,48.80524999999999,45.97248057179219,0.0,43.0,0.0,0.0,0.0,19.68058,10.246,0.0,0.0,72.18073640025453,7.035499999999999,42.99258333333333,19.68058,5.812833333333334
3,443136.97141757276,6079.500936920982,10.0,70.0,0.0,0.0,0.0,0.0,48.80524999999999,45.97248057179219,0.0,43.0,0.0,0.0,0.0,19.68058,10.245999999999999,0.0,0.0,72.18073640025453,7.035499999999999,42.99258333333333,19.68058,5.812833333333334
4,439954.47938940197,7287.297623778126,10.0,0.0,50.0,0.0,0.0,0.0,0.0,45.97248057179219,0.0,43.0,0.0,0.0,0.0,19.680580000000003,10.245999999999999,0.0,0.0,72.18073640025453,7.035499999999999,42.99258333333333,19.68058,5.812833333333334
