,cost,emission,grid,wood_supply,DHDC_small_heat,DHDC_medium_heat,DHDC_large_heat,wood_boiler_heat,wood_boiler_DHW,PV,SCFP,DHW_to_heat,ASHP,ASHP_DHW,GSHP_heat,GSHP_cooling,battery,DHW_storage,heat_storage,geothermal_boreholes,demand_electricity,demand_space_heating,demand_space_cooling,demand_hot_water
0,610884.482872593,6787.912451656286,7.0,77.0,273.13,848.75,2000.0,2000.0,2000.0,54.734705639134205,0.0,0.0,0.0,6.0,27.0,26.0,250.00000000000006,0.0,0.0,78.31429394739395,6.966,54.84608000000001,25.414666666666673,5.649136666666667
1,34538.4749645002,8010.953417087271,12.0,66.0,0.0,0.0,0.0,52.699438728468664,0.0,33.40400729045666,0.0,3.0,0.0,6.619725502440988,1.1760524357570228,25.41466666666667,3.0518955947470623,0.0,0.0,78.31429394739395,6.966,54.84608000000001,25.414666666666673,5.649136666666667
2,30980.29928881087,9233.99438251849,13.0,57.0,0.0,0.0,0.0,45.27726087022501,0.0,22.35698033862427,0.0,14.0,0.0,14.041903360692453,1.1760524357492053,25.41466666666667,0.0,0.0,0.0,78.31429394739395,6.966,54.84608000000001,25.414666666666673,5.649136666666667
3,26591.67807189696,10457.035347949233,29.0,0.0,0.0,0.0,0.0,0.0,0.0,30.544622138226686,0.0,54.0,0.0,59.31903485706066,1.1761818096060097,25.41466666666667,2.0394991468648005,0.0,0.0,78.31429394739395,6.966,54.84608000000001,25.414666666666673,5.649136666666667
4,24038.287461123393,11680.07631338021,29.0,0.0,0.0,0.0,0.0,0.0,0.0,0.0,0.0,54.0,0.0,59.319164230909635,1.176052435757033,25.41466666666667,0.0,0.0,0.0,78.31429394739395,6.966,54.84608000000001,25.414666666666673,5.649136666666667
