,cost,emission,grid,wood_supply,DHDC_small_heat,DHDC_medium_heat,DHDC_large_heat,wood_boiler_heat,wood_boiler_DHW,PV,SCFP,DHW_to_heat,ASHP,ASHP_DHW,GSHP_heat,GSHP_cooling,battery,DHW_storage,heat_storage,geothermal_boreholes,demand_electricity,demand_space_heating,demand_space_cooling,demand_hot_water
0,597005.9670686219,4726.717181942189,8.0,52.0,273.13,848.75,2000.0,2000.0,2000.0,46.898539616761894,0.0,0.0,0.0,0.0,19.0,15.0,250.00000000000006,0.0,0.0,72.82897773173333,5.8795,35.98834999999999,14.8795,4.848166666666667
1,24132.88917254377,5500.659022432645,10.0,43.0,0.0,0.0,0.0,34.09178952738746,0.0,36.84664143013169,0.0,2.0,0.0,5.09079802062075,1.6539291186584375,14.8795,3.895347326527134,0.0,0.0,72.82897773173333,5.8795,35.98834999999999,14.8795,4.848166666666667
2,21208.980888106475,6274.600862923092,10.0,41.0,0.0,0.0,0.0,32.590407037161455,0.0,19.02752882921472,0.0,4.0,0.0,7.135819777461524,1.1102898520436788,14.8795,0.0,0.0,0.0,72.82897773173333,5.8795,35.98834999999999,14.8795,4.848166666666667
3,17752.05020050157,7048.5427034136965,20.0,0.0,0.0,0.0,0.0,0.0,0.0,20.556509454777323,0.0,35.0,0.0,39.726226814622976,1.1102898520436788,14.8795,0.0,0.0,0.0,72.82897773173333,5.8795,35.98834999999999,14.8795,4.848166666666667
4,16029.032025312368,7822.484543903967,21.0,0.0,0.0,0.0,0.0,0.0,0.0,0.0,0.0,35.0,0.0,39.72622681462289,1.1102898520437634,14.8795,0.0,0.0,0.0,72.82897773173333,5.8795,35.98834999999999,14.8795,4.848166666666667
