,cost,emission,grid,wood_supply,DHDC_small_heat,DHDC_medium_heat,DHDC_large_heat,wood_boiler_heat,wood_boiler_DHW,PV,SCFP,DHW_to_heat,ASHP,ASHP_DHW,GSHP_heat,GSHP_cooling,battery,DHW_storage,heat_storage,geothermal_boreholes,demand_electricity,demand_space_heating,demand_space_cooling,demand_hot_water
0,1766757.120440884,3426.3739955381843,6.0,40.0,273.13,848.75,2000.0,2000.0,2000.0,24.701546379036813,0.0,0.0,0.0,0.0,12.0,12.0,250.00000000000006,0.0,0.0,57.29108246532577,3.874833333333333,28.104900000000015,11.945860000000001,3.298666666666667
1,858301.504138851,3664.897227119428,6.0,25.0,50.0,0.0,0.0,19.75987740557658,0.0,24.701546379036813,0.0,8.0,0.0,3.2719999999999994,11.475000000000001,11.94586,4.593458333333334,0.0,0.0,57.29108246532577,3.874833333333333,28.104900000000015,11.945860000000001,3.298666666666667
2,634520.72793595,3903.420458700665,6.0,10.0,50.0,0.0,0.0,7.965627119108189,0.0,24.701546379036813,0.0,21.0,0.0,3.2719999999999994,11.475000000000001,11.94586,4.593458333333334,0.0,0.0,57.29108246532577,3.874833333333333,28.104900000000015,11.945860000000001,3.298666666666667
3,410883.05490907404,4141.94369028186,6.0,7.0,50.0,0.0,0.0,5.0,0.0,24.701546379036813,0.0,29.0,0.0,3.2719999999999994,11.475000000000001,11.94586,4.593458333333334,0.0,0.0,57.29108246532577,3.874833333333333,28.104900000000015,11.945860000000001,3.298666666666667
4,245887.48366290014,4380.466921863124,6.0,0.0,50.0,0.0,0.0,0.0,0.0,24.701546379036813,0.0,29.0,0.0,0.0,0.0,11.94586,5.537833333333333,0.0,0.0,57.29108246532577,3.874833333333333,28.104900000000015,11.945860000000001,3.298666666666667
