,cost,emission,grid,wood_supply,DHDC_small_heat,DHDC_medium_heat,DHDC_large_heat,wood_boiler_heat,wood_boiler_DHW,PV,SCFP,DHW_to_heat,ASHP,ASHP_DHW,GSHP_heat,GSHP_cooling,battery,DHW_storage,heat_storage,geothermal_boreholes,demand_electricity,demand_space_heating,demand_space_cooling,demand_hot_water
0,144031.79762538953,12366.338484975742,29.0,20.0,,,,2000.0,2000.0,114.71634386706032,0.0,0.0,0.0,0.0,32.0,44.0,250.00000000000006,0.0,0.0,120.30144070694223,18.464106666666662,31.458606666666668,43.15526,13.823
1,47355.34294847454,13705.910684495695,33.0,0.0,,,,0.0,0.0,114.71634386706037,0.0,1.0,0.0,14.294333333333329,30.987273333333338,43.15526,11.177902777777776,0.0,0.0,120.30144070694223,18.464106666666662,31.458606666666668,43.15526,13.823
2,41410.13949392197,15045.482884015652,33.0,0.0,,,,0.0,0.0,71.66251979455336,0.0,1.0,0.0,14.456666666666665,30.82494,43.15526,0.0,0.0,0.0,120.30144070694223,18.464106666666662,31.458606666666668,43.15526,13.823
3,38247.21384300864,16385.055083535593,34.0,0.0,,,,0.0,0.0,35.147675140417505,0.0,1.0,0.0,14.666333333333334,30.615273333333334,43.15526,0.0,0.0,0.0,120.30144070694223,18.464106666666662,31.458606666666668,43.15526,13.823
4,35345.79681937509,17724.627283055554,34.0,0.0,,,,0.0,0.0,0.0,0.0,2.0,0.0,15.483480000000002,29.798126666666665,43.15526,0.0,0.0,0.0,120.30144070694223,18.464106666666662,31.458606666666668,43.15526,13.823
