,cost,emission,grid,wood_supply,DHDC_small_heat,DHDC_medium_heat,DHDC_large_heat,wood_boiler_heat,wood_boiler_DHW,PV,SCFP,DHW_to_heat,ASHP,ASHP_DHW,GSHP_heat,GSHP_cooling,battery,DHW_storage,heat_storage,geothermal_boreholes,demand_electricity,demand_space_heating,demand_space_cooling,demand_hot_water
0,2080262.8247204386,6310.183680397769,11.0,63.0,,,,2000.0,2000.0,52.52088152496236,0.0,0.0,0.0,0.0,24.0,22.0,250.00000000000006,0.0,0.0,76.76461706747367,8.061333333333335,42.395849999999996,21.327333333333332,6.6184400000000005
1,1726765.429547423,6733.529521616409,13.0,44.0,,,,29.39922499999999,5.0,52.52088152496236,0.0,3.0,0.0,6.592606666666667,12.996625000000003,21.327333333333332,9.851152777777774,0.0,0.0,76.76461706747367,8.061333333333335,42.395849999999996,21.327333333333332,6.6184400000000005
2,1574788.1139658485,7156.875362835082,14.0,42.0,,,,33.300699255664114,0.0,52.52088152496236,0.0,9.0,0.0,13.460182006473257,2.253408737862628,21.327333333333332,9.851152777777777,0.0,0.0,76.76461706747367,8.061333333333335,42.395849999999996,21.327333333333332,6.6184400000000005
3,1461422.6097106463,7580.221204053761,15.0,36.0,,,,28.676761455141587,0.0,52.52088152496236,0.0,14.0,0.0,18.084119806996604,2.2534087378618004,21.327333333333332,9.851152777777777,0.0,0.0,76.76461706747367,8.061333333333335,42.395849999999996,21.327333333333332,6.6184400000000005
4,1346714.8033877257,8003.567045272396,24.0,0.0,,,,0.0,0.0,52.52088152496236,0.0,41.0,0.0,46.76088126213819,2.2534087378618057,21.327333333333332,9.445166666666665,0.0,0.0,76.76461706747367,8.061333333333335,42.395849999999996,21.327333333333332,6.6184400000000005
