,cost,emission,grid,wood_supply,DHDC_small_heat,DHDC_medium_heat,DHDC_large_heat,wood_boiler_heat,wood_boiler_DHW,PV,SCFP,DHW_to_heat,ASHP,ASHP_DHW,GSHP_heat,GSHP_cooling,battery,DHW_storage,heat_storage,geothermal_boreholes,demand_electricity,demand_space_heating,demand_space_cooling,demand_hot_water
0,110334.109929887,4058.75068908756,7.0,40.0,,,,2000.0,2000.0,27.001409987601292,0.0,0.0,0.0,0.0,12.0,12.0,250.00000000000006,0.0,0.0,58.900986991320906,4.8255,27.128716666666673,11.993,4.0861366666666665
1,18323.56908556073,4594.695775150297,8.0,33.0,,,,26.0570337415596,0.0,23.410946556048643,0.0,2.0,0.0,4.0861366666666665,1.0713495917737361,11.992999999999999,1.6074207902326798,0.0,0.0,58.900986991320906,4.8255,27.128716666666673,11.993,4.0861366666666665
2,16658.993789611603,5130.640861213034,9.0,28.0,,,,22.2560926891039,0.0,15.642054699497109,0.0,6.0,0.0,7.88707771912236,1.071349591773741,11.992999999999999,0.0,0.0,0.0,58.900986991320906,4.8255,27.128716666666673,11.993,4.0861366666666665
3,13790.701006113668,5666.585947275183,16.0,0.0,,,,0.0,0.0,13.78455068192884,0.0,27.0,0.0,30.14317040822626,1.071349591773741,11.992999999999999,0.0,0.0,0.0,58.900986991320906,4.8255,27.128716666666673,11.993,4.0861366666666665
4,12684.351444174095,6202.531033338543,16.0,0.0,,,,0.0,0.0,0.0,0.0,27.0,0.0,30.143170408226258,1.0713495917737426,11.992999999999999,0.0,0.0,0.0,58.900986991320906,4.8255,27.128716666666673,11.993,4.0861366666666665
