,cost,emission,grid,wood_supply,DHDC_small_heat,DHDC_medium_heat,DHDC_large_heat,wood_boiler_heat,wood_boiler_DHW,PV,SCFP,DHW_to_heat,ASHP,ASHP_DHW,GSHP_heat,GSHP_cooling,battery,DHW_storage,heat_storage,geothermal_boreholes,demand_electricity,demand_space_heating,demand_space_cooling,demand_hot_water
0,283914.54918332904,2415.22721159753,4.0,26.0,,,,2000.0,2000.0,17.956273873643344,0.0,0.0,0.0,0.0,7.0,8.0,250.00000000000006,0.0,0.0,52.56939171155034,2.8669999999999995,17.759383333333336,7.0423333333333344,2.4361666666666664
1,189733.50084097884,2427.1326788924107,4.0,27.0,,,,15.19405,5.0,17.956273873643344,0.0,3.0,0.0,0.0,0.0,7.042333333333334,3.4301666666666657,0.0,0.0,52.56939171155034,2.8669999999999995,17.759383333333336,7.0423333333333344,2.4361666666666664
2,189733.5008409788,2427.1326788924102,4.0,27.0,,,,15.19405,5.0,17.956273873643344,0.0,3.0,0.0,0.0,0.0,7.042333333333334,3.4301666666666657,0.0,0.0,52.56939171155034,2.8669999999999995,17.759383333333336,7.0423333333333344,2.4361666666666664
3,189733.50084097878,2427.1326788924102,4.0,27.0,,,,15.19405,5.0,17.956273873643347,0.0,3.0,0.0,0.0,0.0,7.042333333333334,3.430166666666667,0.0,0.0,52.56939171155034,2.8669999999999995,17.759383333333336,7.0423333333333344,2.4361666666666664
4,188699.10787752215,2528.0600015709824,4.0,29.0,,,,0.0,20.19405,17.956273873643344,0.0,18.0,0.0,0.0,0.0,7.042333333333334,3.4301666666666657,0.0,0.0,52.56939171155034,2.8669999999999995,17.759383333333336,7.0423333333333344,2.4361666666666664
