,cost,emission,grid,wood_supply,DHDC_small_heat,DHDC_medium_heat,DHDC_large_heat,wood_boiler_heat,wood_boiler_DHW,PV,SCFP,DHW_to_heat,ASHP,ASHP_DHW,GSHP_heat,GSHP_cooling,battery,DHW_storage,heat_storage,geothermal_boreholes,demand_electricity,demand_space_heating,demand_space_cooling,demand_hot_water
0,127002.7226783277,8160.115911414139,18.0,12.0,,,,2000.0,2000.0,85.99632431717612,0.0,0.0,0.0,0.0,25.0,26.0,250.00000000000006,0.0,0.0,100.19742702202329,11.457500000000001,24.66504666666667,25.531713333333332,8.049303333333333
1,32175.26230921185,9109.768286546732,20.0,0.0,,,,0.0,0.0,81.13924523887411,0.0,1.0,0.0,8.08384333333333,24.576380000000004,25.531713333333332,7.039678794203676,0.0,0.0,100.19742702202329,11.457500000000001,24.66504666666667,25.531713333333332,8.049303333333333
2,28128.301772610026,10059.420661679293,20.0,0.0,,,,0.0,0.0,50.508057056510445,0.0,1.0,0.0,8.08384333333333,24.576380000000004,25.531713333333332,0.0,0.0,0.0,100.19742702202329,11.457500000000001,24.66504666666667,25.531713333333332,8.049303333333333
3,25881.95599286142,11009.073036811897,20.0,0.0,,,,0.0,0.0,24.609576104579563,0.0,1.0,0.0,8.89547,23.764753333333335,25.531713333333332,0.0,0.0,0.0,100.19742702202329,11.457500000000001,24.66504666666667,25.531713333333332,8.049303333333333
4,23885.035870451924,11958.725411944444,20.0,0.0,,,,0.0,0.0,0.0,0.0,2.0,0.0,9.242969999999996,23.41725333333334,25.531713333333332,0.0,0.0,0.0,100.19742702202329,11.457500000000001,24.66504666666667,25.531713333333332,8.049303333333333
