,cost,emission,grid,wood_supply,DHDC_small_heat,DHDC_medium_heat,DHDC_large_heat,wood_boiler_heat,wood_boiler_DHW,PV,SCFP,DHW_to_heat,ASHP,ASHP_DHW,GSHP_heat,GSHP_cooling,battery,DHW_storage,heat_storage,geothermal_boreholes,demand_electricity,demand_space_heating,demand_space_cooling,demand_hot_water
0,254237.29217874014,2599.558995490178,4.0,33.0,,,,2000.0,2000.0,18.287135411625545,0.0,0.0,0.0,0.0,11.0,9.0,250.00000000000006,0.0,0.0,52.800994788137885,2.9089933333333327,22.814166666666654,8.088333333333333,2.511833333333333
1,163672.14871909682,2615.807062698661,4.0,33.0,,,,20.314136666666656,5.0,18.287135411625545,0.0,3.0,0.0,0.0,0.0,8.088333333333333,4.684666666666667,0.0,0.0,52.800994788137885,2.9089933333333327,22.814166666666654,8.088333333333333,2.511833333333333
2,163672.14871909682,2615.807062698661,4.0,33.0,,,,20.314136666666656,5.0,18.287135411625545,0.0,3.0,0.0,0.0,0.0,8.088333333333333,4.684666666666667,0.0,0.0,52.800994788137885,2.9089933333333327,22.814166666666654,8.088333333333333,2.511833333333333
3,163672.14871909682,2615.807062698661,4.0,33.0,,,,20.314136666666656,5.0,18.287135411625545,0.0,3.0,0.0,0.0,0.0,8.088333333333333,4.684666666666668,0.0,0.0,52.800994788137885,2.9089933333333327,22.814166666666654,8.088333333333333,2.511833333333333
4,162837.16413549727,2752.0143295058033,4.0,37.0,,,,0.0,25.314136666666656,18.287135411625545,0.0,23.0,0.0,0.0,0.0,8.088333333333333,4.684666666666667,0.0,0.0,52.800994788137885,2.9089933333333327,22.814166666666654,8.088333333333333,2.511833333333333
