,cost,emission,grid,wood_supply,DHDC_small_heat,DHDC_medium_heat,DHDC_large_heat,wood_boiler_heat,wood_boiler_DHW,PV,SCFP,DHW_to_heat,ASHP,ASHP_DHW,GSHP_heat,GSHP_cooling,battery,DHW_storage,heat_storage,geothermal_boreholes,demand_electricity,demand_space_heating,demand_space_cooling,demand_hot_water
0,939439.1712944945,2577.6342095874443,4.0,30.0,,,,2000.0,2000.0,34.29754940999771,0.0,0.0,0.0,4.0,0.0,0.0,250.00000000000006,0.0,0.0,64.0082845869984,3.388333333333333,20.017399999999984,0.0,3.0666666666666664
1,730231.5669104864,2791.706308143058,5.0,30.0,,,,20.01739999999998,5.0,34.29754940999771,0.0,8.0,0.0,10.33747,0.0,0.0,7.254055555555555,0.0,0.0,64.0082845869984,3.388333333333333,20.017399999999984,0.0,3.0666666666666664
2,663234.5146272697,3005.778406698665,7.0,16.0,,,,12.743733333333314,0.0,34.29754940999771,0.0,9.0,0.0,10.33747,0.0,0.0,7.254055555555555,0.0,0.0,64.0082845869984,3.388333333333333,20.017399999999984,0.0,3.0666666666666664
3,605893.7739427292,3219.8505052542832,7.0,16.0,,,,12.743733333333314,0.0,34.29754940999771,0.0,9.0,0.0,10.33747,0.0,0.0,7.254055555555555,0.0,0.0,64.0082845869984,3.388333333333333,20.017399999999984,0.0,3.0666666666666664
4,547054.6762584468,3433.9226038098964,12.0,0.0,,,,0.0,0.0,34.29754940999771,0.0,21.0,0.0,23.081203333333313,0.0,0.0,7.10198611111111,0.0,0.0,64.0082845869984,3.388333333333333,20.017399999999984,0.0,3.0666666666666664
