,cost,emission,grid,wood_supply,DHDC_small_heat,DHDC_medium_heat,DHDC_large_heat,wood_boiler_heat,wood_boiler_DHW,PV,SCFP,DHW_to_heat,ASHP,ASHP_DHW,GSHP_heat,GSHP_cooling,battery,DHW_storage,heat_storage,geothermal_boreholes,demand_electricity,demand_space_heating,demand_space_cooling,demand_hot_water
0,886808.5759458482,4691.603832158564,9.0,53.0,273.13,848.75,2000.0,2000.0,2000.0,46.86547855918463,0.0,0.0,0.0,4.0,20.0,16.0,250.00000000000006,0.0,0.0,72.80583499142925,6.041306666666666,36.29253333333334,15.593499999999999,4.8475
1,320085.02672987146,4935.246036185474,8.0,59.0,0.0,0.0,0.0,0.0,41.13986666666667,46.86547855918463,0.0,37.0,0.0,0.08178154109424762,0.0,15.593499999999999,10.2124243578774,0.0,0.0,72.80583499142925,6.041306666666666,36.29253333333334,15.593499999999999,4.8475
2,320085.02672987146,4935.246036185474,8.0,59.0,0.0,0.0,0.0,0.0,41.13986666666667,46.86547855918463,0.0,37.0,0.0,0.08178154109424762,0.0,15.593499999999999,10.2124243578774,0.0,0.0,72.80583499142925,6.041306666666666,36.29253333333334,15.593499999999999,4.8475
3,320085.02672987146,4935.246036185474,8.0,59.0,0.0,0.0,0.0,0.0,41.13986666666667,46.86547855918463,0.0,37.0,0.0,0.0817815410942471,0.0,15.593499999999999,10.2124243578774,0.0,0.0,72.80583499142925,6.041306666666666,36.29253333333334,15.593499999999999,4.8475
4,318528.0860825639,5960.178574356249,7.0,0.0,50.0,0.0,0.0,0.0,0.0,46.86547855918463,0.0,37.0,0.0,0.0,0.0,15.593499999999999,9.714132608772275,0.0,0.0,72.80583499142925,6.041306666666666,36.29253333333334,15.593499999999999,4.8475
