,cost,emission,grid,wood_supply,DHDC_small_heat,DHDC_medium_heat,DHDC_large_heat,wood_boiler_heat,wood_boiler_DHW,PV,SCFP,DHW_to_heat,ASHP,ASHP_DHW,GSHP_heat,GSHP_cooling,battery,DHW_storage,heat_storage,geothermal_boreholes,demand_electricity,demand_space_heating,demand_space_cooling,demand_hot_water
0,2363659.7022427926,19013.726968026738,45.0,31.0,,,,2000.0,2000.0,176.044800968931,0.0,0.0,0.0,0.0,56.0,70.0,250.00000000000006,0.0,0.0,163.23136067825172,28.601273333333335,55.19820000000001,69.51635666666667,21.236166666666666
1,2094027.7381979977,19061.61279405625,45.0,100.0,,,,55.1982,21.236166666666666,176.044800968931,0.0,0.0,0.0,0.0,0.0,69.51635666666667,35.775875,0.0,0.0,163.23136067825172,28.601273333333335,55.19820000000001,69.51635666666667,21.236166666666666
2,2094027.738197997,19061.61279405625,45.0,100.0,,,,55.1982,21.236166666666666,176.044800968931,0.0,0.0,0.0,0.0,0.0,69.51635666666667,35.775875,0.0,0.0,163.23136067825172,28.601273333333335,55.19820000000001,69.51635666666667,21.236166666666666
3,2094027.738197997,19061.61279405625,45.0,100.0,,,,55.1982,21.236166666666666,176.044800968931,0.0,0.0,0.0,0.0,0.0,69.51635666666667,35.775875,0.0,0.0,163.23136067825172,28.601273333333335,55.19820000000001,69.51635666666667,21.236166666666666
4,2093297.800470969,19216.405273949105,45.0,110.0,,,,0.0,76.43436666666668,176.044800968931,0.0,56.0,0.0,0.0,0.0,69.51635666666668,35.775875,0.0,0.0,163.23136067825172,28.601273333333335,55.19820000000001,69.51635666666667,21.236166666666666
