,cost,emission,grid,wood_supply,DHDC_small_heat,DHDC_medium_heat,DHDC_large_heat,wood_boiler_heat,wood_boiler_DHW,PV,SCFP,DHW_to_heat,ASHP,ASHP_DHW,GSHP_heat,GSHP_cooling,battery,DHW_storage,heat_storage,geothermal_boreholes,demand_electricity,demand_space_heating,demand_space_cooling,demand_hot_water
0,600519.5583884565,6098.303200605356,8.0,65.0,273.13,848.75,2000.0,2000.0,2000.0,41.44874214874338,0.0,0.0,0.0,0.0,0.0,0.0,250.00000000000006,0.0,0.0,69.01411950412037,7.007833333333333,44.458716666666646,0.0,6.0680000000000005
1,27464.249308114886,6968.165496026932,10.0,56.0,0.0,0.0,0.0,44.45854999999998,0.0,32.78134197772794,0.0,2.0,0.0,6.068,0.0,0.0,1.772812820228266,0.0,0.0,69.01411950412037,7.007833333333333,44.458716666666646,0.0,6.0680000000000005
2,24908.120799867025,7838.0277914485,13.0,47.0,0.0,0.0,0.0,37.2066669644188,0.0,23.569628559874285,0.0,10.0,0.0,13.319883035581169,0.0,0.0,0.0,0.0,0.0,69.01411950412037,7.007833333333333,44.458716666666646,0.0,6.0680000000000005
3,21237.55375483978,8707.890086870098,25.0,0.0,0.0,0.0,0.0,0.0,0.0,21.844247021693803,0.0,45.0,0.0,50.52654999999997,0.0,0.0,0.0,0.0,0.0,69.01411950412037,7.007833333333333,44.458716666666646,0.0,6.0680000000000005
4,19543.768765185847,9577.752382291666,26.0,0.0,0.0,0.0,0.0,0.0,0.0,0.0,0.0,45.0,0.0,50.52654999999997,0.0,0.0,0.0,0.0,0.0,69.01411950412037,7.007833333333333,44.458716666666646,0.0,6.0680000000000005
