,cost,emission,grid,wood_supply,DHDC_small_heat,DHDC_medium_heat,DHDC_large_heat,wood_boiler_heat,wood_boiler_DHW,PV,SCFP,DHW_to_heat,ASHP,ASHP_DHW,GSHP_heat,GSHP_cooling,battery,DHW_storage,heat_storage,geothermal_boreholes,demand_electricity,demand_space_heating,demand_space_cooling,demand_hot_water
0,2057578.7833293313,4247.081554584821,5.0,48.0,273.13,848.75,2000.0,2000.0,2000.0,33.93368468365145,0.0,0.0,0.0,0.0,0.0,0.0,250.00000000000006,0.0,0.0,63.75357927855602,4.9105166666666635,33.1898,0.0,4.333166666666666
1,1079199.92715242,4524.4843952058,5.0,48.0,50.0,0.0,0.0,33.1898,5.0,33.93368468365145,0.0,0.0,0.0,4.322333333333334,0.0,0.0,6.419138888888886,0.0,0.0,63.75357927855602,4.9105166666666635,33.1898,0.0,4.333166666666666
2,814527.8659320929,4801.887235826798,5.0,14.0,50.0,0.0,0.0,11.093516710597804,0.0,33.93368468365145,0.0,23.0,0.0,8.235599999999998,0.0,0.0,6.419138888888886,0.0,0.0,63.75357927855602,4.9105166666666635,33.1898,0.0,4.333166666666666
3,554394.0855043783,5079.290076447714,5.0,7.0,50.0,0.0,0.0,5.0,0.0,33.93368468365145,0.0,34.0,0.0,8.235600000000002,0.0,0.0,6.419138888888886,0.0,0.0,63.75357927855602,4.9105166666666635,33.1898,0.0,4.333166666666666
4,302342.4425621564,5356.692917068749,5.0,0.0,50.0,0.0,0.0,0.0,0.0,33.93368468365145,0.0,34.0,0.0,0.0,0.0,0.0,7.688333333333334,0.0,0.0,63.75357927855602,4.9105166666666635,33.1898,0.0,4.333166666666666
