,cost,emission,grid,wood_supply,DHDC_small_heat,DHDC_medium_heat,DHDC_large_heat,wood_boiler_heat,wood_boiler_DHW,PV,SCFP,DHW_to_heat,ASHP,ASHP_DHW,GSHP_heat,GSHP_cooling,battery,DHW_storage,heat_storage,geothermal_boreholes,demand_electricity,demand_space_heating,demand_space_cooling,demand_hot_water
0,1197196.1750934133,7953.101171048761,17.0,12.0,,,,2000.0,2000.0,39.07351206873043,0.0,0.0,0.0,0.0,24.0,25.0,250.00000000000006,0.0,0.0,67.3514584481113,10.5555,23.627116666666662,24.534086666666667,7.947470000000002
1,1023273.6268851162,7969.537355411609,17.0,41.0,,,,23.62711666666666,7.947470000000001,39.07351206873043,0.0,0.0,0.0,0.0,0.0,24.534086666666667,5.660333333333336,0.0,0.0,67.3514584481113,10.5555,23.627116666666662,24.534086666666667,7.947470000000002
2,1023273.6268851163,7969.537355411609,17.0,41.0,,,,23.62711666666666,7.947470000000001,39.07351206873043,0.0,0.0,0.0,0.0,0.0,24.534086666666667,5.660333333333336,0.0,0.0,67.3514584481113,10.5555,23.627116666666662,24.534086666666667,7.947470000000002
3,1023273.6268851161,7969.537355411609,17.0,41.0,,,,23.62711666666666,7.947470000000001,39.07351206873043,0.0,0.0,0.0,0.0,0.0,24.534086666666667,5.660333333333336,0.0,0.0,67.3514584481113,10.5555,23.627116666666662,24.534086666666667,7.947470000000002
4,1022057.7297277309,8038.352397625895,17.0,46.0,,,,0.0,31.57458666666666,39.07351206873043,0.0,24.0,0.0,0.0,0.0,24.53408666666667,5.660333333333334,0.0,0.0,67.3514584481113,10.5555,23.627116666666662,24.534086666666667,7.947470000000002
