,cost,emission,grid,wood_supply,DHDC_small_heat,DHDC_medium_heat,DHDC_large_heat,wood_boiler_heat,wood_boiler_DHW,PV,SCFP,DHW_to_heat,ASHP,ASHP_DHW,GSHP_heat,GSHP_cooling,battery,DHW_storage,heat_storage,geothermal_boreholes,demand_electricity,demand_space_heating,demand_space_cooling,demand_hot_water
0,510246.5369848778,4938.330416833482,8.0,54.0,,,,2000.0,2000.0,31.099827278745792,0.0,0.0,0.0,0.0,15.0,16.0,250.00000000000006,0.0,0.0,61.76987909512206,5.599440000000001,37.188766666666666,15.491999999999999,4.6980466666666665
1,405509.9310106787,4956.923445079912,8.0,54.0,,,,36.88681333333333,5.0,31.099827278745792,0.0,1.0,0.0,0.0,0.0,15.491999999999999,6.308166666666666,0.0,0.0,61.76987909512206,5.599440000000001,37.188766666666666,15.491999999999999,4.6980466666666665
2,405509.93101067876,4956.923445079912,8.0,54.0,,,,36.88681333333333,5.0,31.099827278745792,0.0,1.0,0.0,0.0,0.0,15.492000000000003,6.3081666666666685,0.0,0.0,61.76987909512206,5.599440000000001,37.188766666666666,15.491999999999999,4.6980466666666665
3,405509.93101067864,4956.923445079912,8.0,54.0,,,,36.88681333333333,5.0,31.099827278745806,0.0,1.0,0.0,0.0,0.0,15.491999999999999,6.308166666666669,0.0,0.0,61.76987909512206,5.599440000000001,37.188766666666666,15.491999999999999,4.6980466666666665
4,405079.5196508648,5164.709051479911,8.0,60.0,,,,0.0,41.88681333333333,31.099827278745792,0.0,38.0,0.0,0.0,0.0,15.491999999999999,6.308166666666666,0.0,0.0,61.76987909512206,5.599440000000001,37.188766666666666,15.491999999999999,4.6980466666666665
