,cost,emission,grid,wood_supply,DHDC_small_heat,DHDC_medium_heat,DHDC_large_heat,wood_boiler_heat,wood_boiler_DHW,PV,SCFP,DHW_to_heat,ASHP,ASHP_DHW,GSHP_heat,GSHP_cooling,battery,DHW_storage,heat_storage,geothermal_boreholes,demand_electricity,demand_space_heating,demand_space_cooling,demand_hot_water
0,706497.3444707459,3889.210293485714,7.0,17.0,,,,2000.0,2000.0,13.66010701507093,0.0,0.0,0.0,0.0,0.0,0.0,250.00000000000006,0.0,0.0,49.562074910549654,6.987333333333333,12.847466666666667,0.0,0.7841066666666667
1,619110.2919678206,3889.302581439286,7.0,17.0,,,,11.908686666666668,5.0,13.66010701507093,0.0,1.0,0.0,0.0,0.0,0.0,3.4033333333333333,0.0,0.0,49.562074910549654,6.987333333333333,12.847466666666667,0.0,0.7841066666666667
2,619118.1089239654,3889.253352239286,7.0,17.0,,,,12.408113333333334,5.0,13.66010701507093,0.0,1.0,0.0,0.0,0.0,0.0,3.4033333333333347,0.0,0.0,49.562074910549654,6.987333333333333,12.847466666666667,0.0,0.7841066666666667
3,619119.8955086695,3889.2463408536,7.0,17.0,,,,12.520779998833394,5.0,13.66010701507093,0.0,1.0,0.0,0.0,0.0,0.0,3.4033333333333333,0.0,0.0,49.562074910549654,6.987333333333333,12.847466666666667,0.0,0.7841066666666667
4,617735.0765310106,3940.062923146428,7.0,20.0,,,,0.0,13.375466666666668,13.66010701507093,0.0,13.0,0.0,0.0,0.0,0.0,3.4033333333333333,0.0,0.0,49.562074910549654,6.987333333333333,12.847466666666667,0.0,0.7841066666666667
