,cost,emission,grid,wood_supply,DHDC_small_heat,DHDC_medium_heat,DHDC_large_heat,wood_boiler_heat,wood_boiler_DHW,PV,SCFP,DHW_to_heat,ASHP,ASHP_DHW,GSHP_heat,GSHP_cooling,battery,DHW_storage,heat_storage,geothermal_boreholes,demand_electricity,demand_space_heating,demand_space_cooling,demand_hot_water
0,830011.6430113728,3644.0797730607146,5.0,41.0,273.13,848.75,2000.0,2000.0,2000.0,28.368513239077338,0.0,0.0,0.0,0.0,0.0,0.0,250.00000000000006,0.0,0.0,59.85795926735414,4.180166666666666,27.82556666666667,0.0,3.7466666666666675
1,265229.7618917653,3644.356425089285,5.0,41.0,0.0,0.0,0.0,26.571173333333334,5.0,28.368513239077338,0.0,2.0,0.0,0.0,0.0,0.0,5.883197520184528,0.0,0.0,59.85795926735414,4.180166666666666,27.82556666666667,0.0,3.7466666666666675
2,265229.7618917653,3644.356425089285,5.0,41.0,0.0,0.0,0.0,26.571173333333334,5.0,28.368513239077338,0.0,2.0,0.0,0.0,0.0,0.0,5.883197520184528,0.0,0.0,59.85795926735414,4.180166666666666,27.82556666666667,0.0,3.7466666666666675
3,265229.7618917653,3644.356425089285,5.0,41.0,0.0,0.0,0.0,26.571173333333334,5.0,28.368513239077338,0.0,2.0,0.0,0.0,0.0,0.0,5.883197520184539,0.0,0.0,59.85795926735414,4.180166666666666,27.82556666666667,0.0,3.7466666666666675
4,264512.7122709515,3801.429108389286,5.0,46.0,0.0,0.0,0.0,0.0,31.571173333333334,28.368513239077338,0.0,28.0,0.0,0.0,0.0,0.0,5.88319752018454,0.0,0.0,59.85795926735414,4.180166666666666,27.82556666666667,0.0,3.7466666666666675
