,cost,emission,grid,wood_supply,DHDC_small_heat,DHDC_medium_heat,DHDC_large_heat,wood_boiler_heat,wood_boiler_DHW,PV,SCFP,DHW_to_heat,ASHP,ASHP_DHW,GSHP_heat,GSHP_cooling,battery,DHW_storage,heat_storage,geothermal_boreholes,demand_electricity,demand_space_heating,demand_space_cooling,demand_hot_water
0,1226084.6577530184,3508.986128208482,6.0,38.0,,,,2000.0,2000.0,35.6668010075529,0.0,0.0,0.0,0.0,16.0,12.0,250.00000000000006,0.0,0.0,64.96676070528704,4.631166666666667,25.74169999999999,11.985333333333335,3.9120000000000004
1,970016.1436610059,3768.9244922339603,8.0,27.0,,,,16.89383749999999,5.0,35.6668010075529,0.0,2.0,0.0,4.404439999999999,8.847862499999998,11.985333333333333,8.011958333333332,0.0,0.0,64.96676070528704,4.631166666666667,25.74169999999999,11.985333333333335,3.9120000000000004
2,879085.2832342328,4028.8628562594286,9.0,22.0,,,,17.346774810957854,0.0,35.6668010075529,0.0,9.0,0.0,11.010639999999995,1.2953918557088082,11.985333333333333,8.011958333333332,0.0,0.0,64.96676070528704,4.631166666666667,25.74169999999999,11.985333333333335,3.9120000000000004
3,809459.6314885678,4288.80122028493,9.0,22.0,,,,17.24199241421875,0.0,35.6668010075529,0.0,9.0,0.0,11.11542239673909,1.2953918557088189,11.985333333333333,8.011958333333332,0.0,0.0,64.96676070528704,4.631166666666667,25.74169999999999,11.985333333333335,3.9120000000000004
4,738388.8778810881,4548.739584310417,15.0,0.0,,,,0.0,0.0,35.6668010075529,0.0,25.0,0.0,28.357414810957838,1.295391855708818,11.985333333333333,7.797666666666666,0.0,0.0,64.96676070528704,4.631166666666667,25.74169999999999,11.985333333333335,3.9120000000000004
