,cost,emission,grid,wood_supply,DHDC_small_heat,DHDC_medium_heat,DHDC_large_heat,wood_boiler_heat,wood_boiler_DHW,PV,SCFP,DHW_to_heat,ASHP,ASHP_DHW,GSHP_heat,GSHP_cooling,battery,DHW_storage,heat_storage,geothermal_boreholes,demand_electricity,demand_space_heating,demand_space_cooling,demand_hot_water
0,583815.1478735697,2408.975317771875,4.0,28.0,273.13,848.75,2000.0,2000.0,2000.0,17.73164575562832,0.0,0.0,0.0,0.0,8.0,7.0,250.00000000000006,0.0,0.0,52.41215202893983,2.762919999999998,19.45459999999997,6.9848333333333334,2.419
1,12404.736861550764,2784.285889611462,5.0,24.0,0.0,0.0,0.0,18.716766666666636,0.0,13.896033578951482,0.0,1.0,0.0,2.6560459767536955,0.4992873565796383,6.984833333333333,1.2618366911013914,0.0,0.0,52.41215202893983,2.762919999999998,19.45459999999997,6.9848333333333334,2.419
2,11243.119453328592,3159.596461451097,5.0,21.0,0.0,0.0,0.0,16.534974897578596,0.0,8.784279198258957,0.0,4.0,0.0,4.838131655581517,0.49899344683985597,6.984833333333333,0.0,0.0,0.0,52.41215202893983,2.762919999999998,19.45459999999997,6.9848333333333334,2.419
3,8743.432249318581,3534.9070332907395,11.0,0.0,0.0,0.0,0.0,0.0,0.0,9.265378036370526,0.0,19.0,0.0,21.37310655315386,0.4989934468461098,6.984833333333333,0.0,0.0,0.0,52.41215202893983,2.762919999999998,19.45459999999997,6.9848333333333334,2.419
4,8043.372206593337,3910.217605130234,11.0,0.0,0.0,0.0,0.0,0.0,0.0,0.0,0.0,19.0,0.0,21.37310655315415,0.4989934468458159,6.984833333333333,0.0,0.0,0.0,52.41215202893983,2.762919999999998,19.45459999999997,6.9848333333333334,2.419
