,cost,emission,grid,wood_supply,DHDC_small_heat,DHDC_medium_heat,DHDC_large_heat,wood_boiler_heat,wood_boiler_DHW,PV,SCFP,DHW_to_heat,ASHP,ASHP_DHW,GSHP_heat,GSHP_cooling,battery,DHW_storage,heat_storage,geothermal_boreholes,demand_electricity,demand_space_heating,demand_space_cooling,demand_hot_water
0,112937.59624023645,4370.807687605773,8.0,45.0,,,,2000.0,2000.0,34.478388500376234,0.0,0.0,0.0,0.0,12.0,14.0,250.00000000000006,0.0,0.0,64.13487195026337,5.3465,30.651633333333333,13.951500000000001,4.397136666666667
1,20673.754276122596,4996.752024925692,9.0,37.0,,,,29.577883822783257,0.0,28.45909134721524,0.0,2.0,0.0,4.3971366666666665,1.0737495105500734,13.9515,2.345049132317739,0.0,0.0,64.13487195026337,5.3465,30.651633333333333,13.951500000000001,4.397136666666667
2,18557.92961294281,5622.696362245617,9.0,33.0,,,,26.31637888874119,0.0,17.187705150318223,0.0,5.0,0.0,7.660448059992523,1.0719430512662838,13.9515,0.0,0.0,0.0,64.13487195026337,5.3465,30.651633333333333,13.951500000000001,4.397136666666667
3,15455.773043101697,6248.640699565502,18.0,0.0,,,,0.0,0.0,16.57441781149716,0.0,30.0,0.0,33.97682694873372,1.0719430512662789,13.9515,0.0,0.0,0.0,64.13487195026337,5.3465,30.651633333333333,13.951500000000001,4.397136666666667
4,14072.097917199368,6874.585036885419,18.0,0.0,,,,0.0,0.0,0.0,0.0,30.0,0.0,33.97682694873371,1.0719430512662864,13.9515,0.0,0.0,0.0,64.13487195026337,5.3465,30.651633333333333,13.951500000000001,4.397136666666667
