,cost,emission,grid,wood_supply,DHDC_small_heat,DHDC_medium_heat,DHDC_large_heat,wood_boiler_heat,wood_boiler_DHW,PV,SCFP,DHW_to_heat,ASHP,ASHP_DHW,GSHP_heat,GSHP_cooling,battery,DHW_storage,heat_storage,geothermal_boreholes,demand_electricity,demand_space_heating,demand_space_cooling,demand_hot_water
0,865856.0451272252,4350.152386492857,5.0,51.0,273.13,848.75,2000.0,2000.0,2000.0,33.923344739858756,0.0,0.0,0.0,0.0,0.0,0.0,250.00000000000006,0.0,0.0,63.74634131790113,4.933166666666668,35.05873333333327,0.0,4.343803333333334
1,304221.8692167361,4547.164716874999,5.0,57.0,0.0,0.0,0.0,0.0,39.402369999999934,33.923344739858756,0.0,36.0,0.0,0.0,0.0,0.0,7.654666666666667,0.0,0.0,63.74634131790113,4.933166666666668,35.05873333333327,0.0,4.343803333333334
2,304221.8692167362,4547.164716875,5.0,57.0,0.0,0.0,0.0,0.0,39.402369999999934,33.923344739858756,0.0,36.0,0.0,0.0,0.0,0.0,7.654666666666665,0.0,0.0,63.74634131790113,4.933166666666668,35.05873333333327,0.0,4.343803333333334
3,304221.8692167361,4547.164716875,5.0,57.0,0.0,0.0,0.0,0.0,39.402369999999934,33.923344739858756,0.0,36.0,0.0,0.0,0.0,0.0,7.654666666666665,0.0,0.0,63.74634131790113,4.933166666666668,35.05873333333327,0.0,4.343803333333334
4,303094.9462893363,5518.352596875,5.0,0.0,50.0,0.0,0.0,0.0,0.0,33.923344739858756,0.0,36.0,0.0,0.0,0.0,0.0,7.654666666666665,0.0,0.0,63.74634131790113,4.933166666666668,35.05873333333327,0.0,4.343803333333334
