,cost,emission,grid,wood_supply,DHDC_small_heat,DHDC_medium_heat,DHDC_large_heat,wood_boiler_heat,wood_boiler_DHW,PV,SCFP,DHW_to_heat,ASHP,ASHP_DHW,GSHP_heat,GSHP_cooling,battery,DHW_storage,heat_storage,geothermal_boreholes,demand_electricity,demand_space_heating,demand_space_cooling,demand_hot_water
0,473745.99830144114,5263.83036112887,9.0,55.0,,,,2000.0,2000.0,54.62883092397665,0.0,0.0,0.0,0.0,22.0,18.0,250.00000000000006,0.0,0.0,78.24018164678367,7.088743333333333,37.490183333333356,17.732499999999998,5.681106666666666
1,377695.9906500658,5306.081018003571,7.0,55.0,,,,37.48985000000002,5.681106666666666,54.62883092397665,0.0,1.0,0.0,0.0,0.0,17.732499999999998,12.942666666666671,0.0,0.0,78.24018164678367,7.088743333333333,37.490183333333356,17.732499999999998,5.681106666666666
2,377695.9906500658,5306.081018003571,7.0,55.0,,,,37.48985000000002,5.681106666666666,54.62883092397665,0.0,1.0,0.0,0.0,0.0,17.732499999999998,12.942666666666671,0.0,0.0,78.24018164678367,7.088743333333333,37.490183333333356,17.732499999999998,5.681106666666666
3,377695.9906500659,5306.081018003571,7.0,55.0,,,,37.48985000000002,5.681106666666666,54.62883092397665,0.0,1.0,0.0,0.0,0.0,17.732499999999998,12.942666666666671,0.0,0.0,78.24018164678367,7.088743333333333,37.490183333333356,17.732499999999998,5.681106666666666
4,377202.75730282353,5502.751965089286,7.0,62.0,,,,0.0,43.17095666666668,54.62883092397665,0.0,38.0,0.0,0.0,0.0,17.732499999999998,12.942666666666671,0.0,0.0,78.24018164678367,7.088743333333333,37.490183333333356,17.732499999999998,5.681106666666666
