,cost,emission,grid,wood_supply,DHDC_small_heat,DHDC_medium_heat,DHDC_large_heat,wood_boiler_heat,wood_boiler_DHW,PV,SCFP,DHW_to_heat,ASHP,ASHP_DHW,GSHP_heat,GSHP_cooling,battery,DHW_storage,heat_storage,geothermal_boreholes,demand_electricity,demand_space_heating,demand_space_cooling,demand_hot_water
0,513941.21381484676,5457.487478541667,9.0,61.0,,,,2000.0,2000.0,42.652951724433485,0.0,0.0,0.0,0.0,16.0,19.0,250.00000000000006,0.0,0.0,69.85706620710344,6.4985,41.89016666666665,18.739966666666664,5.40944
1,408874.2947613519,5488.312121550893,9.0,61.0,,,,41.88999999999998,5.40944,42.652951724433485,0.0,1.0,0.0,0.0,0.0,18.739966666666664,9.594333333333331,0.0,0.0,69.85706620710344,6.4985,41.89016666666665,18.739966666666664,5.40944
2,408874.29476135183,5488.312121550893,9.0,61.0,,,,41.88999999999998,5.40944,42.652951724433485,0.0,1.0,0.0,0.0,0.0,18.739966666666664,9.594333333333331,0.0,0.0,69.85706620710344,6.4985,41.89016666666665,18.739966666666664,5.40944
3,408874.2947613519,5488.312121550893,9.0,61.0,,,,41.88999999999998,5.40944,42.652951724433485,0.0,1.0,0.0,0.0,0.0,18.739966666666664,9.594333333333331,0.0,0.0,69.85706620710344,6.4985,41.89016666666665,18.739966666666664,5.40944
4,408565.1458907524,5717.551860658036,9.0,68.0,,,,0.0,47.29943999999998,42.652951724433485,0.0,42.0,0.0,0.0,0.0,18.73996666666667,9.594333333333331,0.0,0.0,69.85706620710344,6.4985,41.89016666666665,18.739966666666664,5.40944
