,cost,emission,grid,wood_supply,DHDC_small_heat,DHDC_medium_heat,DHDC_large_heat,wood_boiler_heat,wood_boiler_DHW,PV,SCFP,DHW_to_heat,ASHP,ASHP_DHW,GSHP_heat,GSHP_cooling,battery,DHW_storage,heat_storage,geothermal_boreholes,demand_electricity,demand_space_heating,demand_space_cooling,demand_hot_water
0,988518.402730352,5048.837123608884,8.0,55.0,273.13,848.75,2000.0,2000.0,2000.0,32.79370055443137,0.0,0.0,0.0,0.0,29.0,16.0,250.00000000000006,0.0,0.0,62.95559038810197,5.850833333333333,37.67211666666667,15.943,4.867303333333333
1,403600.45325117884,5280.766548992187,8.0,61.0,0.0,0.0,0.0,0.0,42.539253333333335,32.79370055443137,0.0,38.0,0.0,0.0,0.0,15.943,7.203166666666666,0.0,0.0,62.95559038810197,5.850833333333333,37.67211666666667,15.943,4.867303333333333
2,403600.4532511788,5280.766548992187,8.0,61.0,0.0,0.0,0.0,0.0,42.539253333333335,32.79370055443137,0.0,38.0,0.0,0.0,0.0,15.943,7.203166666666666,0.0,0.0,62.95559038810197,5.850833333333333,37.67211666666667,15.943,4.867303333333333
3,403600.4532511788,5280.766548992187,8.0,61.0,0.0,0.0,0.0,0.0,42.539253333333335,32.79370055443137,0.0,38.0,0.0,0.0,0.0,15.943,7.203166666666666,0.0,0.0,62.95559038810197,5.850833333333333,37.67211666666667,15.943,4.867303333333333
4,401765.9239324338,6333.605751952189,8.0,0.0,50.0,0.0,0.0,0.0,0.0,32.79370055443137,0.0,38.0,0.0,0.0,0.0,15.943000000000003,7.203166666666666,0.0,0.0,62.95559038810197,5.850833333333333,37.67211666666667,15.943,4.867303333333333
