,cost,emission,grid,wood_supply,DHDC_small_heat,DHDC_medium_heat,DHDC_large_heat,wood_boiler_heat,wood_boiler_DHW,PV,SCFP,DHW_to_heat,ASHP,ASHP_DHW,GSHP_heat,GSHP_cooling,battery,DHW_storage,heat_storage,geothermal_boreholes,demand_electricity,demand_space_heating,demand_space_cooling,demand_hot_water
0,2363619.139486698,9686.910127718751,25.0,17.0,,,,2000.0,2000.0,111.6776031125558,0.0,0.0,0.0,0.0,32.0,37.0,250.00000000000006,0.0,0.0,118.17432217878907,15.026666666666666,31.62942666666667,36.59000666666667,11.318166666666665
1,1999965.3807355948,9938.348904864826,25.0,11.0,,,,0.0,7.395280497769758,111.6776031125558,0.0,0.0,0.0,11.281833333333333,31.629426666666667,36.59000666666667,21.67290277777778,0.0,0.0,118.17432217878907,15.026666666666666,31.62942666666667,36.59000666666667,11.318166666666665
2,1887830.0110177835,10189.787682010785,26.0,8.0,,,,0.0,5.0,111.6776031125558,0.0,0.0,0.0,11.281833333333333,31.629426666666667,36.59000666666667,21.67290277777778,0.0,0.0,118.17432217878907,15.026666666666666,31.62942666666667,36.59000666666667,11.318166666666665
3,1775733.466407726,10441.226459156956,27.0,8.0,,,,0.0,5.0,111.6776031125558,0.0,0.0,0.0,11.281833333333333,31.629426666666667,36.59000666666667,21.67290277777778,0.0,0.0,118.17432217878907,15.026666666666666,31.62942666666667,36.59000666666667,11.318166666666665
4,1662483.0087205681,10692.665236303126,28.0,0.0,,,,0.0,0.0,111.6776031125558,0.0,0.0,0.0,11.318166666666665,31.629426666666667,36.590006666666675,20.269708333333334,0.0,0.0,118.17432217878907,15.026666666666666,31.62942666666667,36.59000666666667,11.318166666666665
