,cost,emission,grid,wood_supply,DHDC_small_heat,DHDC_medium_heat,DHDC_large_heat,wood_boiler_heat,wood_boiler_DHW,PV,SCFP,DHW_to_heat,ASHP,ASHP_DHW,GSHP_heat,GSHP_cooling,battery,DHW_storage,heat_storage,geothermal_boreholes,demand_electricity,demand_space_heating,demand_space_cooling,demand_hot_water
0,106681.07239677661,2577.6342095874443,4.0,30.0,,,,2000.0,2000.0,34.29754940999771,0.0,0.0,0.0,4.0,0.0,0.0,250.00000000000006,0.0,0.0,64.0082845869984,3.388333333333333,20.017399999999984,0.0,3.0666666666666664
1,15312.565328690667,3067.150075419746,5.0,25.0,,,,19.48707333333332,0.0,25.7561534111139,0.0,2.0,0.0,3.594129999999993,0.0,0.0,3.2937830109665027,0.0,0.0,64.0082845869984,3.388333333333333,20.017399999999984,0.0,3.0666666666666664
2,12889.148946786436,3556.6659412520585,12.0,0.0,,,,0.0,0.0,30.713210582941723,0.0,21.0,0.0,23.081203333333313,0.0,0.0,4.346816204568535,0.0,0.0,64.0082845869984,3.388333333333333,20.017399999999984,0.0,3.0666666666666664
3,10402.153495940405,4046.18180708436,12.0,0.0,,,,0.0,0.0,13.39856974287426,0.0,21.0,0.0,23.081203333333313,0.0,0.0,0.0,0.0,0.0,64.0082845869984,3.388333333333333,20.017399999999984,0.0,3.0666666666666664
4,9235.923340351836,4535.697672916665,12.0,0.0,,,,0.0,0.0,0.0,0.0,21.0,0.0,23.081203333333313,0.0,0.0,0.0,0.0,0.0,64.0082845869984,3.388333333333333,20.017399999999984,0.0,3.0666666666666664
