,cost,emission,grid,wood_supply,DHDC_small_heat,DHDC_medium_heat,DHDC_large_heat,wood_boiler_heat,wood_boiler_DHW,PV,SCFP,DHW_to_heat,ASHP,ASHP_DHW,GSHP_heat,GSHP_cooling,battery,DHW_storage,heat_storage,geothermal_boreholes,demand_electricity,demand_space_heating,demand_space_cooling,demand_hot_water
0,601215.3469910608,5136.114352274068,4.0,87.0,273.13,848.75,2000.0,2000.0,2000.0,30.877591161835067,0.0,0.0,0.0,13.0,0.0,0.0,250.00000000000006,0.0,0.0,61.614313813284554,3.6221666666666668,48.36099999999999,0.0,18.429333333333332
1,29400.928741797034,6047.343831913859,9.0,70.0,0.0,0.0,0.0,48.35249999999999,6.236500000000125,30.877591161835078,0.0,2.0,0.0,12.192833333333207,0.0,0.0,1.5958333333333379,0.0,0.0,61.614313813284554,3.6221666666666668,48.36099999999999,0.0,18.429333333333332
2,24424.365331963447,6958.573311553801,12.0,61.0,0.0,0.0,0.0,48.35249999999999,0.0,15.897466697003015,0.0,1.0,0.0,18.429333333333332,0.0,0.0,0.0,0.0,0.0,61.614313813284554,3.6221666666666668,48.36099999999999,0.0,18.429333333333332
3,20775.457995265435,7869.8027911936415,32.0,0.0,0.0,0.0,0.0,0.0,0.0,25.76684271034408,0.0,49.0,0.0,66.78183333333331,0.0,0.0,0.5755097697473339,0.0,0.0,61.614313813284554,3.6221666666666668,48.36099999999999,0.0,18.429333333333332
4,18385.484101383037,8781.03227083366,32.0,0.0,0.0,0.0,0.0,0.0,0.0,0.0,0.0,49.0,0.0,66.78183333333331,0.0,0.0,0.0,0.0,0.0,61.614313813284554,3.6221666666666668,48.36099999999999,0.0,18.429333333333332
