,cost,emission,grid,wood_supply,DHDC_small_heat,DHDC_medium_heat,DHDC_large_heat,wood_boiler_heat,wood_boiler_DHW,PV,SCFP,DHW_to_heat,ASHP,ASHP_DHW,GSHP_heat,GSHP_cooling,battery,DHW_storage,heat_storage,geothermal_boreholes,demand_electricity,demand_space_heating,demand_space_cooling,demand_hot_water
0,2111438.8569603045,4491.185895266071,6.0,47.0,273.13,848.75,2000.0,2000.0,2000.0,30.474398467975092,0.0,0.0,0.0,0.0,0.0,0.0,250.00000000000006,0.0,0.0,61.332078927582565,5.258166666666667,32.08436666666666,0.0,4.525803333333333
1,1143292.2300840304,4763.334047291415,6.0,41.0,50.0,0.0,0.0,32.08436666666666,5.0,30.474398467975092,0.0,0.0,0.0,4.497136666666666,0.0,0.0,4.885194444444442,0.0,0.0,61.332078927582565,5.258166666666667,32.08436666666666,0.0,4.525803333333333
2,871788.1693497039,5035.482199316773,6.0,15.0,50.0,0.0,0.0,11.257954569854153,0.0,30.474398467975092,0.0,21.0,0.0,6.626799999999999,0.0,0.0,4.885194444444442,0.0,0.0,61.332078927582565,5.258166666666667,32.08436666666666,0.0,4.525803333333333
3,616577.4229448928,5307.630351342064,6.0,7.0,50.0,0.0,0.0,5.0,0.0,30.474398467975092,0.0,33.0,0.0,6.626799999999999,0.0,0.0,4.885194444444442,0.0,0.0,61.332078927582565,5.258166666666667,32.08436666666666,0.0,4.525803333333333
4,365015.56369861023,5579.7785033675,6.0,0.0,50.0,0.0,0.0,0.0,0.0,30.474398467975092,0.0,33.0,0.0,0.0,0.0,0.0,6.477833333333331,0.0,0.0,61.332078927582565,5.258166666666667,32.08436666666666,0.0,4.525803333333333
