,cost,emission,grid,wood_supply,DHDC_small_heat,DHDC_medium_heat,DHDC_large_heat,wood_boiler_heat,wood_boiler_DHW,PV,SCFP,DHW_to_heat,ASHP,ASHP_DHW,GSHP_heat,GSHP_cooling,battery,DHW_storage,heat_storage,geothermal_boreholes,demand_electricity,demand_space_heating,demand_space_cooling,demand_hot_water
0,597296.3566925597,5204.515810616087,9.0,55.0,273.13,848.75,2000.0,2000.0,2000.0,41.77502418363616,0.0,0.0,0.0,0.0,15.0,17.0,250.00000000000006,0.0,0.0,69.24251692854533,6.395166666666667,38.0568,16.1405,5.1475
1,24517.28133057686,5977.856267068837,11.0,46.0,0.0,0.0,0.0,36.71034435841542,0.0,33.62676621231821,0.0,2.0,0.0,5.147499999999999,1.3461223082512437,16.1405,3.2659152770012536,0.0,0.0,69.24251692854533,6.395166666666667,38.0568,16.1405,5.1475
2,21963.773404307653,6751.196723521372,11.0,41.0,0.0,0.0,0.0,32.63217169959613,0.0,20.26700609490574,0.0,6.0,0.0,9.2264706473354,1.3453243197351343,16.1405,0.0,0.0,0.0,69.24251692854533,6.395166666666667,38.0568,16.1405,5.1475
3,18512.222873520728,7524.537179973837,22.0,0.0,0.0,0.0,0.0,0.0,0.0,19.439525601249063,0.0,37.0,0.0,41.85864234692119,1.3453243197454794,16.1405,0.0,0.0,0.0,69.24251692854533,6.395166666666667,38.0568,16.1405,5.1475
4,17002.691315881657,8297.877636427103,22.0,0.0,0.0,0.0,0.0,0.0,0.0,0.0,0.0,37.0,0.0,41.85864234692141,1.3453243197452593,16.1405,0.0,0.0,0.0,69.24251692854533,6.395166666666667,38.0568,16.1405,5.1475
