,cost,emission,grid,wood_supply,DHDC_small_heat,DHDC_medium_heat,DHDC_large_heat,wood_boiler_heat,wood_boiler_DHW,PV,SCFP,DHW_to_heat,ASHP,ASHP_DHW,GSHP_heat,GSHP_cooling,battery,DHW_storage,heat_storage,geothermal_boreholes,demand_electricity,demand_space_heating,demand_space_cooling,demand_hot_water
0,593614.3326944252,4350.152386492857,5.0,51.0,273.13,848.75,2000.0,2000.0,2000.0,33.923344739858756,0.0,0.0,0.0,0.0,0.0,0.0,250.00000000000006,0.0,0.0,63.74634131790113,4.933166666666668,35.05873333333327,0.0,4.343803333333334
1,21246.80324520207,5035.425565911309,7.0,44.0,0.0,0.0,0.0,34.87770333333327,0.0,25.23902396616834,0.0,2.0,0.0,4.524666666666667,0.0,0.0,2.023692983686061,0.0,0.0,63.74634131790113,4.933166666666668,35.05873333333327,0.0,4.343803333333334
2,19127.561324672435,5720.698745329562,9.0,39.0,0.0,0.0,0.0,30.441202645148508,0.0,16.346546797408745,0.0,6.0,0.0,8.96116735485143,0.0,0.0,0.0,0.0,0.0,63.74634131790113,4.933166666666668,35.05873333333327,0.0,4.343803333333334
3,15889.760289995658,6405.971924748221,20.0,0.0,0.0,0.0,0.0,0.0,0.0,17.415900381942294,0.0,36.0,0.0,39.402369999999934,0.0,0.0,0.0,0.0,0.0,63.74634131790113,4.933166666666668,35.05873333333327,0.0,4.343803333333334
4,14515.497730810544,7091.245104166667,20.0,0.0,0.0,0.0,0.0,0.0,0.0,0.0,0.0,36.0,0.0,39.402369999999934,0.0,0.0,0.0,0.0,0.0,63.74634131790113,4.933166666666668,35.05873333333327,0.0,4.343803333333334
