,cost,emission,grid,wood_supply,DHDC_small_heat,DHDC_medium_heat,DHDC_large_heat,wood_boiler_heat,wood_boiler_DHW,PV,SCFP,DHW_to_heat,ASHP,ASHP_DHW,GSHP_heat,GSHP_cooling,battery,DHW_storage,heat_storage,geothermal_boreholes,demand_electricity,demand_space_heating,demand_space_cooling,demand_hot_water
0,503133.2678846586,4832.634562996427,6.0,48.0,,,,2000.0,2000.0,33.24584532111903,0.0,0.0,0.0,0.0,0.0,0.0,250.00000000000006,0.0,0.0,63.27209172478332,5.820426666666656,32.456499999999956,0.0,4.940636666666667
1,417495.4421383046,4832.63602587857,6.0,48.0,,,,32.39713666666662,5.0,33.24584532111903,0.0,1.0,0.0,0.0,0.0,0.0,6.602166666666669,0.0,0.0,63.27209172478332,5.820426666666656,32.456499999999956,0.0,4.940636666666667
2,417495.4421383046,4832.63602587857,6.0,48.0,,,,32.39713666666662,5.0,33.24584532111903,0.0,1.0,0.0,0.0,0.0,0.0,6.602166666666669,0.0,0.0,63.27209172478332,5.820426666666656,32.456499999999956,0.0,4.940636666666667
3,417495.44213830447,4832.63602587857,6.0,48.0,,,,32.39713666666662,5.0,33.24584532111903,0.0,1.0,0.0,0.0,0.0,0.0,6.602166666666666,0.0,0.0,63.27209172478332,5.820426666666656,32.456499999999956,0.0,4.940636666666667
4,416855.89523638354,5003.420728674999,6.0,54.0,,,,0.0,37.39713666666662,33.24584532111903,0.0,33.0,0.0,0.0,0.0,0.0,6.602166666666666,0.0,0.0,63.27209172478332,5.820426666666656,32.456499999999956,0.0,4.940636666666667
