,cost,emission,grid,wood_supply,DHDC_small_heat,DHDC_medium_heat,DHDC_large_heat,wood_boiler_heat,wood_boiler_DHW,PV,SCFP,DHW_to_heat,ASHP,ASHP_DHW,GSHP_heat,GSHP_cooling,battery,DHW_storage,heat_storage,geothermal_boreholes,demand_electricity,demand_space_heating,demand_space_cooling,demand_hot_water
0,1534060.1381186566,4370.807687605773,8.0,45.0,,,,2000.0,2000.0,34.478388500376234,0.0,0.0,0.0,0.0,12.0,14.0,250.00000000000006,0.0,0.0,64.13487195026337,5.3465,30.651633333333333,13.951500000000001,4.397136666666667
1,1252416.6935241423,4695.0726194256795,9.0,34.0,,,,22.123577083333323,5.0,34.478388500376234,0.0,2.0,0.0,4.38347,8.528056250000002,13.9515,6.211194444444442,0.0,0.0,64.13487195026337,5.3465,30.651633333333333,13.951500000000001,4.397136666666667
2,1145426.4003452978,5019.337551245566,10.0,32.0,,,,25.12591424636769,0.0,34.478388500376234,0.0,6.0,0.0,8.82497,1.0978857536323057,13.9515,6.211194444444442,0.0,0.0,64.13487195026337,5.3465,30.651633333333333,13.951500000000001,4.397136666666667
3,1058600.4335634413,5343.602483065476,11.0,26.0,,,,20.500746014813252,0.0,34.478388500376234,0.0,11.0,0.0,13.450138231554435,1.0978857536323108,13.9515,6.211194444444442,0.0,0.0,64.13487195026337,5.3465,30.651633333333333,13.951500000000001,4.397136666666667
4,970301.2410766574,5667.867414885418,18.0,0.0,,,,0.0,0.0,34.478388500376234,0.0,30.0,0.0,33.950884246367686,1.0978857536323137,13.9515,6.0164027777777775,0.0,0.0,64.13487195026337,5.3465,30.651633333333333,13.951500000000001,4.397136666666667
