,cost,emission,grid,wood_supply,DHDC_small_heat,DHDC_medium_heat,DHDC_large_heat,wood_boiler_heat,wood_boiler_DHW,PV,SCFP,DHW_to_heat,ASHP,ASHP_DHW,GSHP_heat,GSHP_cooling,battery,DHW_storage,heat_storage,geothermal_boreholes,demand_electricity,demand_space_heating,demand_space_cooling,demand_hot_water
0,899087.4193092138,6402.839893097702,7.0,73.0,273.13,848.75,2000.0,2000.0,2000.0,54.1851753089591,0.0,0.0,0.0,6.0,0.0,0.0,250.00000000000006,0.0,0.0,77.92962271627138,6.584333333333333,51.826600000000006,0.0,5.543303333333333
1,350094.6163253045,6406.57330566913,7.0,73.0,0.0,0.0,0.0,51.8266,5.543303333333332,54.1851753089591,0.0,0.0,0.0,3.7285411974415483,0.0,0.0,11.087774501066022,0.0,0.0,77.92962271627138,6.584333333333333,51.826600000000006,0.0,5.543303333333333
2,350094.6163253045,6406.57330566913,7.0,73.0,0.0,0.0,0.0,51.8266,5.543303333333332,54.1851753089591,0.0,0.0,0.0,3.728541197441548,0.0,0.0,11.087774501066024,0.0,0.0,77.92962271627138,6.584333333333333,51.826600000000006,0.0,5.543303333333333
3,348012.21414569556,7948.91332266451,7.0,10.0,50.0,0.0,0.0,7.369903333333335,0.0,54.1851753089591,0.0,45.0,0.0,3.8064556099113056,0.0,0.0,11.499976829203625,0.0,0.0,77.92962271627138,6.584333333333333,51.826600000000006,0.0,5.543303333333333
4,345059.3087610741,8464.271132520116,7.0,0.0,57.366236666666666,0.0,0.0,0.0,0.0,54.1851753089591,0.0,52.0,0.0,3.370614303851036,0.0,0.0,9.924410706728734,0.0,0.0,77.92962271627138,6.584333333333333,51.826600000000006,0.0,5.543303333333333
