,cost,emission,grid,wood_supply,DHDC_small_heat,DHDC_medium_heat,DHDC_large_heat,wood_boiler_heat,wood_boiler_DHW,PV,SCFP,DHW_to_heat,ASHP,ASHP_DHW,GSHP_heat,GSHP_cooling,battery,DHW_storage,heat_storage,geothermal_boreholes,demand_electricity,demand_space_heating,demand_space_cooling,demand_hot_water
0,1984555.0108223911,4059.039684137604,6.0,47.0,273.13,848.75,2000.0,2000.0,2000.0,30.015692478939915,0.0,0.0,0.0,0.0,14.0,14.0,250.00000000000006,0.0,0.0,61.01098473525795,4.643,32.72424999999999,13.079333333333333,3.95497
1,1013203.7340813745,4339.511955919126,7.0,31.0,50.0,0.0,0.0,24.673281665893807,0.0,30.015692478939915,0.0,9.0,0.0,3.92447,13.698,13.079333333333333,5.527416666666667,0.0,0.0,61.01098473525795,4.643,32.72424999999999,13.079333333333333,3.95497
2,750046.6429211935,4619.984227700663,7.0,12.0,50.0,0.0,0.0,9.569176413904325,0.0,30.015692478939915,0.0,24.0,0.0,3.92447,13.698,13.079333333333333,5.527416666666667,0.0,0.0,61.01098473525795,4.643,32.72424999999999,13.079333333333333,3.95497
3,487060.3124501201,4900.456499482148,7.0,7.0,50.0,0.0,0.0,5.0,0.0,30.015692478939915,0.0,33.0,0.0,3.92447,13.698,13.079333333333333,5.527416666666667,0.0,0.0,61.01098473525795,4.643,32.72424999999999,13.079333333333333,3.95497
4,290506.8083633336,5180.92877126375,7.0,0.0,50.0,0.0,0.0,0.0,0.0,30.015692478939915,0.0,33.0,0.0,0.0,0.0,13.079333333333333,6.736999999999999,0.0,0.0,61.01098473525795,4.643,32.72424999999999,13.079333333333333,3.95497
