,cost,emission,grid,wood_supply,DHDC_small_heat,DHDC_medium_heat,DHDC_large_heat,wood_boiler_heat,wood_boiler_DHW,PV,SCFP,DHW_to_heat,ASHP,ASHP_DHW,GSHP_heat,GSHP_cooling,battery,DHW_storage,heat_storage,geothermal_boreholes,demand_electricity,demand_space_heating,demand_space_cooling,demand_hot_water
0,104881.60516341108,2599.558995490178,4.0,33.0,,,,2000.0,2000.0,18.287135411625545,0.0,0.0,0.0,0.0,11.0,9.0,250.00000000000006,0.0,0.0,52.800994788137885,2.9089933333333327,22.814166666666654,8.088333333333333,2.511833333333333
1,13452.702402573846,3024.969855042113,5.0,28.0,,,,21.833595501499808,0.0,13.377172213964247,0.0,2.0,0.0,3.023036666666665,0.45750449850018116,8.088333333333333,1.1994174285417265,0.0,0.0,52.800994788137885,2.9089933333333327,22.814166666666654,8.088333333333333,2.511833333333333
2,12214.983021072392,3450.38071459406,6.0,24.0,,,,19.083034570762855,0.0,9.099351441699682,0.0,5.0,0.0,5.774640625656361,0.45646147024743783,8.088333333333333,0.0,0.0,0.0,52.800994788137885,2.9089933333333327,22.814166666666654,8.088333333333333,2.511833333333333
3,9606.417688280348,3875.7915741459874,12.0,0.0,,,,0.0,0.0,10.081393437182719,0.0,23.0,0.0,24.857675196419216,0.45646147024743783,8.088333333333333,0.15561837178384447,0.0,0.0,52.800994788137885,2.9089933333333327,22.814166666666654,8.088333333333333,2.511833333333333
4,8878.136397318116,4301.202433697917,13.0,0.0,,,,0.0,0.0,0.0,0.0,23.0,0.0,24.857675196419216,0.4564614702474379,8.088333333333333,0.0,0.0,0.0,52.800994788137885,2.9089933333333327,22.814166666666654,8.088333333333333,2.511833333333333
