,cost,emission,grid,wood_supply,DHDC_small_heat,DHDC_medium_heat,DHDC_large_heat,wood_boiler_heat,wood_boiler_DHW,PV,SCFP,DHW_to_heat,ASHP,ASHP_DHW,GSHP_heat,GSHP_cooling,battery,DHW_storage,heat_storage,geothermal_boreholes,demand_electricity,demand_space_heating,demand_space_cooling,demand_hot_water
0,396795.6463775811,3667.262883630804,6.0,42.0,,,,2000.0,2000.0,21.458987232640293,0.0,0.0,0.0,0.0,12.0,12.0,250.00000000000006,0.0,0.0,55.021291062848206,3.9623333333333335,29.435683333333326,11.640166666666666,3.3281666666666667
1,296439.91741283843,3679.2807877062514,6.0,42.0,,,,29.272183333333324,5.0,21.458987232640293,0.0,1.0,0.0,0.0,0.0,11.640166666666667,3.953333333333334,0.0,0.0,55.021291062848206,3.9623333333333335,29.435683333333326,11.640166666666666,3.3281666666666667
2,296440.75206122966,3679.278205463394,6.0,42.0,,,,29.324576666666662,5.0,21.458987232640293,0.0,1.0,0.0,0.0,0.0,11.640166666666667,3.953333333333334,0.0,0.0,55.021291062848206,3.9623333333333335,29.435683333333326,11.640166666666666,3.3281666666666667
3,296416.995628019,3679.570203195537,6.0,42.0,,,,27.757123333333325,5.0,21.458987232640293,0.0,2.0,0.0,0.0,0.0,11.640166666666667,3.953333333333333,0.0,0.0,55.021291062848206,3.9623333333333335,29.435683333333326,11.640166666666666,3.3281666666666667
4,295766.6383365266,3848.442298606251,6.0,47.0,,,,0.0,32.757123333333325,21.458987232640293,0.0,30.0,0.0,0.0,0.0,11.640166666666667,3.953333333333333,0.0,0.0,55.021291062848206,3.9623333333333335,29.435683333333326,11.640166666666666,3.3281666666666667
