,cost,emission,grid,wood_supply,DHDC_small_heat,DHDC_medium_heat,DHDC_large_heat,wood_boiler_heat,wood_boiler_DHW,PV,SCFP,DHW_to_heat,ASHP,ASHP_DHW,GSHP_heat,GSHP_cooling,battery,DHW_storage,heat_storage,geothermal_boreholes,demand_electricity,demand_space_heating,demand_space_cooling,demand_hot_water
0,2239984.087506157,5051.199601401568,7.0,56.0,273.13,848.75,2000.0,2000.0,2000.0,50.29162201807445,0.0,0.0,0.0,5.0,20.0,17.0,250.00000000000006,0.0,0.0,75.20413541265212,6.558833333333332,38.426,16.0515,5.251333333333332
1,1176569.319231214,5388.2383216996,9.0,48.0,50.0,0.0,0.0,37.65163639285843,5.0,50.29162201807445,0.0,0.0,0.0,5.2331666666666665,19.85625000000001,16.051499999999997,10.349444444444442,0.0,0.0,75.20413541265212,6.558833333333332,38.426,16.0515,5.251333333333332
2,856804.9664774401,5725.2770419976705,9.0,15.0,50.0,0.0,0.0,11.250338133703064,0.0,50.29162201807445,0.0,28.0,0.0,5.2185,19.85625000000001,16.051499999999997,10.349444444444442,0.0,0.0,75.20413541265212,6.558833333333332,38.426,16.0515,5.251333333333332
3,540766.4890944511,6062.315762295656,9.0,7.0,50.0,0.0,0.0,5.0,0.0,50.29162201807445,0.0,34.0,0.0,5.2185,19.85625000000001,16.051499999999997,10.349444444444442,0.0,0.0,75.20413541265212,6.558833333333332,38.426,16.0515,5.251333333333332
4,345369.8561149055,6399.35448259375,7.0,0.0,50.0,0.0,0.0,0.0,0.0,50.29162201807445,0.0,39.0,0.0,0.0,0.0,16.051499999999997,10.709040267057055,0.0,0.0,75.20413541265212,6.558833333333332,38.426,16.0515,5.251333333333332
