,cost,emission,grid,wood_supply,DHDC_small_heat,DHDC_medium_heat,DHDC_large_heat,wood_boiler_heat,wood_boiler_DHW,PV,SCFP,DHW_to_heat,ASHP,ASHP_DHW,GSHP_heat,GSHP_cooling,battery,DHW_storage,heat_storage,geothermal_boreholes,demand_electricity,demand_space_heating,demand_space_cooling,demand_hot_water
0,4168865.4821161525,11522.837841911012,20.0,111.0,273.13,848.75,2000.0,2000.0,2000.0,79.83060584903886,0.0,0.0,0.0,0.0,49.0,39.0,250.00000000000006,0.0,0.0,95.8814240943272,14.237666666666664,75.55673333333327,38.841833333333334,11.368136666666667
1,2659631.0892626084,12159.036429106447,20.0,71.0,50.0,0.0,0.0,50.78723333333327,5.0,79.83060584903886,0.0,0.0,0.0,11.316469999999999,24.769499999999997,38.841833333333334,13.405833333333335,0.0,0.0,95.8814240943272,14.237666666666664,75.55673333333327,38.841833333333334,11.368136666666667
2,2000059.418013033,12795.235016301946,20.0,26.0,50.0,0.0,0.0,20.750203027040836,0.0,79.83060584903886,0.0,40.0,0.0,11.299969999999998,24.769499999999997,38.841833333333334,13.405833333333335,0.0,0.0,95.8814240943272,14.237666666666664,75.55673333333327,38.841833333333334,11.368136666666667
3,1403553.080866675,13431.433603497375,20.0,16.0,50.0,0.0,0.0,12.155369999999937,0.0,79.83060584903886,0.0,43.0,0.0,11.299969999999998,24.769499999999997,38.841833333333334,13.405833333333335,0.0,0.0,95.8814240943272,14.237666666666664,75.55673333333327,38.841833333333334,11.368136666666667
4,1018941.4257179835,14067.63219069285,20.0,0.0,85.05917666666663,0.0,0.0,0.0,0.0,79.83060584903886,0.0,74.0,0.0,0.0,1.8656933333332972,38.841833333333334,16.477499999999996,0.0,0.0,95.8814240943272,14.237666666666664,75.55673333333327,38.841833333333334,11.368136666666667
