,cost,emission,grid,wood_supply,DHDC_small_heat,DHDC_medium_heat,DHDC_large_heat,wood_boiler_heat,wood_boiler_DHW,PV,SCFP,DHW_to_heat,ASHP,ASHP_DHW,GSHP_heat,GSHP_cooling,battery,DHW_storage,heat_storage,geothermal_boreholes,demand_electricity,demand_space_heating,demand_space_cooling,demand_hot_water
0,591598.5091302537,3728.509070128572,5.0,39.0,273.13,848.75,2000.0,2000.0,2000.0,39.16131583932312,0.0,0.0,0.0,0.0,0.0,0.0,250.00000000000006,0.0,0.0,67.41292108752619,4.739333333333334,25.52828333333333,0.0,4.3036666666666665
1,19409.296688299557,4333.370174211,7.0,32.0,0.0,0.0,0.0,25.525526666666664,0.0,31.778497112446146,0.0,2.0,0.0,4.3036666666666665,0.0,0.0,3.4304909847279923,0.0,0.0,67.41292108752619,4.739333333333334,25.52828333333333,0.0,4.3036666666666665
2,16743.061915225157,4938.23127829346,15.0,0.0,0.0,0.0,0.0,0.0,0.0,37.02438248716128,0.0,26.0,0.0,29.829193333333325,0.0,0.0,4.741695002663709,0.0,0.0,67.41292108752619,4.739333333333334,25.52828333333333,0.0,4.3036666666666665
3,13897.618881979544,5543.092382375895,15.0,0.0,0.0,0.0,0.0,0.0,0.0,16.40492036675002,0.0,26.0,0.0,29.829193333333325,0.0,0.0,0.0,0.0,0.0,67.41292108752619,4.739333333333334,25.52828333333333,0.0,4.3036666666666665
4,12485.639733231052,6147.953486458334,16.0,0.0,0.0,0.0,0.0,0.0,0.0,0.0,0.0,26.0,0.0,29.829193333333325,0.0,0.0,0.0,0.0,0.0,67.41292108752619,4.739333333333334,25.52828333333333,0.0,4.3036666666666665
