,cost,emission,grid,wood_supply,DHDC_small_heat,DHDC_medium_heat,DHDC_large_heat,wood_boiler_heat,wood_boiler_DHW,PV,SCFP,DHW_to_heat,ASHP,ASHP_DHW,GSHP_heat,GSHP_cooling,battery,DHW_storage,heat_storage,geothermal_boreholes,demand_electricity,demand_space_heating,demand_space_cooling,demand_hot_water
0,992121.0224695861,8112.546508200003,19.0,14.0,,,,2000.0,2000.0,92.70504758668422,0.0,0.0,0.0,0.0,29.0,30.0,250.00000000000006,0.0,0.0,104.89353331067896,12.463959999999998,28.87760666666665,29.74742,9.49694
1,796247.8059658613,8144.899871121102,20.0,50.0,,,,28.87760666666665,9.496939999999999,92.70504758668423,0.0,0.0,0.0,0.0,0.7171869661734896,29.747419999999998,20.82770833333333,0.0,0.0,104.89353331067896,12.463959999999998,28.87760666666665,29.74742,9.49694
2,795352.5099773989,8147.659032984375,20.0,50.0,,,,28.87760666666665,9.496939999999999,92.70504758668422,0.0,0.0,0.0,0.0,0.0,29.747419999999998,19.75525,0.0,0.0,104.89353331067896,12.463959999999998,28.87760666666665,29.74742,9.49694
3,795352.5099773989,8147.659032984375,20.0,50.0,,,,28.87760666666665,9.496939999999999,92.70504758668422,0.0,0.0,0.0,0.0,0.0,29.747419999999998,19.75525,0.0,0.0,104.89353331067896,12.463959999999998,28.87760666666665,29.74742,9.49694
4,794280.6634725851,8241.959959884378,19.0,55.0,,,,0.0,38.374546666666646,92.70504758668422,0.0,29.0,0.0,0.0,0.0,29.747420000000005,19.75525,0.0,0.0,104.89353331067896,12.463959999999998,28.87760666666665,29.74742,9.49694
