,cost,emission,grid,wood_supply,DHDC_small_heat,DHDC_medium_heat,DHDC_large_heat,wood_boiler_heat,wood_boiler_DHW,PV,SCFP,DHW_to_heat,ASHP,ASHP_DHW,GSHP_heat,GSHP_cooling,battery,DHW_storage,heat_storage,geothermal_boreholes,demand_electricity,demand_space_heating,demand_space_cooling,demand_hot_water
0,1150474.277986698,9686.910127718751,25.0,17.0,,,,2000.0,2000.0,111.6776031125558,0.0,0.0,0.0,0.0,32.0,37.0,250.00000000000006,0.0,0.0,118.17432217878907,15.026666666666666,31.62942666666667,36.59000666666667,11.318166666666665
1,952923.9862824086,9720.036760856141,25.0,56.0,,,,31.629426666666667,11.318166666666665,111.67760311255583,0.0,0.0,0.0,0.0,0.8053786365674926,36.59000666666667,25.071041666666677,0.0,0.0,118.17432217878907,15.026666666666666,31.62942666666667,36.59000666666667,11.318166666666665
2,952000.3556781139,9722.275553396874,25.0,56.0,,,,31.629426666666667,11.318166666666665,111.6776031125558,0.0,0.0,0.0,0.0,0.0,36.59000666666667,24.893666666666665,0.0,0.0,118.17432217878907,15.026666666666666,31.62942666666667,36.59000666666667,11.318166666666665
3,952000.3556781139,9722.275553396874,25.0,56.0,,,,31.629426666666667,11.318166666666665,111.6776031125558,0.0,0.0,0.0,0.0,0.0,36.59000666666667,24.893666666666665,0.0,0.0,118.17432217878907,15.026666666666666,31.62942666666667,36.59000666666667,11.318166666666665
4,950944.5623644432,9819.416660268304,25.0,62.0,,,,0.0,42.94759333333333,111.6776031125558,0.0,32.0,0.0,0.0,0.0,36.59000666666667,24.893666666666665,0.0,0.0,118.17432217878907,15.026666666666666,31.62942666666667,36.59000666666667,11.318166666666665
