,cost,emission,grid,wood_supply,DHDC_small_heat,DHDC_medium_heat,DHDC_large_heat,wood_boiler_heat,wood_boiler_DHW,PV,SCFP,DHW_to_heat,ASHP,ASHP_DHW,GSHP_heat,GSHP_cooling,battery,DHW_storage,heat_storage,geothermal_boreholes,demand_electricity,demand_space_heating,demand_space_cooling,demand_hot_water
0,1418892.64934409,9706.295259032142,13.0,89.0,273.13,848.75,2000.0,2000.0,2000.0,72.85182667688171,0.0,0.0,0.0,0.0,0.0,0.0,250.00000000000006,0.0,0.0,90.9962786738172,12.388166666666669,59.14349333333328,0.0,10.375456666666667
1,857344.055426072,9706.295263139284,13.0,89.0,0.0,0.0,0.0,59.14332666666662,10.375456666666665,72.85182667688171,0.0,1.0,0.0,0.0,0.0,0.0,15.940500000000004,0.0,0.0,90.9962786738172,12.388166666666669,59.14349333333328,0.0,10.375456666666667
2,856803.709620704,10677.139589198556,13.0,39.0,50.0,0.0,0.0,30.837803782905386,0.0,72.85182667688171,0.0,29.0,0.0,0.0,0.0,0.0,15.940500000000004,0.0,0.0,90.9962786738172,12.388166666666669,59.14349333333328,0.0,10.375456666666667
3,854298.655320876,11162.56175428181,13.0,25.0,50.0,0.0,0.0,19.518783333333282,0.0,72.85182667688171,0.0,40.0,0.0,0.0,0.0,0.0,15.9405,0.0,0.0,90.9962786738172,12.388166666666669,59.14349333333328,0.0,10.375456666666667
4,851977.071053087,11647.983919364999,13.0,25.0,50.0,0.0,0.0,19.518783333333282,0.0,72.85182667688171,0.0,43.0,0.0,0.0,0.0,0.0,15.9405,0.0,0.0,90.9962786738172,12.388166666666669,59.14349333333328,0.0,10.375456666666667
