,cost,emission,grid,wood_supply,DHDC_small_heat,DHDC_medium_heat,DHDC_large_heat,wood_boiler_heat,wood_boiler_DHW,PV,SCFP,DHW_to_heat,ASHP,ASHP_DHW,GSHP_heat,GSHP_cooling,battery,DHW_storage,heat_storage,geothermal_boreholes,demand_electricity,demand_space_heating,demand_space_cooling,demand_hot_water
0,949164.0993176601,5922.9359201264515,8.0,67.0,273.13,848.75,2000.0,2000.0,2000.0,59.94686325887008,0.0,0.0,0.0,7.0,0.0,0.0,250.00000000000006,0.0,0.0,81.96280428120906,7.1626666666666665,45.87400000000002,0.0,6.226166666666667
1,399898.7059709176,6183.4206359835935,8.0,75.0,0.0,0.0,0.0,0.0,52.10000000000001,59.94686325887008,0.0,46.0,0.0,2.360494269744102,0.0,0.0,12.083460720939968,0.0,0.0,81.96280428120906,7.1626666666666665,45.87400000000002,0.0,6.226166666666667
2,399898.7059709177,6183.4206359835935,8.0,75.0,0.0,0.0,0.0,0.0,52.10000000000001,59.94686325887008,0.0,46.0,0.0,2.360494269744099,0.0,0.0,12.083460720939962,0.0,0.0,81.96280428120906,7.1626666666666665,45.87400000000002,0.0,6.226166666666667
3,399627.42787208024,7085.356083620628,8.0,9.0,50.0,0.0,0.0,6.476703605353227,0.0,59.94686325887008,0.0,40.0,0.0,2.3911052587550916,0.0,0.0,12.215372808852049,0.0,0.0,81.96280428120906,7.1626666666666665,45.87400000000002,0.0,6.226166666666667
4,396464.3319291938,7472.829471452033,8.0,0.0,51.80656666666668,0.0,0.0,0.0,0.0,59.94686325887008,0.0,46.0,0.0,1.8461624195822093,0.0,0.0,10.710265658507414,0.0,0.0,81.96280428120906,7.1626666666666665,45.87400000000002,0.0,6.226166666666667
