,cost,emission,grid,wood_supply,DHDC_small_heat,DHDC_medium_heat,DHDC_large_heat,wood_boiler_heat,wood_boiler_DHW,PV,SCFP,DHW_to_heat,ASHP,ASHP_DHW,GSHP_heat,GSHP_cooling,battery,DHW_storage,heat_storage,geothermal_boreholes,demand_electricity,demand_space_heating,demand_space_cooling,demand_hot_water
0,119212.58282962431,7884.924816608085,18.0,12.0,,,,2000.0,2000.0,38.98269814065218,0.0,0.0,0.0,0.0,24.0,27.0,250.00000000000006,0.0,0.0,67.28788869845653,10.388813333333331,23.692806666666666,26.914493333333336,7.94697
1,26584.860651759765,8464.928110928222,20.0,8.0,,,,0.0,5.0,38.98269814065218,0.0,5.0,0.0,7.857,18.779276666666664,26.914493333333333,0.0,0.0,0.0,67.28788869845653,10.388813333333331,23.692806666666666,26.914493333333336,7.94697
2,22986.28936453176,9044.931405248492,20.0,0.0,,,,0.0,0.0,30.306160579511882,0.0,1.0,0.0,8.561970000000002,23.07430666666666,26.914493333333333,0.0,0.0,0.0,67.28788869845653,10.388813333333331,23.692806666666666,26.914493333333336,7.94697
3,21740.66571420521,9624.934699568683,20.0,0.0,,,,0.0,0.0,15.137631357634742,0.0,1.0,0.0,8.561970000000002,23.07430666666666,26.914493333333333,0.0,0.0,0.0,67.28788869845653,10.388813333333331,23.692806666666666,26.914493333333336,7.94697
4,20499.340858396517,10204.937993888885,20.0,0.0,,,,0.0,0.0,0.0,0.0,2.0,0.0,9.121349999999996,22.514926666666668,26.914493333333333,0.0,0.0,0.0,67.28788869845653,10.388813333333331,23.692806666666666,26.914493333333336,7.94697
