,cost,emission,grid,wood_supply,DHDC_small_heat,DHDC_medium_heat,DHDC_large_heat,wood_boiler_heat,wood_boiler_DHW,PV,SCFP,DHW_to_heat,ASHP,ASHP_DHW,GSHP_heat,GSHP_cooling,battery,DHW_storage,heat_storage,geothermal_boreholes,demand_electricity,demand_space_heating,demand_space_cooling,demand_hot_water
0,590051.9303812666,3669.863853416071,5.0,41.0,273.13,848.75,2000.0,2000.0,2000.0,28.35295922501945,0.0,0.0,0.0,0.0,0.0,0.0,250.00000000000006,0.0,0.0,59.84707145751362,4.184166666666667,27.996266666666667,0.0,3.7465000000000006
1,17996.10621433013,4226.492600478714,6.0,35.0,0.0,0.0,0.0,27.995373333333333,0.0,21.80182424327379,0.0,2.0,0.0,3.7465,0.0,0.0,1.5521809825206927,0.0,0.0,59.84707145751362,4.184166666666667,27.996266666666667,0.0,3.7465000000000006
2,16229.117625114328,4783.121347541145,8.0,31.0,0.0,0.0,0.0,24.435851271222706,0.0,14.007067026300174,0.0,5.0,0.0,7.306022062110624,0.0,0.0,0.0,0.0,0.0,59.84707145751362,4.184166666666667,27.996266666666667,0.0,3.7465000000000006
3,13298.563307885208,5339.750094604026,16.0,0.0,0.0,0.0,0.0,0.0,0.0,14.85211182987374,0.0,28.0,0.0,31.74187333333333,0.0,0.0,0.0,0.0,0.0,59.84707145751362,4.184166666666667,27.996266666666667,0.0,3.7465000000000006
4,12046.319356017573,5896.378841666667,16.0,0.0,0.0,0.0,0.0,0.0,0.0,0.0,0.0,28.0,0.0,31.74187333333333,0.0,0.0,0.0,0.0,0.0,59.84707145751362,4.184166666666667,27.996266666666667,0.0,3.7465000000000006
