,cost,emission,grid,wood_supply,DHDC_small_heat,DHDC_medium_heat,DHDC_large_heat,wood_boiler_heat,wood_boiler_DHW,PV,SCFP,DHW_to_heat,ASHP,ASHP_DHW,GSHP_heat,GSHP_cooling,battery,DHW_storage,heat_storage,geothermal_boreholes,demand_electricity,demand_space_heating,demand_space_cooling,demand_hot_water
0,108910.85019036682,3667.262883630804,6.0,42.0,,,,2000.0,2000.0,21.458987232640293,0.0,0.0,0.0,0.0,12.0,12.0,250.00000000000006,0.0,0.0,55.021291062848206,3.9623333333333335,29.435683333333326,11.640166666666666,3.3281666666666667
1,17004.380052257344,4160.712480477012,7.0,36.0,,,,28.651140188313448,0.0,16.774993120002165,0.0,2.0,0.0,3.3281666666666667,0.7778164783532122,11.640166666666666,0.2795428318845889,0.0,0.0,55.021291062848206,3.9623333333333335,29.435683333333326,11.640166666666666,3.3281666666666667
2,15611.898824560574,4654.162077323228,8.0,31.0,,,,24.34165443258513,0.0,12.072145189977027,0.0,6.0,0.0,7.637721260365526,0.7777476403826646,11.640166666666666,0.0,0.0,0.0,55.021291062848206,3.9623333333333335,29.435683333333326,11.640166666666666,3.3281666666666667
3,12852.205299653848,5147.611674169131,16.0,0.0,,,,0.0,0.0,13.700456582714065,0.0,29.0,0.0,31.979375692950658,0.7777476403826646,11.640166666666666,0.0,0.0,0.0,55.021291062848206,3.9623333333333335,29.435683333333326,11.640166666666666,3.3281666666666667
4,11639.180850463143,5641.061271015624,16.0,0.0,,,,0.0,0.0,0.0,0.0,29.0,0.0,31.979375692950658,0.7777476403826653,11.640166666666666,0.0,0.0,0.0,55.021291062848206,3.9623333333333335,29.435683333333326,11.640166666666666,3.3281666666666667
