,cost,emission,grid,wood_supply,DHDC_small_heat,DHDC_medium_heat,DHDC_large_heat,wood_boiler_heat,wood_boiler_DHW,PV,SCFP,DHW_to_heat,ASHP,ASHP_DHW,GSHP_heat,GSHP_cooling,battery,DHW_storage,heat_storage,geothermal_boreholes,demand_electricity,demand_space_heating,demand_space_cooling,demand_hot_water
0,598686.1099383754,5051.199601401568,7.0,56.0,273.13,848.75,2000.0,2000.0,2000.0,50.29162201807445,0.0,0.0,0.0,5.0,20.0,17.0,250.00000000000006,0.0,0.0,75.20413541265212,6.558833333333332,38.426,16.0515,5.251333333333332
1,25612.463800104793,5891.338358726952,11.0,46.0,0.0,0.0,0.0,36.67783333333333,0.0,39.57333259033907,0.0,2.0,0.0,5.5500973779828335,1.449069288683834,16.051499999999997,4.62619271166116,0.0,0.0,75.20413541265212,6.558833333333332,38.426,16.0515,5.251333333333332
2,22512.246964532085,6731.477116052358,22.0,0.0,0.0,0.0,0.0,0.0,0.0,47.90002423388816,0.0,38.0,0.0,42.28589433684364,1.3911056631563579,16.051499999999997,6.769389485835404,0.0,0.0,75.20413541265212,6.558833333333332,38.426,16.0515,5.251333333333332
3,18899.662953928044,7571.615873377233,22.0,0.0,0.0,0.0,0.0,0.0,0.0,21.264248700532438,0.0,38.0,0.0,42.336974621465785,1.3400253785342184,16.051499999999997,0.0,0.0,0.0,75.20413541265212,6.558833333333332,38.426,16.0515,5.251333333333332
4,17231.685277117896,8411.75463070312,22.0,0.0,0.0,0.0,0.0,0.0,0.0,0.0,0.0,38.0,0.0,42.33782878813245,1.3391712118675514,16.051499999999997,0.0,0.0,0.0,75.20413541265212,6.558833333333332,38.426,16.0515,5.251333333333332
