,cost,emission,grid,wood_supply,DHDC_small_heat,DHDC_medium_heat,DHDC_large_heat,wood_boiler_heat,wood_boiler_DHW,PV,SCFP,DHW_to_heat,ASHP,ASHP_DHW,GSHP_heat,GSHP_cooling,battery,DHW_storage,heat_storage,geothermal_boreholes,demand_electricity,demand_space_heating,demand_space_cooling,demand_hot_water
0,410038.14063573454,3803.635130975892,7.0,38.0,,,,2000.0,2000.0,30.94982963419867,0.0,0.0,0.0,0.0,11.0,12.0,250.00000000000006,0.0,0.0,61.66488074393907,4.752833333333334,25.54796666666667,11.719333333333333,4.029000000000001
1,307312.46725344367,3821.920968665625,7.0,38.0,,,,24.57660333333334,5.0,30.94982963419867,0.0,1.0,0.0,0.0,0.0,11.719333333333333,6.525833333333335,0.0,0.0,61.66488074393907,4.752833333333334,25.54796666666667,11.719333333333333,4.029000000000001
2,307325.31422004197,3821.813577804939,7.0,38.0,,,,25.40663333216661,5.0,30.94982963419867,0.0,1.0,0.0,0.0,0.0,11.719333333333337,6.5258333333333365,0.0,0.0,61.66488074393907,4.752833333333334,25.54796666666667,11.719333333333333,4.029000000000001
3,307312.4672534436,3821.920968665625,7.0,38.0,,,,24.57660333333334,5.0,30.94982963419867,0.0,1.0,0.0,0.0,0.0,11.719333333333337,6.5258333333333365,0.0,0.0,61.66488074393907,4.752833333333334,25.54796666666667,11.719333333333333,4.029000000000001
4,306480.2098855228,3958.6107428620526,7.0,43.0,,,,0.0,29.57660333333334,30.94982963419867,0.0,26.0,0.0,0.0,0.0,11.719333333333333,6.525833333333335,0.0,0.0,61.66488074393907,4.752833333333334,25.54796666666667,11.719333333333333,4.029000000000001
