,cost,emission,grid,wood_supply,DHDC_small_heat,DHDC_medium_heat,DHDC_large_heat,wood_boiler_heat,wood_boiler_DHW,PV,SCFP,DHW_to_heat,ASHP,ASHP_DHW,GSHP_heat,GSHP_cooling,battery,DHW_storage,heat_storage,geothermal_boreholes,demand_electricity,demand_space_heating,demand_space_cooling,demand_hot_water
0,1652721.1089394074,11522.837841911012,20.0,111.0,273.13,848.75,2000.0,2000.0,2000.0,79.83060584903886,0.0,0.0,0.0,0.0,49.0,39.0,250.00000000000006,0.0,0.0,95.8814240943272,14.237666666666664,75.55673333333327,38.841833333333334,11.368136666666667
1,1023768.044595562,11564.728101312052,20.0,111.0,0.0,0.0,0.0,75.55673333333326,11.368136666666667,79.83060584903886,0.0,0.0,0.0,0.0,0.0,38.841833333333334,16.477499999999996,0.0,0.0,95.8814240943272,14.237666666666664,75.55673333333327,38.841833333333334,11.368136666666667
2,1022171.9819378587,12674.375363740834,20.0,50.0,50.0,0.0,0.0,39.551235092343795,0.0,79.83060584903886,0.0,37.0,0.0,0.0,0.0,38.841833333333334,16.649166666666673,0.0,0.0,95.8814240943272,14.237666666666664,75.55673333333327,38.841833333333334,11.368136666666667
3,1019375.7344965793,13250.14412465574,20.0,47.0,50.0,0.0,0.0,36.92486999999993,0.0,79.83060584903886,0.0,43.0,0.0,0.0,0.0,38.841833333333334,16.649166666666666,0.0,0.0,95.8814240943272,14.237666666666664,75.55673333333327,38.841833333333334,11.368136666666667
4,1016623.0339875629,13825.912885570624,20.0,47.0,50.0,0.0,0.0,36.92486999999993,0.0,79.83060584903886,0.0,43.0,0.0,0.0,0.0,38.841833333333334,16.477499999999996,0.0,0.0,95.8814240943272,14.237666666666664,75.55673333333327,38.841833333333334,11.368136666666667
