,cost,emission,grid,wood_supply,DHDC_small_heat,DHDC_medium_heat,DHDC_large_heat,wood_boiler_heat,wood_boiler_DHW,PV,SCFP,DHW_to_heat,ASHP,ASHP_DHW,GSHP_heat,GSHP_cooling,battery,DHW_storage,heat_storage,geothermal_boreholes,demand_electricity,demand_space_heating,demand_space_cooling,demand_hot_water
0,823558.0727112596,3720.2846802160716,5.0,38.0,273.13,848.75,2000.0,2000.0,2000.0,39.01753171279005,0.0,0.0,0.0,0.0,0.0,0.0,250.00000000000006,0.0,0.0,67.31227219895304,4.786,25.339066666666643,0.0,4.302
1,269637.44801283395,3720.404187414286,5.0,38.0,0.0,0.0,0.0,24.63867333333331,5.0,39.01753171279005,0.0,1.0,0.0,0.0,0.0,0.0,8.482,0.0,0.0,67.31227219895304,4.786,25.339066666666643,0.0,4.302
2,269637.44801283395,3720.4041874142863,5.0,38.0,0.0,0.0,0.0,24.63867333333331,5.0,39.01753171279005,0.0,1.0,0.0,0.0,0.0,0.0,8.482,0.0,0.0,67.31227219895304,4.786,25.339066666666643,0.0,4.302
3,269637.4480128339,3720.404187414286,5.0,38.0,0.0,0.0,0.0,24.63867333333331,5.0,39.01753171279005,0.0,1.0,0.0,0.0,0.0,0.0,8.482,0.0,0.0,67.31227219895304,4.786,25.339066666666643,0.0,4.302
4,268785.41372123436,3853.5949674214285,5.0,43.0,0.0,0.0,0.0,0.0,29.63867333333331,39.01753171279005,0.0,26.0,0.0,0.0,0.0,0.0,8.482,0.0,0.0,67.31227219895304,4.786,25.339066666666643,0.0,4.302
