,cost,emission,grid,wood_supply,DHDC_small_heat,DHDC_medium_heat,DHDC_large_heat,wood_boiler_heat,wood_boiler_DHW,PV,SCFP,DHW_to_heat,ASHP,ASHP_DHW,GSHP_heat,GSHP_cooling,battery,DHW_storage,heat_storage,geothermal_boreholes,demand_electricity,demand_space_heating,demand_space_cooling,demand_hot_water
0,232940.74465197657,2577.6342095874443,4.0,30.0,,,,2000.0,2000.0,34.29754940999771,0.0,0.0,0.0,4.0,0.0,0.0,250.00000000000006,0.0,0.0,64.0082845869984,3.388333333333333,20.017399999999984,0.0,3.0666666666666664
1,163462.22057167697,2579.744671191598,4.0,30.0,,,,18.081203333333313,5.0,34.29754940999771,0.0,2.0,0.0,2.818057741105498,0.0,0.0,6.444142607872711,0.0,0.0,64.0082845869984,3.388333333333333,20.017399999999984,0.0,3.0666666666666664
2,163462.22057167697,2579.744671191598,4.0,30.0,,,,18.081203333333313,5.0,34.29754940999771,0.0,2.0,0.0,2.8180577411054992,0.0,0.0,6.44414260787271,0.0,0.0,64.0082845869984,3.388333333333333,20.017399999999984,0.0,3.0666666666666664
3,163462.22057167694,2579.744671191598,4.0,30.0,,,,18.081203333333313,5.0,34.29754940999771,0.0,2.0,0.0,2.818057741105497,0.0,0.0,6.444142607872711,0.0,0.0,64.0082845869984,3.388333333333333,20.017399999999984,0.0,3.0666666666666664
4,162476.16648043456,2689.224255877313,4.0,33.0,,,,0.0,23.081203333333313,34.29754940999771,0.0,21.0,0.0,2.8180577411054943,0.0,0.0,6.44414260787271,0.0,0.0,64.0082845869984,3.388333333333333,20.017399999999984,0.0,3.0666666666666664
