,cost,emission,grid,wood_supply,DHDC_small_heat,DHDC_medium_heat,DHDC_large_heat,wood_boiler_heat,wood_boiler_DHW,PV,SCFP,DHW_to_heat,ASHP,ASHP_DHW,GSHP_heat,GSHP_cooling,battery,DHW_storage,heat_storage,geothermal_boreholes,demand_electricity,demand_space_heating,demand_space_cooling,demand_hot_water
0,605247.6447028158,6858.0412697125,10.0,65.0,273.13,848.75,2000.0,2000.0,2000.0,60.078133558640054,0.0,0.0,0.0,0.0,0.0,0.0,250.00000000000006,0.0,0.0,82.05469349104804,9.743333333333334,45.69015333333335,0.0,7.021666666666666
1,31843.497993230696,7869.246710617712,13.0,55.0,0.0,0.0,0.0,43.53482000000001,0.0,46.81983190759203,0.0,3.0,0.0,7.021666666666666,0.0,0.0,4.0521814366405815,0.0,0.0,82.05469349104804,9.743333333333334,45.69015333333335,0.0,7.021666666666666
2,28344.323483258773,8880.452151522899,15.0,50.0,0.0,0.0,0.0,39.48615333333335,0.0,27.933798755286904,0.0,7.0,0.0,11.070333333333332,0.0,0.0,0.0,0.0,0.0,82.05469349104804,9.743333333333334,45.69015333333335,0.0,7.021666666666666
3,24302.119847707196,9891.657592428104,27.0,0.0,0.0,0.0,0.0,0.0,0.0,26.662342545888443,0.0,46.0,0.0,50.55648666666668,0.0,0.0,0.0,0.0,0.0,82.05469349104804,9.743333333333334,45.69015333333335,0.0,7.021666666666666
4,22088.665239889768,10902.863033333335,28.0,0.0,0.0,0.0,0.0,0.0,0.0,0.0,0.0,46.0,0.0,50.55648666666668,0.0,0.0,0.0,0.0,0.0,82.05469349104804,9.743333333333334,45.69015333333335,0.0,7.021666666666666
