,cost,emission,grid,wood_supply,DHDC_small_heat,DHDC_medium_heat,DHDC_large_heat,wood_boiler_heat,wood_boiler_DHW,PV,SCFP,DHW_to_heat,ASHP,ASHP_DHW,GSHP_heat,GSHP_cooling,battery,DHW_storage,heat_storage,geothermal_boreholes,demand_electricity,demand_space_heating,demand_space_cooling,demand_hot_water
0,122177.96810953596,6310.183680397769,11.0,63.0,,,,2000.0,2000.0,52.52088152496236,0.0,0.0,0.0,0.0,24.0,22.0,250.00000000000006,0.0,0.0,76.76461706747367,8.061333333333335,42.395849999999996,21.327333333333332,6.6184400000000005
1,28912.168425174445,7213.73860729053,14.0,51.0,,,,40.189277783970994,0.0,44.77685649272866,0.0,3.0,0.0,6.61844,2.2065722160289987,21.327333333333332,4.641135261917778,0.0,0.0,76.76461706747367,8.061333333333335,42.395849999999996,21.327333333333332,6.6184400000000005
2,25468.75989016804,8117.293534183273,24.0,0.0,,,,0.0,0.0,50.15081544451789,0.0,41.0,0.0,46.77124144981389,2.243048550186102,21.327333333333332,6.004554933359456,0.0,0.0,76.76461706747367,8.061333333333335,42.395849999999996,21.327333333333332,6.6184400000000005
3,22035.513713408032,9020.848461076634,25.0,0.0,,,,0.0,0.0,22.638220984671403,0.0,41.0,0.0,46.80826723804937,2.206022761950628,21.327333333333332,0.0,0.0,0.0,76.76461706747367,8.061333333333335,42.395849999999996,21.327333333333332,6.6184400000000005
4,20286.16666450457,9924.403387968752,25.0,0.0,,,,0.0,0.0,0.0,0.0,41.0,0.0,46.80826723804936,2.2060227619506314,21.327333333333332,0.0,0.0,0.0,76.76461706747367,8.061333333333335,42.395849999999996,21.327333333333332,6.6184400000000005
