,cost,emission,grid,wood_supply,DHDC_small_heat,DHDC_medium_heat,DHDC_large_heat,wood_boiler_heat,wood_boiler_DHW,PV,SCFP,DHW_to_heat,ASHP,ASHP_DHW,GSHP_heat,GSHP_cooling,battery,DHW_storage,heat_storage,geothermal_boreholes,demand_electricity,demand_space_heating,demand_space_cooling,demand_hot_water
0,1864288.366870924,3669.863853416071,5.0,41.0,273.13,848.75,2000.0,2000.0,2000.0,28.35295922501945,0.0,0.0,0.0,0.0,0.0,0.0,250.00000000000006,0.0,0.0,59.84707145751362,4.184166666666667,27.996266666666667,0.0,3.7465000000000006
1,944433.6113573366,3909.231300923924,5.0,40.0,50.0,0.0,0.0,27.996266666666664,5.0,28.35295922501945,0.0,0.0,0.0,3.7246066666666664,0.0,0.0,4.952333333333334,0.0,0.0,59.84707145751362,4.184166666666667,27.996266666666667,0.0,3.7465000000000006
2,714223.4733913557,4148.598748431788,5.0,12.0,50.0,0.0,0.0,9.418225881900243,0.0,28.35295922501945,0.0,19.0,0.0,6.629599999999997,0.0,0.0,4.952333333333334,0.0,0.0,59.84707145751362,4.184166666666667,27.996266666666667,0.0,3.7465000000000006
3,489770.894518715,4387.966195939623,5.0,7.0,50.0,0.0,0.0,5.0,0.0,28.35295922501945,0.0,28.0,0.0,6.629599999999997,0.0,0.0,4.952333333333334,0.0,0.0,59.84707145751362,4.184166666666667,27.996266666666667,0.0,3.7465000000000006
4,269075.7842760872,4627.3336434475,5.0,0.0,50.0,0.0,0.0,0.0,0.0,28.35295922501945,0.0,28.0,0.0,0.0,0.0,0.0,6.262333333333334,0.0,0.0,59.84707145751362,4.184166666666667,27.996266666666667,0.0,3.7465000000000006
