,cost,emission,grid,wood_supply,DHDC_small_heat,DHDC_medium_heat,DHDC_large_heat,wood_boiler_heat,wood_boiler_DHW,PV,SCFP,DHW_to_heat,ASHP,ASHP_DHW,GSHP_heat,GSHP_cooling,battery,DHW_storage,heat_storage,geothermal_boreholes,demand_electricity,demand_space_heating,demand_space_cooling,demand_hot_water
0,2054922.1872677812,7926.318677879116,17.0,12.0,,,,2000.0,2000.0,38.96694183358679,0.0,0.0,0.0,0.0,23.0,26.0,250.00000000000006,0.0,0.0,67.27685928351075,10.610209999999997,22.656533333333314,25.203500000000002,8.031666666666668
1,1835392.9991648472,8137.889621150434,17.0,8.0,,,,0.0,5.0,38.96694183358679,0.0,0.0,0.0,7.965636666666667,22.656533333333314,25.2035,2.9191388888888903,0.0,0.0,67.27685928351075,10.610209999999997,22.656533333333314,25.203500000000002,8.031666666666668
2,1741070.3495329034,8349.460564422086,17.0,8.0,,,,0.0,5.0,38.96694183358679,0.0,0.0,0.0,7.965636666666667,22.656533333333314,25.2035,2.9191388888888903,0.0,0.0,67.27685928351075,10.610209999999997,22.656533333333314,25.203500000000002,8.031666666666668
3,1646747.6999009778,8561.0315076937,20.0,8.0,,,,0.0,5.0,38.96694183358679,0.0,0.0,0.0,7.965636666666667,22.656533333333314,25.2035,2.9191388888888903,0.0,0.0,67.27685928351075,10.610209999999997,22.656533333333314,25.203500000000002,8.031666666666668
4,1550740.6622356467,8772.602450965276,20.0,0.0,,,,0.0,0.0,38.96694183358679,0.0,0.0,0.0,8.031666666666666,22.656533333333314,25.203500000000005,2.9191388888888903,0.0,0.0,67.27685928351075,10.610209999999997,22.656533333333314,25.203500000000002,8.031666666666668
