,cost,emission,grid,wood_supply,DHDC_small_heat,DHDC_medium_heat,DHDC_large_heat,wood_boiler_heat,wood_boiler_DHW,PV,SCFP,DHW_to_heat,ASHP,ASHP_DHW,GSHP_heat,GSHP_cooling,battery,DHW_storage,heat_storage,geothermal_boreholes,demand_electricity,demand_space_heating,demand_space_cooling,demand_hot_water
0,1148528.7775328949,6667.478574758772,16.0,127.0,273.13,848.75,2000.0,2000.0,2000.0,85.46183858489601,0.0,0.0,0.0,7.0,0.0,0.0,250.00000000000006,0.0,0.0,99.82328700942722,16.63445,95.11713999999996,0.0,6.419573333333333
1,600280.8565718549,6774.379091797535,16.0,127.0,0.0,0.0,0.0,94.13939999999997,6.419573333333333,85.46183858489601,0.0,1.0,0.0,3.7636666666666665,0.0,0.0,19.355333333333327,0.0,0.0,99.82328700942722,16.63445,95.11713999999996,0.0,6.419573333333333
2,600228.035908519,6818.856927335318,16.0,127.0,0.0,0.0,0.0,94.13939999999997,6.419573333333288,85.46183858489601,0.0,1.0,0.0,3.6779999999999995,0.0,0.0,19.355333333333327,0.0,0.0,99.82328700942722,16.63445,95.11713999999996,0.0,6.419573333333333
3,600228.0359085193,6818.856927335317,16.0,127.0,0.0,0.0,0.0,94.13939999999997,6.419573333333333,85.46183858489601,0.0,1.0,0.0,3.6779999999999995,0.0,0.0,19.355333333333327,0.0,0.0,99.82328700942722,16.63445,95.11713999999996,0.0,6.419573333333333
4,600184.4486440624,7095.080642913888,16.0,144.0,0.0,0.0,0.0,0.0,100.55897333333328,85.46183858489601,0.0,96.0,0.0,3.6779999999999995,0.0,0.0,19.355333333333327,0.0,0.0,99.82328700942722,16.63445,95.11713999999996,0.0,6.419573333333333
