,cost,emission,grid,wood_supply,DHDC_small_heat,DHDC_medium_heat,DHDC_large_heat,wood_boiler_heat,wood_boiler_DHW,PV,SCFP,DHW_to_heat,ASHP,ASHP_DHW,GSHP_heat,GSHP_cooling,battery,DHW_storage,heat_storage,geothermal_boreholes,demand_electricity,demand_space_heating,demand_space_cooling,demand_hot_water
0,2579114.4336871956,5922.9359201264515,8.0,67.0,273.13,848.75,2000.0,2000.0,2000.0,59.94686325887008,0.0,0.0,0.0,7.0,0.0,0.0,250.00000000000006,0.0,0.0,81.96280428120906,7.1626666666666665,45.87400000000002,0.0,6.226166666666667
1,1448428.9825709844,6310.409307957834,8.0,57.0,50.0,0.0,0.0,45.258966666666666,0.0,59.94686325887008,0.0,8.0,0.0,11.473480875231301,0.0,0.0,12.740763888888887,0.0,0.0,81.96280428120906,7.1626666666666665,45.87400000000002,0.0,6.226166666666667
2,1084656.0249250997,6697.88269578924,8.0,19.0,50.0,0.0,0.0,14.818306000227548,0.0,59.94686325887008,0.0,32.0,0.0,14.388000000000005,0.0,0.0,12.740763888888887,0.0,0.0,81.96280428120906,7.1626666666666665,45.87400000000002,0.0,6.226166666666667
3,721282.6955582402,7085.356083620535,8.0,7.0,50.0,0.0,0.0,5.0,0.0,59.94686325887008,0.0,41.0,0.0,14.388000000000005,0.0,0.0,12.740763888888887,0.0,0.0,81.96280428120906,7.1626666666666665,45.87400000000002,0.0,6.226166666666667
4,396464.3319291938,7472.829471452034,8.0,0.0,51.80656666666668,0.0,0.0,0.0,0.0,59.94686325887008,0.0,46.0,0.0,1.8461624195822093,0.0,0.0,10.710265658507414,0.0,0.0,81.96280428120906,7.1626666666666665,45.87400000000002,0.0,6.226166666666667
