,cost,emission,grid,wood_supply,DHDC_small_heat,DHDC_medium_heat,DHDC_large_heat,wood_boiler_heat,wood_boiler_DHW,PV,SCFP,DHW_to_heat,ASHP,ASHP_DHW,GSHP_heat,GSHP_cooling,battery,DHW_storage,heat_storage,geothermal_boreholes,demand_electricity,demand_space_heating,demand_space_cooling,demand_hot_water
0,915367.6508631669,5051.199601401568,7.0,56.0,273.13,848.75,2000.0,2000.0,2000.0,50.29162201807445,0.0,0.0,0.0,5.0,20.0,17.0,250.00000000000006,0.0,0.0,75.20413541265212,6.558833333333332,38.426,16.0515,5.251333333333332
1,347512.691025082,5309.034197127808,8.0,63.0,0.0,0.0,0.0,0.0,43.677,50.29162201807445,0.0,39.0,0.0,0.033490810236733365,0.0,16.051499999999997,10.954545495734695,0.0,0.0,75.20413541265212,6.558833333333332,38.426,16.0515,5.251333333333332
2,347512.691025082,5309.0341971278085,9.0,63.0,0.0,0.0,0.0,0.0,43.677,50.29162201807445,0.0,39.0,0.0,0.03349081023673389,0.0,16.051499999999997,10.954545495734695,0.0,0.0,75.20413541265212,6.558833333333332,38.426,16.0515,5.251333333333332
3,347512.69102508196,5309.0341971278085,7.0,63.0,0.0,0.0,0.0,0.0,43.677,50.29162201807445,0.0,39.0,0.0,0.03349081023673283,0.0,16.051499999999997,10.954545495734695,0.0,0.0,75.20413541265212,6.558833333333332,38.426,16.0515,5.251333333333332
4,345369.85611490544,6399.35448259375,7.0,0.0,50.0,0.0,0.0,0.0,0.0,50.29162201807445,0.0,39.0,0.0,0.0,0.0,16.051499999999997,10.709040267057055,0.0,0.0,75.20413541265212,6.558833333333332,38.426,16.0515,5.251333333333332
