,cost,emission,grid,wood_supply,DHDC_small_heat,DHDC_medium_heat,DHDC_large_heat,wood_boiler_heat,wood_boiler_DHW,PV,SCFP,DHW_to_heat,ASHP,ASHP_DHW,GSHP_heat,GSHP_cooling,battery,DHW_storage,heat_storage,geothermal_boreholes,demand_electricity,demand_space_heating,demand_space_cooling,demand_hot_water
0,931958.4822039474,4491.185895266071,6.0,47.0,273.13,848.75,2000.0,2000.0,2000.0,30.474398467975092,0.0,0.0,0.0,0.0,0.0,0.0,250.00000000000006,0.0,0.0,61.332078927582565,5.258166666666667,32.08436666666666,0.0,4.525803333333333
1,365631.35915437166,4666.5087623160725,6.0,53.0,0.0,0.0,0.0,0.0,36.60983666666666,30.474398467975092,0.0,33.0,0.0,0.0,0.0,0.0,6.477833333333331,0.0,0.0,61.332078927582565,5.258166666666667,32.08436666666666,0.0,4.525803333333333
2,365631.3591543716,4666.508762316071,6.0,53.0,0.0,0.0,0.0,0.0,36.60983666666669,30.474398467975092,0.0,33.0,0.0,0.0,0.0,0.0,6.477833333333331,0.0,1.0,61.332078927582565,5.258166666666667,32.08436666666666,0.0,4.525803333333333
3,365631.35915437154,4666.5087623160725,6.0,53.0,0.0,0.0,0.0,0.0,36.60983666666666,30.474398467975092,0.0,33.0,0.0,0.0,0.0,0.0,6.477833333333331,0.0,0.0,61.332078927582565,5.258166666666667,32.08436666666666,0.0,4.525803333333333
4,365015.5636986102,5579.7785033675,6.0,0.0,50.0,0.0,0.0,0.0,0.0,30.474398467975092,0.0,33.0,0.0,0.0,0.0,0.0,6.477833333333331,0.0,0.0,61.332078927582565,5.258166666666667,32.08436666666666,0.0,4.525803333333333
