,cost,emission,grid,wood_supply,DHDC_small_heat,DHDC_medium_heat,DHDC_large_heat,wood_boiler_heat,wood_boiler_DHW,PV,SCFP,DHW_to_heat,ASHP,ASHP_DHW,GSHP_heat,GSHP_cooling,battery,DHW_storage,heat_storage,geothermal_boreholes,demand_electricity,demand_space_heating,demand_space_cooling,demand_hot_water
0,2973687.02164095,6402.839893097702,7.0,73.0,273.13,848.75,2000.0,2000.0,2000.0,54.1851753089591,0.0,0.0,0.0,6.0,0.0,0.0,250.00000000000006,0.0,0.0,77.92962271627138,6.584333333333333,51.826600000000006,0.0,5.543303333333333
1,1765799.2962695211,6918.197702953314,7.0,42.0,50.0,0.0,0.0,33.136741311128326,0.0,54.1851753089591,0.0,19.0,0.0,18.191599999999998,0.0,0.0,12.29080555555555,0.0,0.0,77.92962271627138,6.584333333333333,51.826600000000006,0.0,5.543303333333333
2,1282432.2157308995,7433.555512808926,7.0,21.0,50.0,0.0,0.0,16.161548030768603,0.0,54.1851753089591,0.0,36.0,0.0,18.191599999999998,0.0,0.0,12.29080555555555,0.0,0.0,77.92962271627138,6.584333333333333,51.826600000000006,0.0,5.543303333333333
3,799197.7823526608,7948.913322664517,7.0,10.0,50.0,0.0,0.0,7.369903333333335,0.0,54.1851753089591,0.0,45.0,0.0,18.191599999999998,0.0,0.0,12.29080555555555,0.0,0.0,77.92962271627138,6.584333333333333,51.826600000000006,0.0,5.543303333333333
4,345059.3087610741,8464.271132520116,7.0,0.0,57.366236666666666,0.0,0.0,0.0,0.0,54.1851753089591,0.0,52.0,0.0,3.370614303851036,0.0,0.0,9.924410706728734,0.0,0.0,77.92962271627138,6.584333333333333,51.826600000000006,0.0,5.543303333333333
