,cost,emission,grid,wood_supply,DHDC_small_heat,DHDC_medium_heat,DHDC_large_heat,wood_boiler_heat,wood_boiler_DHW,PV,SCFP,DHW_to_heat,ASHP,ASHP_DHW,GSHP_heat,GSHP_cooling,battery,DHW_storage,heat_storage,geothermal_boreholes,demand_electricity,demand_space_heating,demand_space_cooling,demand_hot_water
0,3122194.718077189,6787.912451656286,7.0,77.0,273.13,848.75,2000.0,2000.0,2000.0,54.734705639134205,0.0,0.0,0.0,6.0,27.0,26.0,250.00000000000006,0.0,0.0,78.31429394739395,6.966,54.84608000000001,25.414666666666673,5.649136666666667
1,1834740.727556774,7363.62931308209,11.0,42.0,50.0,0.0,0.0,33.59947223684075,0.0,54.734705639134205,0.0,22.0,0.0,14.476969999999998,7.432949210267822,25.41466666666667,12.523513888888893,0.0,0.0,78.31429394739395,6.966,54.84608000000001,25.414666666666673,5.649136666666667
2,1294773.293367246,7939.346174507916,11.0,20.0,50.0,0.0,0.0,15.372377633356558,0.0,54.734705639134205,0.0,40.0,0.0,14.536068837212461,7.43959782945417,25.41466666666667,12.523513888888893,0.0,0.0,78.31429394739395,6.966,54.84608000000001,25.414666666666673,5.649136666666667
3,755022.2597854056,8515.063035933737,11.0,14.0,50.0,0.0,0.0,10.495216666666673,0.0,54.734705639134205,0.0,45.0,0.0,14.536068837212461,7.43959782945417,25.41466666666667,12.523513888888893,0.0,0.0,78.31429394739395,6.966,54.84608000000001,25.414666666666673,5.649136666666667
4,357568.39468882227,9090.779897359529,7.0,0.0,60.49305000000001,0.0,0.0,0.0,0.0,54.734705639134205,0.0,55.0,0.0,2.0337611305920937,0.0,25.41466666666667,10.673932862253295,0.0,0.0,78.31429394739395,6.966,54.84608000000001,25.414666666666673,5.649136666666667
