,cost,emission,grid,wood_supply,DHDC_small_heat,DHDC_medium_heat,DHDC_large_heat,wood_boiler_heat,wood_boiler_DHW,PV,SCFP,DHW_to_heat,ASHP,ASHP_DHW,GSHP_heat,GSHP_cooling,battery,DHW_storage,heat_storage,geothermal_boreholes,demand_electricity,demand_space_heating,demand_space_cooling,demand_hot_water
0,1070515.9623382855,8160.115911414139,18.0,12.0,,,,2000.0,2000.0,85.99632431717612,0.0,0.0,0.0,0.0,25.0,26.0,250.00000000000006,0.0,0.0,100.19742702202329,11.457500000000001,24.66504666666667,25.531713333333332,8.049303333333333
1,891122.2106587795,8184.060606094644,18.0,43.0,,,,24.61092,8.049303333333333,85.99632431717612,0.0,1.0,0.0,0.0,0.0,25.531713333333332,18.343249999999998,0.0,0.0,100.19742702202329,11.457500000000001,24.66504666666667,25.531713333333332,8.049303333333333
2,891122.2106587795,8184.060606094644,18.0,43.0,,,,24.61092,8.049303333333333,85.99632431717612,0.0,1.0,0.0,0.0,0.0,25.531713333333332,18.343249999999998,0.0,0.0,100.19742702202329,11.457500000000001,24.66504666666667,25.531713333333332,8.049303333333333
3,891122.2106587795,8184.060606094643,18.0,43.0,,,,24.61092,8.049303333333333,85.99632431717612,0.0,1.0,0.0,0.0,0.0,25.531713333333332,18.343249999999998,0.0,0.0,100.19742702202329,11.457500000000001,24.66504666666667,25.531713333333332,8.049303333333333
4,889960.5843646087,8262.477416416072,18.0,47.0,,,,0.0,32.660223333333334,85.99632431717612,0.0,25.0,0.0,0.0,0.0,25.53171333333334,18.343249999999998,0.0,0.0,100.19742702202329,11.457500000000001,24.66504666666667,25.531713333333332,8.049303333333333
