,cost,emission,grid,wood_supply,DHDC_small_heat,DHDC_medium_heat,DHDC_large_heat,wood_boiler_heat,wood_boiler_DHW,PV,SCFP,DHW_to_heat,ASHP,ASHP_DHW,GSHP_heat,GSHP_cooling,battery,DHW_storage,heat_storage,geothermal_boreholes,demand_electricity,demand_space_heating,demand_space_cooling,demand_hot_water
0,107852.11887566317,2806.8705881107753,4.0,32.0,,,,2000.0,2000.0,38.55279471381885,0.0,2.0,0.0,5.0,0.0,0.0,250.00000000000006,0.0,0.0,66.9869562996732,3.8368333333333333,21.603233333333332,0.0,3.3783333333333334
1,16507.928981107973,3357.667588478916,5.0,27.0,,,,20.907066666666665,0.0,28.14785068241287,0.0,2.0,0.0,4.071666666666666,0.0,0.0,3.899362846299134,0.0,0.0,66.9869562996732,3.8368333333333333,21.603233333333332,0.0,3.3783333333333334
2,13818.127261708432,3908.4645888470577,13.0,0.0,,,,0.0,0.0,32.121396197115615,0.0,22.0,0.0,24.978733333333327,0.0,0.0,4.750642939894533,0.0,0.0,66.9869562996732,3.8368333333333333,21.603233333333332,0.0,3.3783333333333334
3,11290.748373687258,4459.261589215197,13.0,0.0,,,,0.0,0.0,13.978084742488154,0.0,22.0,0.0,24.978733333333327,0.0,0.0,0.0,0.0,0.0,66.9869562996732,3.8368333333333333,21.603233333333332,0.0,3.3783333333333334
4,10190.053077873767,5010.058589583333,13.0,0.0,,,,0.0,0.0,0.0,0.0,22.0,0.0,24.978733333333327,0.0,0.0,0.0,0.0,0.0,66.9869562996732,3.8368333333333333,21.603233333333332,0.0,3.3783333333333334
