,cost,emission,grid,wood_supply,DHDC_small_heat,DHDC_medium_heat,DHDC_large_heat,wood_boiler_heat,wood_boiler_DHW,PV,SCFP,DHW_to_heat,ASHP,ASHP_DHW,GSHP_heat,GSHP_cooling,battery,DHW_storage,heat_storage,geothermal_boreholes,demand_electricity,demand_space_heating,demand_space_cooling,demand_hot_water
0,111304.46388359736,3955.8517217590925,7.0,46.0,,,,2000.0,2000.0,29.667909413733643,0.0,0.0,0.0,0.0,13.0,14.0,250.00000000000006,0.0,0.0,60.767536589613556,4.571166666666667,31.50516666666665,13.12691,3.936803333333333
1,19249.790224863267,4569.591404273746,8.0,38.0,,,,30.161176934070458,0.0,23.25208094150559,0.0,2.0,0.0,4.359970000000001,0.9206563992628521,13.126909999999999,2.2657366161156167,0.0,0.0,60.767536589613556,4.571166666666667,31.50516666666665,13.12691,3.936803333333333
2,17348.868285831522,5183.331086788383,8.0,34.0,,,,26.43135220161387,0.0,15.054291916523358,0.0,6.0,0.0,8.0913905336675,0.9190605980519413,13.126909999999999,0.0,0.0,0.0,60.767536589613556,4.571166666666667,31.50516666666665,13.12691,3.936803333333333
3,14276.504515018703,5797.070769303869,18.0,0.0,,,,0.0,0.0,14.868829577840476,0.0,31.0,0.0,34.52274273528137,0.9190605980519413,13.126909999999999,0.0,0.0,0.0,60.767536589613556,4.571166666666667,31.50516666666665,13.12691,3.936803333333333
4,13186.179365302205,6410.810451817709,18.0,0.0,,,,0.0,0.0,0.0,0.0,31.0,0.0,34.52274273528137,0.9190605980519453,13.126909999999999,0.0,0.0,0.0,60.767536589613556,4.571166666666667,31.50516666666665,13.12691,3.936803333333333
