,cost,emission,grid,wood_supply,DHDC_small_heat,DHDC_medium_heat,DHDC_large_heat,wood_boiler_heat,wood_boiler_DHW,PV,SCFP,DHW_to_heat,ASHP,ASHP_DHW,GSHP_heat,GSHP_cooling,battery,DHW_storage,heat_storage,geothermal_boreholes,demand_electricity,demand_space_heating,demand_space_cooling,demand_hot_water
0,449956.781096512,4370.807687605773,8.0,45.0,,,,2000.0,2000.0,34.478388500376234,0.0,0.0,0.0,0.0,12.0,14.0,250.00000000000006,0.0,0.0,64.13487195026337,5.3465,30.651633333333333,13.951500000000001,4.397136666666667
1,348495.96129472577,4393.172682319642,8.0,45.0,,,,30.048769999999998,5.0,34.478388500376234,0.0,1.0,0.0,0.0,0.0,13.9515,7.808833333333336,0.0,0.0,64.13487195026337,5.3465,30.651633333333333,13.951500000000001,4.397136666666667
2,348495.96129472565,4393.172682319642,8.0,45.0,,,,30.048769999999998,5.0,34.478388500376234,0.0,1.0,0.0,0.0,0.0,13.9515,7.808833333333333,0.0,0.0,64.13487195026337,5.3465,30.651633333333333,13.951500000000001,4.397136666666667
3,348495.9612947257,4393.172682319642,8.0,45.0,,,,30.048769999999998,5.0,34.478388500376234,0.0,1.0,0.0,0.0,0.0,13.9515,7.808833333333333,0.0,0.0,64.13487195026337,5.3465,30.651633333333333,13.951500000000001,4.397136666666667
4,347853.15403273335,4563.380552180357,8.0,51.0,,,,0.0,35.04877,34.478388500376234,0.0,31.0,0.0,0.0,0.0,13.951500000000003,7.808833333333333,0.0,0.0,64.13487195026337,5.3465,30.651633333333333,13.951500000000001,4.397136666666667
