,cost,emission,grid,wood_supply,DHDC_small_heat,DHDC_medium_heat,DHDC_large_heat,wood_boiler_heat,wood_boiler_DHW,PV,SCFP,DHW_to_heat,ASHP,ASHP_DHW,GSHP_heat,GSHP_cooling,battery,DHW_storage,heat_storage,geothermal_boreholes,demand_electricity,demand_space_heating,demand_space_cooling,demand_hot_water
0,129328.9897756984,8112.546508200003,19.0,14.0,,,,2000.0,2000.0,92.70504758668422,0.0,0.0,0.0,0.0,29.0,30.0,250.00000000000006,0.0,0.0,104.89353331067896,12.463959999999998,28.87760666666665,29.74742,9.49694
1,34329.71698895152,9105.982143059722,23.0,0.0,,,,0.0,0.0,89.74875355624708,0.0,1.0,0.0,10.154106666666664,28.220439999999986,29.747419999999998,10.647581269624991,0.0,0.0,104.89353331067896,12.463959999999998,28.87760666666665,29.74742,9.49694
2,29379.844840545727,10099.417777919443,23.0,0.0,,,,0.0,0.0,55.55364901744262,0.0,1.0,0.0,10.303439999999998,28.07110666666665,29.747419999999998,1.2628317976489507,0.0,0.0,104.89353331067896,12.463959999999998,28.87760666666665,29.74742,9.49694
3,26548.335623938605,11092.853412779159,23.0,0.0,,,,0.0,0.0,26.61868574150744,0.0,1.0,0.0,10.373939999999994,28.000606666666656,29.747419999999998,0.0,0.0,0.0,104.89353331067896,12.463959999999998,28.87760666666665,29.74742,9.49694
4,24290.188304705902,12086.289047638887,23.0,0.0,,,,0.0,0.0,0.0,0.0,2.0,0.0,10.966106666666661,27.408439999999988,29.747419999999998,0.0,0.0,0.0,104.89353331067896,12.463959999999998,28.87760666666665,29.74742,9.49694
