,cost,emission,grid,wood_supply,DHDC_small_heat,DHDC_medium_heat,DHDC_large_heat,wood_boiler_heat,wood_boiler_DHW,PV,SCFP,DHW_to_heat,ASHP,ASHP_DHW,GSHP_heat,GSHP_cooling,battery,DHW_storage,heat_storage,geothermal_boreholes,demand_electricity,demand_space_heating,demand_space_cooling,demand_hot_water
0,596983.2445434262,5149.561538735803,9.0,56.0,273.13,848.75,2000.0,2000.0,2000.0,40.28399790815697,0.0,0.0,0.0,0.0,15.0,18.0,250.00000000000006,0.0,0.0,68.19879853570988,6.209166666666666,38.365833333333306,17.122666666666667,5.184773333333333
1,24215.877614772755,5910.826503171647,11.0,47.0,0.0,0.0,0.0,36.92990108310477,0.0,32.77577908199525,0.0,2.0,0.0,5.184773333333332,1.4357655835618666,17.122666666666667,3.000269122670198,0.0,0.0,68.19879853570988,6.209166666666666,38.365833333333306,17.122666666666667,5.184773333333333
2,21724.57555788584,6672.091467607279,11.0,41.0,0.0,0.0,0.0,32.507228497558884,0.0,20.216830479174877,0.0,7.0,0.0,9.607445918891434,1.4357655835496468,17.122666666666667,0.0,0.0,0.0,68.19879853570988,6.209166666666666,38.365833333333306,17.122666666666667,5.184773333333333
3,18304.338150256706,7433.356432043327,21.0,0.0,0.0,0.0,0.0,0.0,0.0,19.140740180486922,0.0,37.0,0.0,42.11488045479602,1.4355595452039482,17.122666666666667,0.0,0.0,0.0,68.19879853570988,6.209166666666666,38.365833333333306,17.122666666666667,5.184773333333333
4,16817.459374120433,8194.621396479168,22.0,0.0,0.0,0.0,0.0,0.0,0.0,0.0,0.0,37.0,0.0,42.115566213994825,1.4348737860051477,17.122666666666667,0.0,0.0,0.0,68.19879853570988,6.209166666666666,38.365833333333306,17.122666666666667,5.184773333333333
