,cost,emission,grid,wood_supply,DHDC_small_heat,DHDC_medium_heat,DHDC_large_heat,wood_boiler_heat,wood_boiler_DHW,PV,SCFP,DHW_to_heat,ASHP,ASHP_DHW,GSHP_heat,GSHP_cooling,battery,DHW_storage,heat_storage,geothermal_boreholes,demand_electricity,demand_space_heating,demand_space_cooling,demand_hot_water
0,897381.283468303,4726.717181942189,8.0,52.0,273.13,848.75,2000.0,2000.0,2000.0,46.898539616761894,0.0,0.0,0.0,0.0,19.0,15.0,250.00000000000006,0.0,0.0,72.82897773173333,5.8795,35.98834999999999,14.8795,4.848166666666667
1,327125.50694364606,4964.716270200671,8.0,59.0,0.0,0.0,0.0,0.0,40.83651666666667,46.898539616761894,0.0,36.0,0.0,0.0,0.0,14.8795,10.663833333333333,0.0,0.0,72.82897773173333,5.8795,35.98834999999999,14.8795,4.848166666666667
2,327125.506943646,4964.716270200671,8.0,59.0,0.0,0.0,0.0,0.0,40.836516666666654,46.898539616761894,0.0,36.0,0.0,0.0,0.0,14.8795,10.663833333333333,0.0,0.0,72.82897773173333,5.8795,35.98834999999999,14.8795,4.848166666666667
3,327125.50694364606,4964.716270200671,6.0,59.0,0.0,0.0,0.0,0.0,40.836516666666654,46.898539616761894,0.0,36.0,0.0,0.0,0.0,14.8795,10.663833333333333,0.0,0.0,72.82897773173333,5.8795,35.98834999999999,14.8795,4.848166666666667
4,325545.70479449385,5989.317999377813,6.0,0.0,50.0,0.0,0.0,0.0,0.0,46.898539616761894,0.0,36.0,0.0,0.0,0.0,14.8795,10.663833333333333,0.0,0.0,72.82897773173333,5.8795,35.98834999999999,14.8795,4.848166666666667
