,cost,emission,grid,wood_supply,DHDC_small_heat,DHDC_medium_heat,DHDC_large_heat,wood_boiler_heat,wood_boiler_DHW,PV,SCFP,DHW_to_heat,ASHP,ASHP_DHW,GSHP_heat,GSHP_cooling,battery,DHW_storage,heat_storage,geothermal_boreholes,demand_electricity,demand_space_heating,demand_space_cooling,demand_hot_water
0,1197557.7647476473,7319.960889553571,14.0,72.0,273.13,848.75,2000.0,2000.0,2000.0,61.19332868755729,0.0,0.0,0.0,0.0,29.0,25.0,250.00000000000006,0.0,0.0,82.83533008129012,9.349833333333333,48.36926666666665,24.878833333333333,7.637440000000001
1,597851.7061108154,7608.910516945536,14.0,81.0,0.0,0.0,0.0,0.0,56.00620666666664,61.19332868755729,0.0,49.0,0.0,0.0,0.0,24.878833333333333,13.233166666666664,0.0,0.0,82.83533008129012,9.349833333333333,48.36926666666665,24.878833333333333,7.637440000000001
2,597851.7061108154,7608.910516945534,14.0,81.0,0.0,0.0,0.0,0.0,56.00620666666664,61.19332868755729,0.0,49.0,0.0,0.0,0.0,24.878833333333333,13.233166666666664,0.0,0.0,82.83533008129012,9.349833333333333,48.36926666666665,24.878833333333333,7.637440000000001
3,596802.1543484813,8582.524522958542,14.0,11.0,50.0,0.0,0.0,8.336550876921748,0.0,61.19332868755729,0.0,41.0,0.0,0.0,0.0,24.878833333333333,13.373833333333332,0.0,0.0,82.83533008129012,9.349833333333333,48.36926666666665,24.878833333333333,7.637440000000001
4,593941.7970672457,9003.379067426806,14.0,0.0,55.06547333333331,0.0,0.0,0.0,0.0,61.19332868755729,0.0,48.0,0.0,0.0,0.9407333333333364,24.878833333333336,13.233166666666664,0.0,0.0,82.83533008129012,9.349833333333333,48.36926666666665,24.878833333333333,7.637440000000001
