,cost,emission,grid,wood_supply,DHDC_small_heat,DHDC_medium_heat,DHDC_large_heat,wood_boiler_heat,wood_boiler_DHW,PV,SCFP,DHW_to_heat,ASHP,ASHP_DHW,GSHP_heat,GSHP_cooling,battery,DHW_storage,heat_storage,geothermal_boreholes,demand_electricity,demand_space_heating,demand_space_cooling,demand_hot_water
0,591987.5760410073,4059.039684137604,6.0,47.0,273.13,848.75,2000.0,2000.0,2000.0,30.015692478939915,0.0,0.0,0.0,0.0,14.0,14.0,250.00000000000006,0.0,0.0,61.01098473525795,4.643,32.72424999999999,13.079333333333333,3.95497
1,19674.103560326435,4675.704872335625,8.0,40.0,0.0,0.0,0.0,31.69274999999999,0.0,23.36344100830588,0.0,2.0,0.0,4.087372998504552,0.8987636681621148,13.079333333333333,1.9816261195855565,0.0,0.0,61.01098473525795,4.643,32.72424999999999,13.079333333333333,3.95497
2,17747.690978362854,5292.370060533434,8.0,35.0,0.0,0.0,0.0,27.60316055010273,0.0,15.061612666807623,0.0,6.0,0.0,8.177124736312345,0.8986013802515799,13.079333333333333,0.0,0.0,0.0,61.01098473525795,4.643,32.72424999999999,13.079333333333333,3.95497
3,14674.616945682259,5909.035248730787,18.0,0.0,0.0,0.0,0.0,0.0,0.0,15.688815561292875,0.0,32.0,0.0,35.78028528640824,0.8986013802584186,13.079333333333333,0.0,0.0,0.0,61.01098473525795,4.643,32.72424999999999,13.079333333333333,3.95497
4,13434.752438606274,6525.700436929683,18.0,0.0,0.0,0.0,0.0,0.0,0.0,0.0,0.0,32.0,0.0,35.78028528640819,0.8986013802584694,13.079333333333333,0.0,0.0,0.0,61.01098473525795,4.643,32.72424999999999,13.079333333333333,3.95497
