,cost,emission,grid,wood_supply,DHDC_small_heat,DHDC_medium_heat,DHDC_large_heat,wood_boiler_heat,wood_boiler_DHW,PV,SCFP,DHW_to_heat,ASHP,ASHP_DHW,GSHP_heat,GSHP_cooling,battery,DHW_storage,heat_storage,geothermal_boreholes,demand_electricity,demand_space_heating,demand_space_cooling,demand_hot_water
0,1054539.1351970567,6098.303200605356,8.0,65.0,273.13,848.75,2000.0,2000.0,2000.0,41.44874214874338,0.0,0.0,0.0,0.0,0.0,0.0,250.00000000000006,0.0,0.0,69.01411950412037,7.007833333333333,44.458716666666646,0.0,6.0680000000000005
1,489895.87454688415,6340.827729001786,8.0,73.0,0.0,0.0,0.0,0.0,50.52654999999997,41.44874214874338,0.0,45.0,0.0,0.0,0.0,0.0,8.930166666666672,0.0,0.0,69.01411950412037,7.007833333333333,44.458716666666646,0.0,6.0680000000000005
2,489895.8745468841,6340.827729001786,7.0,73.0,0.0,0.0,0.0,0.0,50.52654999999997,41.44874214874338,0.0,45.0,0.0,0.0,0.0,0.0,8.930166666666668,0.0,0.0,69.01411950412037,7.007833333333333,44.458716666666646,0.0,6.0680000000000005
3,489895.8745468841,6340.827729001786,7.0,73.0,0.0,0.0,0.0,0.0,50.52654999999997,41.44874214874338,0.0,45.0,0.0,0.0,0.0,0.0,8.930166666666668,0.0,0.0,69.01411950412037,7.007833333333333,44.458716666666646,0.0,6.0680000000000005
4,486455.32065241406,7586.2966443674995,8.0,0.0,50.32792999999999,0.0,0.0,0.0,0.0,41.44874214874338,0.0,45.0,0.0,0.1986199999999864,0.0,0.0,8.930166666666668,0.0,0.0,69.01411950412037,7.007833333333333,44.458716666666646,0.0,6.0680000000000005
