,cost,emission,grid,wood_supply,DHDC_small_heat,DHDC_medium_heat,DHDC_large_heat,wood_boiler_heat,wood_boiler_DHW,PV,SCFP,DHW_to_heat,ASHP,ASHP_DHW,GSHP_heat,GSHP_cooling,battery,DHW_storage,heat_storage,geothermal_boreholes,demand_electricity,demand_space_heating,demand_space_cooling,demand_hot_water
0,1183730.2510233622,7884.924816608085,18.0,12.0,,,,2000.0,2000.0,38.98269814065218,0.0,0.0,0.0,0.0,24.0,27.0,250.00000000000006,0.0,0.0,67.28788869845653,10.388813333333331,23.692806666666666,26.914493333333336,7.94697
1,1006444.3932841212,7902.379900556697,18.0,41.0,,,,23.68930666666666,7.94697,38.98269814065219,0.0,1.0,0.0,0.0,0.0,26.914493333333333,5.840666666666668,0.0,0.0,67.28788869845653,10.388813333333331,23.692806666666666,26.914493333333336,7.94697
2,1006444.3932841211,7902.379900556697,18.0,41.0,,,,23.68930666666666,7.94697,38.98269814065219,0.0,1.0,0.0,0.0,0.0,26.914493333333333,5.840666666666668,0.0,0.0,67.28788869845653,10.388813333333331,23.692806666666666,26.914493333333336,7.94697
3,1006444.3932841212,7902.379900556698,18.0,41.0,,,,23.68930666666666,7.94697,38.98269814065219,0.0,1.0,0.0,0.0,0.0,26.914493333333333,5.840666666666668,0.0,0.0,67.28788869845653,10.388813333333331,23.692806666666666,26.914493333333336,7.94697
4,1005244.1887387359,7973.971327970983,18.0,46.0,,,,0.0,31.636276666666664,38.98269814065218,0.0,24.0,0.0,0.0,0.0,26.91449333333334,5.840666666666666,0.0,0.0,67.28788869845653,10.388813333333331,23.692806666666666,26.914493333333336,7.94697
