,cost,emission,grid,wood_supply,DHDC_small_heat,DHDC_medium_heat,DHDC_large_heat,wood_boiler_heat,wood_boiler_DHW,PV,SCFP,DHW_to_heat,ASHP,ASHP_DHW,GSHP_heat,GSHP_cooling,battery,DHW_storage,heat_storage,geothermal_boreholes,demand_electricity,demand_space_heating,demand_space_cooling,demand_hot_water
0,2778677.576745416,6858.0412697125,10.0,65.0,273.13,848.75,2000.0,2000.0,2000.0,60.078133558640054,0.0,0.0,0.0,0.0,0.0,0.0,250.00000000000006,0.0,0.0,82.05469349104804,9.743333333333334,45.69015333333335,0.0,7.021666666666666
1,1645969.5834513549,7238.606929213351,10.0,60.0,50.0,0.0,0.0,45.69015333333335,5.0,60.078133558640054,0.0,0.0,0.0,6.439666666666666,0.0,0.0,12.700847222222222,0.0,0.0,82.05469349104804,9.743333333333334,45.69015333333335,0.0,7.021666666666666
2,1268484.2449225276,7619.172588714175,10.0,20.0,50.0,0.0,0.0,15.50041628306125,0.0,60.078133558640054,0.0,31.0,0.0,12.602399999999998,0.0,0.0,12.700847222222222,0.0,0.0,82.05469349104804,9.743333333333334,45.69015333333335,0.0,7.021666666666666
3,911581.7678201607,7999.738248215027,10.0,7.0,50.0,0.0,0.0,5.411137085324496,0.0,60.078133558640054,0.0,41.0,0.0,12.602399999999998,0.0,0.0,12.700847222222222,0.0,0.0,82.05469349104804,9.743333333333334,45.69015333333335,0.0,7.021666666666666
4,562241.6589732514,8380.303907715836,10.0,0.0,50.09765333333335,0.0,0.0,0.0,0.0,60.078133558640054,0.0,46.0,0.0,0.458833333333331,0.0,0.0,15.038,0.0,0.0,82.05469349104804,9.743333333333334,45.69015333333335,0.0,7.021666666666666
