,cost,emission,grid,wood_supply,DHDC_small_heat,DHDC_medium_heat,DHDC_large_heat,wood_boiler_heat,wood_boiler_DHW,PV,SCFP,DHW_to_heat,ASHP,ASHP_DHW,GSHP_heat,GSHP_cooling,battery,DHW_storage,heat_storage,geothermal_boreholes,demand_electricity,demand_space_heating,demand_space_cooling,demand_hot_water
0,1193452.911620318,7969.545905057861,17.0,12.0,,,,2000.0,2000.0,39.05860486680271,0.0,0.0,0.0,0.0,23.0,27.0,250.00000000000006,0.0,0.0,67.3410234067619,10.586676666666666,22.883233333333337,26.795983333333325,8.214833333333333
1,1021649.1871493179,7985.808232695757,17.0,41.0,,,,22.878233333333334,8.214833333333333,39.05860486680271,0.0,1.0,0.0,0.0,0.0,26.795983333333325,5.564666666666669,0.0,0.0,67.3410234067619,10.586676666666666,22.883233333333337,26.795983333333325,8.214833333333333
2,1021649.1871493179,7985.808232695757,17.0,41.0,,,,22.878233333333334,8.214833333333333,39.05860486680272,0.0,1.0,0.0,0.0,0.0,26.795983333333325,5.564666666666669,0.0,0.0,67.3410234067619,10.586676666666666,22.883233333333337,26.795983333333325,8.214833333333333
3,1021649.1871493179,7985.808232695757,17.0,41.0,,,,22.878233333333334,8.214833333333333,39.05860486680272,0.0,1.0,0.0,0.0,0.0,26.795983333333325,5.564666666666669,0.0,0.0,67.3410234067619,10.586676666666666,22.883233333333337,26.795983333333325,8.214833333333333
4,1020424.0664455041,8052.991416695757,17.0,45.0,,,,0.0,31.093066666666665,39.05860486680271,0.0,23.0,0.0,0.0,0.0,26.79598333333333,5.5646666666666675,0.0,0.0,67.3410234067619,10.586676666666666,22.883233333333337,26.795983333333325,8.214833333333333
