,cost,emission,grid,wood_supply,DHDC_small_heat,DHDC_medium_heat,DHDC_large_heat,wood_boiler_heat,wood_boiler_DHW,PV,SCFP,DHW_to_heat,ASHP,ASHP_DHW,GSHP_heat,GSHP_cooling,battery,DHW_storage,heat_storage,geothermal_boreholes,demand_electricity,demand_space_heating,demand_space_cooling,demand_hot_water
0,2283790.998149885,5149.561538735803,9.0,56.0,273.13,848.75,2000.0,2000.0,2000.0,40.28399790815697,0.0,0.0,0.0,0.0,15.0,18.0,250.00000000000006,0.0,0.0,68.19879853570988,6.209166666666666,38.365833333333306,17.122666666666667,5.184773333333333
1,1233784.9332918809,5478.812336014169,9.0,42.0,50.0,0.0,0.0,27.301161990347364,5.0,40.28399790815697,0.0,0.0,0.0,5.170439999999999,14.686499999999999,17.122666666666667,7.491749999999998,0.0,0.0,68.19879853570988,6.209166666666666,38.365833333333306,17.122666666666667,5.184773333333333
2,913982.534880772,5808.063133292579,9.0,14.0,50.0,0.0,0.0,11.040930900962271,0.0,40.28399790815697,0.0,28.0,0.0,5.148606666666666,14.686499999999999,17.122666666666667,7.491749999999998,0.0,0.0,68.19879853570988,6.209166666666666,38.365833333333306,17.122666666666667,5.184773333333333
3,605247.7830977204,6137.31393057091,9.0,7.0,50.0,0.0,0.0,5.0,0.0,40.28399790815697,0.0,39.0,0.0,5.148606666666666,14.686499999999999,17.122666666666667,7.491749999999998,0.0,0.0,68.19879853570988,6.209166666666666,38.365833333333306,17.122666666666667,5.184773333333333
4,389042.83284306293,6466.564727849374,9.0,0.0,50.0,0.0,0.0,0.0,0.0,40.28399790815697,0.0,39.0,0.0,0.0,0.0,17.122666666666667,8.987000000000002,0.0,0.0,68.19879853570988,6.209166666666666,38.365833333333306,17.122666666666667,5.184773333333333
