,cost,emission,grid,wood_supply,DHDC_small_heat,DHDC_medium_heat,DHDC_large_heat,wood_boiler_heat,wood_boiler_DHW,PV,SCFP,DHW_to_heat,ASHP,ASHP_DHW,GSHP_heat,GSHP_cooling,battery,DHW_storage,heat_storage,geothermal_boreholes,demand_electricity,demand_space_heating,demand_space_cooling,demand_hot_water
0,2903063.981554959,5136.114352274068,4.0,87.0,273.13,848.75,2000.0,2000.0,2000.0,30.877591161835067,0.0,0.0,0.0,13.0,0.0,0.0,250.00000000000006,0.0,0.0,61.614313813284554,3.6221666666666668,48.36099999999999,0.0,18.429333333333332
1,1634912.3418852573,5609.861823359322,4.0,70.0,50.0,0.0,0.0,48.36099999999999,6.263632176568887,30.877591161835067,0.0,0.0,0.0,12.2095,0.0,0.0,9.056666666666665,0.0,0.0,61.614313813284554,3.6221666666666668,48.36099999999999,0.0,18.429333333333332
2,1004517.4707845872,6083.609294444607,4.0,32.0,50.0,0.0,0.0,25.3668552501895,0.0,30.877591161835067,0.0,23.0,0.0,12.195166666666667,0.0,0.0,9.056666666666665,0.0,0.0,61.614313813284554,3.6221666666666668,48.36099999999999,0.0,18.429333333333332
3,560291.5562897241,6557.356765529963,4.0,21.0,50.0,0.0,0.0,16.781833333333317,0.0,30.877591161835067,0.0,32.0,0.0,12.195166666666667,0.0,0.0,9.056666666666665,0.0,0.0,61.614313813284554,3.6221666666666668,48.36099999999999,0.0,18.429333333333332
4,161870.68013137914,7031.104236615339,5.0,0.0,64.913,0.0,0.0,0.0,0.0,30.877591161835067,0.0,49.0,0.0,3.151552461361024,0.0,0.0,5.379999999999999,0.0,0.0,61.614313813284554,3.6221666666666668,48.36099999999999,0.0,18.429333333333332
