,cost,emission,grid,wood_supply,DHDC_small_heat,DHDC_medium_heat,DHDC_large_heat,wood_boiler_heat,wood_boiler_DHW,PV,SCFP,DHW_to_heat,ASHP,ASHP_DHW,GSHP_heat,GSHP_cooling,battery,DHW_storage,heat_storage,geothermal_boreholes,demand_electricity,demand_space_heating,demand_space_cooling,demand_hot_water
0,908038.34072128,6964.768755057144,17.0,12.0,,,,2000.0,2000.0,64.03890862378249,0.0,0.0,0.0,0.0,22.0,26.0,250.00000000000006,0.0,0.0,84.82723603664775,10.359,21.718266666666665,25.308139999999998,7.9645
1,744043.9623142282,6985.634675320536,17.0,39.0,,,,21.716933333333333,7.964499999999999,64.03890862378249,0.0,1.0,0.0,0.0,0.0,25.308139999999998,13.564458333333336,0.0,0.0,84.82723603664775,10.359,21.718266666666665,25.308139999999998,7.9645
2,744043.9623142281,6985.634675320536,17.0,39.0,,,,21.716933333333333,7.964499999999999,64.03890862378249,0.0,1.0,0.0,0.0,0.0,25.308139999999998,13.564458333333336,0.0,0.0,84.82723603664775,10.359,21.718266666666665,25.308139999999998,7.9645
3,744043.9623142281,6985.634675320536,17.0,39.0,,,,21.716933333333333,7.964499999999999,64.03890862378249,0.0,1.0,0.0,0.0,0.0,25.308139999999998,13.564458333333336,0.0,0.0,84.82723603664775,10.359,21.718266666666665,25.308139999999998,7.9645
4,742804.6053057716,7050.299128499109,17.0,43.0,,,,0.0,29.68143333333333,64.03890862378249,0.0,22.0,0.0,0.0,0.0,25.308140000000005,13.564458333333336,0.0,0.0,84.82723603664775,10.359,21.718266666666665,25.308139999999998,7.9645
