,cost,emission,grid,wood_supply,DHDC_small_heat,DHDC_medium_heat,DHDC_large_heat,wood_boiler_heat,wood_boiler_DHW,PV,SCFP,DHW_to_heat,ASHP,ASHP_DHW,GSHP_heat,GSHP_cooling,battery,DHW_storage,heat_storage,geothermal_boreholes,demand_electricity,demand_space_heating,demand_space_cooling,demand_hot_water
0,1573139.9633858074,12366.338484975742,29.0,20.0,,,,2000.0,2000.0,114.71634386706032,0.0,0.0,0.0,0.0,32.0,44.0,250.00000000000006,0.0,0.0,120.30144070694223,18.464106666666662,31.458606666666668,43.15526,13.823
1,1392952.4695718342,12389.81754896116,29.0,60.0,,,,31.458606666666668,13.823,114.71634386706036,0.0,0.0,0.0,0.0,0.0,43.15526,22.221250000000005,0.0,0.0,120.30144070694223,18.464106666666662,31.458606666666668,43.15526,13.823
2,1392952.4695718342,12389.81754896116,29.0,60.0,,,,31.458606666666668,13.823,114.71634386706036,0.0,0.0,0.0,0.0,0.0,43.15526,22.221250000000005,0.0,0.0,120.30144070694223,18.464106666666662,31.458606666666668,43.15526,13.823
3,1392952.4695718344,12389.81754896116,29.0,60.0,,,,31.458606666666668,13.823,114.71634386706036,0.0,0.0,0.0,0.0,0.0,43.15526,22.221250000000005,0.0,0.0,120.30144070694223,18.464106666666662,31.458606666666668,43.15526,13.823
4,1391795.7599278062,12469.104228154018,29.0,65.0,,,,0.0,45.28160666666666,114.71634386706032,0.0,32.0,0.0,0.0,0.0,43.155260000000006,22.22125,0.0,0.0,120.30144070694223,18.464106666666662,31.458606666666668,43.15526,13.823
