,cost,emission,grid,wood_supply,DHDC_small_heat,DHDC_medium_heat,DHDC_large_heat,wood_boiler_heat,wood_boiler_DHW,PV,SCFP,DHW_to_heat,ASHP,ASHP_DHW,GSHP_heat,GSHP_cooling,battery,DHW_storage,heat_storage,geothermal_boreholes,demand_electricity,demand_space_heating,demand_space_cooling,demand_hot_water
0,982766.611086728,5204.515810616087,9.0,55.0,273.13,848.75,2000.0,2000.0,2000.0,41.77502418363616,0.0,0.0,0.0,0.0,15.0,17.0,250.00000000000006,0.0,0.0,69.24251692854533,6.395166666666667,38.0568,16.1405,5.1475
1,399125.6511140789,5444.537177916741,9.0,62.0,0.0,0.0,0.0,0.0,43.20396666666666,41.77502418363616,0.0,39.0,0.0,0.0,0.0,16.140500000000007,9.591833333333339,0.0,0.0,69.24251692854533,6.395166666666667,38.0568,16.1405,5.1475
2,399125.6511140789,5444.537177916742,9.0,62.0,0.0,0.0,0.0,0.0,43.20396666666666,41.77502418363616,0.0,39.0,0.0,0.0,0.0,16.1405,9.591833333333337,0.0,0.0,69.24251692854533,6.395166666666667,38.0568,16.1405,5.1475
3,399125.65111407894,5444.537177916742,9.0,62.0,0.0,0.0,0.0,0.0,43.20396666666666,41.77502418363616,0.0,39.0,0.0,0.0,0.0,16.1405,9.591833333333337,0.0,0.0,69.24251692854533,6.395166666666667,38.0568,16.1405,5.1475
4,397120.6045072345,6517.236314945313,9.0,0.0,50.0,0.0,0.0,0.0,0.0,41.77502418363616,0.0,39.0,0.0,0.0,0.0,16.1405,9.591833333333337,0.0,0.0,69.24251692854533,6.395166666666667,38.0568,16.1405,5.1475
