,cost,emission,grid,wood_supply,DHDC_small_heat,DHDC_medium_heat,DHDC_large_heat,wood_boiler_heat,wood_boiler_DHW,PV,SCFP,DHW_to_heat,ASHP,ASHP_DHW,GSHP_heat,GSHP_cooling,battery,DHW_storage,heat_storage,geothermal_boreholes,demand_electricity,demand_space_heating,demand_space_cooling,demand_hot_water
0,102786.75364674583,3889.210293485714,7.0,17.0,,,,2000.0,2000.0,13.66010701507093,0.0,0.0,0.0,0.0,0.0,0.0,250.00000000000006,0.0,0.0,49.562074910549654,6.987333333333333,12.847466666666667,0.0,0.7841066666666667
1,12538.120582646106,4104.094283656018,8.0,16.0,,,,12.591359999999998,0.0,10.203727120090305,0.0,1.0,0.0,0.7841066666666667,0.0,0.0,0.0,0.0,0.0,49.562074910549654,6.987333333333333,12.847466666666667,0.0,0.7841066666666667
2,10440.9617405049,4318.978273826166,13.0,0.0,,,,0.0,0.0,11.731373299432803,0.0,13.0,0.0,13.375466666666668,0.0,0.0,0.0,0.0,0.0,49.562074910549654,6.987333333333333,12.847466666666667,0.0,0.7841066666666667
3,9880.935974621352,4533.862263996347,13.0,0.0,,,,0.0,0.0,5.600228336627211,0.0,13.0,0.0,13.375466666666668,0.0,0.0,0.0,0.0,0.0,49.562074910549654,6.987333333333333,12.847466666666667,0.0,0.7841066666666667
4,9423.209653329828,4748.74625416667,13.0,0.0,,,,0.0,0.0,0.0,0.0,13.0,0.0,13.375466666666668,0.0,0.0,0.0,0.0,0.0,49.562074910549654,6.987333333333333,12.847466666666667,0.0,0.7841066666666667
