,cost,emission,grid,wood_supply,DHDC_small_heat,DHDC_medium_heat,DHDC_large_heat,wood_boiler_heat,wood_boiler_DHW,PV,SCFP,DHW_to_heat,ASHP,ASHP_DHW,GSHP_heat,GSHP_cooling,battery,DHW_storage,heat_storage,geothermal_boreholes,demand_electricity,demand_space_heating,demand_space_cooling,demand_hot_water
0,110173.64030811845,3508.986128208482,6.0,38.0,,,,2000.0,2000.0,35.6668010075529,0.0,0.0,0.0,0.0,16.0,12.0,250.00000000000006,0.0,0.0,64.96676070528704,4.631166666666667,25.74169999999999,11.985333333333335,3.9120000000000004
1,18236.886506824056,4101.309708220174,8.0,31.0,,,,24.329473333333326,0.0,29.159666817395543,0.0,2.0,0.0,4.079372598555836,1.2439607347774972,11.985333333333333,4.0406648160706355,0.0,0.0,64.96676070528704,4.631166666666667,25.74169999999999,11.985333333333335,3.9120000000000004
2,15352.364660953292,4693.633288231846,15.0,0.0,,,,0.0,0.0,31.872872456080938,0.0,25.0,0.0,28.365534675375827,1.2872719912908333,11.985333333333333,4.820486006582403,0.0,0.0,64.96676070528704,4.631166666666667,25.74169999999999,11.985333333333335,3.9120000000000004
3,13047.497481645776,5285.956868243489,15.0,0.0,,,,0.0,0.0,14.187969461038046,0.0,25.0,0.0,28.40981602061025,1.242990646056406,11.985333333333333,0.0,0.0,0.0,64.96676070528704,4.631166666666667,25.74169999999999,11.985333333333335,3.9120000000000004
4,12026.437494794374,5878.280448255208,15.0,0.0,,,,0.0,0.0,0.0,0.0,25.0,0.0,28.40981602061025,1.2429906460564064,11.985333333333333,0.0,0.0,0.0,64.96676070528704,4.631166666666667,25.74169999999999,11.985333333333335,3.9120000000000004
