,cost,emission,grid,wood_supply,DHDC_small_heat,DHDC_medium_heat,DHDC_large_heat,wood_boiler_heat,wood_boiler_DHW,PV,SCFP,DHW_to_heat,ASHP,ASHP_DHW,GSHP_heat,GSHP_cooling,battery,DHW_storage,heat_storage,geothermal_boreholes,demand_electricity,demand_space_heating,demand_space_cooling,demand_hot_water
0,107560.65887095615,3367.5817587311312,6.0,39.0,,,,2000.0,2000.0,19.89601483449077,0.0,0.0,0.0,0.0,9.0,11.0,250.00000000000006,0.0,0.0,53.92721038414354,3.664,27.225083333333316,10.523166666666668,3.11
1,15865.19661215536,3838.1558926720422,7.0,34.0,,,,26.516547253781724,0.015893333333333832,15.401901986132486,0.0,1.0,0.0,3.094106666666666,0.7028094128849256,10.523166666666668,0.4539172508178426,0.0,0.0,53.92721038414354,3.664,27.225083333333316,10.523166666666668,3.11
2,14551.62601996256,4308.730026612964,7.0,28.0,,,,22.155744082505183,0.0,11.561100576572505,0.0,6.0,0.0,7.4708420691695725,0.7027705149918945,10.523166666666668,0.0,0.0,0.0,53.92721038414354,3.664,27.225083333333316,10.523166666666668,3.11
3,11833.292263669275,4779.304160553639,15.0,0.0,,,,0.0,0.0,12.284831179429263,0.0,27.0,0.0,29.626586151674758,0.7027705149918945,10.523166666666668,0.0,0.0,0.0,53.92721038414354,3.664,27.225083333333316,10.523166666666668,3.11
4,10826.891077144279,5249.8782944947925,15.0,0.0,,,,0.0,0.0,0.0,0.0,27.0,0.0,29.626586151674758,0.7027705149918937,10.523166666666668,0.0,0.0,0.0,53.92721038414354,3.664,27.225083333333316,10.523166666666668,3.11
