,cost,emission,grid,wood_supply,DHDC_small_heat,DHDC_medium_heat,DHDC_large_heat,wood_boiler_heat,wood_boiler_DHW,PV,SCFP,DHW_to_heat,ASHP,ASHP_DHW,GSHP_heat,GSHP_cooling,battery,DHW_storage,heat_storage,geothermal_boreholes,demand_electricity,demand_space_heating,demand_space_cooling,demand_hot_water
0,932637.7786543793,6787.912451656286,7.0,77.0,273.13,848.75,2000.0,2000.0,2000.0,54.734705639134205,0.0,0.0,0.0,6.0,27.0,26.0,250.00000000000006,0.0,0.0,78.31429394739395,6.966,54.84608000000001,25.414666666666673,5.649136666666667
1,363188.6265356674,6839.042324359783,11.0,77.0,0.0,0.0,0.0,54.84608000000001,5.649136666666667,54.734705639134205,0.0,0.0,0.0,2.3553773742469195,0.0,25.41466666666667,11.900926094063779,0.0,0.0,78.31429394739395,6.966,54.84608000000001,25.414666666666673,5.649136666666667
2,363188.6265356674,6839.042324359783,9.0,77.0,0.0,0.0,0.0,54.84608000000001,5.649136666666667,54.734705639134205,0.0,0.0,0.0,2.355377374246919,0.0,25.41466666666667,11.900926094063779,0.0,0.0,78.31429394739395,6.966,54.84608000000001,25.414666666666673,5.649136666666667
3,360362.6106477522,8515.063035933716,9.0,14.0,50.0,0.0,0.0,10.495216666666673,0.0,54.734705639134205,0.0,45.0,0.0,2.444847666972671,0.0,25.41466666666667,12.857313472094706,0.0,0.0,78.31429394739395,6.966,54.84608000000001,25.414666666666673,5.649136666666667
4,357568.39468882227,9090.779897359529,7.0,0.0,60.49305000000001,0.0,0.0,0.0,0.0,54.734705639134205,0.0,55.0,0.0,2.0337611305920937,0.0,25.41466666666667,10.673932862253295,0.0,0.0,78.31429394739395,6.966,54.84608000000001,25.414666666666673,5.649136666666667
