,cost,emission,grid,wood_supply,DHDC_small_heat,DHDC_medium_heat,DHDC_large_heat,wood_boiler_heat,wood_boiler_DHW,PV,SCFP,DHW_to_heat,ASHP,ASHP_DHW,GSHP_heat,GSHP_cooling,battery,DHW_storage,heat_storage,geothermal_boreholes,demand_electricity,demand_space_heating,demand_space_cooling,demand_hot_water
0,608629.1880868573,6933.167550777465,10.0,70.0,273.13,848.75,2000.0,2000.0,2000.0,76.21483827234111,0.0,0.0,0.0,8.0,0.0,0.0,250.00000000000006,0.0,0.0,93.35038679063878,9.133833333333333,46.554333333333325,0.0,7.982833333333333
1,34790.50980624238,8075.680512041431,12.0,59.0,0.0,0.0,0.0,46.55416666666666,0.0,61.04734342459278,0.0,3.0,0.0,7.982833333333333,0.0,0.0,6.861175861350341,0.0,0.0,93.35038679063878,9.133833333333333,46.554333333333325,0.0,7.982833333333333
2,30177.299617256413,9218.193473305417,14.0,56.0,0.0,0.0,0.0,44.64112702480734,0.0,31.05816167980344,0.0,5.0,0.0,9.895872975192653,0.0,0.0,0.0,0.0,0.0,93.35038679063878,9.133833333333333,46.554333333333325,0.0,7.982833333333333
3,25814.17997650969,10360.70643456982,28.0,0.0,0.0,0.0,0.0,0.0,0.0,30.025919100201648,0.0,47.0,0.0,54.53699999999999,0.0,0.0,0.0,0.0,0.0,93.35038679063878,9.133833333333333,46.554333333333325,0.0,7.982833333333333
4,23332.30044534259,11503.219395833332,29.0,0.0,0.0,0.0,0.0,0.0,0.0,0.0,0.0,47.0,0.0,54.53699999999999,0.0,0.0,0.0,0.0,0.0,93.35038679063878,9.133833333333333,46.554333333333325,0.0,7.982833333333333
