,cost,emission,grid,wood_supply,DHDC_small_heat,DHDC_medium_heat,DHDC_large_heat,wood_boiler_heat,wood_boiler_DHW,PV,SCFP,DHW_to_heat,ASHP,ASHP_DHW,GSHP_heat,GSHP_cooling,battery,DHW_storage,heat_storage,geothermal_boreholes,demand_electricity,demand_space_heating,demand_space_cooling,demand_hot_water
0,103536.20873078647,2415.22721159753,4.0,26.0,,,,2000.0,2000.0,17.956273873643344,0.0,0.0,0.0,0.0,7.0,8.0,250.00000000000006,0.0,0.0,52.56939171155034,2.8669999999999995,17.759383333333336,7.0423333333333344,2.4361666666666664
1,12232.629394499787,2758.3403949689773,5.0,22.0,,,,17.284619441998462,0.0,14.797495187906096,0.0,1.0,0.0,2.4361666666666664,0.47326389133487173,7.042333333333334,1.0185504478883003,0.0,0.0,52.56939171155034,2.8669999999999995,17.759383333333336,7.0423333333333344,2.4361666666666664
2,11071.618369569074,3101.4535783404394,5.0,20.0,,,,15.79486717651321,0.0,8.182559071116271,0.0,3.0,0.0,3.9260003787825632,0.47318244470422915,7.042333333333334,0.0,0.0,0.0,52.56939171155034,2.8669999999999995,17.759383333333336,7.0423333333333344,2.4361666666666664
3,8659.841608582661,3444.5667617114286,10.0,0.0,,,,0.0,0.0,9.767186070501783,0.0,18.0,0.0,19.720867555295772,0.47318244470422915,7.042333333333334,0.0,0.0,0.0,52.56939171155034,2.8669999999999995,17.759383333333336,7.0423333333333344,2.4361666666666664
4,7769.990015643714,3787.6799450833328,10.0,0.0,,,,0.0,0.0,0.0,0.0,18.0,0.0,19.72086755529577,0.4731824447042299,7.042333333333334,0.0,0.0,0.0,52.56939171155034,2.8669999999999995,17.759383333333336,7.0423333333333344,2.4361666666666664
