,cost,emission,grid,wood_supply,DHDC_small_heat,DHDC_medium_heat,DHDC_large_heat,wood_boiler_heat,wood_boiler_DHW,PV,SCFP,DHW_to_heat,ASHP,ASHP_DHW,GSHP_heat,GSHP_cooling,battery,DHW_storage,heat_storage,geothermal_boreholes,demand_electricity,demand_space_heating,demand_space_cooling,demand_hot_water
0,119551.62128749129,7969.545905057861,17.0,12.0,,,,2000.0,2000.0,39.05860486680271,0.0,0.0,0.0,0.0,23.0,27.0,250.00000000000006,0.0,0.0,67.3410234067619,10.586676666666666,22.883233333333337,26.795983333333325,8.214833333333333
1,26911.406771822876,8552.870694296771,20.0,8.0,,,,0.0,5.0,39.05860486680271,0.0,5.0,0.0,8.0565,18.03656666666667,26.795983333333325,0.0,0.0,0.0,67.3410234067619,10.586676666666666,22.883233333333337,26.795983333333325,8.214833333333333
2,23261.486376185985,9136.195483535872,20.0,0.0,,,,0.0,0.0,30.932633505024324,0.0,1.0,0.0,8.67126666666667,22.421799999999998,26.795983333333325,0.0,0.0,0.0,67.3410234067619,10.586676666666666,22.883233333333337,26.795983333333325,8.214833333333333
3,21965.175015008277,9719.520272774878,20.0,0.0,,,,0.0,0.0,15.451198938027579,0.0,1.0,0.0,8.67126666666667,22.421799999999998,26.795983333333325,0.0,0.0,0.0,67.3410234067619,10.586676666666666,22.883233333333337,26.795983333333325,8.214833333333333
4,20672.455915316514,10302.845062013888,20.0,0.0,,,,0.0,0.0,0.0,0.0,2.0,0.0,9.443866666666667,21.6492,26.795983333333325,0.0,0.0,0.0,67.3410234067619,10.586676666666666,22.883233333333337,26.795983333333325,8.214833333333333
