,cost,emission,grid,wood_supply,DHDC_small_heat,DHDC_medium_heat,DHDC_large_heat,wood_boiler_heat,wood_boiler_DHW,PV,SCFP,DHW_to_heat,ASHP,ASHP_DHW,GSHP_heat,GSHP_cooling,battery,DHW_storage,heat_storage,geothermal_boreholes,demand_electricity,demand_space_heating,demand_space_cooling,demand_hot_water
0,869522.2127846227,4059.039684137604,6.0,47.0,273.13,848.75,2000.0,2000.0,2000.0,30.015692478939915,0.0,0.0,0.0,0.0,14.0,14.0,250.00000000000006,0.0,0.0,61.01098473525795,4.643,32.72424999999999,13.079333333333333,3.95497
1,291104.2434640968,4270.0808166580355,7.0,53.0,0.0,0.0,0.0,0.0,36.678886666666656,30.015692478939915,0.0,33.0,0.0,0.0,0.0,13.079333333333333,6.736999999999999,0.0,0.0,61.01098473525795,4.643,32.72424999999999,13.079333333333333,3.95497
2,291104.2434640968,4270.0808166580355,7.0,53.0,0.0,0.0,0.0,0.0,36.67888666666665,30.015692478939915,0.0,33.0,0.0,0.0,0.0,13.079333333333333,6.736999999999999,0.0,0.0,61.01098473525795,4.643,32.72424999999999,13.079333333333333,3.95497
3,291104.2434640968,4270.0808166580355,7.0,53.0,0.0,0.0,0.0,0.0,36.678886666666656,30.015692478939915,0.0,33.0,0.0,0.0,0.0,13.079333333333336,6.736999999999999,0.0,0.0,61.01098473525795,4.643,32.72424999999999,13.079333333333333,3.95497
4,290506.8083633337,5180.92877126375,7.0,0.0,50.0,0.0,0.0,0.0,0.0,30.015692478939915,0.0,33.0,0.0,0.0,0.0,13.079333333333336,6.736999999999999,0.0,0.0,61.01098473525795,4.643,32.72424999999999,13.079333333333333,3.95497
