,cost,emission,grid,wood_supply,DHDC_small_heat,DHDC_medium_heat,DHDC_large_heat,wood_boiler_heat,wood_boiler_DHW,PV,SCFP,DHW_to_heat,ASHP,ASHP_DHW,GSHP_heat,GSHP_cooling,battery,DHW_storage,heat_storage,geothermal_boreholes,demand_electricity,demand_space_heating,demand_space_cooling,demand_hot_water
0,1197331.3454200092,8036.179454150173,17.0,12.0,,,,2000.0,2000.0,39.054126261568655,0.0,0.0,0.0,0.0,25.0,27.0,250.00000000000006,0.0,0.0,67.33788838309806,10.718606666666668,24.009446666666662,26.669833333333333,8.347
1,1015606.938096495,8054.430234303347,17.0,42.0,,,,24.00125,8.346999999999998,39.05412626156866,0.0,1.0,0.0,0.0,0.0,26.669833333333333,6.4336666666666655,0.0,0.0,67.33788838309806,10.718606666666668,24.009446666666662,26.669833333333333,8.347
2,1015606.9380964951,8054.430234303349,17.0,42.0,,,,24.00125,8.346999999999998,39.05412626156866,0.0,1.0,0.0,0.0,0.0,26.669833333333333,6.4336666666666655,0.0,0.0,67.33788838309806,10.718606666666668,24.009446666666662,26.669833333333333,8.347
3,1015606.9380964951,8054.430234303349,17.0,42.0,,,,24.00125,8.346999999999998,39.05412626156866,0.0,1.0,0.0,0.0,0.0,26.669833333333333,6.4336666666666655,0.0,0.0,67.33788838309806,10.718606666666668,24.009446666666662,26.669833333333333,8.347
4,1014426.8800369314,8129.58603997835,17.0,47.0,,,,0.0,32.34824999999999,39.054126261568655,0.0,25.0,0.0,0.0,0.0,26.66983333333334,6.433666666666664,0.0,0.0,67.33788838309806,10.718606666666668,24.009446666666662,26.669833333333333,8.347
