,cost,emission,grid,wood_supply,DHDC_small_heat,DHDC_medium_heat,DHDC_large_heat,wood_boiler_heat,wood_boiler_DHW,PV,SCFP,DHW_to_heat,ASHP,ASHP_DHW,GSHP_heat,GSHP_cooling,battery,DHW_storage,heat_storage,geothermal_boreholes,demand_electricity,demand_space_heating,demand_space_cooling,demand_hot_water
0,1127722.434909416,6858.0412697125,10.0,65.0,273.13,848.75,2000.0,2000.0,2000.0,60.078133558640054,0.0,0.0,0.0,0.0,0.0,0.0,250.00000000000006,0.0,0.0,82.05469349104804,9.743333333333334,45.69015333333335,0.0,7.021666666666666
1,565946.1820094427,7102.373735483929,10.0,73.0,0.0,0.0,0.0,0.0,50.55648666666668,60.078133558640054,0.0,46.0,0.0,0.0,0.0,0.0,15.038000000000006,0.0,0.0,82.05469349104804,9.743333333333334,45.69015333333335,0.0,7.021666666666666
2,565946.1820094427,7102.373735483929,10.0,73.0,0.0,0.0,0.0,0.0,50.55648666666668,60.078133558640054,0.0,46.0,0.0,0.0,0.0,0.0,15.038000000000006,0.0,0.0,82.05469349104804,9.743333333333334,45.69015333333335,0.0,7.021666666666666
3,565710.1737408425,7999.738248215029,10.0,9.0,50.0,0.0,0.0,7.030015987352106,0.0,60.078133558640054,0.0,39.0,0.0,0.0,0.0,0.0,15.038,0.0,0.0,82.05469349104804,9.743333333333334,45.69015333333335,0.0,7.021666666666666
4,562241.6589732516,8380.303907715836,10.0,0.0,50.09765333333335,0.0,0.0,0.0,0.0,60.078133558640054,0.0,46.0,0.0,0.458833333333331,0.0,0.0,15.038,0.0,0.0,82.05469349104804,9.743333333333334,45.69015333333335,0.0,7.021666666666666
