,cost,emission,grid,wood_supply,DHDC_small_heat,DHDC_medium_heat,DHDC_large_heat,wood_boiler_heat,wood_boiler_DHW,PV,SCFP,DHW_to_heat,ASHP,ASHP_DHW,GSHP_heat,GSHP_cooling,battery,DHW_storage,heat_storage,geothermal_boreholes,demand_electricity,demand_space_heating,demand_space_cooling,demand_hot_water
0,136568.38314991817,9686.910127718751,25.0,17.0,,,,2000.0,2000.0,111.6776031125558,0.0,0.0,0.0,0.0,32.0,37.0,250.00000000000006,0.0,0.0,118.17432217878907,15.026666666666666,31.62942666666667,36.59000666666667,11.318166666666665
1,40813.382181973415,10909.184244226573,28.0,0.0,,,,0.0,0.0,106.51953784629988,0.0,1.0,0.0,11.472606666666664,31.47498666666667,36.59000666666667,12.320700503305233,0.0,0.0,118.17432217878907,15.026666666666666,31.62942666666667,36.59000666666667,11.318166666666665
2,34982.98676656162,12131.458360734381,28.0,0.0,,,,0.0,0.0,65.87769274718302,0.0,1.0,0.0,11.472606666666664,31.47498666666667,36.59000666666667,1.3622960259906316,0.0,0.0,118.17432217878907,15.026666666666666,31.62942666666667,36.59000666666667,11.318166666666665
3,31771.244101346805,13353.732477242185,28.0,0.0,,,,0.0,0.0,31.59210296796121,0.0,1.0,0.0,11.724106666666666,31.223486666666666,36.59000666666667,0.0,0.0,0.0,118.17432217878907,15.026666666666666,31.62942666666667,36.59000666666667,11.318166666666665
4,29214.809531491926,14576.006593749995,28.0,0.0,,,,0.0,0.0,0.0,0.0,2.0,0.0,12.907379999999998,30.040213333333334,36.59000666666667,0.0,0.0,0.0,118.17432217878907,15.026666666666666,31.62942666666667,36.59000666666667,11.318166666666665
