,cost,emission,grid,wood_supply,DHDC_small_heat,DHDC_medium_heat,DHDC_large_heat,wood_boiler_heat,wood_boiler_DHW,PV,SCFP,DHW_to_heat,ASHP,ASHP_DHW,GSHP_heat,GSHP_cooling,battery,DHW_storage,heat_storage,geothermal_boreholes,demand_electricity,demand_space_heating,demand_space_cooling,demand_hot_water
0,592928.1162153474,4491.185895266071,6.0,47.0,273.13,848.75,2000.0,2000.0,2000.0,30.474398467975092,0.0,0.0,0.0,0.0,0.0,0.0,250.00000000000006,0.0,0.0,61.332078927582565,5.258166666666667,32.08436666666666,0.0,4.525803333333333
1,20627.516268181487,5123.435919887043,7.0,41.0,0.0,0.0,0.0,32.08403333333332,0.0,24.524975808007984,0.0,2.0,0.0,4.525803333333332,0.0,0.0,1.3578971568191005,0.0,0.0,61.332078927582565,5.258166666666667,32.08436666666666,0.0,4.525803333333333
2,18735.360703861938,5755.685944507817,10.0,34.0,0.0,0.0,0.0,27.072855504650732,0.0,17.37276356574736,0.0,7.0,0.0,9.53698116201593,0.0,0.0,0.0,0.0,0.0,61.332078927582565,5.258166666666667,32.08436666666666,0.0,4.525803333333333
3,15626.360514348125,6387.935969129009,19.0,0.0,0.0,0.0,0.0,0.0,0.0,16.292408860289598,0.0,33.0,0.0,36.60983666666666,0.0,0.0,0.0,0.0,0.0,61.332078927582565,5.258166666666667,32.08436666666666,0.0,4.525803333333333
4,14315.257476094843,7020.185993750001,19.0,0.0,0.0,0.0,0.0,0.0,0.0,0.0,0.0,33.0,0.0,36.60983666666666,0.0,0.0,0.0,0.0,0.0,61.332078927582565,5.258166666666667,32.08436666666666,0.0,4.525803333333333
