,cost,emission,grid,wood_supply,DHDC_small_heat,DHDC_medium_heat,DHDC_large_heat,wood_boiler_heat,wood_boiler_DHW,PV,SCFP,DHW_to_heat,ASHP,ASHP_DHW,GSHP_heat,GSHP_cooling,battery,DHW_storage,heat_storage,geothermal_boreholes,demand_electricity,demand_space_heating,demand_space_cooling,demand_hot_water
0,1681143.4404583878,12367.001368103325,26.0,17.0,,,,2000.0,2000.0,106.36886996185484,0.0,0.0,0.0,0.0,29.0,36.0,250.00000000000006,0.0,0.0,114.45820897329841,16.937426666666664,28.7329,35.258966666666666,11.54244
1,1511984.9703947275,12385.033909523214,26.0,53.0,,,,28.473266666666667,11.54244,106.36886996185486,0.0,1.0,0.0,0.0,0.0,35.258966666666666,20.815500000000004,0.0,0.0,114.45820897329841,16.937426666666664,28.7329,35.258966666666666,11.54244
2,1511984.9703947275,12385.033909523214,26.0,53.0,,,,28.473266666666667,11.54244,106.36886996185486,0.0,1.0,0.0,0.0,0.0,35.258966666666666,20.815500000000004,0.0,0.0,114.45820897329841,16.937426666666664,28.7329,35.258966666666666,11.54244
3,1511984.9703947273,12385.033909523214,26.0,53.0,,,,28.473266666666667,11.54244,106.36886996185486,0.0,1.0,0.0,0.0,0.0,35.258966666666666,20.815500000000004,0.0,0.0,114.45820897329841,16.937426666666664,28.7329,35.258966666666666,11.54244
4,1510769.4669980565,12453.918617094643,26.0,58.0,,,,0.0,40.01570666666667,106.36886996185484,0.0,29.0,0.0,0.0,0.0,35.25896666666667,20.815499999999997,0.0,0.0,114.45820897329841,16.937426666666664,28.7329,35.258966666666666,11.54244
