,cost,emission,grid,wood_supply,DHDC_small_heat,DHDC_medium_heat,DHDC_large_heat,wood_boiler_heat,wood_boiler_DHW,PV,SCFP,DHW_to_heat,ASHP,ASHP_DHW,GSHP_heat,GSHP_cooling,battery,DHW_storage,heat_storage,geothermal_boreholes,demand_electricity,demand_space_heating,demand_space_cooling,demand_hot_water
0,606971.9683982347,6667.478574758772,16.0,127.0,273.13,848.75,2000.0,2000.0,2000.0,85.46183858489601,0.0,0.0,0.0,7.0,0.0,0.0,250.00000000000006,0.0,0.0,99.82328700942722,16.63445,95.11713999999996,0.0,6.419573333333333
1,35084.96173049162,7764.620347735797,18.0,118.0,0.0,0.0,0.0,94.13939999999997,0.0,55.87059910625658,0.0,1.0,0.0,6.419573333333333,0.0,0.0,3.6465361941127505,0.0,0.0,99.82328700942722,16.63445,95.11713999999996,0.0,6.419573333333333
2,30339.676385711875,8861.762120712596,19.0,118.0,0.0,0.0,0.0,94.13939999999997,0.0,17.79906193966318,0.0,1.0,0.0,6.419573333333333,0.0,0.0,0.08593024856805553,0.0,0.0,99.82328700942722,16.63445,95.11713999999996,0.0,6.419573333333333
3,27105.89326925519,9958.903893689283,56.0,0.0,0.0,0.0,0.0,0.0,0.0,32.78160282168576,0.0,96.0,0.0,100.55897333333328,0.0,0.0,2.7906445907321817,0.0,0.0,99.82328700942722,16.63445,95.11713999999996,0.0,6.419573333333333
4,23525.285732335105,11056.045666666661,56.0,0.0,0.0,0.0,0.0,0.0,0.0,0.0,0.0,96.0,0.0,100.55897333333328,0.0,0.0,0.0,0.0,0.0,99.82328700942722,16.63445,95.11713999999996,0.0,6.419573333333333
