,cost,emission,grid,wood_supply,DHDC_small_heat,DHDC_medium_heat,DHDC_large_heat,wood_boiler_heat,wood_boiler_DHW,PV,SCFP,DHW_to_heat,ASHP,ASHP_DHW,GSHP_heat,GSHP_cooling,battery,DHW_storage,heat_storage,geothermal_boreholes,demand_electricity,demand_space_heating,demand_space_cooling,demand_hot_water
0,1712384.1413800467,10044.574416166079,41.0,178.0,273.13,848.75,2000.0,2000.0,2000.0,58.81023696287307,0.0,0.0,15.0,0.0,105.0,65.0,250.00000000000006,0.0,0.0,81.16716587401116,24.026666666666667,136.55849999999998,79.60516,7.073240000000001
1,1058061.5393789075,10078.668991736107,41.0,179.0,0.0,0.0,0.0,134.62225999999995,7.07324,58.81023696287309,0.0,2.0,13.005487300791074,0.0,2.677403571428556,66.59967269920891,15.700666666666674,0.0,6.0,81.16716587401116,24.026666666666667,136.55849999999998,79.60516,7.073240000000001
2,1058061.5393789078,10078.668991736105,41.0,179.0,0.0,0.0,0.0,134.62225999999995,7.07324,58.81023696287307,0.0,2.0,13.005487300791074,0.0,2.677403571428556,66.59967269920891,15.70066666666667,0.0,6.0,81.16716587401116,24.026666666666667,136.55849999999998,79.60516,7.073240000000001
3,1058061.5393789075,10078.668991736105,41.0,179.0,0.0,0.0,0.0,134.62225999999995,7.07324,58.81023696287307,0.0,2.0,13.005487300791074,0.0,2.677403571428556,66.59967269920891,15.70066666666667,0.0,6.0,81.16716587401116,24.026666666666667,136.55849999999998,79.60516,7.073240000000001
4,1057178.2079302373,11493.595137838962,41.0,115.0,50.0,0.0,0.0,91.69549999999995,0.0,58.81023696287307,0.0,50.0,13.005487300791074,0.0,2.677403571428556,66.59967269920891,15.70066666666667,0.0,6.0,81.16716587401116,24.026666666666667,136.55849999999998,79.60516,7.073240000000001
