,cost,emission,grid,wood_supply,DHDC_small_heat,DHDC_medium_heat,DHDC_large_heat,wood_boiler_heat,wood_boiler_DHW,PV,SCFP,DHW_to_heat,ASHP,ASHP_DHW,GSHP_heat,GSHP_cooling,battery,DHW_storage,heat_storage,geothermal_boreholes,demand_electricity,demand_space_heating,demand_space_cooling,demand_hot_water
0,624323.2605219856,11522.837841911012,20.0,111.0,273.13,848.75,2000.0,2000.0,2000.0,79.83060584903886,0.0,0.0,0.0,0.0,49.0,39.0,250.00000000000006,0.0,0.0,95.8814240943272,14.237666666666664,75.55673333333327,38.841833333333334,11.368136666666667
1,48340.968407957705,13014.695157963204,24.0,90.0,0.0,0.0,0.0,71.36255440719373,0.0,69.46981705268243,0.0,4.0,0.0,11.368136666666667,4.194178926139535,38.841833333333334,5.355852732910614,0.0,0.0,95.8814240943272,14.237666666666664,75.55673333333327,38.841833333333334,11.368136666666667
2,43674.105389523276,14506.552474015713,24.0,76.0,0.0,0.0,0.0,60.21560757164725,0.0,46.45522654035507,0.0,15.0,0.0,22.52420794053151,4.185054487821178,38.841833333333334,0.0,0.0,0.0,95.8814240943272,14.237666666666664,75.55673333333327,38.841833333333334,11.368136666666667
3,38643.73903432094,15998.409790066851,43.0,0.0,0.0,0.0,0.0,0.0,0.0,37.29861563327551,0.0,72.0,0.0,82.73981551215752,4.185054487842416,38.841833333333334,0.0,0.0,0.0,95.8814240943272,14.237666666666664,75.55673333333327,38.841833333333334,11.368136666666667
4,35770.67541216757,17490.2671061198,44.0,0.0,0.0,0.0,0.0,0.0,0.0,0.0,0.0,72.0,0.0,82.73981551215762,4.185054487842308,38.841833333333334,0.0,0.0,0.0,95.8814240943272,14.237666666666664,75.55673333333327,38.841833333333334,11.368136666666667
