,cost,emission,grid,wood_supply,DHDC_small_heat,DHDC_medium_heat,DHDC_large_heat,wood_boiler_heat,wood_boiler_DHW,PV,SCFP,DHW_to_heat,ASHP,ASHP_DHW,GSHP_heat,GSHP_cooling,battery,DHW_storage,heat_storage,geothermal_boreholes,demand_electricity,demand_space_heating,demand_space_cooling,demand_hot_water
0,589975.3872949725,3644.0797730607146,5.0,41.0,273.13,848.75,2000.0,2000.0,2000.0,28.368513239077338,0.0,0.0,0.0,0.0,0.0,0.0,250.00000000000006,0.0,0.0,59.85795926735414,4.180166666666666,27.82556666666667,0.0,3.7466666666666675
1,17923.851981302043,4200.8096698996915,6.0,35.0,0.0,0.0,0.0,27.824506666666668,0.0,21.80670583478941,0.0,2.0,0.0,3.746666666666667,0.0,0.0,1.5523838202793088,0.0,0.0,59.85795926735414,4.180166666666666,27.82556666666667,0.0,3.7466666666666675
2,16157.97515965001,4757.539566738455,8.0,31.0,0.0,0.0,0.0,24.282983284437996,0.0,13.9856180655748,0.0,5.0,0.0,7.288190048895334,0.0,0.0,0.0,0.0,0.0,59.85795926735414,4.180166666666666,27.82556666666667,0.0,3.7466666666666675
3,13223.839613736693,5314.269463577681,16.0,0.0,0.0,0.0,0.0,0.0,0.0,14.738961754223922,0.0,28.0,0.0,31.571173333333334,0.0,0.0,0.0,0.0,0.0,59.85795926735414,4.180166666666666,27.82556666666667,0.0,3.7466666666666675
4,11993.690417412592,5870.999360416665,16.0,0.0,0.0,0.0,0.0,0.0,0.0,0.0,0.0,28.0,0.0,31.571173333333334,0.0,0.0,0.0,0.0,0.0,59.85795926735414,4.180166666666666,27.82556666666667,0.0,3.7466666666666675
