,cost,emission,grid,wood_supply,DHDC_small_heat,DHDC_medium_heat,DHDC_large_heat,wood_boiler_heat,wood_boiler_DHW,PV,SCFP,DHW_to_heat,ASHP,ASHP_DHW,GSHP_heat,GSHP_cooling,battery,DHW_storage,heat_storage,geothermal_boreholes,demand_electricity,demand_space_heating,demand_space_cooling,demand_hot_water
0,140749.21951956197,12367.001368103325,26.0,17.0,,,,2000.0,2000.0,106.36886996185484,0.0,0.0,0.0,0.0,29.0,36.0,250.00000000000006,0.0,0.0,114.45820897329841,16.937426666666664,28.7329,35.258966666666666,11.54244
1,44435.81330315352,13627.268565626106,29.0,0.0,,,,0.0,0.0,104.06575637570404,0.0,1.0,0.0,11.572806666666672,28.442899999999998,35.258966666666666,6.316060798073197,0.0,0.0,114.45820897329841,16.937426666666664,28.7329,35.258966666666666,11.54244
2,39834.0370433586,14887.53576314888,29.0,0.0,,,,0.0,0.0,65.12420167779197,0.0,2.0,0.0,12.519773333333335,27.495933333333333,35.258966666666666,0.0,0.0,0.0,114.45820897329841,16.937426666666664,28.7329,35.258966666666666,11.54244
3,37147.200332059016,16147.802960671657,29.0,0.0,,,,0.0,0.0,32.2674832952248,0.0,2.0,0.0,12.519773333333335,27.495933333333333,35.258966666666666,0.0,0.0,0.0,114.45820897329841,16.937426666666664,28.7329,35.258966666666666,11.54244
4,34571.524432011676,17408.07015819444,29.0,0.0,,,,0.0,0.0,0.0,0.0,3.0,0.0,13.323373333333338,26.69233333333333,35.258966666666666,0.0,0.0,0.0,114.45820897329841,16.937426666666664,28.7329,35.258966666666666,11.54244
