,cost,emission,grid,wood_supply,DHDC_small_heat,DHDC_medium_heat,DHDC_large_heat,wood_boiler_heat,wood_boiler_DHW,PV,SCFP,DHW_to_heat,ASHP,ASHP_DHW,GSHP_heat,GSHP_cooling,battery,DHW_storage,heat_storage,geothermal_boreholes,demand_electricity,demand_space_heating,demand_space_cooling,demand_hot_water
0,977138.3229459887,5149.561538735803,9.0,56.0,273.13,848.75,2000.0,2000.0,2000.0,40.28399790815697,0.0,0.0,0.0,0.0,15.0,18.0,250.00000000000006,0.0,0.0,68.19879853570988,6.209166666666666,38.365833333333306,17.122666666666667,5.184773333333333
1,391094.585421301,5388.757106295088,9.0,63.0,0.0,0.0,0.0,0.0,43.550439999999966,40.28399790815697,0.0,39.0,0.0,0.0,0.0,17.12266666666667,8.987000000000004,0.0,0.0,68.19879853570988,6.209166666666666,38.365833333333306,17.122666666666667,5.184773333333333
2,391094.585421301,5388.757106295088,9.0,63.0,0.0,0.0,0.0,0.0,43.550439999999966,40.28399790815697,0.0,39.0,0.0,0.0,0.0,17.122666666666667,8.987000000000002,0.0,0.0,68.19879853570988,6.209166666666666,38.365833333333306,17.122666666666667,5.184773333333333
3,391094.585421301,5388.757106295088,9.0,63.0,0.0,0.0,0.0,0.0,43.550439999999966,40.28399790815697,0.0,39.0,0.0,0.0,0.0,17.122666666666667,8.987000000000002,0.0,0.0,68.19879853570988,6.209166666666666,38.365833333333306,17.122666666666667,5.184773333333333
4,389042.832843063,6466.564727849374,9.0,0.0,50.0,0.0,0.0,0.0,0.0,40.28399790815697,0.0,39.0,0.0,0.0,0.0,17.12266666666667,8.987000000000002,0.0,0.0,68.19879853570988,6.209166666666666,38.365833333333306,17.122666666666667,5.184773333333333
