,cost,emission,grid,wood_supply,DHDC_small_heat,DHDC_medium_heat,DHDC_large_heat,wood_boiler_heat,wood_boiler_DHW,PV,SCFP,DHW_to_heat,ASHP,ASHP_DHW,GSHP_heat,GSHP_cooling,battery,DHW_storage,heat_storage,geothermal_boreholes,demand_electricity,demand_space_heating,demand_space_cooling,demand_hot_water
0,595791.624654646,5048.837123608884,8.0,55.0,273.13,848.75,2000.0,2000.0,2000.0,32.79370055443137,0.0,0.0,0.0,0.0,29.0,16.0,250.00000000000006,0.0,0.0,62.95559038810197,5.850833333333333,37.67211666666667,15.943,4.867303333333333
1,22802.115063696136,5756.993264090786,10.0,46.0,0.0,0.0,0.0,36.49005295410191,0.009999999999999787,26.592947110796054,0.0,2.0,0.0,4.857303333333333,1.1818970458980889,15.943,1.8617110037260132,0.0,0.0,62.95559038810197,5.850833333333333,37.67211666666667,15.943,4.867303333333333
2,20730.306569782442,6465.149404572489,11.0,38.0,0.0,0.0,0.0,30.337385482507663,0.0,19.120676586305212,0.0,8.0,0.0,11.020569552641632,1.1812982981840356,15.943,0.0,0.0,0.0,62.95559038810197,5.850833333333333,37.67211666666667,15.943,4.867303333333333
3,17454.924998820657,7173.305545053842,21.0,0.0,0.0,0.0,0.0,0.0,0.0,17.20928363027846,0.0,37.0,0.0,41.35907366215943,1.1801796711738968,15.943,0.0,0.0,0.0,62.95559038810197,5.850833333333333,37.67211666666667,15.943,4.867303333333333
4,16186.641898920769,7881.461685536464,22.0,0.0,0.0,0.0,0.0,0.0,0.0,0.0,0.0,37.0,0.0,41.35907366215949,1.1801796711738461,15.943,0.0,0.0,0.0,62.95559038810197,5.850833333333333,37.67211666666667,15.943,4.867303333333333
