,cost,emission,grid,wood_supply,DHDC_small_heat,DHDC_medium_heat,DHDC_large_heat,wood_boiler_heat,wood_boiler_DHW,PV,SCFP,DHW_to_heat,ASHP,ASHP_DHW,GSHP_heat,GSHP_cooling,battery,DHW_storage,heat_storage,geothermal_boreholes,demand_electricity,demand_space_heating,demand_space_cooling,demand_hot_water
0,119334.09297415936,7926.318677879116,17.0,12.0,,,,2000.0,2000.0,38.96694183358679,0.0,0.0,0.0,0.0,23.0,26.0,250.00000000000006,0.0,0.0,67.27685928351075,10.610209999999997,22.656533333333314,25.203500000000002,8.031666666666668
1,26713.880433902243,8502.653310180125,20.0,8.0,,,,0.0,5.0,38.96694183358679,0.0,5.0,0.0,7.9055,17.78183666666665,25.2035,0.0,0.0,0.0,67.27685928351075,10.610209999999997,22.656533333333314,25.203500000000002,8.031666666666668
2,23088.205255696925,9078.987942481215,20.0,0.0,,,,0.0,0.0,30.626135012187817,0.0,1.0,0.0,8.586136666666665,22.10119999999998,25.2035,0.0,0.0,0.0,67.27685928351075,10.610209999999997,22.656533333333314,25.203500000000002,8.031666666666668
3,21800.917401367315,9655.322574782263,20.0,0.0,,,,0.0,0.0,15.296430332257644,0.0,1.0,0.0,8.586136666666665,22.10119999999998,25.2035,0.0,0.0,0.0,67.27685928351075,10.610209999999997,22.656533333333314,25.203500000000002,8.031666666666668
4,20518.1771817663,10231.657207083332,20.0,0.0,,,,0.0,0.0,0.0,0.0,2.0,0.0,9.207869999999994,21.479466666666653,25.2035,0.0,0.0,0.0,67.27685928351075,10.610209999999997,22.656533333333314,25.203500000000002,8.031666666666668
