,cost,emission,grid,wood_supply,DHDC_small_heat,DHDC_medium_heat,DHDC_large_heat,wood_boiler_heat,wood_boiler_DHW,PV,SCFP,DHW_to_heat,ASHP,ASHP_DHW,GSHP_heat,GSHP_cooling,battery,DHW_storage,heat_storage,geothermal_boreholes,demand_electricity,demand_space_heating,demand_space_cooling,demand_hot_water
0,2661238.985978592,6098.303200605356,8.0,65.0,273.13,848.75,2000.0,2000.0,2000.0,41.44874214874338,0.0,0.0,0.0,0.0,0.0,0.0,250.00000000000006,0.0,0.0,69.01411950412037,7.007833333333333,44.458716666666646,0.0,6.0680000000000005
1,1542693.800647908,6470.301561545879,8.0,56.0,50.0,0.0,0.0,44.458716666666646,5.0,41.44874214874338,0.0,0.0,0.0,6.043333333333333,0.0,0.0,6.940374999999998,0.0,0.0,69.01411950412037,7.007833333333333,44.458716666666646,0.0,6.0680000000000005
2,1178265.881241198,6842.299922486391,8.0,20.0,50.0,0.0,0.0,15.389396814381946,0.0,41.44874214874338,0.0,30.0,0.0,9.6985,0.0,0.0,6.940374999999998,0.0,0.0,69.01411950412037,7.007833333333333,44.458716666666646,0.0,6.0680000000000005
3,829396.1589059323,7214.298283426928,8.0,7.0,50.0,0.0,0.0,5.413856565058601,0.0,41.44874214874338,0.0,40.0,0.0,9.6985,0.0,0.0,6.940374999999998,0.0,0.0,69.01411950412037,7.007833333333333,44.458716666666646,0.0,6.0680000000000005
4,486455.32065241406,7586.2966443675,8.0,0.0,50.32792999999999,0.0,0.0,0.0,0.0,41.44874214874338,0.0,45.0,0.0,0.1986199999999864,0.0,0.0,8.930166666666668,0.0,0.0,69.01411950412037,7.007833333333333,44.458716666666646,0.0,6.0680000000000005
