,cost,emission,grid,wood_supply,DHDC_small_heat,DHDC_medium_heat,DHDC_large_heat,wood_boiler_heat,wood_boiler_DHW,PV,SCFP,DHW_to_heat,ASHP,ASHP_DHW,GSHP_heat,GSHP_cooling,battery,DHW_storage,heat_storage,geothermal_boreholes,demand_electricity,demand_space_heating,demand_space_cooling,demand_hot_water
0,1191630.4541272095,7926.318677879116,17.0,12.0,,,,2000.0,2000.0,38.96694183358679,0.0,0.0,0.0,0.0,23.0,26.0,250.00000000000006,0.0,0.0,67.27685928351075,10.610209999999997,22.656533333333314,25.203500000000002,8.031666666666668
1,1020528.06282527,7942.217506251339,17.0,40.0,,,,22.65566999999998,8.031666666666666,38.966941833586795,0.0,1.0,0.0,0.0,0.0,25.2035,5.8614999999999995,0.0,0.0,67.27685928351075,10.610209999999997,22.656533333333314,25.203500000000002,8.031666666666668
2,1020528.06282527,7942.217506251339,17.0,40.0,,,,22.65566999999998,8.031666666666666,38.966941833586795,0.0,1.0,0.0,0.0,0.0,25.2035,5.8614999999999995,0.0,0.0,67.27685928351075,10.610209999999997,22.656533333333314,25.203500000000002,8.031666666666668
3,1020528.0628252702,7942.217506251339,17.0,40.0,,,,22.65566999999998,8.031666666666666,38.966941833586795,0.0,1.0,0.0,0.0,0.0,25.2035,5.8614999999999995,0.0,0.0,67.27685928351075,10.610209999999997,22.656533333333314,25.203500000000002,8.031666666666668
4,1019299.6066422779,8008.810567012053,17.0,44.0,,,,0.0,30.687336666666646,38.96694183358679,0.0,23.0,0.0,0.0,0.0,25.203500000000005,5.861499999999997,0.0,0.0,67.27685928351075,10.610209999999997,22.656533333333314,25.203500000000002,8.031666666666668
