,cost,emission,grid,wood_supply,DHDC_small_heat,DHDC_medium_heat,DHDC_large_heat,wood_boiler_heat,wood_boiler_DHW,PV,SCFP,DHW_to_heat,ASHP,ASHP_DHW,GSHP_heat,GSHP_cooling,battery,DHW_storage,heat_storage,geothermal_boreholes,demand_electricity,demand_space_heating,demand_space_cooling,demand_hot_water
0,114081.11071801862,4832.634562996427,6.0,48.0,,,,2000.0,2000.0,33.24584532111903,0.0,0.0,0.0,0.0,0.0,0.0,250.00000000000006,0.0,0.0,63.27209172478332,5.820426666666656,32.456499999999956,0.0,4.940636666666667
1,21797.615389743194,5485.837880476481,8.0,41.0,,,,32.45649999999995,0.0,27.882825811080117,0.0,2.0,0.0,4.940636666666666,0.0,0.0,1.524758769449488,0.0,0.0,63.27209172478332,5.820426666666656,32.456499999999956,0.0,4.940636666666667
2,19772.399870536094,6139.041197956538,10.0,35.0,,,,27.895718300738338,0.0,18.79120298073911,0.0,7.0,0.0,9.501418365928284,0.0,0.0,0.0,0.0,0.0,63.27209172478332,5.820426666666656,32.456499999999956,0.0,4.940636666666667
3,16615.097486244216,6792.2445154366,19.0,0.0,,,,0.0,0.0,17.407355451095995,0.0,33.0,0.0,37.39713666666662,0.0,0.0,0.0,0.0,0.0,63.27209172478332,5.820426666666656,32.456499999999956,0.0,4.940636666666667
4,15149.749272523331,7445.447832916664,19.0,0.0,,,,0.0,0.0,0.0,0.0,33.0,0.0,37.39713666666662,0.0,0.0,0.0,0.0,0.0,63.27209172478332,5.820426666666656,32.456499999999956,0.0,4.940636666666667
