,cost,emission,grid,wood_supply,DHDC_small_heat,DHDC_medium_heat,DHDC_large_heat,wood_boiler_heat,wood_boiler_DHW,PV,SCFP,DHW_to_heat,ASHP,ASHP_DHW,GSHP_heat,GSHP_cooling,battery,DHW_storage,heat_storage,geothermal_boreholes,demand_electricity,demand_space_heating,demand_space_cooling,demand_hot_water
0,119294.54969595146,5263.83036112887,9.0,55.0,,,,2000.0,2000.0,54.62883092397665,0.0,0.0,0.0,0.0,22.0,18.0,250.00000000000006,0.0,0.0,78.24018164678367,7.088743333333333,37.490183333333356,17.732499999999998,5.681106666666666
1,26403.042316856514,6119.2905946487335,12.0,45.0,,,,35.66272206438886,0.0,44.775012068472925,0.0,2.0,0.0,5.681106666666666,1.827127935611152,17.732499999999998,5.4697431328020105,0.0,0.0,78.24018164678367,7.088743333333333,37.490183333333356,17.732499999999998,5.681106666666666
2,22955.79921597596,6974.750828168599,21.0,0.0,,,,0.0,0.0,48.382783458191824,0.0,36.0,0.0,41.28698119997274,1.8839754666939377,17.732499999999998,6.400268242370636,0.0,0.0,78.24018164678367,7.088743333333333,37.490183333333356,17.732499999999998,5.681106666666666
3,19439.403420942937,7830.211061688221,22.0,0.0,,,,0.0,0.0,21.576855105892783,0.0,36.0,0.0,41.34429880010764,1.8266578665590454,17.732499999999998,0.0,0.0,0.0,78.24018164678367,7.088743333333333,37.490183333333356,17.732499999999998,5.681106666666666
4,17755.496212660426,8685.671295208334,22.0,0.0,,,,0.0,0.0,0.0,0.0,36.0,0.0,41.34429880010768,1.8266578665590032,17.732499999999998,0.0,0.0,0.0,78.24018164678367,7.088743333333333,37.490183333333356,17.732499999999998,5.681106666666666
