,cost,emission,grid,wood_supply,DHDC_small_heat,DHDC_medium_heat,DHDC_large_heat,wood_boiler_heat,wood_boiler_DHW,PV,SCFP,DHW_to_heat,ASHP,ASHP_DHW,GSHP_heat,GSHP_cooling,battery,DHW_storage,heat_storage,geothermal_boreholes,demand_electricity,demand_space_heating,demand_space_cooling,demand_hot_water
0,119774.06206832829,8036.179454150173,17.0,12.0,,,,2000.0,2000.0,39.054126261568655,0.0,0.0,0.0,0.0,25.0,27.0,250.00000000000006,0.0,0.0,67.33788838309806,10.718606666666668,24.009446666666662,26.669833333333333,8.347
1,27055.462295251145,8632.532198511848,20.0,8.0,,,,0.0,5.0,39.054126261568655,0.0,5.0,0.0,8.195166666666667,19.153083333333328,26.669833333333333,0.0,0.0,0.0,67.33788838309806,10.718606666666668,24.009446666666662,26.669833333333333,8.347
2,23398.083905789532,9228.8849428737,20.0,0.0,,,,0.0,0.0,30.689048305508905,0.0,1.0,0.0,8.632469999999996,23.71578,26.669833333333333,0.0,0.0,0.0,67.33788838309806,10.718606666666668,24.009446666666662,26.669833333333333,8.347
3,22160.187816379497,9825.23768723547,20.0,0.0,,,,0.0,0.0,15.315271947315058,0.0,1.0,0.0,8.632469999999996,23.71578,26.669833333333333,0.0,0.0,0.0,67.33788838309806,10.718606666666668,24.009446666666662,26.669833333333333,8.347
4,20930.996114825917,10421.590431597224,20.0,0.0,,,,0.0,0.0,0.0,0.0,2.0,0.0,9.536729999999995,22.81152,26.669833333333333,0.0,0.0,0.0,67.33788838309806,10.718606666666668,24.009446666666662,26.669833333333333,8.347
