,cost,emission,grid,wood_supply,DHDC_small_heat,DHDC_medium_heat,DHDC_large_heat,wood_boiler_heat,wood_boiler_DHW,PV,SCFP,DHW_to_heat,ASHP,ASHP_DHW,GSHP_heat,GSHP_cooling,battery,DHW_storage,heat_storage,geothermal_boreholes,demand_electricity,demand_space_heating,demand_space_cooling,demand_hot_water
0,973109.6689587152,2806.8705881107753,4.0,32.0,,,,2000.0,2000.0,38.55279471381885,0.0,2.0,0.0,5.0,0.0,0.0,250.00000000000006,0.0,0.0,66.9869562996732,3.8368333333333333,21.603233333333332,0.0,3.3783333333333334
1,763924.2923004462,3028.083390991941,5.0,32.0,,,,21.60323333333333,5.0,38.55279471381885,0.0,8.0,0.0,11.198666666666668,0.0,0.0,8.927222222222223,0.0,0.0,66.9869562996732,3.8368333333333333,21.603233333333332,0.0,3.3783333333333334
2,697552.1778721658,3249.2961938730914,8.0,18.0,,,,13.780066666666663,0.0,38.55279471381885,0.0,9.0,0.0,11.198666666666668,0.0,0.0,8.927222222222223,0.0,0.0,66.9869562996732,3.8368333333333333,21.603233333333332,0.0,3.3783333333333334
3,638298.7485289965,3470.5089967542563,8.0,18.0,,,,13.780066666666663,0.0,38.55279471381885,0.0,9.0,0.0,11.198666666666668,0.0,0.0,8.927222222222223,0.0,0.0,66.9869562996732,3.8368333333333333,21.603233333333332,0.0,3.3783333333333334
4,577558.6441385568,3691.7217996354166,13.0,0.0,,,,0.0,0.0,38.55279471381885,0.0,22.0,0.0,24.978733333333327,0.0,0.0,8.76273611111111,0.0,0.0,66.9869562996732,3.8368333333333333,21.603233333333332,0.0,3.3783333333333334
