,cost,emission,grid,wood_supply,DHDC_small_heat,DHDC_medium_heat,DHDC_large_heat,wood_boiler_heat,wood_boiler_DHW,PV,SCFP,DHW_to_heat,ASHP,ASHP_DHW,GSHP_heat,GSHP_cooling,battery,DHW_storage,heat_storage,geothermal_boreholes,demand_electricity,demand_space_heating,demand_space_cooling,demand_hot_water
0,225505.1130471809,2175.977381000669,3.0,26.0,,,,2000.0,2000.0,20.43571894918425,0.0,0.0,0.0,0.0,9.0,8.0,250.00000000000006,0.0,0.0,54.30500326442898,2.601899999999999,17.615866666666665,7.364666666666667,2.3623333333333334
1,139115.9857519507,2194.2929984566963,3.0,26.0,,,,14.97550333333333,5.0,20.435718949184253,0.0,3.0,0.0,0.0,0.0,7.3646666666666665,4.954333333333336,0.0,0.0,54.30500326442898,2.601899999999999,17.615866666666665,7.364666666666667,2.3623333333333334
2,139115.9857519507,2194.2929984566963,3.0,26.0,,,,14.97550333333333,5.0,20.43571894918425,0.0,3.0,0.0,0.0,0.0,7.3646666666666665,4.954333333333335,0.0,0.0,54.30500326442898,2.601899999999999,17.615866666666665,7.364666666666667,2.3623333333333334
3,139115.9857519507,2194.2929984566963,3.0,26.0,,,,14.97550333333333,5.0,20.43571894918425,0.0,3.0,0.0,0.0,0.0,7.3646666666666665,4.954333333333336,0.0,0.0,54.30500326442898,2.601899999999999,17.615866666666665,7.364666666666667,2.3623333333333334
4,138076.0958698869,2294.2477893816967,4.0,29.0,,,,0.0,19.97550333333333,20.43571894918425,0.0,18.0,0.0,0.0,0.0,7.3646666666666665,4.954333333333335,0.0,0.0,54.30500326442898,2.601899999999999,17.615866666666665,7.364666666666667,2.3623333333333334
