,cost,emission,grid,wood_supply,DHDC_small_heat,DHDC_medium_heat,DHDC_large_heat,wood_boiler_heat,wood_boiler_DHW,PV,SCFP,DHW_to_heat,ASHP,ASHP_DHW,GSHP_heat,GSHP_cooling,battery,DHW_storage,heat_storage,geothermal_boreholes,demand_electricity,demand_space_heating,demand_space_cooling,demand_hot_water
0,715846.0128176607,5136.114352274068,4.0,87.0,273.13,848.75,2000.0,2000.0,2000.0,30.877591161835067,0.0,0.0,0.0,13.0,0.0,0.0,250.00000000000006,0.0,0.0,61.614313813284554,3.6221666666666668,48.36099999999999,0.0,18.429333333333332
1,166397.90604047626,5361.774671202638,4.0,96.0,0.0,0.0,0.0,0.0,66.78183333333331,30.877591161835067,0.0,49.0,0.0,3.4965219569883117,0.0,0.0,6.660000000000001,0.0,0.0,61.614313813284554,3.6221666666666668,48.36099999999999,0.0,18.429333333333332
2,166397.90604047626,5361.774671202638,4.0,96.0,0.0,0.0,0.0,0.0,66.78183333333331,30.877591161835067,0.0,49.0,0.0,3.496521956988315,0.0,0.0,6.660000000000004,0.0,0.0,61.614313813284554,3.6221666666666668,48.36099999999999,0.0,18.429333333333332
3,163496.10058003105,6535.793214404993,4.0,21.0,50.0,0.0,0.0,16.781833333333317,0.0,30.877591161835067,0.0,33.0,0.0,3.5484966405326146,0.0,0.0,7.061666666666669,0.0,0.0,61.614313813284554,3.6221666666666668,48.36099999999999,0.0,18.429333333333332
4,161336.26674309577,7002.352835115337,4.0,21.0,50.0,0.0,0.0,16.781833333333317,0.0,30.877591161835067,0.0,38.0,0.0,3.151552461361024,0.0,0.0,5.379999999999999,0.0,0.0,61.614313813284554,3.6221666666666668,48.36099999999999,0.0,18.429333333333332
