,cost,emission,grid,wood_supply,DHDC_small_heat,DHDC_medium_heat,DHDC_large_heat,wood_boiler_heat,wood_boiler_DHW,PV,SCFP,DHW_to_heat,ASHP,ASHP_DHW,GSHP_heat,GSHP_cooling,battery,DHW_storage,heat_storage,geothermal_boreholes,demand_electricity,demand_space_heating,demand_space_cooling,demand_hot_water
0,625762.9413494655,6310.183680397769,11.0,63.0,,,,2000.0,2000.0,52.52088152496236,0.0,0.0,0.0,0.0,24.0,22.0,250.00000000000006,0.0,0.0,76.76461706747367,8.061333333333335,42.395849999999996,21.327333333333332,6.6184400000000005
1,509905.9230697097,6343.165114379017,11.0,63.0,,,,42.395849999999996,6.61844,52.52088152496236,0.0,0.0,0.0,0.0,0.0,21.327333333333332,11.639333333333335,0.0,0.0,76.76461706747367,8.061333333333335,42.395849999999996,21.327333333333332,6.6184400000000005
2,509905.92306970974,6343.165114379018,11.0,63.0,,,,42.395849999999996,6.61844,52.52088152496236,0.0,0.0,0.0,0.0,0.0,21.327333333333332,11.639333333333335,0.0,0.0,76.76461706747367,8.061333333333335,42.395849999999996,21.327333333333332,6.6184400000000005
3,509905.92306970974,6343.165114379017,11.0,63.0,,,,42.395849999999996,6.61844,52.52088152496236,0.0,0.0,0.0,0.0,0.0,21.327333333333332,11.639333333333335,0.0,0.0,76.76461706747367,8.061333333333335,42.395849999999996,21.327333333333332,6.6184400000000005
4,509539.8874930745,6562.340282418304,11.0,71.0,,,,0.0,49.014289999999995,52.52088152496236,0.0,43.0,0.0,0.0,0.0,21.32733333333334,11.639333333333335,0.0,0.0,76.76461706747367,8.061333333333335,42.395849999999996,21.327333333333332,6.6184400000000005
