,cost,emission,grid,wood_supply,DHDC_small_heat,DHDC_medium_heat,DHDC_large_heat,wood_boiler_heat,wood_boiler_DHW,PV,SCFP,DHW_to_heat,ASHP,ASHP_DHW,GSHP_heat,GSHP_cooling,battery,DHW_storage,heat_storage,geothermal_boreholes,demand_electricity,demand_space_heating,demand_space_cooling,demand_hot_water
0,917640.3962954553,4295.144388058929,5.0,46.0,273.13,848.75,2000.0,2000.0,2000.0,29.018200695217207,0.0,0.0,0.0,0.0,0.0,0.0,250.00000000000006,0.0,0.0,60.31274048665205,4.931166666666667,31.12866666666667,0.0,4.343333333333333
1,350931.2564702252,4463.0445769875,5.0,51.0,0.0,0.0,0.0,0.0,35.471803333333334,29.018200695217207,0.0,32.0,0.0,0.0,0.0,0.0,5.930333333333335,0.0,0.0,60.31274048665205,4.931166666666667,31.12866666666667,0.0,4.343333333333333
2,350931.2564702253,4463.0445769875,5.0,51.0,0.0,0.0,0.0,0.0,35.471803333333334,29.018200695217207,0.0,32.0,0.0,0.0,0.0,0.0,5.9303333333333335,0.0,0.0,60.31274048665205,4.931166666666667,31.12866666666667,0.0,4.343333333333333
3,350931.2564702252,4463.0445769875,5.0,51.0,0.0,0.0,0.0,0.0,35.471803333333334,29.018200695217207,0.0,32.0,0.0,0.0,0.0,0.0,5.930333333333335,0.0,0.0,60.31274048665205,4.931166666666667,31.12866666666667,0.0,4.343333333333333
4,350632.1113057941,5339.240318907499,5.0,0.0,50.0,0.0,0.0,0.0,0.0,29.018200695217207,0.0,32.0,0.0,0.0,0.0,0.0,5.9303333333333335,0.0,0.0,60.31274048665205,4.931166666666667,31.12866666666667,0.0,4.343333333333333
