,cost,emission,grid,wood_supply,DHDC_small_heat,DHDC_medium_heat,DHDC_large_heat,wood_boiler_heat,wood_boiler_DHW,PV,SCFP,DHW_to_heat,ASHP,ASHP_DHW,GSHP_heat,GSHP_cooling,battery,DHW_storage,heat_storage,geothermal_boreholes,demand_electricity,demand_space_heating,demand_space_cooling,demand_hot_water
0,453305.23118943244,4058.75068908756,7.0,40.0,,,,2000.0,2000.0,27.001409987601292,0.0,0.0,0.0,0.0,12.0,12.0,250.00000000000006,0.0,0.0,58.900986991320906,4.8255,27.128716666666673,11.993,4.0861366666666665
1,349291.7563269608,4073.058347832618,7.0,40.0,,,,27.016049998833513,5.0,27.001409987601292,0.0,1.0,0.0,0.0,0.0,11.993000000000002,5.501500000000002,0.0,0.0,58.900986991320906,4.8255,27.128716666666673,11.993,4.0861366666666665
2,349279.39727097267,4073.170330561161,7.0,40.0,,,,26.21452,5.0,27.001409987601292,0.0,1.0,0.0,0.0,0.0,11.992999999999999,5.501500000000002,0.0,0.0,58.900986991320906,4.8255,27.128716666666673,11.993,4.0861366666666665
3,349279.39727097267,4073.170330561161,7.0,40.0,,,,26.21452,5.0,27.001409987601292,0.0,1.0,0.0,0.0,0.0,11.992999999999999,5.501500000000002,0.0,0.0,58.900986991320906,4.8255,27.128716666666673,11.993,4.0861366666666665
4,348511.01552562317,4221.161176443304,7.0,45.0,,,,0.0,31.21452,27.001409987601292,0.0,28.0,0.0,0.0,0.0,11.993000000000002,5.5015,0.0,0.0,58.900986991320906,4.8255,27.128716666666673,11.993,4.0861366666666665
