,cost,emission,grid,wood_supply,DHDC_small_heat,DHDC_medium_heat,DHDC_large_heat,wood_boiler_heat,wood_boiler_DHW,PV,SCFP,DHW_to_heat,ASHP,ASHP_DHW,GSHP_heat,GSHP_cooling,battery,DHW_storage,heat_storage,geothermal_boreholes,demand_electricity,demand_space_heating,demand_space_cooling,demand_hot_water
0,825514.6526418537,3728.509070128572,5.0,39.0,273.13,848.75,2000.0,2000.0,2000.0,39.16131583932312,0.0,0.0,0.0,0.0,0.0,0.0,250.00000000000006,0.0,0.0,67.41292108752619,4.739333333333334,25.52828333333333,0.0,4.3036666666666665
1,271625.6127470045,3728.6515534017853,5.0,39.0,0.0,0.0,0.0,24.829193333333325,5.0,39.16131583932312,0.0,1.0,0.0,0.0,0.0,0.0,8.561499999999999,0.0,0.0,67.41292108752619,4.739333333333334,25.52828333333333,0.0,4.3036666666666665
2,271625.6127470045,3728.6515534017853,5.0,39.0,0.0,0.0,0.0,24.829193333333325,5.0,39.16131583932312,0.0,1.0,0.0,0.0,0.0,0.0,8.561499999999999,0.0,0.0,67.41292108752619,4.739333333333334,25.52828333333333,0.0,4.3036666666666665
3,271625.6127470045,3728.6515534017853,5.0,39.0,0.0,0.0,0.0,24.829193333333325,5.0,39.16131583932312,0.0,1.0,0.0,0.0,0.0,0.0,8.561499999999999,0.0,0.0,67.41292108752619,4.739333333333334,25.52828333333333,0.0,4.3036666666666665
4,270769.7513677621,3861.1652332875,5.0,43.0,0.0,0.0,0.0,0.0,29.829193333333325,39.16131583932312,0.0,26.0,0.0,0.0,0.0,0.0,8.561499999999999,0.0,0.0,67.41292108752619,4.739333333333334,25.52828333333333,0.0,4.3036666666666665
