,cost,emission,grid,wood_supply,DHDC_small_heat,DHDC_medium_heat,DHDC_large_heat,wood_boiler_heat,wood_boiler_DHW,PV,SCFP,DHW_to_heat,ASHP,ASHP_DHW,GSHP_heat,GSHP_cooling,battery,DHW_storage,heat_storage,geothermal_boreholes,demand_electricity,demand_space_heating,demand_space_cooling,demand_hot_water
0,1763878.687306994,6964.768755057144,17.0,12.0,,,,2000.0,2000.0,64.03890862378249,0.0,0.0,0.0,0.0,22.0,26.0,250.00000000000006,0.0,0.0,84.82723603664775,10.359,21.718266666666665,25.308139999999998,7.9645
1,1492983.6060396812,7148.880395779829,18.0,8.0,,,,0.0,5.115079890811959,64.03890862378249,0.0,0.0,0.0,7.9334999999999996,21.718266666666665,25.308139999999998,11.827999999999996,0.0,0.0,84.82723603664775,10.359,21.718266666666665,25.308139999999998,7.9645
2,1410901.0092417756,7332.992036502421,18.0,8.0,,,,0.0,5.0,64.03890862378249,0.0,0.0,0.0,7.9334999999999996,21.718266666666665,25.308139999999998,11.827999999999996,0.0,0.0,84.82723603664775,10.359,21.718266666666665,25.308139999999998,7.9645
3,1328820.2777740466,7517.103677225176,20.0,8.0,,,,0.0,5.0,64.03890862378249,0.0,0.0,0.0,7.9334999999999996,21.718266666666665,25.308139999999998,11.827999999999996,0.0,0.0,84.82723603664775,10.359,21.718266666666665,25.308139999999998,7.9645
4,1245355.087787335,7701.215317947918,20.0,0.0,,,,0.0,0.0,64.03890862378249,0.0,0.0,0.0,7.964499999999999,21.718266666666665,25.308140000000005,10.815402777777777,0.0,0.0,84.82723603664775,10.359,21.718266666666665,25.308139999999998,7.9645
