,cost,emission,grid,wood_supply,DHDC_small_heat,DHDC_medium_heat,DHDC_large_heat,wood_boiler_heat,wood_boiler_DHW,PV,SCFP,DHW_to_heat,ASHP,ASHP_DHW,GSHP_heat,GSHP_cooling,battery,DHW_storage,heat_storage,geothermal_boreholes,demand_electricity,demand_space_heating,demand_space_cooling,demand_hot_water
0,192455.84381001676,1544.843335128348,3.0,19.0,,,,2000.0,2000.0,13.347353512295818,0.0,0.0,0.0,0.0,6.0,5.0,250.00000000000006,0.0,0.0,49.34314745860708,1.7966666666666666,13.210086666666664,4.826499999999999,1.5198333333333334
1,102006.58954457319,1558.6143974785714,3.0,20.0,,,,9.726586666666664,5.0,13.347353512295818,0.0,4.0,0.0,0.0,0.0,4.826499999999999,2.8403333333333327,0.0,0.0,49.34314745860708,1.7966666666666666,13.210086666666664,4.826499999999999,1.5198333333333334
2,102006.58954457319,1558.6143974785714,3.0,20.0,,,,9.726586666666664,5.0,13.347353512295818,0.0,4.0,0.0,0.0,0.0,4.826499999999999,2.8403333333333327,0.0,0.0,49.34314745860708,1.7966666666666666,13.210086666666664,4.826499999999999,1.5198333333333334
3,102006.58954457319,1558.6143974785714,3.0,20.0,,,,9.726586666666664,5.0,13.347353512295818,0.0,4.0,0.0,0.0,0.0,4.826499999999999,2.8403333333333327,0.0,0.0,49.34314745860708,1.7966666666666666,13.210086666666664,4.826499999999999,1.5198333333333334
4,100826.06812833084,1633.6882246642856,3.0,22.0,,,,0.0,14.726586666666664,13.347353512295818,0.0,14.0,0.0,0.0,0.0,4.8265,2.8403333333333327,0.0,0.0,49.34314745860708,1.7966666666666666,13.210086666666664,4.826499999999999,1.5198333333333334
