,cost,emission,grid,wood_supply,DHDC_small_heat,DHDC_medium_heat,DHDC_large_heat,wood_boiler_heat,wood_boiler_DHW,PV,SCFP,DHW_to_heat,ASHP,ASHP_DHW,GSHP_heat,GSHP_cooling,battery,DHW_storage,heat_storage,geothermal_boreholes,demand_electricity,demand_space_heating,demand_space_cooling,demand_hot_water
0,924438.4943914149,2415.22721159753,4.0,26.0,,,,2000.0,2000.0,17.956273873643344,0.0,0.0,0.0,0.0,7.0,8.0,250.00000000000006,0.0,0.0,52.56939171155034,2.8669999999999995,17.759383333333336,7.0423333333333344,2.4361666666666664
1,724640.6715479179,2610.0276445978843,5.0,19.0,,,,12.355320833333334,5.0,17.956273873643344,0.0,1.0,0.0,2.4196666666666666,5.404062499999999,7.042333333333334,2.6834305555555575,0.0,0.0,52.56939171155034,2.8669999999999995,17.759383333333336,7.0423333333333344,2.4361666666666664
2,661903.5279902245,2804.828077598232,5.0,19.0,,,,14.818550020444455,0.0,17.956273873643344,0.0,4.0,0.0,4.894857166222231,0.4806428133333161,7.042333333333334,2.6834305555555567,0.0,0.0,52.56939171155034,2.8669999999999995,17.759383333333336,7.0423333333333344,2.4361666666666664
3,609744.2906103142,2999.6285105985976,6.0,15.0,,,,11.889353977897532,0.0,17.956273873643344,0.0,7.0,0.0,7.824053208769137,0.48064281333333014,7.042333333333334,2.6834305555555575,0.0,0.0,52.56939171155034,2.8669999999999995,17.759383333333336,7.0423333333333344,2.4361666666666664
4,556070.2137001959,3194.428943598959,10.0,0.0,,,,0.0,0.0,17.956273873643344,0.0,18.0,0.0,19.71340718666667,0.4806428133333316,7.042333333333334,2.5752574490580544,0.0,0.0,52.56939171155034,2.8669999999999995,17.759383333333336,7.0423333333333344,2.4361666666666664
