,cost,emission,grid,wood_supply,DHDC_small_heat,DHDC_medium_heat,DHDC_large_heat,wood_boiler_heat,wood_boiler_DHW,PV,SCFP,DHW_to_heat,ASHP,ASHP_DHW,GSHP_heat,GSHP_cooling,battery,DHW_storage,heat_storage,geothermal_boreholes,demand_electricity,demand_space_heating,demand_space_cooling,demand_hot_water
0,2114269.1888805106,4350.152386492857,5.0,51.0,273.13,848.75,2000.0,2000.0,2000.0,33.923344739858756,0.0,0.0,0.0,0.0,0.0,0.0,250.00000000000006,0.0,0.0,63.74634131790113,4.933166666666668,35.05873333333327,0.0,4.343803333333334
1,1117010.9186536144,4642.202439088402,5.0,41.0,50.0,0.0,0.0,32.71915742617441,0.0,33.923344739858756,0.0,6.0,0.0,8.343600000000002,0.0,0.0,6.355986111111109,0.0,0.0,63.74634131790113,4.933166666666668,35.05873333333327,0.0,4.343803333333334
2,842900.3166727235,4934.252491683934,5.0,15.0,50.0,0.0,0.0,11.474030741075856,0.0,33.923344739858756,0.0,24.0,0.0,8.789200000000001,0.0,0.0,6.355986111111109,0.0,0.0,63.74634131790113,4.933166666666668,35.05873333333327,0.0,4.343803333333334
3,569030.1993541982,5226.302544279417,5.0,7.0,50.0,0.0,0.0,5.0,0.0,33.923344739858756,0.0,36.0,0.0,8.789200000000001,0.0,0.0,6.355986111111109,0.0,0.0,63.74634131790113,4.933166666666668,35.05873333333327,0.0,4.343803333333334
4,303094.9462893363,5518.352596875,5.0,0.0,50.0,0.0,0.0,0.0,0.0,33.923344739858756,0.0,36.0,0.0,0.0,0.0,0.0,7.654666666666665,0.0,0.0,63.74634131790113,4.933166666666668,35.05873333333327,0.0,4.343803333333334
