,cost,emission,grid,wood_supply,DHDC_small_heat,DHDC_medium_heat,DHDC_large_heat,wood_boiler_heat,wood_boiler_DHW,PV,SCFP,DHW_to_heat,ASHP,ASHP_DHW,GSHP_heat,GSHP_cooling,battery,DHW_storage,heat_storage,geothermal_boreholes,demand_electricity,demand_space_heating,demand_space_cooling,demand_hot_water
0,825089.9700171393,3426.3739955381843,6.0,40.0,273.13,848.75,2000.0,2000.0,2000.0,24.701546379036813,0.0,0.0,0.0,0.0,12.0,12.0,250.00000000000006,0.0,0.0,57.29108246532577,3.874833333333333,28.104900000000015,11.945860000000001,3.298666666666667
1,246003.61854268328,3445.993583753124,6.0,41.0,0.0,0.0,0.0,26.402233333333346,5.0,24.701546379036813,0.0,2.0,0.0,0.0,0.0,11.945860000000003,5.537833333333335,0.0,0.0,57.29108246532577,3.874833333333333,28.104900000000015,11.945860000000001,3.298666666666667
2,246003.6185426833,3445.9935837531243,6.0,41.0,0.0,0.0,0.0,26.402233333333346,5.0,24.701546379036813,0.0,2.0,0.0,0.0,0.0,11.94586,5.537833333333335,0.0,0.0,57.29108246532577,3.874833333333333,28.104900000000015,11.945860000000001,3.298666666666667
3,246003.61854268328,3445.9935837531248,6.0,41.0,0.0,0.0,0.0,26.402233333333346,5.0,24.701546379036813,0.0,2.0,0.0,0.0,0.0,11.945860000000003,5.537833333333335,0.0,0.0,57.29108246532577,3.874833333333333,28.104900000000015,11.945860000000001,3.298666666666667
4,245302.84578822658,3605.9460203316967,6.0,45.0,0.0,0.0,0.0,0.0,31.402233333333346,24.701546379036813,0.0,29.0,0.0,0.0,0.0,11.945860000000003,5.537833333333333,0.0,0.0,57.29108246532577,3.874833333333333,28.104900000000015,11.945860000000001,3.298666666666667
