,cost,emission,grid,wood_supply,DHDC_small_heat,DHDC_medium_heat,DHDC_large_heat,wood_boiler_heat,wood_boiler_DHW,PV,SCFP,DHW_to_heat,ASHP,ASHP_DHW,GSHP_heat,GSHP_cooling,battery,DHW_storage,heat_storage,geothermal_boreholes,demand_electricity,demand_space_heating,demand_space_cooling,demand_hot_water
0,593049.401063114,4247.081554584821,5.0,48.0,273.13,848.75,2000.0,2000.0,2000.0,33.93368468365145,0.0,0.0,0.0,0.0,0.0,0.0,250.00000000000006,0.0,0.0,63.75357927855602,4.9105166666666635,33.1898,0.0,4.333166666666666
1,20740.030570759205,4912.190205521956,7.0,42.0,0.0,0.0,0.0,33.18946666666666,0.0,25.807307463833226,0.0,2.0,0.0,4.333166666666666,0.0,0.0,2.090773216534203,0.0,0.0,63.75357927855602,4.9105166666666635,33.1898,0.0,4.333166666666666
2,18630.582732351537,5577.298856458875,9.0,37.0,0.0,0.0,0.0,28.804643033860465,0.0,16.64530112819192,0.0,6.0,0.0,8.717990299472865,0.0,0.0,0.0,0.0,0.0,63.75357927855602,4.9105166666666635,33.1898,0.0,4.333166666666666
3,15435.235285034227,6242.407507396204,19.0,0.0,0.0,0.0,0.0,0.0,0.0,16.808055760432723,0.0,34.0,0.0,37.52263333333333,0.0,0.0,0.0,0.0,0.0,63.75357927855602,4.9105166666666635,33.1898,0.0,4.333166666666666
4,14119.78793823611,6907.516158333334,19.0,0.0,0.0,0.0,0.0,0.0,0.0,0.0,0.0,34.0,0.0,37.52263333333333,0.0,0.0,0.0,0.0,0.0,63.75357927855602,4.9105166666666635,33.1898,0.0,4.333166666666666
