,cost,emission,grid,wood_supply,DHDC_small_heat,DHDC_medium_heat,DHDC_large_heat,wood_boiler_heat,wood_boiler_DHW,PV,SCFP,DHW_to_heat,ASHP,ASHP_DHW,GSHP_heat,GSHP_cooling,battery,DHW_storage,heat_storage,geothermal_boreholes,demand_electricity,demand_space_heating,demand_space_cooling,demand_hot_water
0,603385.31643626,5922.9359201264515,8.0,67.0,273.13,848.75,2000.0,2000.0,2000.0,59.94686325887008,0.0,0.0,0.0,7.0,0.0,0.0,250.00000000000006,0.0,0.0,81.96280428120906,7.1626666666666665,45.87400000000002,0.0,6.226166666666667
1,30090.852366274044,6932.016575511516,10.0,57.0,0.0,0.0,0.0,45.197566666666674,0.0,44.28779600705957,0.0,3.0,0.0,6.9024333333333345,0.0,0.0,4.831051861466664,0.0,0.0,81.96280428120906,7.1626666666666665,45.87400000000002,0.0,6.226166666666667
2,26458.86263254804,7941.097230896352,12.0,53.0,0.0,0.0,0.0,42.01602352213639,0.0,24.041740754974377,0.0,6.0,0.0,10.083976477863615,0.0,0.0,0.0,0.0,0.0,81.96280428120906,7.1626666666666665,45.87400000000002,0.0,6.226166666666667
3,22440.531872752334,8950.177886281595,26.0,0.0,0.0,0.0,0.0,0.0,0.0,26.188619424483573,0.0,46.0,0.0,52.10000000000001,0.0,0.0,0.0,0.0,0.0,81.96280428120906,7.1626666666666665,45.87400000000002,0.0,6.226166666666667
4,20312.21244522341,9959.25854166667,27.0,0.0,0.0,0.0,0.0,0.0,0.0,0.0,0.0,46.0,0.0,52.10000000000001,0.0,0.0,0.0,0.0,0.0,81.96280428120906,7.1626666666666665,45.87400000000002,0.0,6.226166666666667
