,cost,emission,grid,wood_supply,DHDC_small_heat,DHDC_medium_heat,DHDC_large_heat,wood_boiler_heat,wood_boiler_DHW,PV,SCFP,DHW_to_heat,ASHP,ASHP_DHW,GSHP_heat,GSHP_cooling,battery,DHW_storage,heat_storage,geothermal_boreholes,demand_electricity,demand_space_heating,demand_space_cooling,demand_hot_water
0,847217.0698312386,3301.0762889443154,6.0,34.0,273.13,848.75,2000.0,2000.0,2000.0,21.971877858279875,0.0,0.0,0.0,0.0,9.0,10.0,250.00000000000006,0.0,0.0,55.38031450079591,3.9843333333333333,23.294533333333344,9.954166666666667,3.3241666666666667
1,267759.6633995053,3316.096386385044,6.0,35.0,0.0,0.0,0.0,21.61850333333334,5.0,21.971877858279875,0.0,2.0,0.0,0.0,0.0,9.954166666666666,5.089833333333334,0.0,0.0,55.38031450079591,3.9843333333333333,23.294533333333344,9.954166666666667,3.3241666666666667
2,267759.66339950537,3316.0963863850443,6.0,35.0,0.0,0.0,0.0,21.61850333333334,5.0,21.971877858279875,0.0,2.0,0.0,0.0,0.0,9.954166666666666,5.089833333333334,0.0,0.0,55.38031450079591,3.9843333333333333,23.294533333333344,9.954166666666667,3.3241666666666667
3,267759.66339950537,3316.0963863850443,6.0,35.0,0.0,0.0,0.0,21.61850333333334,5.0,21.971877858279875,0.0,2.0,0.0,0.0,0.0,9.954166666666666,5.089833333333334,0.0,0.0,55.38031450079591,3.9843333333333333,23.294533333333344,9.954166666666667,3.3241666666666667
4,266877.7825016915,3444.0066129850443,6.0,39.0,0.0,0.0,0.0,0.0,26.61850333333334,21.971877858279875,0.0,24.0,0.0,0.0,0.0,9.954166666666666,5.089833333333333,0.0,0.0,55.38031450079591,3.9843333333333333,23.294533333333344,9.954166666666667,3.3241666666666667
