,cost,emission,grid,wood_supply,DHDC_small_heat,DHDC_medium_heat,DHDC_large_heat,wood_boiler_heat,wood_boiler_DHW,PV,SCFP,DHW_to_heat,ASHP,ASHP_DHW,GSHP_heat,GSHP_cooling,battery,DHW_storage,heat_storage,geothermal_boreholes,demand_electricity,demand_space_heating,demand_space_cooling,demand_hot_water
0,1919713.335607428,8160.115911414139,18.0,12.0,,,,2000.0,2000.0,85.99632431717612,0.0,0.0,0.0,0.0,25.0,26.0,250.00000000000006,0.0,0.0,100.19742702202329,11.457500000000001,24.66504666666667,25.531713333333332,8.049303333333333
1,1652296.937094601,8342.834914536386,18.0,8.0,,,,0.0,5.040789202442139,85.99632431717612,0.0,0.0,0.0,8.011303333333334,24.66504666666667,25.531713333333332,16.215000000000003,0.0,0.0,100.19742702202329,11.457500000000001,24.66504666666667,25.531713333333332,8.049303333333333
2,1570836.410773308,8525.553917658523,19.0,8.0,,,,0.0,5.0,85.99632431717612,0.0,0.0,0.0,8.011303333333334,24.66504666666667,25.531713333333332,16.215000000000003,0.0,0.0,100.19742702202329,11.457500000000001,24.66504666666667,25.531713333333332,8.049303333333333
3,1489376.5456042304,8708.272920780832,20.0,8.0,,,,0.0,5.0,85.99632431717612,0.0,0.0,0.0,8.011303333333334,24.66504666666667,25.531713333333332,16.215000000000003,0.0,0.0,100.19742702202329,11.457500000000001,24.66504666666667,25.531713333333332,8.049303333333333
4,1406524.255433888,8890.991923903126,20.0,0.0,,,,0.0,0.0,85.99632431717612,0.0,0.0,0.0,8.049303333333333,24.66504666666667,25.53171333333334,15.131040277777775,0.0,0.0,100.19742702202329,11.457500000000001,24.66504666666667,25.531713333333332,8.049303333333333
