,cost,emission,grid,wood_supply,DHDC_small_heat,DHDC_medium_heat,DHDC_large_heat,wood_boiler_heat,wood_boiler_DHW,PV,SCFP,DHW_to_heat,ASHP,ASHP_DHW,GSHP_heat,GSHP_cooling,battery,DHW_storage,heat_storage,geothermal_boreholes,demand_electricity,demand_space_heating,demand_space_cooling,demand_hot_water
0,243671.47203746316,2806.8705881107753,4.0,32.0,,,,2000.0,2000.0,38.55279471381885,0.0,2.0,0.0,5.0,0.0,0.0,250.00000000000006,0.0,0.0,66.9869562996732,3.8368333333333333,21.603233333333332,0.0,3.3783333333333334
1,174241.56224162114,2809.8732104614896,4.0,33.0,,,,19.97873333333333,5.0,38.55279471381885,0.0,2.0,0.0,3.2779999999999996,0.0,0.0,7.725472222222221,0.0,0.0,66.9869562996732,3.8368333333333333,21.603233333333332,0.0,3.3783333333333334
2,174241.56224162114,2809.8732104614896,4.0,33.0,,,,19.97873333333333,5.0,38.55279471381885,0.0,2.0,0.0,3.2779999999999996,0.0,0.0,7.725472222222221,0.0,0.0,66.9869562996732,3.8368333333333333,21.603233333333332,0.0,3.3783333333333334
3,174241.5622416211,2809.873210461489,4.0,33.0,,,,19.97873333333333,5.0,38.55279471381885,0.0,2.0,0.0,3.2779999999999996,0.0,0.0,7.725472222222217,0.0,0.0,66.9869562996732,3.8368333333333333,21.603233333333332,0.0,3.3783333333333334
4,173300.15059237872,2927.251073347204,4.0,36.0,,,,0.0,24.978733333333327,38.55279471381885,0.0,22.0,0.0,3.2779999999999996,0.0,0.0,7.725472222222219,0.0,0.0,66.9869562996732,3.8368333333333333,21.603233333333332,0.0,3.3783333333333334
