,cost,emission,grid,wood_supply,DHDC_small_heat,DHDC_medium_heat,DHDC_large_heat,wood_boiler_heat,wood_boiler_DHW,PV,SCFP,DHW_to_heat,ASHP,ASHP_DHW,GSHP_heat,GSHP_cooling,battery,DHW_storage,heat_storage,geothermal_boreholes,demand_electricity,demand_space_heating,demand_space_cooling,demand_hot_water
0,121181.57943270379,6964.768755057144,17.0,12.0,,,,2000.0,2000.0,64.03890862378249,0.0,0.0,0.0,0.0,22.0,26.0,250.00000000000006,0.0,0.0,84.82723603664775,10.359,21.718266666666665,25.308139999999998,7.9645
1,26712.05291262561,7741.845189140063,20.0,0.0,,,,0.0,0.0,64.0389086237825,0.0,1.0,0.0,8.144666666666666,21.536766666666665,25.308139999999998,6.582750000000002,0.0,0.0,84.82723603664775,10.359,21.718266666666665,25.308139999999998,7.9645
2,23396.255218072693,8518.921623223032,20.0,0.0,,,,0.0,0.0,39.95426016965918,0.0,1.0,0.0,8.324666666666662,21.356766666666665,25.308139999999998,0.0,0.0,0.0,84.82723603664775,10.359,21.718266666666665,25.308139999999998,7.9645
3,21686.1315814353,9295.998057305967,20.0,0.0,,,,0.0,0.0,19.420048712022215,0.0,1.0,0.0,8.505499999999998,21.175933333333333,25.308139999999998,0.0,0.0,0.0,84.82723603664775,10.359,21.718266666666665,25.308139999999998,7.9645
4,20189.041727374974,10073.074491388892,20.0,0.0,,,,0.0,0.0,0.0,0.0,2.0,0.0,9.222866666666663,20.458566666666666,25.308139999999998,0.0,0.0,0.0,84.82723603664775,10.359,21.718266666666665,25.308139999999998,7.9645
