,cost,emission,grid,wood_supply,DHDC_small_heat,DHDC_medium_heat,DHDC_large_heat,wood_boiler_heat,wood_boiler_DHW,PV,SCFP,DHW_to_heat,ASHP,ASHP_DHW,GSHP_heat,GSHP_cooling,battery,DHW_storage,heat_storage,geothermal_boreholes,demand_electricity,demand_space_heating,demand_space_cooling,demand_hot_water
0,359579.2993607261,3367.5817587311312,6.0,39.0,,,,2000.0,2000.0,19.89601483449077,0.0,0.0,0.0,0.0,9.0,11.0,250.00000000000006,0.0,0.0,53.92721038414354,3.664,27.225083333333316,10.523166666666668,3.11
1,261097.86850969758,3381.264262763839,6.0,39.0,,,,25.329356666666648,5.0,19.89601483449077,0.0,2.0,0.0,0.0,0.0,10.52316666666667,4.034500000000001,0.0,0.0,53.92721038414354,3.664,27.225083333333316,10.523166666666668,3.11
2,261097.86850969755,3381.264262763839,6.0,39.0,,,,25.329356666666648,5.0,19.89601483449077,0.0,2.0,0.0,0.0,0.0,10.52316666666667,4.034500000000001,0.0,0.0,53.92721038414354,3.664,27.225083333333316,10.523166666666668,3.11
3,261097.86850969758,3381.264262763839,6.0,39.0,,,,25.329356666666648,5.0,19.89601483449077,0.0,2.0,0.0,0.0,0.0,10.52316666666667,4.034500000000001,0.0,0.0,53.92721038414354,3.664,27.225083333333316,10.523166666666668,3.11
4,260388.42306895513,3539.6823009995533,6.0,44.0,,,,0.0,30.329356666666648,19.89601483449077,0.0,28.0,0.0,0.0,0.0,10.52316666666667,4.0344999999999995,0.0,0.0,53.92721038414354,3.664,27.225083333333316,10.523166666666668,3.11
