,cost,emission,grid,wood_supply,DHDC_small_heat,DHDC_medium_heat,DHDC_large_heat,wood_boiler_heat,wood_boiler_DHW,PV,SCFP,DHW_to_heat,ASHP,ASHP_DHW,GSHP_heat,GSHP_cooling,battery,DHW_storage,heat_storage,geothermal_boreholes,demand_electricity,demand_space_heating,demand_space_cooling,demand_hot_water
0,1283446.4502639787,3367.5817587311312,6.0,39.0,,,,2000.0,2000.0,19.89601483449077,0.0,0.0,0.0,0.0,9.0,11.0,250.00000000000006,0.0,0.0,53.92721038414354,3.664,27.225083333333316,10.523166666666668,3.11
1,1037820.14529367,3655.9235815900174,7.0,30.0,,,,19.91090833333331,5.0,19.89601483449077,0.0,1.0,0.0,3.0912733333333327,7.314175000000004,10.523166666666668,3.1877916666666675,0.0,0.0,53.92721038414354,3.664,27.225083333333316,10.523166666666668,3.11
2,954098.7124460549,3944.2654044489013,7.0,29.0,,,,23.01707558771976,0.0,19.89601483449077,0.0,5.0,0.0,6.604535909774986,0.7077451691719033,10.523166666666668,3.1877916666666675,0.0,0.0,53.92721038414354,3.664,27.225083333333316,10.523166666666668,3.11
3,876898.8627497104,4232.607227307755,9.0,23.0,,,,17.81122616335867,0.0,19.89601483449077,0.0,10.0,0.0,11.810385334136072,0.7077451691719079,10.523166666666668,3.1877916666666675,0.0,0.0,53.92721038414354,3.664,27.225083333333316,10.523166666666668,3.11
4,798191.0632563091,4520.949050166668,15.0,0.0,,,,0.0,0.0,19.89601483449077,0.0,27.0,0.0,29.621611497494744,0.7077451691719077,10.523166666666668,3.089683333333332,0.0,0.0,53.92721038414354,3.664,27.225083333333316,10.523166666666668,3.11
