,cost,emission,grid,wood_supply,DHDC_small_heat,DHDC_medium_heat,DHDC_large_heat,wood_boiler_heat,wood_boiler_DHW,PV,SCFP,DHW_to_heat,ASHP,ASHP_DHW,GSHP_heat,GSHP_cooling,battery,DHW_storage,heat_storage,geothermal_boreholes,demand_electricity,demand_space_heating,demand_space_cooling,demand_hot_water
0,834590.6087410667,3669.863853416071,5.0,41.0,273.13,848.75,2000.0,2000.0,2000.0,28.35295922501945,0.0,0.0,0.0,0.0,0.0,0.0,250.00000000000006,0.0,0.0,59.84707145751362,4.184166666666667,27.996266666666667,0.0,3.7465000000000006
1,269408.3147302319,3670.064594294643,5.0,41.0,0.0,0.0,0.0,26.74187333333333,5.0,28.35295922501945,0.0,2.0,0.0,0.0,0.0,0.0,6.262333333333334,0.0,0.0,59.84707145751362,4.184166666666667,27.996266666666667,0.0,3.7465000000000006
2,269408.3147302319,3670.064594294642,5.0,41.0,0.0,0.0,0.0,26.74187333333333,5.0,28.35295922501945,0.0,2.0,0.0,0.0,0.0,0.0,6.262333333333336,0.0,0.0,59.84707145751362,4.184166666666667,27.996266666666667,0.0,3.7465000000000006
3,269408.3147302319,3670.064594294643,5.0,41.0,0.0,0.0,0.0,26.74187333333333,5.0,28.35295922501945,0.0,2.0,0.0,0.0,0.0,0.0,6.262333333333336,0.0,0.0,59.84707145751362,4.184166666666667,27.996266666666667,0.0,3.7465000000000006
4,268696.17892648955,3828.006645230357,5.0,46.0,0.0,0.0,0.0,0.0,31.74187333333333,28.35295922501945,0.0,28.0,0.0,0.0,0.0,0.0,6.262333333333334,0.0,0.0,59.84707145751362,4.184166666666667,27.996266666666667,0.0,3.7465000000000006
