,cost,emission,grid,wood_supply,DHDC_small_heat,DHDC_medium_heat,DHDC_large_heat,wood_boiler_heat,wood_boiler_DHW,PV,SCFP,DHW_to_heat,ASHP,ASHP_DHW,GSHP_heat,GSHP_cooling,battery,DHW_storage,heat_storage,geothermal_boreholes,demand_electricity,demand_space_heating,demand_space_cooling,demand_hot_water
0,1417330.6515202369,4058.75068908756,7.0,40.0,,,,2000.0,2000.0,27.001409987601292,0.0,0.0,0.0,0.0,12.0,12.0,250.00000000000006,0.0,0.0,58.900986991320906,4.8255,27.128716666666673,11.993,4.0861366666666665
1,1161440.408526485,4347.27744894522,8.0,31.0,,,,19.76134166666667,5.0,27.001409987601292,0.0,2.0,0.0,4.059303333333333,7.367374999999999,11.992999999999999,4.2964722222222225,0.0,0.0,58.900986991320906,4.8255,27.128716666666673,11.993,4.0861366666666665
2,1061622.1070278431,4635.8042088028915,8.0,30.0,,,,23.696653840476202,0.0,27.001409987601292,0.0,4.0,0.0,6.427,1.090866159523802,11.992999999999999,4.2964722222222225,0.0,0.0,58.900986991320906,4.8255,27.128716666666673,11.993,4.0861366666666665
3,984373.8172231603,4924.330968660552,9.0,23.0,,,,18.325657092082793,0.0,27.001409987601292,0.0,9.0,0.0,11.797996748393405,1.090866159523802,11.992999999999999,4.2964722222222225,0.0,0.0,58.900986991320906,4.8255,27.128716666666673,11.993,4.0861366666666665
4,905606.6953675561,5212.857728518229,16.0,0.0,,,,0.0,0.0,27.001409987601292,0.0,27.0,0.0,30.123653840476198,1.0908661595238058,11.992999999999999,4.2964722222222225,0.0,0.0,58.900986991320906,4.8255,27.128716666666673,11.993,4.0861366666666665
