,cost,emission,grid,wood_supply,DHDC_small_heat,DHDC_medium_heat,DHDC_large_heat,wood_boiler_heat,wood_boiler_DHW,PV,SCFP,DHW_to_heat,ASHP,ASHP_DHW,GSHP_heat,GSHP_cooling,battery,DHW_storage,heat_storage,geothermal_boreholes,demand_electricity,demand_space_heating,demand_space_cooling,demand_hot_water
0,231145.64134964463,2268.976421223437,4.0,28.0,,,,2000.0,2000.0,19.44878233401771,0.0,0.0,0.0,0.0,9.0,7.0,250.00000000000006,0.0,0.0,53.6141476338124,2.5511666666666666,19.692683333333335,6.7785,2.2306666666666666
1,142246.41278367,2283.4557467075892,4.0,29.0,,,,16.91632,5.0,19.44878233401771,0.0,3.0,0.0,0.0,0.0,6.778499999999999,4.3213333333333335,0.0,0.0,53.6141476338124,2.5511666666666666,19.692683333333335,6.7785,2.2306666666666666
2,142246.41278367,2283.4557467075892,4.0,29.0,,,,16.91632,5.0,19.44878233401771,0.0,3.0,0.0,0.0,0.0,6.778499999999999,4.3213333333333335,0.0,0.0,53.6141476338124,2.5511666666666666,19.692683333333335,6.7785,2.2306666666666666
3,142246.41278367004,2283.4557467075892,3.0,29.0,,,,16.91632,5.0,19.44878233401771,0.0,3.0,0.0,0.0,0.0,6.778499999999999,4.3213333333333335,0.0,0.0,53.6141476338124,2.5511666666666666,19.692683333333335,6.7785,2.2306666666666666
4,141303.17460424904,2400.5104542540175,3.0,32.0,,,,0.0,21.916320000000002,19.44878233401771,0.0,20.0,0.0,0.0,0.0,6.778500000000001,4.3213333333333335,0.0,0.0,53.6141476338124,2.5511666666666666,19.692683333333335,6.7785,2.2306666666666666
