,cost,emission,grid,wood_supply,DHDC_small_heat,DHDC_medium_heat,DHDC_large_heat,wood_boiler_heat,wood_boiler_DHW,PV,SCFP,DHW_to_heat,ASHP,ASHP_DHW,GSHP_heat,GSHP_cooling,battery,DHW_storage,heat_storage,geothermal_boreholes,demand_electricity,demand_space_heating,demand_space_cooling,demand_hot_water
0,1419954.8802383225,2408.975317771875,4.0,28.0,273.13,848.75,2000.0,2000.0,2000.0,17.73164575562832,0.0,0.0,0.0,0.0,8.0,7.0,250.00000000000006,0.0,0.0,52.41215202893983,2.762919999999998,19.45459999999997,6.9848333333333334,2.419
1,608610.5564554161,2579.262704445143,4.0,21.0,50.0,0.0,0.0,16.018500077947298,0.0,17.73164575562832,0.0,4.0,0.0,2.395666666666666,7.8605,6.984833333333333,3.388138888888888,0.0,0.0,52.41215202893983,2.762919999999998,19.45459999999997,6.9848333333333334,2.419
2,448819.20874460996,2749.550091118427,4.0,8.0,50.0,0.0,0.0,5.812307438708914,0.0,17.73164575562832,0.0,14.0,0.0,2.395666666666666,7.8605,6.984833333333333,3.388138888888888,0.0,0.0,52.41215202893983,2.762919999999998,19.45459999999997,6.9848333333333334,2.419
3,289180.1265435616,2919.8374777917115,4.0,7.0,50.0,0.0,0.0,5.0,0.0,17.73164575562832,0.0,20.0,0.0,2.395666666666666,7.8605,6.984833333333333,3.388138888888888,0.0,0.0,52.41215202893983,2.762919999999998,19.45459999999997,6.9848333333333334,2.419
4,169159.9038796804,3090.1248644649995,4.0,0.0,50.0,0.0,0.0,0.0,0.0,17.73164575562832,0.0,20.0,0.0,0.0,0.0,6.984833333333333,4.1259999999999994,0.0,0.0,52.41215202893983,2.762919999999998,19.45459999999997,6.9848333333333334,2.419
