,cost,emission,grid,wood_supply,DHDC_small_heat,DHDC_medium_heat,DHDC_large_heat,wood_boiler_heat,wood_boiler_DHW,PV,SCFP,DHW_to_heat,ASHP,ASHP_DHW,GSHP_heat,GSHP_cooling,battery,DHW_storage,heat_storage,geothermal_boreholes,demand_electricity,demand_space_heating,demand_space_cooling,demand_hot_water
0,587604.9817042577,3228.463292728453,6.0,36.0,273.13,848.75,2000.0,2000.0,2000.0,23.76448911850031,0.0,0.0,0.0,0.0,10.0,11.0,250.00000000000006,0.0,0.0,56.63514238295022,3.7463333333333337,24.88116666666667,10.335,3.1725
1,15764.431899893818,3697.22636126193,7.0,31.0,0.0,0.0,0.0,24.04455931983725,0.0,19.181564598738223,0.0,1.0,0.0,3.1725,0.8351840134960806,10.335,1.4786058422733117,0.0,0.0,56.63514238295022,3.7463333333333337,24.88116666666667,10.335,3.1725
2,14256.18684534801,4165.989429795168,7.0,27.0,0.0,0.0,0.0,21.139243333333336,0.0,11.89929733288591,0.0,4.0,0.0,6.0791958511508355,0.8338041488491631,10.335,0.0,0.0,0.0,56.63514238295022,3.7463333333333337,24.88116666666667,10.335,3.1725
3,11535.940694077392,4634.752498329179,14.0,0.0,0.0,0.0,0.0,0.0,0.0,12.446322776301113,0.0,25.0,0.0,27.21843918447346,0.833804148859876,10.335,0.0,0.0,0.0,56.63514238295022,3.7463333333333337,24.88116666666667,10.335,3.1725
4,10493.185752169278,5103.515566862319,14.0,0.0,0.0,0.0,0.0,0.0,0.0,0.0,0.0,25.0,0.0,27.218439184473397,0.8338041488599401,10.335,0.0,0.0,0.0,56.63514238295022,3.7463333333333337,24.88116666666667,10.335,3.1725
