,cost,emission,grid,wood_supply,DHDC_small_heat,DHDC_medium_heat,DHDC_large_heat,wood_boiler_heat,wood_boiler_DHW,PV,SCFP,DHW_to_heat,ASHP,ASHP_DHW,GSHP_heat,GSHP_cooling,battery,DHW_storage,heat_storage,geothermal_boreholes,demand_electricity,demand_space_heating,demand_space_cooling,demand_hot_water
0,112065.16937000347,3791.524191529814,5.0,41.0,,,,2000.0,2000.0,34.97287660667593,0.0,0.0,0.0,4.0,0.0,0.0,250.00000000000006,0.0,0.0,64.48101362467315,4.388333333333333,27.874079999999996,0.0,3.9648333333333334
1,19818.916621353703,4448.211398855692,6.0,35.0,,,,27.60638666666666,0.0,25.096155261507544,0.0,2.0,0.0,4.229860000000002,0.0,0.0,2.5657636451799917,0.0,0.0,64.48101362467315,4.388333333333333,27.874079999999996,0.0,3.9648333333333334
2,17620.348118267448,5104.898606181582,8.0,31.0,,,,24.616945621862904,0.0,14.571635738461541,0.0,5.0,0.0,7.219301044803754,0.0,0.0,0.0,0.0,0.0,64.48101362467315,4.388333333333333,27.874079999999996,0.0,3.9648333333333334
3,14454.591878508112,5761.585813507454,16.0,0.0,,,,0.0,0.0,17.043397246271624,0.0,28.0,0.0,31.83624666666666,0.0,0.0,0.1851915575698757,0.0,0.0,64.48101362467315,4.388333333333333,27.874079999999996,0.0,3.9648333333333334
4,13050.51252200813,6418.273020833334,16.0,0.0,,,,0.0,0.0,0.0,0.0,28.0,0.0,31.83624666666666,0.0,0.0,0.0,0.0,0.0,64.48101362467315,4.388333333333333,27.874079999999996,0.0,3.9648333333333334
