,cost,emission,grid,wood_supply,DHDC_small_heat,DHDC_medium_heat,DHDC_large_heat,wood_boiler_heat,wood_boiler_DHW,PV,SCFP,DHW_to_heat,ASHP,ASHP_DHW,GSHP_heat,GSHP_cooling,battery,DHW_storage,heat_storage,geothermal_boreholes,demand_electricity,demand_space_heating,demand_space_cooling,demand_hot_water
0,587027.0748965256,2848.2294733392855,4.0,36.0,273.13,848.75,2000.0,2000.0,2000.0,14.953926345363673,0.0,0.0,9.0,0.0,,,250.00000000000006,0.0,0.0,,2.4664999999999995,25.724566666666664,8.551499999999999,2.2920000000000003
1,15348.44531549627,3305.544625108631,6.0,23.0,0.0,0.0,0.0,18.243027714376257,0.0,9.62619206607593,0.0,0.0,8.551499999999999,2.292,,,0.15792374822557714,0.0,0.0,,2.4664999999999995,25.724566666666664,8.551499999999999,2.2920000000000003
2,14073.480891678755,3762.859776877979,7.0,22.0,0.0,0.0,0.0,17.139899999999997,0.0,7.850558355163111,0.0,2.0,8.551499999999999,2.292,,,0.0,0.0,0.0,,2.4664999999999995,25.724566666666664,8.551499999999999,2.2920000000000003
3,11514.824272429174,4220.1749286473205,14.0,0.0,0.0,0.0,0.0,0.0,0.0,12.414157410165949,0.0,18.0,8.551499999999999,19.4319,,,1.0155573163104208,0.0,0.0,,2.4664999999999995,25.724566666666664,8.551499999999999,2.2920000000000003
4,10344.028027072143,4677.490080416667,14.0,0.0,0.0,0.0,0.0,0.0,0.0,0.0,0.0,18.0,8.551499999999999,19.4319,,,0.0,0.0,0.0,,2.4664999999999995,25.724566666666664,8.551499999999999,2.2920000000000003
