,cost,emission,grid,wood_supply,DHDC_small_heat,DHDC_medium_heat,DHDC_large_heat,wood_boiler_heat,wood_boiler_DHW,PV,SCFP,DHW_to_heat,ASHP,ASHP_DHW,GSHP_heat,GSHP_cooling,battery,DHW_storage,heat_storage,geothermal_boreholes,demand_electricity,demand_space_heating,demand_space_cooling,demand_hot_water
0,305041.6026482035,3791.524191529814,5.0,41.0,,,,2000.0,2000.0,34.97287660667593,0.0,0.0,0.0,4.0,0.0,0.0,250.00000000000006,0.0,0.0,64.48101362467315,4.388333333333333,27.874079999999996,0.0,3.9648333333333334
1,235684.3660133196,3793.928241229899,5.0,41.0,,,,27.758733332166674,5.0,34.97287660667593,0.0,1.0,0.0,0.2757035821387419,0.0,0.0,7.485623507442192,0.0,0.0,64.48101362467315,4.388333333333333,27.874079999999996,0.0,3.9648333333333334
2,235670.70721890513,3794.1571433083836,5.0,41.0,,,,26.83624666666666,5.0,34.97287660667593,0.0,2.0,0.0,0.27570358213874024,0.0,0.0,7.48562350744219,0.0,0.0,64.48101362467315,4.388333333333333,27.874079999999996,0.0,3.9648333333333334
3,235670.70721890515,3794.1571433083836,5.0,41.0,,,,26.83624666666666,5.0,34.97287660667593,0.0,2.0,0.0,0.27570358213874135,0.0,0.0,7.485623507442193,0.0,0.0,64.48101362467315,4.388333333333333,27.874079999999996,0.0,3.9648333333333334
4,235122.03523516277,3981.0197162441,5.0,46.0,,,,0.0,31.83624666666666,34.97287660667593,0.0,28.0,0.0,0.2757035821387388,0.0,0.0,7.485623507442192,0.0,0.0,64.48101362467315,4.388333333333333,27.874079999999996,0.0,3.9648333333333334
