,cost,emission,grid,wood_supply,DHDC_small_heat,DHDC_medium_heat,DHDC_large_heat,wood_boiler_heat,wood_boiler_DHW,PV,SCFP,DHW_to_heat,ASHP,ASHP_DHW,GSHP_heat,GSHP_cooling,battery,DHW_storage,heat_storage,geothermal_boreholes,demand_electricity,demand_space_heating,demand_space_cooling,demand_hot_water
0,126655.41808333443,1245.4499156944387,2.0,15.0,,,,2000.0,2000.0,12.51927124391353,0.0,0.0,0.0,2.0,0.0,0.0,250.00000000000006,0.0,0.0,48.76348987073948,1.2803333333333333,10.236239999999997,0.0,1.2585
1,56936.79948522841,1248.9936630372963,2.0,15.0,,,,8.0615,5.0,12.51927124391353,0.0,3.0,0.0,0.13965511670336536,0.0,0.0,2.996977034706931,0.0,0.0,48.76348987073948,1.2803333333333333,10.236239999999997,0.0,1.2585
2,56936.7994852284,1248.9936630372963,2.0,15.0,,,,8.0615,5.0,12.51927124391353,0.0,3.0,0.0,0.13965511670336497,0.0,0.0,2.9969770347069304,0.0,0.0,48.76348987073948,1.2803333333333333,10.236239999999997,0.0,1.2585
3,56936.79948522841,1248.9936630372963,2.0,15.0,,,,8.0615,5.0,12.51927124391353,0.0,3.0,0.0,0.13965511670336536,0.0,0.0,2.9969770347069304,0.0,0.0,48.76348987073948,1.2803333333333333,10.236239999999997,0.0,1.2585
4,55775.52974845958,1332.0078176801533,2.0,17.0,,,,0.0,11.480376666666661,12.51927124391353,0.0,11.0,0.0,0.13965511670336458,0.0,0.0,2.9969770347069304,0.0,0.0,48.76348987073948,1.2803333333333333,10.236239999999997,0.0,1.2585
