,cost,emission,grid,wood_supply,DHDC_small_heat,DHDC_medium_heat,DHDC_large_heat,wood_boiler_heat,wood_boiler_DHW,PV,SCFP,DHW_to_heat,ASHP,ASHP_DHW,GSHP_heat,GSHP_cooling,battery,DHW_storage,heat_storage,geothermal_boreholes,demand_electricity,demand_space_heating,demand_space_cooling,demand_hot_water
0,736524.3176177256,2848.2294733392855,4.0,36.0,273.13,848.75,2000.0,2000.0,2000.0,14.953926345363673,0.0,0.0,9.0,0.0,,,250.00000000000006,0.0,0.0,,2.4664999999999995,25.724566666666664,8.551499999999999,2.2920000000000003
1,170402.20078024638,2849.946896848017,4.0,36.0,0.0,0.0,0.0,22.98340000016666,4.999999999833333,14.953926345363673,0.0,3.0,8.551499999999999,0.0,,,3.3823333333333325,0.0,6.0,,2.4664999999999995,25.724566666666664,8.551499999999999,2.2920000000000003
2,170399.18329453317,2849.4130339910707,4.0,36.0,0.0,0.0,0.0,22.983399999999996,5.0,14.953926345363673,0.0,3.0,8.551499999999999,0.0,,,3.3823333333333325,0.0,0.0,,2.4664999999999995,25.724566666666664,8.551499999999999,2.2920000000000003
3,170399.1832945332,2849.4130339910707,4.0,36.0,0.0,0.0,0.0,22.983399999999996,5.0,14.953926345363673,0.0,3.0,8.551499999999999,0.0,,,3.3823333333333325,0.0,0.0,,2.4664999999999995,25.724566666666664,8.551499999999999,2.2920000000000003
4,169843.3756367908,3035.013141526785,4.0,40.0,0.0,0.0,0.0,0.0,27.983399999999996,14.953926345363673,0.0,26.0,8.551499999999999,0.0,,,3.3823333333333325,0.0,0.0,,2.4664999999999995,25.724566666666664,8.551499999999999,2.2920000000000003
