,cost,emission,grid,wood_supply,DHDC_small_heat,DHDC_medium_heat,DHDC_large_heat,wood_boiler_heat,wood_boiler_DHW,PV,SCFP,DHW_to_heat,ASHP,ASHP_DHW,GSHP_heat,GSHP_cooling,battery,DHW_storage,heat_storage,geothermal_boreholes,demand_electricity,demand_space_heating,demand_space_cooling,demand_hot_water
0,27972.087360584483,2049.946381897102,5.730491315500911,0.24948596590162408,,,,0.0,5.0,14.138847400464025,0.0,0.0,13.209519999999992,1.31602649053553,0.0,0.0,3.8613778511657513,0.0,0.0,0.0,1.4409999999999998,13.209519999999992,0.0,1.4906666666666668
1,7711.5811140898895,2186.7426671459825,5.824558042112528,0.0,,,,0.0,0.0,10.977049843637523,0.0,1.0,13.186489999999992,1.4906666666666668,0.0,0.0,1.7738158930546393,0.0,0.0,0.0,1.4409999999999998,13.209519999999992,0.0,1.4906666666666668
2,7135.511524006046,2323.5389523948634,5.850193610769653,0.0,,,,0.0,0.0,6.794849152092945,0.0,1.0,13.186489999999992,1.4906666666666668,0.0,0.0,0.5375460530625122,0.0,0.0,0.0,1.4409999999999998,13.209519999999992,0.0,1.4906666666666668
3,6779.410423037567,2460.335237643747,5.872413248715607,0.0,,,,0.0,0.0,3.1699252650381506,0.0,1.0,13.186489999999992,1.4906666666666668,0.0,0.0,0.0,0.0,0.0,0.0,1.4409999999999998,13.209519999999992,0.0,1.4906666666666668
4,6564.178319198779,2597.1315228926314,6.0,0.24948596590162408,,,,0.0,0.0,0.0,0.0,1.0,13.186489999999992,1.4906666666666668,0.0,0.0,0.0,0.0,0.0,0.0,1.4409999999999998,13.209519999999992,0.0,1.4906666666666668
