,cost,emission,grid,wood_supply,DHDC_small_heat,DHDC_medium_heat,DHDC_large_heat,wood_boiler_heat,wood_boiler_DHW,PV,SCFP,DHW_to_heat,ASHP,ASHP_DHW,GSHP_heat,GSHP_cooling,battery,DHW_storage,heat_storage,geothermal_boreholes,demand_electricity,demand_space_heating,demand_space_cooling,demand_hot_water
0,31978.440912762166,1617.0657391909315,4.44393630805165,0.23196801147297705,20.0,0.0,0.0,5.0,5.0,9.133717563707721,0.0,0.0,11.337658924154955,0.8557890586355825,,,2.095032336679618,0.0,0.0,,1.2368333333333332,11.523233333333337,3.0759200000000004,1.0181666666666667
1,6034.191859850929,1708.3293527757096,4.924788369207232,0.0,0.0,0.0,0.0,0.0,0.0,7.981193908439537,0.0,1.0,11.478233333333337,1.0181666666666667,,,1.0991322783134674,0.0,0.0,,1.2368333333333332,11.523233333333337,3.0759200000000004,1.0181666666666667
2,5614.30414062479,1799.59296636049,4.9580246055336445,0.0,0.0,0.0,0.0,0.0,0.0,4.9952555921828665,0.0,1.0,11.478233333333337,1.0181666666666667,,,0.3030971754792281,0.0,0.0,,1.2368333333333332,11.523233333333337,3.0759200000000004,1.0181666666666667
3,5334.404250810625,1890.8565799452701,4.987667807221689,0.0,0.0,0.0,0.0,0.0,0.0,2.3321149505178065,0.0,1.0,11.478233333333337,1.0181666666666667,,,0.0,0.0,0.0,,1.2368333333333332,11.523233333333337,3.0759200000000004,1.0181666666666667
4,5148.939603967076,1982.120193530049,6.0,0.23196801147297705,0.0,0.0,0.0,0.0,0.0,0.0,0.0,1.0,11.478233333333337,1.0181666666666667,,,0.0,0.0,0.0,,1.2368333333333332,11.523233333333337,3.0759200000000004,1.0181666666666667
