,cost,emission,grid,wood_supply,DHDC_small_heat,DHDC_medium_heat,DHDC_large_heat,wood_boiler_heat,wood_boiler_DHW,PV,SCFP,DHW_to_heat,ASHP,ASHP_DHW,GSHP_heat,GSHP_cooling,battery,DHW_storage,heat_storage,geothermal_boreholes,demand_electricity,demand_space_heating,demand_space_cooling,demand_hot_water
0,46082.192647145595,5460.696910071501,14.922499879935781,0.31085461690747845,20.0,0.0,0.0,5.0,5.0,31.672747687850972,0.0,0.0,38.53561630647402,3.5397351014980982,,,6.500554818820235,0.0,0.0,,4.6685,38.7843,12.759600000000008,3.7573333333333334
1,20246.967700016237,5777.52713366408,16.62204562025318,0.0,0.0,0.0,0.0,0.0,0.0,26.571960413047325,0.0,1.0,38.77007333333336,3.757333333333311,,,3.1228055315178964,0.0,0.0,,4.6685,38.7843,12.759600000000008,3.7573333333333334
2,18886.272430973164,6094.357357256685,16.73308578671711,0.0,0.0,0.0,0.0,0.0,0.0,16.61833633107872,0.0,1.0,38.77007333333333,3.7573333333333334,,,0.26635845368716593,0.0,0.0,,4.6685,38.7843,12.759600000000008,3.7573333333333334
3,18110.674713529435,6411.1875808492705,16.82945109578703,0.0,0.0,0.0,0.0,0.0,0.0,7.980164293248475,0.0,1.0,38.77007333333333,3.7573333333333334,,,0.0,0.0,0.0,,4.6685,38.7843,12.759600000000008,3.7573333333333334
4,17489.177415966544,6728.01780444184,17.0,0.31085461690747845,0.0,0.0,0.0,0.0,0.0,0.0,0.0,1.0,38.77007333333333,3.7573333333333334,,,0.0,0.0,0.0,,4.6685,38.7843,12.759600000000008,3.7573333333333334
