,cost,emission,grid,wood_supply,DHDC_small_heat,DHDC_medium_heat,DHDC_large_heat,wood_boiler_heat,wood_boiler_DHW,PV,SCFP,DHW_to_heat,ASHP,ASHP_DHW,GSHP_heat,GSHP_cooling,battery,DHW_storage,heat_storage,geothermal_boreholes,demand_electricity,demand_space_heating,demand_space_cooling,demand_hot_water
0,36475.85872987345,2958.0519925247177,6.725839186623949,0.2547858211950372,20.0,0.0,0.0,5.0,5.0,15.65309177001062,0.0,0.0,14.161789993527599,1.7989832584968073,4.144841349516355,7.537499999999999,3.172868086737442,0.0,0.0,9.421874999999998,2.011833333333333,18.51046,7.537499999999999,1.9773333333333334
1,10545.673957328676,3114.2043216910247,8.05017300377528,0.0,0.0,0.0,0.0,0.0,0.0,13.535219988833761,0.0,1.0,18.222138295068028,1.9773333333333334,0.2599583715986383,5.331666666666666,1.5036979952286735,0.0,0.0,6.664583333333333,2.011833333333333,18.51046,7.537499999999999,1.9773333333333334
2,9838.075729320006,3270.356650857384,8.077629627734197,0.0,0.0,0.0,0.0,0.0,0.0,8.425659023207734,0.0,1.0,18.224429137479344,1.977333333333263,0.2576675291873905,5.220833333333333,0.10479483136469589,0.0,0.0,6.526041666666666,2.011833333333333,18.51046,7.537499999999999,1.9773333333333334
3,9429.621123952613,3426.508980023691,8.101368064472704,0.0,0.0,0.0,0.0,0.0,0.0,4.028031262227937,0.0,1.0,18.2273677606368,1.9773333333333334,0.2547289060298665,4.917499999999999,0.0,0.0,0.0,6.146874999999999,2.011833333333333,18.51046,7.537499999999999,1.9773333333333334
4,9099.25725208488,3582.6613091900276,9.0,0.2547858211950372,0.0,0.0,0.0,0.0,0.0,0.0,0.0,1.0,18.24097154973232,1.9773333333333334,0.241125116934347,4.1146666666666665,0.0,0.0,0.0,5.1433333333333335,2.011833333333333,18.51046,7.537499999999999,1.9773333333333334
