,cost,emission,grid,wood_supply,DHDC_small_heat,DHDC_medium_heat,DHDC_large_heat,wood_boiler_heat,wood_boiler_DHW,PV,SCFP,DHW_to_heat,ASHP,ASHP_DHW,GSHP_heat,GSHP_cooling,battery,DHW_storage,heat_storage,geothermal_boreholes,demand_electricity,demand_space_heating,demand_space_cooling,demand_hot_water
0,35514.6419310409,2240.025932043646,6.7847490778603055,0.26758679135717695,20.0,0.0,0.0,5.0,5.0,19.310511816336266,0.0,0.0,16.99476390024759,1.3263559127166427,,,4.138032258590288,0.0,0.0,,2.0102166666666657,17.208833333333335,5.822666666666667,1.5136666666666667
1,9505.418711592372,2407.075793811378,7.496535314073228,0.0,0.0,0.0,0.0,0.0,0.0,15.89859908820671,0.0,1.0,17.193,1.5136666666666667,,,2.272643284910908,0.0,0.0,,2.0102166666666657,17.208833333333335,5.822666666666667,1.5136666666666667
2,8616.779493517597,2574.1256555790815,7.526867914918506,0.0,0.0,0.0,0.0,0.0,0.0,9.941940982685056,0.0,1.0,17.192999999999945,1.5136666666667224,,,0.7202677636528101,0.0,0.0,,2.0102166666666657,17.208833333333335,5.822666666666667,1.5136666666666667
3,8002.046275650054,2741.17551734684,7.839647214218763,0.0,0.0,0.0,0.0,0.0,0.0,4.621406141187672,0.0,1.0,17.193,1.5136666666666667,,,0.0,0.0,0.0,,2.0102166666666657,17.208833333333335,5.822666666666667,1.5136666666666667
4,7594.620466980186,2908.225379114568,8.0,0.26758679135717695,0.0,0.0,0.0,0.0,0.0,0.0,0.0,1.0,17.193,1.5136666666666667,,,0.0,0.0,0.0,,2.0102166666666657,17.208833333333335,5.822666666666667,1.5136666666666667
