,cost,emission,grid,wood_supply,DHDC_small_heat,DHDC_medium_heat,DHDC_large_heat,wood_boiler_heat,wood_boiler_DHW,PV,SCFP,DHW_to_heat,ASHP,ASHP_DHW,GSHP_heat,GSHP_cooling,battery,DHW_storage,heat_storage,geothermal_boreholes,demand_electricity,demand_space_heating,demand_space_cooling,demand_hot_water
0,29757.402334621194,2435.429550167096,5.284959404988741,0.2799601352766904,,,,0.0,5.0,22.84575293619725,0.0,0.0,8.657176666666663,2.304527905306317,,,4.806582508591505,0.0,0.0,,3.166533333333333,8.657176666666663,7.2285,2.5005
1,9187.868323773931,2647.3692090275717,5.776953479045769,0.0,,,,0.0,0.0,17.395391513031157,0.0,1.0,8.64584333333333,2.5004999999999997,,,1.4993425995593364,0.0,0.0,,3.166533333333333,8.657176666666663,7.2285,2.5005
2,8365.116506717117,2859.308867888053,6.532457288013384,0.0,,,,0.0,0.0,10.84131877783271,0.0,1.0,8.64584333333333,2.5004999999999997,,,0.0,0.0,0.0,,3.166533333333333,8.657176666666663,7.2285,2.5005
3,7913.530476280524,3071.248526748532,6.5574439933654265,0.0,,,,0.0,0.0,5.317059773035866,0.0,1.0,8.64584333333333,2.5004999999999997,,,0.0,0.0,0.0,,3.166533333333333,8.657176666666663,7.2285,2.5005
4,7501.865925718535,3283.188185609023,7.0,0.2799601352766904,,,,0.0,0.0,0.0,0.0,1.0,8.64584333333333,2.5004999999999997,,,0.0,0.0,0.0,,3.166533333333333,8.657176666666663,7.2285,2.5005
