,cost,emission,grid,wood_supply,DHDC_small_heat,DHDC_medium_heat,DHDC_large_heat,wood_boiler_heat,wood_boiler_DHW,PV,SCFP,DHW_to_heat,ASHP,ASHP_DHW,GSHP_heat,GSHP_cooling,battery,DHW_storage,heat_storage,geothermal_boreholes,demand_electricity,demand_space_heating,demand_space_cooling,demand_hot_water
0,42980.04458564454,4420.039573653435,12.386097017430147,0.30355285130360754,20.0,0.0,0.0,5.0,5.0,29.58652894388787,0.0,0.0,32.07479105229045,2.667346337420808,,,7.0828001371857745,0.0,0.0,,3.7135000000000002,32.31763333333334,10.214600000000003,2.8798333333333335
1,17150.81198647226,4710.952704095097,13.685213178596275,0.0,0.0,0.0,0.0,0.0,0.0,24.41834435197361,0.0,1.0,32.29210333333326,2.8798333333334085,,,3.4970086313485353,0.0,0.0,,3.7135000000000002,32.31763333333334,10.214600000000003,2.8798333333333335
2,15873.18453463114,5001.865834536747,13.738335344456447,0.0,0.0,0.0,0.0,0.0,0.0,15.26280747167886,0.0,1.0,32.29210333333334,2.879833333333333,,,1.1253129583838637,0.0,0.0,,3.7135000000000002,32.31763333333334,10.214600000000003,2.8798333333333335
3,15029.15052190992,5292.7789649784,13.785670690774099,0.0,0.0,0.0,0.0,0.0,0.0,7.10462148781747,0.0,1.0,32.29210333333334,2.879833333333333,,,0.0,0.0,0.0,,3.7135000000000002,32.31763333333334,10.214600000000003,2.8798333333333335
4,14501.413188483111,5583.692095420071,14.0,0.30355285130360754,0.0,0.0,0.0,0.0,0.0,0.0,0.0,1.0,32.29210333333334,2.879833333333333,,,0.0,0.0,0.0,,3.7135000000000002,32.31763333333334,10.214600000000003,2.8798333333333335
