,cost,emission,grid,wood_supply,DHDC_small_heat,DHDC_medium_heat,DHDC_large_heat,wood_boiler_heat,wood_boiler_DHW,PV,SCFP,DHW_to_heat,ASHP,ASHP_DHW,GSHP_heat,GSHP_cooling,battery,DHW_storage,heat_storage,geothermal_boreholes,demand_electricity,demand_space_heating,demand_space_cooling,demand_hot_water
0,40256.66217911579,5748.543889978615,17.030278774994134,0.29583658097247567,,,,0.0,5.0,27.381880277850183,0.0,0.0,38.824646666666666,3.7835810599859343,,,5.11684122500586,0.0,0.0,,4.723000000000001,38.82464666666667,12.832499999999994,3.9906666666666673
1,19547.619371581983,6004.897839873302,17.152593538686776,0.0,,,,0.0,0.0,20.947895418743517,0.0,1.0,38.80314666666667,3.990666666666667,,,1.2789922334796664,0.0,0.0,,4.723000000000001,38.82464666666667,12.832499999999994,3.9906666666666673
2,18657.631965025743,6261.251789767986,17.19624944443756,0.0,,,,0.0,0.0,13.151933779467477,0.0,1.0,38.80314666666667,3.990666666666667,,,0.0,0.0,0.0,,4.723000000000001,38.82464666666667,12.832499999999994,3.9906666666666673
3,18127.34187468684,6517.605739662655,17.23320398676131,0.0,,,,0.0,0.0,6.552684734042772,0.0,1.0,38.80314666666667,3.990666666666667,,,0.0,0.0,0.0,,4.723000000000001,38.82464666666667,12.832499999999994,3.9906666666666673
4,17606.02090844706,6773.959689557321,18.0,0.29583658097247567,,,,0.0,0.0,0.0,0.0,1.0,38.80314666666667,3.990666666666667,,,0.0,0.0,0.0,,4.723000000000001,38.82464666666667,12.832499999999994,3.9906666666666673
