,cost,emission,grid,wood_supply,DHDC_small_heat,DHDC_medium_heat,DHDC_large_heat,wood_boiler_heat,wood_boiler_DHW,PV,SCFP,DHW_to_heat,ASHP,ASHP_DHW,GSHP_heat,GSHP_cooling,battery,DHW_storage,heat_storage,geothermal_boreholes,demand_electricity,demand_space_heating,demand_space_cooling,demand_hot_water
0,60004.65079107656,9631.587661586515,23.91352558288395,0.3851290641851806,20.0,0.0,0.0,5.0,4.999999999999999,52.89401833862301,0.0,0.0,60.22703008198519,6.451909655070374,0.0,0.0,9.978607088165122,0.0,0.0,0.0,7.748189999999998,60.535133333333334,0.0,6.737666666666667
1,34155.32052428046,10170.002971901322,26.9240863537514,0.0,0.0,0.0,0.0,0.0,0.0,43.9224679251558,0.0,1.0,60.53463333333342,6.73766666666658,0.0,0.0,4.318352267754848,0.0,0.0,0.0,7.748189999999998,60.535133333333334,0.0,6.737666666666667
2,32014.117473342,10708.418282216118,27.110042019135413,0.0,0.0,0.0,0.0,0.0,0.0,27.345036956067084,0.0,1.0,60.53463333333333,6.737666666666667,0.0,0.0,0.0,0.0,0.0,0.0,7.748189999999998,60.535133333333334,0.0,6.737666666666667
3,30890.797352416193,11246.83359253092,27.2660749395358,0.0,0.0,0.0,0.0,0.0,0.0,13.43513557445971,0.0,1.0,60.53463333333333,6.737666666666667,0.0,0.0,0.0,0.0,0.0,0.0,7.748189999999998,60.535133333333334,0.0,6.737666666666667
4,29858.95312191251,11785.248902845733,28.0,0.3851290641851806,0.0,0.0,0.0,0.0,0.0,0.0,0.0,1.0,60.53463333333333,6.737666666666667,0.0,0.0,0.0,0.0,0.0,0.0,7.748189999999998,60.535133333333334,0.0,6.737666666666667
