,cost,emission,grid,wood_supply,DHDC_small_heat,DHDC_medium_heat,DHDC_large_heat,wood_boiler_heat,wood_boiler_DHW,PV,SCFP,DHW_to_heat,ASHP,ASHP_DHW,GSHP_heat,GSHP_cooling,battery,DHW_storage,heat_storage,geothermal_boreholes,demand_electricity,demand_space_heating,demand_space_cooling,demand_hot_water
0,37309.46858684173,3288.0011912731024,8.023046897327163,0.2546366350231122,20.0,0.0,0.0,5.0,5.0,15.610467149460614,0.0,0.0,20.6820506919815,1.8389210221504881,0.0,0.0,3.1951717963261848,0.0,0.0,0.0,1.9417266666666617,20.885759999999994,0.0,2.0171666666666668
1,11399.355311869353,3443.0124782623093,8.928733929643471,0.0,0.0,0.0,0.0,0.0,0.0,13.466724205445274,0.0,1.0,20.845760000000134,2.017166666666526,0.0,0.0,1.4834171768176179,0.0,0.0,0.0,1.9417266666666617,20.885759999999994,0.0,2.0171666666666668
2,10694.518894762163,3598.023765251527,8.956360090730678,0.0,0.0,0.0,0.0,0.0,0.0,8.393109145240702,0.0,1.0,20.84575999999999,2.0171666666666668,0.0,0.0,0.12465309675116952,0.0,0.0,0.0,1.9417266666666617,20.885759999999994,0.0,2.0171666666666668
3,10291.193751527502,3753.035052240746,8.980064803671514,0.0,0.0,0.0,0.0,0.0,0.0,4.039678055237134,0.0,1.0,20.84575999999999,2.0171666666666668,0.0,0.0,0.0,0.0,0.0,0.0,1.9417266666666617,20.885759999999994,0.0,2.0171666666666668
4,9961.043505084168,3908.0463392299675,10.0,0.2546366350231122,0.0,0.0,0.0,0.0,0.0,0.0,0.0,1.0,20.84575999999999,2.0171666666666668,0.0,0.0,0.0,0.0,0.0,0.0,1.9417266666666617,20.885759999999994,0.0,2.0171666666666668
