,cost,emission,grid,wood_supply,DHDC_small_heat,DHDC_medium_heat,DHDC_large_heat,wood_boiler_heat,wood_boiler_DHW,PV,SCFP,DHW_to_heat,ASHP,ASHP_DHW,GSHP_heat,GSHP_cooling,battery,DHW_storage,heat_storage,geothermal_boreholes,demand_electricity,demand_space_heating,demand_space_cooling,demand_hot_water
0,33908.26983124765,3835.623540909277,11.393885082641583,0.2690035261812243,,,,0.0,5.0,19.71529319463551,0.0,0.0,26.794199999999996,2.2788641983398095,,,4.097028806247299,0.0,0.0,,2.935166666666667,26.7942,7.613000000000002,2.467166666666667
1,13439.720301435977,4015.6605999712747,11.497084818386888,0.0,,,,0.0,0.0,15.212858800602424,0.0,1.0,26.764366666666664,2.4671666666666665,,,1.5139315904918438,0.0,0.0,,2.935166666666667,26.7942,7.613000000000002,2.467166666666667
2,12683.456247705162,4195.697659033266,11.52833658745029,0.0,,,,0.0,0.0,9.525433047346839,0.0,1.0,26.764366666666664,2.4671666666666665,,,0.0,0.0,0.0,,2.935166666666667,26.7942,7.613000000000002,2.467166666666667
3,12262.857010654652,4375.734718095256,11.60577061579431,0.0,,,,0.0,0.0,4.640754432601257,0.0,1.0,26.764366666666664,2.4671666666666665,,,0.0,0.0,0.0,,2.935166666666667,26.7942,7.613000000000002,2.467166666666667
4,11889.255801826877,4555.77177715723,12.0,0.2690035261812243,,,,0.0,0.0,0.0,0.0,1.0,26.764366666666664,2.4671666666666665,,,0.0,0.0,0.0,,2.935166666666667,26.7942,7.613000000000002,2.467166666666667
