,cost,emission,grid,wood_supply,DHDC_small_heat,DHDC_medium_heat,DHDC_large_heat,wood_boiler_heat,wood_boiler_DHW,PV,SCFP,DHW_to_heat,ASHP,ASHP_DHW,GSHP_heat,GSHP_cooling,battery,DHW_storage,heat_storage,geothermal_boreholes,demand_electricity,demand_space_heating,demand_space_cooling,demand_hot_water
0,27984.01253750994,2184.0215330834335,5.74865017633696,0.2421403477970764,,,,0.0,5.0,12.04009937059324,0.0,0.0,13.852239999999991,1.2365017565420464,0.0,0.0,2.7559159347741478,0.0,0.0,0.0,1.3033333333333335,13.852239999999993,0.0,1.406
1,7702.585944629384,2295.1408189909957,5.850016036576307,0.0,,,,0.0,0.0,9.46808314427228,0.0,1.0,13.829406666666658,1.406,0.0,0.0,1.2248276802877511,0.0,0.0,0.0,1.3033333333333335,13.852239999999993,0.0,1.406
2,7201.019111414643,2406.2601048985593,5.890250944720443,0.0,,,,0.0,0.0,5.879695794479023,0.0,1.0,13.829406666666658,1.406,0.0,0.0,0.2619433406534165,0.0,0.0,0.0,1.3033333333333335,13.852239999999993,0.0,1.406
3,6900.023091238473,2517.3793908061225,5.924932805147229,0.0,,,,0.0,0.0,2.786562121178716,0.0,1.0,13.829406666666658,1.406,0.0,0.0,0.0,0.0,0.0,0.0,1.3033333333333335,13.852239999999993,0.0,1.406
4,6684.411471429499,2628.498676713681,6.0,0.2421403477970764,,,,0.0,0.0,0.0,0.0,1.0,13.829406666666658,1.406,0.0,0.0,0.0,0.0,0.0,0.0,1.3033333333333335,13.852239999999993,0.0,1.406
