,cost,emission,grid,wood_supply,DHDC_small_heat,DHDC_medium_heat,DHDC_large_heat,wood_boiler_heat,wood_boiler_DHW,PV,SCFP,DHW_to_heat,ASHP,ASHP_DHW,GSHP_heat,GSHP_cooling,battery,DHW_storage,heat_storage,geothermal_boreholes,demand_electricity,demand_space_heating,demand_space_cooling,demand_hot_water
0,28779.82398155361,2415.216251316021,7.079184779701056,0.2428283743582769,,,,0.0,5.0,12.23667838807911,0.0,0.0,16.515899999999995,1.2143534712825395,,,2.4505888314100535,0.0,0.0,,1.8925,16.5159,4.28634,1.3843333333333334
1,8414.404930602606,2522.8260784544345,7.163367036796021,0.0,,,,0.0,0.0,9.6559021370056,0.0,1.0,16.480369999999997,1.3843333333333334,,,0.9625331836393702,0.0,0.0,,1.8925,16.5159,4.28634,1.3843333333333334
2,7933.883199574948,2630.4359055928444,7.1818555762105,0.0,,,,0.0,0.0,6.083718284158513,0.0,1.0,16.480369999999997,1.3843333333333334,,,0.0,0.0,0.0,,1.8925,16.5159,4.28634,1.3843333333333334
3,7645.26376200428,2738.0457327312556,7.2131836285640585,0.0,,,,0.0,0.0,2.9709144018316267,0.0,1.0,16.480369999999997,1.3843333333333334,,,0.0,0.0,0.0,,1.8925,16.5159,4.28634,1.3843333333333334
4,7383.980941729116,2845.65555986967,8.0,0.2428283743582769,,,,0.0,0.0,0.0,0.0,1.0,16.480369999999997,1.3843333333333334,,,0.0,0.0,0.0,,1.8925,16.5159,4.28634,1.3843333333333334
