,cost,emission,grid,wood_supply,DHDC_small_heat,DHDC_medium_heat,DHDC_large_heat,wood_boiler_heat,wood_boiler_DHW,PV,SCFP,DHW_to_heat,ASHP,ASHP_DHW,GSHP_heat,GSHP_cooling,battery,DHW_storage,heat_storage,geothermal_boreholes,demand_electricity,demand_space_heating,demand_space_cooling,demand_hot_water
0,35026.21942071516,2284.783750655175,4.096161516839791,0.2751234785174453,20.0,0.0,0.0,5.0,5.0,21.463851004984374,0.0,0.0,8.135651217186043,2.352883565037788,,,4.483563792345366,0.0,0.0,,3.0912733333333335,8.355749999999999,6.163666666666667,2.6003333333333334
1,9000.685966070938,2496.6719175436824,5.28549795965813,0.0,0.0,0.0,0.0,0.0,0.0,17.89819005009872,0.0,1.0,8.341386666666665,2.6003333333333334,,,1.6100524305162094,0.0,0.0,,3.0912733333333335,8.355749999999999,6.163666666666667,2.6003333333333334
2,8126.122152157153,2708.5600844321925,5.600988456790124,0.0,0.0,0.0,0.0,0.0,0.0,11.21674210684887,0.0,1.0,8.341386666666665,2.6003333333333334,,,0.0,0.0,0.0,,3.0912733333333335,8.355749999999999,6.163666666666667,2.6003333333333334
3,7637.606513876767,2920.4482513207054,5.600988456790124,0.0,0.0,0.0,0.0,0.0,0.0,5.50159423836617,0.0,1.0,8.341386666666665,2.6003333333333334,,,0.0,0.0,0.0,,3.0912733333333335,8.355749999999999,6.163666666666667,2.6003333333333334
4,7190.236799291193,3132.3364182092187,6.0,0.2751234785174453,0.0,0.0,0.0,0.0,0.0,0.0,0.0,1.0,8.341386666666665,2.6003333333333334,,,0.0,0.0,0.0,,3.0912733333333335,8.355749999999999,6.163666666666667,2.6003333333333334
