,cost,emission,grid,wood_supply,DHDC_small_heat,DHDC_medium_heat,DHDC_large_heat,wood_boiler_heat,wood_boiler_DHW,PV,SCFP,DHW_to_heat,ASHP,ASHP_DHW,GSHP_heat,GSHP_cooling,battery,DHW_storage,heat_storage,geothermal_boreholes,demand_electricity,demand_space_heating,demand_space_cooling,demand_hot_water
0,26935.99298772901,1743.9941231961905,5.260281674710107,0.24060187718439568,,,,0.0,5.0,11.600536338398756,0.0,0.0,12.816246666666666,0.9520786859709229,,,2.92785610306767,0.0,0.0,,1.4238333333333335,12.816246666666666,4.315996666666667,1.1205
1,6657.313496656863,1849.9199069703886,5.344343781520951,0.0,,,,0.0,0.0,9.122205019010385,0.0,1.0,12.78108,1.1204999999999998,,,1.2861978695588778,0.0,0.0,,1.4238333333333335,12.816246666666666,4.315996666666667,1.1205
2,6176.9161195344,1955.8456907445866,5.363475959980296,0.0,,,,0.0,0.0,5.707689150543404,0.0,1.0,12.78108,1.1204999999999998,,,0.33285506386214814,0.0,0.0,,1.4238333333333335,12.816246666666666,4.315996666666667,1.1205
3,5866.638937678081,2061.7714745187845,5.553665248518188,0.0,,,,0.0,0.0,2.681278293639473,0.0,1.0,12.78108,1.1204999999999998,,,0.0,0.0,0.0,,1.4238333333333335,12.816246666666666,4.315996666666667,1.1205
4,5656.295158358214,2167.697258292988,6.0,0.24060187718439568,,,,0.0,0.0,0.0,0.0,1.0,12.78108,1.1204999999999998,,,0.0,0.0,0.0,,1.4238333333333335,12.816246666666666,4.315996666666667,1.1205
