,cost,emission,grid,wood_supply,DHDC_small_heat,DHDC_medium_heat,DHDC_large_heat,wood_boiler_heat,wood_boiler_DHW,PV,SCFP,DHW_to_heat,ASHP,ASHP_DHW,GSHP_heat,GSHP_cooling,battery,DHW_storage,heat_storage,geothermal_boreholes,demand_electricity,demand_space_heating,demand_space_cooling,demand_hot_water
0,78887.70892168678,3493.645711302665,7.914110394872144,0.2797829742833932,0.0,273.13,0.0,5.0,5.0,22.7951355095409,0.0,0.0,15.123946312702918,2.5972585846682907,6.222027307870576,9.646,4.2676311452770985,0.0,0.0,12.0575,3.021666666666667,21.569800000000015,9.646,2.811166666666667
1,13128.756356568221,3715.6179465349846,9.807380533573394,0.0,0.0,0.0,0.0,0.0,0.0,19.33871170631211,0.0,1.0,21.031313410104666,2.811166666666698,0.5342599232286452,7.8691466666666665,2.147086932458268,0.0,0.0,9.836433333333332,3.021666666666667,21.569800000000015,9.646,2.811166666666667
2,12124.994533347959,3937.5901817673184,9.84700024800427,0.0,0.0,0.0,0.0,0.0,0.0,12.080509077957766,0.0,1.0,21.03923172037691,2.811166666666698,0.5263416129564024,7.487146666666668,0.06008024912197918,0.0,0.0,9.358933333333335,3.021666666666667,21.569800000000015,9.646,2.811166666666667
3,11552.03153129517,4159.562416999734,9.893365613009559,0.0,0.0,0.0,0.0,0.0,0.0,5.810732061605262,0.0,1.0,21.040208502446912,2.811166666666667,0.5253648308864346,7.398333333333333,0.0,0.0,0.0,9.247916666666665,3.021666666666667,21.569800000000015,9.646,2.811166666666667
4,11064.856130738515,4381.534652231969,11.0,0.2797829742833932,0.0,0.0,0.0,0.0,0.0,0.0,0.0,1.0,21.06758020753739,2.811166666666667,0.4979931257959572,6.092166666666667,0.0,0.0,0.0,7.615208333333333,3.021666666666667,21.569800000000015,9.646,2.811166666666667
