,cost,emission,grid,wood_supply,DHDC_small_heat,DHDC_medium_heat,DHDC_large_heat,wood_boiler_heat,wood_boiler_DHW,PV,SCFP,DHW_to_heat,ASHP,ASHP_DHW,GSHP_heat,GSHP_cooling,battery,DHW_storage,heat_storage,geothermal_boreholes,demand_electricity,demand_space_heating,demand_space_cooling,demand_hot_water
0,49602.570275305414,6235.208599613087,19.377337261324875,0.332985270031662,20.0,0.0,0.0,5.0,5.0,37.99579143761771,0.0,0.0,48.54781178397464,2.351516977644503,,,9.016426259314791,0.0,0.0,,5.205,48.81419999999997,14.35504,2.5846066666666663
1,23556.419358941574,6594.8112736045405,20.542579347084093,0.0,0.0,0.0,0.0,0.0,0.0,30.758006298635472,0.0,1.0,48.63053333333319,2.584606666666635,,,3.899091752457423,0.0,0.0,,5.205,48.81419999999997,14.35504,2.5846066666666663
2,21969.704364950256,6954.413947596019,20.60656028998485,0.0,0.0,0.0,0.0,0.0,0.0,19.362663037201585,0.0,1.0,48.630533333333304,2.5846066666666663,,,0.7870056296010062,0.0,0.0,,5.205,48.81419999999997,14.35504,2.5846066666666663
3,20946.594781654974,7314.0166215874915,20.664344636031796,0.0,0.0,0.0,0.0,0.0,0.0,9.070966346143884,0.0,1.0,48.630533333333304,2.5846066666666663,,,0.0,0.0,0.0,,5.205,48.81419999999997,14.35504,2.5846066666666663
4,20238.59874124783,7673.619295578972,21.0,0.332985270031662,0.0,0.0,0.0,0.0,0.0,0.0,0.0,1.0,48.630533333333304,2.5846066666666663,,,0.0,0.0,0.0,,5.205,48.81419999999997,14.35504,2.5846066666666663
