,cost,emission,grid,wood_supply,DHDC_small_heat,DHDC_medium_heat,DHDC_large_heat,wood_boiler_heat,wood_boiler_DHW,PV,SCFP,DHW_to_heat,ASHP,ASHP_DHW,GSHP_heat,GSHP_cooling,battery,DHW_storage,heat_storage,geothermal_boreholes,demand_electricity,demand_space_heating,demand_space_cooling,demand_hot_water
0,37269.201201477255,3279.537030329517,8.090999959561906,0.26307722067339456,20.0,0.0,0.0,5.0,5.0,18.02206304954129,0.0,0.0,14.33425652246801,2.204179278861957,9.116815034326672,7.090000000000001,3.807286411585295,0.0,0.0,8.8625,2.7407633333333323,23.661533333333328,7.090000000000001,2.388333333333333
1,11387.764529248307,3465.277395391032,9.163475203145817,0.0,0.0,0.0,0.0,0.0,0.0,15.528506605500768,0.0,1.0,14.41340311784217,2.388333333333321,9.218433548824507,6.736666666666666,1.7361792290733473,0.0,0.0,8.420833333333334,2.7407633333333323,23.661533333333328,7.090000000000001,2.388333333333333
2,10599.927882977914,3651.017760452537,9.228472564496222,0.0,0.0,0.0,0.0,0.0,0.0,9.67157388394607,0.0,1.0,14.413403117842087,2.388333333333333,9.218433548824574,6.736666666666666,0.1587195962815239,0.0,0.0,8.420833333333334,2.7407633333333323,23.661533333333328,7.090000000000001,2.388333333333333
3,10150.67062559554,3836.7581255140394,9.288274773331068,0.0,0.0,0.0,0.0,0.0,0.0,4.665130685519096,0.0,1.0,14.451591578511126,2.388333333333333,9.180245088155534,5.191666666666666,0.0,0.0,0.0,7.14019062412097,2.7407633333333323,23.661533333333328,7.090000000000001,2.388333333333333
4,9788.565857477479,4022.4984905755464,10.0,0.26307722067339456,0.0,0.0,0.0,0.0,0.0,0.0,0.0,1.0,14.454815832579875,2.388333333333333,9.177020834086786,5.093833333333333,0.0,0.0,0.0,7.137682870956388,2.7407633333333323,23.661533333333328,7.090000000000001,2.388333333333333
