,cost,emission,grid,wood_supply,DHDC_small_heat,DHDC_medium_heat,DHDC_large_heat,wood_boiler_heat,wood_boiler_DHW,PV,SCFP,DHW_to_heat,ASHP,ASHP_DHW,GSHP_heat,GSHP_cooling,battery,DHW_storage,heat_storage,geothermal_boreholes,demand_electricity,demand_space_heating,demand_space_cooling,demand_hot_water
0,42426.664045054524,4451.780053826153,12.522451323597384,0.28867420317645565,20.0,0.0,0.0,5.0,5.0,25.335486621844467,0.0,0.0,32.26752063745883,2.989094724443148,,,5.215891087037576,0.0,0.0,,3.315333333333333,32.49846,11.866666666666667,3.191166666666667
1,16562.08784438171,4704.9188926867755,13.9392584707793,0.0,0.0,0.0,0.0,0.0,0.0,21.441236594544694,0.0,1.0,32.47456666666666,3.1911666666666667,,,2.440200085472455,0.0,0.0,,3.315333333333333,32.49846,11.866666666666667,3.191166666666667
2,15462.31918750284,4958.057731547415,13.983453496616232,0.0,0.0,0.0,0.0,0.0,0.0,13.443361695661542,0.0,1.0,32.47456666666666,3.1911666666666667,,,0.10357711312602154,0.0,0.0,,3.315333333333333,32.49846,11.866666666666667,3.191166666666667
3,14836.202045822689,5211.19657040803,14.022096506839482,0.0,0.0,0.0,0.0,0.0,0.0,6.450222634669164,0.0,1.0,32.47456666666666,3.1911666666666667,,,0.0,0.0,0.0,,3.315333333333333,32.49846,11.866666666666667,3.191166666666667
4,14325.326353075492,5464.335409268649,15.0,0.28867420317645565,0.0,0.0,0.0,0.0,0.0,0.0,0.0,1.0,32.47456666666666,3.1911666666666667,,,0.0,0.0,0.0,,3.315333333333333,32.49846,11.866666666666667,3.191166666666667
