,cost,emission,grid,wood_supply,DHDC_small_heat,DHDC_medium_heat,DHDC_large_heat,wood_boiler_heat,wood_boiler_DHW,PV,SCFP,DHW_to_heat,ASHP,ASHP_DHW,GSHP_heat,GSHP_cooling,battery,DHW_storage,heat_storage,geothermal_boreholes,demand_electricity,demand_space_heating,demand_space_cooling,demand_hot_water
0,36335.43223665889,2915.9225229099366,7.163938724234022,0.2546797841224166,20.0,0.0,0.0,5.0,5.0,15.622795463547599,0.0,0.0,18.31381617270207,1.796890817780975,0.0,0.0,3.1521982703690368,0.0,0.0,0.0,1.9164999999999999,18.517560000000007,0.0,1.9751666666666667
1,10424.124124424776,3070.9515593882306,8.056932696910296,0.0,0.0,0.0,0.0,0.0,0.0,13.397532016096132,0.0,1.0,18.490226666666672,1.9751666666666667,0.0,0.0,1.6013860434649747,0.0,0.0,0.0,1.9164999999999999,18.517560000000007,0.0,1.9751666666666667
2,9716.363601361694,3225.980595866524,8.08455465594011,0.0,0.0,0.0,0.0,0.0,0.0,8.32068241344595,0.0,1.0,18.490226666666672,1.9751666666666667,0.0,0.0,0.2016219973127145,0.0,0.0,0.0,1.9164999999999999,18.517560000000007,0.0,1.9751666666666667
3,9312.948107789449,3381.009632344822,8.108022299289853,0.0,0.0,0.0,0.0,0.0,0.0,4.007386036216189,0.0,1.0,18.490226666666672,1.9751666666666667,0.0,0.0,0.0,0.0,0.0,0.0,1.9164999999999999,18.517560000000007,0.0,1.9751666666666667
4,8989.071635636235,3536.0386688231165,9.0,0.2546797841224166,0.0,0.0,0.0,0.0,0.0,0.0,0.0,1.0,18.490226666666672,1.9751666666666667,0.0,0.0,0.0,0.0,0.0,0.0,1.9164999999999999,18.517560000000007,0.0,1.9751666666666667
