,cost,emission,grid,wood_supply,DHDC_small_heat,DHDC_medium_heat,DHDC_large_heat,wood_boiler_heat,wood_boiler_DHW,PV,SCFP,DHW_to_heat,ASHP,ASHP_DHW,GSHP_heat,GSHP_cooling,battery,DHW_storage,heat_storage,geothermal_boreholes,demand_electricity,demand_space_heating,demand_space_cooling,demand_hot_water
0,98740.74640501567,9277.553330141081,20.942748628577583,0.3799898543576525,0.0,273.13,0.0,5.0,4.999999999999999,51.425672673614976,0.0,0.0,38.70968809083695,6.404190435282976,18.142336692343328,27.724733333333333,9.657399818632094,0.0,0.0,34.65591666666666,8.018166666666668,57.156016666666666,27.724733333333333,6.6873499999999995
1,33006.28794255022,9808.923054576433,25.713691964311643,0.0,0.0,0.0,0.0,0.0,0.0,43.00691522860097,0.0,1.0,55.549855821860724,6.687350000000151,1.6056608448057914,20.851233333333333,4.213358196790325,0.0,0.0,26.064041666666668,8.018166666666668,57.156016666666666,27.724733333333333,6.6873499999999995
2,30967.25243355484,10340.292779011696,25.806907589097705,0.0,0.0,0.0,0.0,0.0,0.0,26.859157939197758,0.0,1.0,55.56925156911377,6.6873499999999995,1.586265097552902,19.6049,0.0,0.0,0.0,24.506125,8.018166666666668,57.156016666666666,27.724733333333333,6.6873499999999995
3,29865.71586376824,10871.662503446907,25.937587643303694,0.0,0.0,0.0,0.0,0.0,0.0,13.173092487049503,0.0,1.0,55.570957270006616,6.6873499999999995,1.584559396660045,19.447666666666663,0.0,0.0,0.0,24.30958333333333,8.018166666666668,57.156016666666666,27.724733333333333,6.6873499999999995
4,28846.563663281795,11403.032227882317,27.0,0.3799898543576525,0.0,0.0,0.0,0.0,0.0,0.0,0.0,1.0,55.62176138607805,6.6873499999999995,1.5337552805886217,17.076999999999998,0.0,0.0,0.0,21.34625,8.018166666666668,57.156016666666666,27.724733333333333,6.6873499999999995
