,cost,emission,grid,wood_supply,DHDC_small_heat,DHDC_medium_heat,DHDC_large_heat,wood_boiler_heat,wood_boiler_DHW,PV,SCFP,DHW_to_heat,ASHP,ASHP_DHW,GSHP_heat,GSHP_cooling,battery,DHW_storage,heat_storage,geothermal_boreholes,demand_electricity,demand_space_heating,demand_space_cooling,demand_hot_water
0,62804.08269051481,10165.681881362316,25.36751199012015,0.420955037049414,20.0,0.0,0.0,5.0,5.0,63.13001058554683,0.0,0.0,61.410395970360454,7.771998140732077,0.0,0.0,12.703903552472742,0.0,0.0,0.0,9.246,61.74715999999999,0.0,8.099166666666667
1,37044.15147563041,10826.594130446314,28.91830750038435,0.0,0.0,0.0,0.0,0.0,0.0,51.98331723864446,0.0,0.0,61.7471600000001,8.099166666666559,0.0,0.0,5.666090430757043,0.0,0.0,0.0,9.246,61.74715999999999,0.0,8.099166666666667
2,34495.920947652936,11487.506379530318,29.034416716518642,0.0,0.0,0.0,0.0,0.0,0.0,32.26140860105439,0.0,0.0,61.7471600000001,8.099166666666559,0.0,0.0,0.0,0.0,0.0,0.0,9.246,61.74715999999999,0.0,8.099166666666667
3,33235.52179145181,12148.418628614345,29.131319886835342,0.0,0.0,0.0,0.0,0.0,0.0,15.801772274957488,0.0,0.0,61.74715999999999,8.099166666666667,0.0,0.0,0.0,0.0,0.0,0.0,9.246,61.74715999999999,0.0,8.099166666666667
4,32101.87753937493,12809.330877698372,30.0,0.420955037049414,0.0,0.0,0.0,0.0,0.0,0.0,0.0,0.0,61.74715999999999,8.099166666666667,0.0,0.0,0.0,0.0,0.0,0.0,9.246,61.74715999999999,0.0,8.099166666666667
