,cost,emission,grid,wood_supply,DHDC_small_heat,DHDC_medium_heat,DHDC_large_heat,wood_boiler_heat,wood_boiler_DHW,PV,SCFP,DHW_to_heat,ASHP,ASHP_DHW,GSHP_heat,GSHP_cooling,battery,DHW_storage,heat_storage,geothermal_boreholes,demand_electricity,demand_space_heating,demand_space_cooling,demand_hot_water
0,38763.8060825972,3332.772294703639,8.216658996360593,0.28282876364777426,20.0,0.0,0.0,5.0,5.0,23.665361042221214,0.0,0.0,21.095476989081785,2.2798531987798913,0.0,0.0,6.2268667227306,0.0,0.0,0.0,2.3766666666666665,21.321740000000002,0.0,2.4778333333333333
1,12907.11098967554,3561.395425110336,9.339639810398834,0.0,0.0,0.0,0.0,0.0,0.0,19.673550790934822,0.0,1.0,21.300876666666667,2.4778333333333333,0.0,0.0,2.9547669644005783,0.0,0.0,0.0,2.3766666666666665,21.321740000000002,0.0,2.4778333333333333
2,11839.518795894226,3790.018555517034,9.383313666818559,0.0,0.0,0.0,0.0,0.0,0.0,12.202050210605227,0.0,1.0,21.30087666666664,2.477833333333365,0.0,0.0,1.0075047570313806,0.0,0.0,0.0,2.3766666666666665,21.321740000000002,0.0,2.4778333333333333
3,11141.456825215064,4018.6416859237297,9.435125303555616,0.0,0.0,0.0,0.0,0.0,0.0,5.66607927331333,0.0,1.0,21.300876666666667,2.4778333333333333,0.0,0.0,0.0,0.0,0.0,0.0,2.3766666666666665,21.321740000000002,0.0,2.4778333333333333
4,10710.783611231836,4247.26481633043,10.0,0.28282876364777426,0.0,0.0,0.0,0.0,0.0,0.0,0.0,1.0,21.300876666666667,2.4778333333333333,0.0,0.0,0.0,0.0,0.0,0.0,2.3766666666666665,21.321740000000002,0.0,2.4778333333333333
