,cost,emission,grid,wood_supply,DHDC_small_heat,DHDC_medium_heat,DHDC_large_heat,wood_boiler_heat,wood_boiler_DHW,PV,SCFP,DHW_to_heat,ASHP,ASHP_DHW,GSHP_heat,GSHP_cooling,battery,DHW_storage,heat_storage,geothermal_boreholes,demand_electricity,demand_space_heating,demand_space_cooling,demand_hot_water
0,34603.22513146108,2446.778668227827,6.385552664229925,0.2407441758044377,20.0,0.0,0.0,5.0,5.0,11.641193086982202,0.0,0.0,16.801824659356445,1.5029790769368934,,,2.3503837179429614,0.0,0.0,,1.9745000000000001,16.994419999999995,4.6905,1.6715
1,8692.185080424972,2568.014273489138,7.147443382072649,0.0,0.0,0.0,0.0,0.0,0.0,10.247870545572757,0.0,1.0,16.958556666666585,1.671500000000075,,,1.1472621908713654,0.0,0.0,,1.9745000000000001,16.994419999999995,4.6905,1.6715
2,8177.066137822339,2689.2498787504514,7.24944765921788,0.0,0.0,0.0,0.0,0.0,0.0,6.451885828451361,0.0,1.0,16.95855666666666,1.6715,,,0.034290636009598606,0.0,0.0,,1.9745000000000001,16.994419999999995,4.6905,1.6715
3,7879.755766401333,2810.4854840117573,7.3594439588432845,0.0,0.0,0.0,0.0,0.0,0.0,3.107803409448277,0.0,1.0,16.95855666666666,1.6715,,,0.0,0.0,0.0,,1.9745000000000001,16.994419999999995,4.6905,1.6715
4,7631.497210968495,2931.7210892730636,8.0,0.2407441758044377,0.0,0.0,0.0,0.0,0.0,0.0,0.0,1.0,16.95855666666666,1.6715,,,0.0,0.0,0.0,,1.9745000000000001,16.994419999999995,4.6905,1.6715
