,cost,emission,grid,wood_supply,DHDC_small_heat,DHDC_medium_heat,DHDC_large_heat,wood_boiler_heat,wood_boiler_DHW,PV,SCFP,DHW_to_heat,ASHP,ASHP_DHW,GSHP_heat,GSHP_cooling,battery,DHW_storage,heat_storage,geothermal_boreholes,demand_electricity,demand_space_heating,demand_space_cooling,demand_hot_water
0,52069.240561963314,7105.192254226995,17.719894981419145,0.35518548634484026,20.0,0.0,0.0,5.0,5.0,44.338710384240066,0.0,0.0,44.79485161092411,4.770036826225279,0.0,0.0,9.21279021129502,0.0,0.0,0.0,5.44,45.078999999999986,0.0,5.020803333333333
1,26212.162827168842,7533.659428209092,19.980003396498677,0.0,0.0,0.0,0.0,0.0,0.0,36.65731527183471,0.0,1.0,45.07833333333316,5.020803333333485,0.0,0.0,4.599123579624603,0.0,0.0,0.0,5.44,45.078999999999986,0.0,5.020803333333333
2,24282.722056353094,7962.126602191217,20.11771005418976,0.0,0.0,0.0,0.0,0.0,0.0,22.833008222747974,0.0,1.0,45.07833333333316,5.020803333333485,0.0,0.0,0.42381719651371413,0.0,0.0,0.0,5.44,45.078999999999986,0.0,5.020803333333333
3,23190.22508268966,8390.59377617335,20.241528170152662,0.0,0.0,0.0,0.0,0.0,0.0,10.957343688310516,0.0,1.0,45.07833333333332,5.020803333333333,0.0,0.0,0.0,0.0,0.0,0.0,5.44,45.078999999999986,0.0,5.020803333333333
4,22317.883658228435,8819.060950155486,21.0,0.35518548634484026,0.0,0.0,0.0,0.0,0.0,0.0,0.0,1.0,45.07833333333332,5.020803333333333,0.0,0.0,0.0,0.0,0.0,0.0,5.44,45.078999999999986,0.0,5.020803333333333
