,cost,emission,grid,wood_supply,DHDC_small_heat,DHDC_medium_heat,DHDC_large_heat,wood_boiler_heat,wood_boiler_DHW,PV,SCFP,DHW_to_heat,ASHP,ASHP_DHW,GSHP_heat,GSHP_cooling,battery,DHW_storage,heat_storage,geothermal_boreholes,demand_electricity,demand_space_heating,demand_space_cooling,demand_hot_water
0,49906.4040720263,6800.796994454538,18.64368107019167,0.31648348678122246,20.0,0.0,0.0,4.999999999999999,5.0,33.28099622320642,0.0,0.0,47.45211987724168,4.3812648925864766,,,6.254557683644524,0.0,0.0,,5.9645,47.705306666666665,15.841520000000008,4.612666666666667
1,24074.348916298644,7149.086207326081,20.671648530371947,0.0,0.0,0.0,0.0,0.0,0.0,28.413836597794514,0.0,1.0,47.69477666666666,4.612666666666666,,,2.591502710285309,0.0,0.0,,5.9645,47.705306666666665,15.841520000000008,4.612666666666667
2,22746.153565135653,7497.375420197622,20.777041405673685,0.0,0.0,0.0,0.0,0.0,0.0,17.673175329019074,0.0,1.0,47.69477666666666,4.612666666666666,,,0.0,0.0,0.0,,5.9645,47.705306666666665,15.841520000000008,4.612666666666667
3,22027.307449032764,7845.664633069161,21.01119989177724,0.0,0.0,0.0,0.0,0.0,0.0,8.71567223517521,0.0,1.0,47.69477666666666,4.612666666666666,,,0.0,0.0,0.0,,5.9645,47.705306666666665,15.841520000000008,4.612666666666667
4,21355.054612708012,8193.953845940707,22.0,0.31648348678122246,0.0,0.0,0.0,0.0,0.0,0.0,0.0,1.0,47.69477666666666,4.612666666666666,,,0.0,0.0,0.0,,5.9645,47.705306666666665,15.841520000000008,4.612666666666667
