,cost,emission,grid,wood_supply,DHDC_small_heat,DHDC_medium_heat,DHDC_large_heat,wood_boiler_heat,wood_boiler_DHW,PV,SCFP,DHW_to_heat,ASHP,ASHP_DHW,GSHP_heat,GSHP_cooling,battery,DHW_storage,heat_storage,geothermal_boreholes,demand_electricity,demand_space_heating,demand_space_cooling,demand_hot_water
0,30265.14839280391,2793.3162713362462,8.074237685399154,0.2526536500600274,,,,0.0,5.0,15.043900017150683,0.0,0.0,18.858213333333325,1.872975778291314,,,2.815815647934175,0.0,0.0,,2.3925799999999993,18.858213333333325,5.884799999999999,2.0498333333333334
1,9848.328121996401,2929.259773774485,8.18245036221507,0.0,,,,0.0,0.0,11.728925862558677,0.0,1.0,18.830546666666656,2.049833333333333,,,0.9835727484488533,0.0,0.0,,2.3925799999999993,18.858213333333325,5.884799999999999,2.0498333333333334
2,9275.8398293923,3065.2032762127283,8.228370865818615,0.0,,,,0.0,0.0,7.3194143841612185,0.0,1.0,18.830546666666656,2.049833333333333,,,0.0,0.0,0.0,,2.3925799999999993,18.858213333333325,5.884799999999999,2.0498333333333334
3,8955.194192258612,3201.1467786509647,8.293553827630191,0.0,,,,0.0,0.0,3.61519569181464,0.0,1.0,18.830546666666656,2.049833333333333,,,0.0,0.0,0.0,,2.3925799999999993,18.858213333333325,5.884799999999999,2.0498333333333334
4,8651.69907193136,3337.090281089206,9.0,0.2526536500600274,,,,0.0,0.0,0.0,0.0,1.0,18.830546666666656,2.049833333333333,,,0.0,0.0,0.0,,2.3925799999999993,18.858213333333325,5.884799999999999,2.0498333333333334
