,cost,emission,grid,wood_supply,DHDC_small_heat,DHDC_medium_heat,DHDC_large_heat,wood_boiler_heat,wood_boiler_DHW,PV,SCFP,DHW_to_heat,ASHP,ASHP_DHW,GSHP_heat,GSHP_cooling,battery,DHW_storage,heat_storage,geothermal_boreholes,demand_electricity,demand_space_heating,demand_space_cooling,demand_hot_water
0,53158.3501265565,8990.267733161512,23.01467173422604,0.3071476633189816,20.0,0.0,0.0,5.0,5.0,30.613618091137596,0.0,0.0,44.06698186934481,2.660829969010046,,,6.008362512912481,0.0,0.0,,11.392333333333333,44.3127,24.18950000000001,3.3306066666666663
1,27011.061872673457,9327.699187203421,24.508891404595182,0.0,0.0,0.0,0.0,0.0,0.0,26.013360405350596,0.0,1.0,43.86426,3.3306066666666663,,,0.0,0.0,0.0,,11.392333333333333,44.3127,24.18950000000001,3.3306066666666663
2,26201.580646526483,9665.130641245316,24.58572748432677,0.0,0.0,0.0,0.0,0.0,0.0,16.748409116725462,0.0,1.0,43.86426,3.3306066666666663,,,0.0,0.0,0.0,,11.392333333333333,44.3127,24.18950000000001,3.3306066666666663
3,25550.258424995074,10002.562095287241,24.751312881429307,0.0,0.0,0.0,0.0,0.0,0.0,8.304289669727163,0.0,1.0,43.86426,3.3306066666666663,,,0.0,0.0,0.0,,11.392333333333333,44.3127,24.18950000000001,3.3306066666666663
4,24925.874820374698,10339.993549329147,26.0,0.3071476633189816,0.0,0.0,0.0,0.0,0.0,0.0,0.0,1.0,43.86426,3.3306066666666663,,,0.0,0.0,0.0,,11.392333333333333,44.3127,24.18950000000001,3.3306066666666663
