,cost,emission,grid,wood_supply,DHDC_small_heat,DHDC_medium_heat,DHDC_large_heat,wood_boiler_heat,wood_boiler_DHW,PV,SCFP,DHW_to_heat,ASHP,ASHP_DHW,GSHP_heat,GSHP_cooling,battery,DHW_storage,heat_storage,geothermal_boreholes,demand_electricity,demand_space_heating,demand_space_cooling,demand_hot_water
0,44857.02823917256,5815.606971391896,15.934483061175394,0.2758968539256023,20.0,0.0,0.0,5.0,5.0,21.68481540731495,0.0,0.0,36.772782516859515,2.3517055355854115,,,4.0733171379505215,0.0,0.0,,5.456166666666667,36.9935,11.565199999999995,2.5978333333333334
1,18742.864097291684,6053.660477175534,17.09778316144171,0.0,0.0,0.0,0.0,0.0,0.0,18.47816683390242,0.0,1.0,36.97033333333333,2.5978333333333334,,,0.0,0.0,0.0,,5.456166666666667,36.9935,11.565199999999995,2.5978333333333334
2,18175.280390179232,6291.713982959179,17.134354533845134,0.0,0.0,0.0,0.0,0.0,0.0,11.960001411214467,0.0,1.0,36.97033333333333,2.5978333333333334,,,0.0,0.0,0.0,,5.456166666666667,36.9935,11.565199999999995,2.5978333333333334
3,17705.969995350817,6529.7674887428275,17.189298555758608,0.0,0.0,0.0,0.0,0.0,0.0,5.951865606012859,0.0,1.0,36.97033333333333,2.5978333333333334,,,0.0,0.0,0.0,,5.456166666666667,36.9935,11.565199999999995,2.5978333333333334
4,17247.49885414485,6767.820994526483,18.0,0.2758968539256023,0.0,0.0,0.0,0.0,0.0,0.0,0.0,1.0,36.97033333333333,2.5978333333333334,,,0.0,0.0,0.0,,5.456166666666667,36.9935,11.565199999999995,2.5978333333333334
