,cost,emission,grid,wood_supply,DHDC_small_heat,DHDC_medium_heat,DHDC_large_heat,wood_boiler_heat,wood_boiler_DHW,PV,SCFP,DHW_to_heat,ASHP,ASHP_DHW,GSHP_heat,GSHP_cooling,battery,DHW_storage,heat_storage,geothermal_boreholes,demand_electricity,demand_space_heating,demand_space_cooling,demand_hot_water
0,43805.97842222945,6686.666221474367,20.101839152651074,0.31729909567248266,,,,0.0,5.0,33.51402733499503,0.0,0.0,46.21803333333333,4.326557299695928,,,6.782534767102004,0.0,0.0,,5.805000000000001,46.21803333333333,15.129719999999999,4.548666666666667
1,23087.335985915364,7020.175758027456,20.24207573155241,0.0,,,,0.0,0.0,25.52243838336713,0.0,1.0,46.213503333333335,4.548666666666666,,,2.05966182851674,0.0,0.0,,5.805000000000001,46.21803333333333,15.129719999999999,4.548666666666667
2,21990.722078621737,7353.685294580536,20.299514584539196,0.0,,,,0.0,0.0,15.897401937917268,0.0,1.0,46.213503333333335,4.548666666666666,,,0.0,0.0,0.0,,5.805000000000001,46.21803333333333,15.129719999999999,4.548666666666667
3,21410.78799212649,7687.194831133614,20.347343914637193,0.0,,,,0.0,0.0,7.88263455632398,0.0,1.0,46.213503333333335,4.548666666666666,,,0.0,0.0,0.0,,5.805000000000001,46.21803333333333,15.129719999999999,4.548666666666667
4,20856.310814481854,8020.704367686688,21.0,0.31729909567248266,,,,0.0,0.0,0.0,0.0,1.0,46.213503333333335,4.548666666666666,,,0.0,0.0,0.0,,5.805000000000001,46.21803333333333,15.129719999999999,4.548666666666667
