,cost,emission,grid,wood_supply,DHDC_small_heat,DHDC_medium_heat,DHDC_large_heat,wood_boiler_heat,wood_boiler_DHW,PV,SCFP,DHW_to_heat,ASHP,ASHP_DHW,GSHP_heat,GSHP_cooling,battery,DHW_storage,heat_storage,geothermal_boreholes,demand_electricity,demand_space_heating,demand_space_cooling,demand_hot_water
0,30066.62968085437,955.872352759614,2.018704614056168,0.2348160306226995,20.0,0.0,0.0,5.0,5.0,9.947437320771291,0.0,0.0,4.14164717550184,0.7349621118974438,,,2.172734922511867,0.0,0.0,,1.3213333333333332,4.3294999999999995,2.2698266666666664,0.9209999999999999
1,4044.889049138548,1051.6855319571891,2.4690447130824413,0.0,0.0,0.0,0.0,0.0,0.0,8.360069127415255,0.0,1.0,4.318803333333359,0.9209999999999733,,,1.032611766268192,0.0,0.0,,1.3213333333333332,4.3294999999999995,2.2698266666666664,0.9209999999999999
2,3603.552858806884,1147.498711154767,2.4862218105681153,0.0,0.0,0.0,0.0,0.0,0.0,5.2533763893876255,0.0,1.0,4.318803333333332,0.9209999999999999,,,0.10860758515501602,0.0,0.0,,1.3213333333333332,4.3294999999999995,2.2698266666666664,0.9209999999999999
3,3336.2613654875204,1243.3118903523427,2.539810670494685,0.0,0.0,0.0,0.0,0.0,0.0,2.485712135464341,0.0,1.0,4.318803333333332,0.9209999999999999,,,0.0,0.0,0.0,,1.3213333333333332,4.3294999999999995,2.2698266666666664,0.9209999999999999
4,3134.3583132133176,1339.1250695499189,3.0,0.2348160306226995,0.0,0.0,0.0,0.0,0.0,0.0,0.0,1.0,4.318803333333332,0.9209999999999999,,,0.0,0.0,0.0,,1.3213333333333332,4.3294999999999995,2.2698266666666664,0.9209999999999999
