,cost,emission,grid,wood_supply,DHDC_small_heat,DHDC_medium_heat,DHDC_large_heat,wood_boiler_heat,wood_boiler_DHW,PV,SCFP,DHW_to_heat,ASHP,ASHP_DHW,GSHP_heat,GSHP_cooling,battery,DHW_storage,heat_storage,geothermal_boreholes,demand_electricity,demand_space_heating,demand_space_cooling,demand_hot_water
0,28090.864903033635,2281.711234559433,7.001315167538635,0.23322418748657536,,,,0.0,5.0,9.492624996164388,0.0,0.0,17.20993333333333,0.9427430687593973,,,2.0532181657946955,0.0,0.0,,1.4528333333333334,17.20993333333333,4.198999999999999,1.106
1,7829.208802764887,2372.6073908652083,7.082905053867677,0.0,,,,0.0,0.0,7.646596491209977,0.0,1.0,17.171599999999994,1.1059999999999999,,,0.8460372127514966,0.0,0.0,,1.4528333333333334,17.20993333333333,4.198999999999999,1.106
2,7448.165637373472,2463.5035471709803,7.132775644966708,0.0,,,,0.0,0.0,4.810676879083262,0.0,1.0,17.171599999999994,1.1059999999999999,,,0.03143157581130395,0.0,0.0,,1.4528333333333334,17.20993333333333,4.198999999999999,1.106
3,7223.927619213291,2554.3997034767476,7.215221933683915,0.0,,,,0.0,0.0,2.2995591214855793,0.0,1.0,17.171599999999994,1.1059999999999999,,,0.0,0.0,0.0,,1.4528333333333334,17.20993333333333,4.198999999999999,1.106
4,7043.67401160406,2645.2958597825195,8.0,0.23322418748657536,,,,0.0,0.0,0.0,0.0,1.0,17.171599999999994,1.1059999999999999,,,0.0,0.0,0.0,,1.4528333333333334,17.20993333333333,4.198999999999999,1.106
