,cost,emission,grid,wood_supply,DHDC_small_heat,DHDC_medium_heat,DHDC_large_heat,wood_boiler_heat,wood_boiler_DHW,PV,SCFP,DHW_to_heat,ASHP,ASHP_DHW,GSHP_heat,GSHP_cooling,battery,DHW_storage,heat_storage,geothermal_boreholes,demand_electricity,demand_space_heating,demand_space_cooling,demand_hot_water
0,59354.93028927232,9174.04467069743,25.741833419589405,0.3808955098730541,20.0,0.0,0.0,5.0,4.999999999999999,51.68443139230115,0.0,0.0,64.63101692543489,6.474313143088862,,,10.062886190379643,0.0,0.0,,8.216166666666668,64.93573333333333,26.05212666666667,6.7596066666666665
1,33561.07178177869,9718.332358183816,28.70642758400853,0.0,0.0,0.0,0.0,0.0,0.0,43.35896428503436,0.0,1.0,64.93523333333333,6.7596066666666665,,,3.890837839366755,0.0,0.0,,8.216166666666668,64.93573333333333,26.05212666666667,6.7596066666666665
2,31535.77397708161,10262.620045670199,28.80198221359707,0.0,0.0,0.0,0.0,0.0,0.0,26.896675294416042,0.0,1.0,64.93523333333333,6.7596066666666665,,,0.0,0.0,0.0,,8.216166666666668,64.93573333333333,26.05212666666667,6.7596066666666665
3,30471.584156061057,10806.907733156559,28.914728026462484,0.0,0.0,0.0,0.0,0.0,0.0,13.205527487169238,0.0,1.0,64.93523333333333,6.7596066666666665,,,0.0,0.0,0.0,,8.216166666666668,64.93573333333333,26.05212666666667,6.7596066666666665
4,29500.960562420347,11351.195420642916,30.0,0.3808955098730541,0.0,0.0,0.0,0.0,0.0,0.0,0.0,1.0,64.93523333333333,6.7596066666666665,,,0.0,0.0,0.0,,8.216166666666668,64.93573333333333,26.05212666666667,6.7596066666666665
