,cost,emission,grid,wood_supply,DHDC_small_heat,DHDC_medium_heat,DHDC_large_heat,wood_boiler_heat,wood_boiler_DHW,PV,SCFP,DHW_to_heat,ASHP,ASHP_DHW,GSHP_heat,GSHP_cooling,battery,DHW_storage,heat_storage,geothermal_boreholes,demand_electricity,demand_space_heating,demand_space_cooling,demand_hot_water
0,34339.01093424926,3629.176064522665,10.792173994701844,0.28942725626032595,,,,0.0,5.0,25.550644645807402,0.0,0.0,24.983799999999995,2.411400920617772,,,6.008624616409262,0.0,0.0,,3.1376666666666675,24.9838,7.3048599999999935,2.6140000000000003
1,13786.32514132175,3843.2971885165502,10.940333137932953,0.0,,,,0.0,0.0,19.518529206798803,0.0,1.0,24.962603333333327,2.614,,,2.4205933182244603,0.0,0.0,,3.1376666666666675,24.9838,7.3048599999999935,2.6140000000000003
2,12734.73035012364,4057.41831251043,11.017746997064403,0.0,,,,0.0,0.0,12.192699557434713,0.0,1.0,24.962603333333327,2.614,,,0.45882730499763147,0.0,0.0,,3.1376666666666675,24.9838,7.3048599999999935,2.6140000000000003
3,12077.41974578356,4271.539436504308,11.085176305890855,0.0,,,,0.0,0.0,5.81172804433459,0.0,1.0,24.962603333333327,2.614,,,0.0,0.0,0.0,,3.1376666666666675,24.9838,7.3048599999999935,2.6140000000000003
4,11576.748137878376,4485.660560498182,12.0,0.28942725626032595,,,,0.0,0.0,0.0,0.0,1.0,24.962603333333327,2.614,,,0.0,0.0,0.0,,3.1376666666666675,24.9838,7.3048599999999935,2.6140000000000003
