,cost,emission,grid,wood_supply,DHDC_small_heat,DHDC_medium_heat,DHDC_large_heat,wood_boiler_heat,wood_boiler_DHW,PV,SCFP,DHW_to_heat,ASHP,ASHP_DHW,GSHP_heat,GSHP_cooling,battery,DHW_storage,heat_storage,geothermal_boreholes,demand_electricity,demand_space_heating,demand_space_cooling,demand_hot_water
0,37230.298879628936,4770.246923774485,12.861083452078091,0.29386245001794026,,,,0.0,5.0,26.81784286226864,0.0,0.0,29.789319999999968,2.985129618320775,0.0,0.0,5.573279325699676,0.0,0.0,0.0,3.380166666666667,29.78931999999997,0.0,3.1908333333333334
1,16640.568038970476,5015.04209195981,13.018496239716864,0.0,,,,0.0,0.0,20.33609923475694,0.0,1.0,29.77181999999997,3.190833333333333,0.0,0.0,2.139179329543101,0.0,0.0,0.0,3.380166666666667,29.78931999999997,0.0,3.1908333333333334
2,15611.335263677716,5259.837260145146,13.103094381867814,0.0,,,,0.0,0.0,12.688662102249078,0.0,1.0,29.77181999999997,3.190833333333333,0.0,0.0,0.0,0.0,0.0,0.0,3.380166666666667,29.78931999999997,0.0,3.1908333333333334
3,15066.367967471348,5504.632428330452,13.17502092403269,0.0,,,,0.0,0.0,6.1867024211119,0.0,1.0,29.77181999999997,3.190833333333333,0.0,0.0,0.0,0.0,0.0,0.0,3.380166666666667,29.78931999999997,0.0,3.1908333333333334
4,14582.141943686254,5749.427596515784,14.0,0.29386245001794026,,,,0.0,0.0,0.0,0.0,1.0,29.77181999999997,3.190833333333333,0.0,0.0,0.0,0.0,0.0,0.0,3.380166666666667,29.78931999999997,0.0,3.1908333333333334
