,cost,emission,grid,wood_supply,DHDC_small_heat,DHDC_medium_heat,DHDC_large_heat,wood_boiler_heat,wood_boiler_DHW,PV,SCFP,DHW_to_heat,ASHP,ASHP_DHW,GSHP_heat,GSHP_cooling,battery,DHW_storage,heat_storage,geothermal_boreholes,demand_electricity,demand_space_heating,demand_space_cooling,demand_hot_water
0,73617.56947346758,13162.5646130408,36.28165189150395,0.46174707352683375,20.0,0.0,0.0,5.0,5.0,74.78487815052394,0.0,0.0,89.48495567451184,9.015127048531216,,,14.118009563111983,0.0,0.0,,12.447470000000001,89.85435333333332,33.505500000000005,9.36685
1,47775.68207087841,13926.066121041342,33.72355398078355,0.0,20.0,0.0,0.0,0.0,0.0,53.67217441416079,0.0,20.0,69.98170333333331,9.238999999999999,,,3.456189770396046,0.0,0.0,,12.447470000000001,89.85435333333332,33.505500000000005,9.36685
2,44849.36098648867,14689.567629041894,40.50888949371593,0.0,0.0,0.0,0.0,0.0,0.0,38.734764707556636,0.0,1.0,89.85385333333332,9.36685,,,0.0,0.0,0.0,,12.447470000000001,89.85435333333332,33.505500000000005,9.36685
3,43274.789410317346,15453.06913704246,40.619569574106954,0.0,0.0,0.0,0.0,0.0,0.0,19.105050101074642,0.0,1.0,89.85385333333332,9.36685,,,0.0,0.0,0.0,,12.447470000000001,89.85435333333332,33.505500000000005,9.36685
4,41801.308959227135,16216.570645043,41.0,0.46174707352683375,0.0,0.0,0.0,0.0,0.0,0.0,0.0,1.0,89.85385333333332,9.36685,,,0.0,0.0,0.0,,12.447470000000001,89.85435333333332,33.505500000000005,9.36685
