,cost,emission,grid,wood_supply,DHDC_small_heat,DHDC_medium_heat,DHDC_large_heat,wood_boiler_heat,wood_boiler_DHW,PV,SCFP,DHW_to_heat,ASHP,ASHP_DHW,GSHP_heat,GSHP_cooling,battery,DHW_storage,heat_storage,geothermal_boreholes,demand_electricity,demand_space_heating,demand_space_cooling,demand_hot_water
0,51685.87525054768,7189.662494397211,20.005391097125724,0.3337583857785319,20.0,0.0,0.0,4.999999999999999,5.0,38.216681651009104,0.0,0.0,49.81173329137719,4.817869129955028,,,7.5657489736298515,0.0,0.0,,6.7197,50.07874000000002,17.46289333333333,5.052333333333333
1,25867.07050740425,7596.063159031288,22.233300201972312,0.0,0.0,0.0,0.0,0.0,0.0,32.176890326798706,0.0,0.0,50.07874000000002,5.052333333333333,,,3.025465595310475,0.0,0.0,,6.7197,50.07874000000002,17.46289333333333,5.052333333333333
2,24356.737567963504,8002.463823665391,22.304403418346453,0.0,0.0,0.0,0.0,0.0,0.0,20.009745619932517,0.0,0.0,50.07874000000002,5.052333333333333,,,0.0,0.0,0.0,,6.7197,50.07874000000002,17.46289333333333,5.052333333333333
3,23568.439230061173,8408.864488299485,22.36395264725997,0.0,0.0,0.0,0.0,0.0,0.0,9.819713124629766,0.0,0.0,50.07874000000002,5.052333333333333,,,0.0,0.0,0.0,,6.7197,50.07874000000002,17.46289333333333,5.052333333333333
4,22851.49201992211,8815.26515293357,23.0,0.3337583857785319,0.0,0.0,0.0,0.0,0.0,0.0,0.0,0.0,50.07874000000002,5.052333333333333,,,0.0,0.0,0.0,,6.7197,50.07874000000002,17.46289333333333,5.052333333333333
