,cost,emission,grid,wood_supply,DHDC_small_heat,DHDC_medium_heat,DHDC_large_heat,wood_boiler_heat,wood_boiler_DHW,PV,SCFP,DHW_to_heat,ASHP,ASHP_DHW,GSHP_heat,GSHP_cooling,battery,DHW_storage,heat_storage,geothermal_boreholes,demand_electricity,demand_space_heating,demand_space_cooling,demand_hot_water
0,41635.068115048525,4256.4557424342975,10.363165060154115,0.29350602442205914,20.0,0.0,0.0,5.0,5.0,26.716006977731173,0.0,0.0,26.480355180462354,2.9717124495712253,0.0,0.0,5.5291475904564304,0.0,0.0,0.0,3.3805,26.71516,0.0,3.177166666666667
1,15758.021529552057,4522.871393703475,11.800704855459756,0.0,0.0,0.0,0.0,0.0,0.0,22.36317642700961,0.0,1.0,26.707463333333315,3.1771666666666833,0.0,0.0,2.79528612105866,0.0,0.0,0.0,3.3805,26.71516,0.0,3.177166666666667
2,14598.146916734766,4789.287044972658,11.895217974140872,0.0,0.0,0.0,0.0,0.0,0.0,13.899445237606708,0.0,1.0,26.707463333333315,3.1771666666666833,0.0,0.0,0.2926665012559311,0.0,0.0,0.0,3.3805,26.71516,0.0,3.177166666666667
3,13944.728475310763,5055.702696241842,11.976002875293716,0.0,0.0,0.0,0.0,0.0,0.0,6.665087753045751,0.0,1.0,26.707463333333337,3.177166666666667,0.0,0.0,0.0,0.0,0.0,0.0,3.3805,26.71516,0.0,3.177166666666667
4,13430.842845410454,5322.118347511025,13.0,0.29350602442205914,0.0,0.0,0.0,0.0,0.0,0.0,0.0,1.0,26.707463333333337,3.177166666666667,0.0,0.0,0.0,0.0,0.0,0.0,3.3805,26.71516,0.0,3.177166666666667
