,cost,emission,grid,wood_supply,DHDC_small_heat,DHDC_medium_heat,DHDC_large_heat,wood_boiler_heat,wood_boiler_DHW,PV,SCFP,DHW_to_heat,ASHP,ASHP_DHW,GSHP_heat,GSHP_cooling,battery,DHW_storage,heat_storage,geothermal_boreholes,demand_electricity,demand_space_heating,demand_space_cooling,demand_hot_water
0,36539.737083376276,2993.82251709181,7.976985453220623,0.2497628837560081,20.0,0.0,0.0,5.0,5.0,14.2179667874309,0.0,0.0,20.885456359661873,1.7399993147041277,,,2.6290558410955027,0.0,0.0,,2.1114699999999997,21.08526666666668,5.7729,1.9148333333333334
1,10629.252931677383,3135.485998446059,8.833410824745831,0.0,0.0,0.0,0.0,0.0,0.0,12.445777844040025,0.0,1.0,21.04573666666668,1.9148333333333334,,,1.281032230009862,0.0,0.0,,2.1114699999999997,21.08526666666668,5.7729,1.9148333333333334
2,9995.418330412656,3277.149479800308,8.857736845500291,0.0,0.0,0.0,0.0,0.0,0.0,7.834223775276423,0.0,1.0,21.04573666666668,1.9148333333333334,,,0.009258050277228763,0.0,0.0,,2.1114699999999997,21.08526666666668,5.7729,1.9148333333333334
3,9623.32303021982,3418.812961154559,8.923542935272934,0.0,0.0,0.0,0.0,0.0,0.0,3.7821094172693974,0.0,1.0,21.04573666666668,1.9148333333333334,,,0.0,0.0,0.0,,2.1114699999999997,21.08526666666668,5.7729,1.9148333333333334
4,9304.205328765498,3560.4764425088097,10.0,0.2497628837560081,0.0,0.0,0.0,0.0,0.0,0.0,0.0,1.0,21.04573666666668,1.9148333333333334,,,0.0,0.0,0.0,,2.1114699999999997,21.08526666666668,5.7729,1.9148333333333334
