,cost,emission,grid,wood_supply,DHDC_small_heat,DHDC_medium_heat,DHDC_large_heat,wood_boiler_heat,wood_boiler_DHW,PV,SCFP,DHW_to_heat,ASHP,ASHP_DHW,GSHP_heat,GSHP_cooling,battery,DHW_storage,heat_storage,geothermal_boreholes,demand_electricity,demand_space_heating,demand_space_cooling,demand_hot_water
0,34807.44170116793,2350.5499884914534,6.305862861706288,0.24951426860141904,20.0,0.0,0.0,5.0,5.0,14.146933886119715,0.0,0.0,16.461255251785534,1.3988400119790065,,,3.091094439453191,0.0,0.0,,1.7634699999999999,16.66086666666667,4.682539999999997,1.5735000000000001
1,8880.281171706234,2484.4716251096584,7.022357264071538,0.0,0.0,0.0,0.0,0.0,0.0,12.150846016979443,0.0,1.0,16.624033333333337,1.5735000000000001,,,1.587620886282186,0.0,0.0,,1.7634699999999999,16.66086666666667,4.682539999999997,1.5735000000000001
2,8230.154687087468,2618.3932617278633,7.046546500490136,0.0,0.0,0.0,0.0,0.0,0.0,7.588132305384528,0.0,1.0,16.624033333333337,1.5735000000000001,,,0.44064730221376464,0.0,0.0,,1.7634699999999999,16.66086666666667,4.682539999999997,1.5735000000000001
3,7801.2478635585885,2752.314898346068,7.067767726512043,0.0,0.0,0.0,0.0,0.0,0.0,3.5852618851934546,0.0,1.0,16.624033333333337,1.5735000000000001,,,0.0,0.0,0.0,,1.7634699999999999,16.66086666666667,4.682539999999997,1.5735000000000001
4,7497.673436693776,2886.2365349642682,8.0,0.24951426860141904,0.0,0.0,0.0,0.0,0.0,0.0,0.0,1.0,16.624033333333337,1.5735000000000001,,,0.0,0.0,0.0,,1.7634699999999999,16.66086666666667,4.682539999999997,1.5735000000000001
