,cost,emission,grid,wood_supply,DHDC_small_heat,DHDC_medium_heat,DHDC_large_heat,wood_boiler_heat,wood_boiler_DHW,PV,SCFP,DHW_to_heat,ASHP,ASHP_DHW,GSHP_heat,GSHP_cooling,battery,DHW_storage,heat_storage,geothermal_boreholes,demand_electricity,demand_space_heating,demand_space_cooling,demand_hot_water
0,31666.541106621105,1433.8836622189156,2.5807615061496043,0.24591101860565004,20.0,0.0,0.0,5.0,5.0,13.117433887328588,0.0,0.0,5.30963118511548,1.347362286976045,,,2.554043491537759,0.0,0.0,,1.8515,5.506360000000001,4.234733333333332,1.5423333333333336
1,5648.492447044291,1562.9648437157389,3.3069578594880156,0.0,0.0,0.0,0.0,0.0,0.0,11.109457825718279,0.0,1.0,5.497693333333334,1.5423333333333336,,,1.050870452815228,0.0,0.0,,1.8515,5.506360000000001,4.234733333333332,1.5423333333333336
2,5090.010433254891,1692.0460252125613,3.8421447809233698,0.0,0.0,0.0,0.0,0.0,0.0,6.930364682847491,0.0,1.0,5.497693333333334,1.5423333333333336,,,0.0,0.0,0.0,,1.8515,5.506360000000001,4.234733333333332,1.5423333333333336
3,4779.603389595698,1821.1272067093814,3.8498085885332842,0.0,0.0,0.0,0.0,0.0,0.0,3.382265048203154,0.0,1.0,5.497693333333334,1.5423333333333336,,,0.0,0.0,0.0,,1.8515,5.506360000000001,4.234733333333332,1.5423333333333336
4,4501.14851006375,1950.2083882062036,4.0,0.24591101860565004,0.0,0.0,0.0,0.0,0.0,0.0,0.0,1.0,5.497693333333334,1.5423333333333336,,,0.0,0.0,0.0,,1.8515,5.506360000000001,4.234733333333332,1.5423333333333336
