,cost,emission,grid,wood_supply,DHDC_small_heat,DHDC_medium_heat,DHDC_large_heat,wood_boiler_heat,wood_boiler_DHW,PV,SCFP,DHW_to_heat,ASHP,ASHP_DHW,GSHP_heat,GSHP_cooling,battery,DHW_storage,heat_storage,geothermal_boreholes,demand_electricity,demand_space_heating,demand_space_cooling,demand_hot_water
0,30299.253855222996,2420.8674594078675,6.799963281363212,0.27828970199279807,,,,0.0,5.0,22.368486283656594,0.0,0.0,15.94734,1.472,0.0,0.0,3.847556718636789,0.0,0.0,0.0,1.7743333333333335,15.947340000000002,0.0,1.4720000000000002
1,9952.915589371389,2605.137990702905,6.950904744865369,0.0,,,,0.0,0.0,17.19479378776823,0.0,1.0,15.914506666666668,1.472,0.0,0.0,2.5408120957101885,0.0,0.0,0.0,1.7743333333333335,15.947340000000002,0.0,1.4720000000000002
2,8990.395445675927,2789.4085219979443,7.043780255301794,0.0,,,,0.0,0.0,10.308104568039688,0.0,1.0,15.914506666666668,1.472,0.0,0.0,1.1365692148662685,0.0,0.0,0.0,1.7743333333333335,15.947340000000002,0.0,1.4720000000000002
3,8299.265764750522,2973.679053292982,7.119810970209892,0.0,,,,0.0,0.0,4.67045151756983,0.0,1.0,15.914506666666668,1.472,0.0,0.0,0.0,0.0,0.0,0.0,1.7743333333333335,15.947340000000002,0.0,1.4720000000000002
4,7932.182405048567,3157.949584588034,8.0,0.27828970199279807,,,,0.0,0.0,0.0,0.0,1.0,15.914506666666668,1.472,0.0,0.0,0.0,0.0,0.0,0.0,1.7743333333333335,15.947340000000002,0.0,1.4720000000000002
