,cost,emission,grid,wood_supply,DHDC_small_heat,DHDC_medium_heat,DHDC_large_heat,wood_boiler_heat,wood_boiler_DHW,PV,SCFP,DHW_to_heat,ASHP,ASHP_DHW,GSHP_heat,GSHP_cooling,battery,DHW_storage,heat_storage,geothermal_boreholes,demand_electricity,demand_space_heating,demand_space_cooling,demand_hot_water
0,48283.283172551324,6143.608768696523,17.04994391734524,0.31803530995533497,20.0,0.0,0.0,4.999999999999999,5.0,33.72437427295285,0.0,0.0,43.47916508536907,3.9472086163645983,,,7.024982520959194,0.0,0.0,,5.2988333333333335,43.73359333333334,14.130899999999999,4.169833333333333
1,22458.225106578473,6483.903363967188,18.891264861425,0.0,0.0,0.0,0.0,0.0,0.0,28.377891981804634,0.0,1.0,43.711563333333295,4.169833333333371,,,3.2810907697514615,0.0,0.0,,5.2988333333333335,43.73359333333334,14.130899999999999,4.169833333333333
2,21030.229095728184,6824.197959237858,18.9964138600052,0.0,0.0,0.0,0.0,0.0,0.0,17.79904483331997,0.0,1.0,43.71156333333333,4.169833333333333,,,0.12190451501332707,0.0,0.0,,5.2988333333333335,43.73359333333334,14.130899999999999,4.169833333333333
3,20222.27726470139,7164.492554508526,19.09864447433054,0.0,0.0,0.0,0.0,0.0,0.0,8.564231887797902,0.0,1.0,43.71156333333333,4.169833333333333,,,0.0,0.0,0.0,,5.2988333333333335,43.73359333333334,14.130899999999999,4.169833333333333
4,19556.08749129003,7504.7871497792,20.0,0.31803530995533497,0.0,0.0,0.0,0.0,0.0,0.0,0.0,1.0,43.71156333333333,4.169833333333333,,,0.0,0.0,0.0,,5.2988333333333335,43.73359333333334,14.130899999999999,4.169833333333333
