,cost,emission,grid,wood_supply,DHDC_small_heat,DHDC_medium_heat,DHDC_large_heat,wood_boiler_heat,wood_boiler_DHW,PV,SCFP,DHW_to_heat,ASHP,ASHP_DHW,GSHP_heat,GSHP_cooling,battery,DHW_storage,heat_storage,geothermal_boreholes,demand_electricity,demand_space_heating,demand_space_cooling,demand_hot_water
0,30284.21456103704,2825.2345938800154,8.461352075433192,0.25055669375285283,,,,0.0,5.0,14.44476964367224,0.0,0.0,19.761459999999992,1.7242769810396696,,,3.1998012579001367,0.0,0.0,,2.1738333333333335,19.761459999999996,5.196159999999996,1.8996666666666666
1,9920.372556926955,2963.182770272986,8.55224416725977,0.0,,,,0.0,0.0,11.294090141012198,0.0,1.0,19.735293333333328,1.8996666666666666,,,1.1211413148964895,0.0,0.0,,2.1738333333333335,19.761459999999996,5.196159999999996,1.8996666666666666
2,9369.397448246946,3101.1309466659486,8.576260430400971,0.0,,,,0.0,0.0,7.046220074361569,0.0,1.0,19.735293333333328,1.8996666666666666,,,0.0,0.0,0.0,,2.1738333333333335,19.761459999999996,5.196159999999996,1.8996666666666666
3,9072.229056330552,3239.079123058916,8.596684256357175,0.0,,,,0.0,0.0,3.4337613660374378,0.0,1.0,19.735293333333328,1.8996666666666666,,,0.0,0.0,0.0,,2.1738333333333335,19.761459999999996,5.196159999999996,1.8996666666666666
4,8809.49053753149,3377.02729945188,9.0,0.25055669375285283,,,,0.0,0.0,0.0,0.0,1.0,19.735293333333328,1.8996666666666666,,,0.0,0.0,0.0,,2.1738333333333335,19.761459999999996,5.196159999999996,1.8996666666666666
