,cost,emission,grid,wood_supply,DHDC_small_heat,DHDC_medium_heat,DHDC_large_heat,wood_boiler_heat,wood_boiler_DHW,PV,SCFP,DHW_to_heat,ASHP,ASHP_DHW,GSHP_heat,GSHP_cooling,battery,DHW_storage,heat_storage,geothermal_boreholes,demand_electricity,demand_space_heating,demand_space_cooling,demand_hot_water
0,47213.41783402195,6213.123077454311,17.082072092238867,0.2922463207708836,20.0,0.0,0.0,5.0,5.0,26.35609164882388,0.0,0.0,43.69621627671661,3.5722309087937143,,,4.832349621335949,0.0,0.0,,5.062333333333333,43.93001333333333,13.175399999999994,3.7916666666666665
1,21384.077298952405,6489.77275567246,18.746111192633702,0.0,0.0,0.0,0.0,0.0,0.0,22.788676511544946,0.0,1.0,43.89981666666666,3.7916666666666665,,,2.0748625345683593,0.0,0.0,,5.062333333333333,43.93001333333333,13.175399999999994,3.7916666666666665
2,20315.52700759066,6766.4224338906015,18.794477942269346,0.0,0.0,0.0,0.0,0.0,0.0,14.194799076807058,0.0,1.0,43.89981666666666,3.7916666666666665,,,0.0,0.0,0.0,,5.062333333333333,43.93001333333333,13.175399999999994,3.7916666666666665
3,19728.130714979117,7043.072112108741,18.835001020724558,0.0,0.0,0.0,0.0,0.0,0.0,6.994597034168759,0.0,1.0,43.89981666666666,3.7916666666666665,,,0.0,0.0,0.0,,5.062333333333333,43.93001333333333,13.175399999999994,3.7916666666666665
4,19180.349536586873,7319.7217903268765,19.0,0.2922463207708836,0.0,0.0,0.0,0.0,0.0,0.0,0.0,1.0,43.89981666666666,3.7916666666666665,,,0.0,0.0,0.0,,5.062333333333333,43.93001333333333,13.175399999999994,3.7916666666666665
