,cost,emission,grid,wood_supply,DHDC_small_heat,DHDC_medium_heat,DHDC_large_heat,wood_boiler_heat,wood_boiler_DHW,PV,SCFP,DHW_to_heat,ASHP,ASHP_DHW,GSHP_heat,GSHP_cooling,battery,DHW_storage,heat_storage,geothermal_boreholes,demand_electricity,demand_space_heating,demand_space_cooling,demand_hot_water
0,81593.53321549657,4896.470208632802,11.879358748386744,0.2609546935496899,0.0,273.13,0.0,5.0,5.0,17.415626728482838,0.0,0.0,30.636576245160242,2.75260504784855,0.0,0.0,2.8118201189519922,0.0,0.0,0.0,3.0246666666666666,30.845339999999993,0.0,2.9726666666666666
1,15903.707859512942,5088.514200949942,13.203812835825335,0.0,0.0,0.0,0.0,0.0,0.0,15.347454978239927,0.0,1.0,30.829280000000104,2.972666666666555,0.0,0.0,1.0372355091900198,0.0,0.0,0.0,3.0246666666666666,30.845339999999993,0.0,2.9726666666666666
2,15249.079608716478,5280.558193267092,13.269244466795373,0.0,0.0,0.0,0.0,0.0,0.0,9.601911140207049,0.0,1.0,30.82927999999999,2.972666666666666,0.0,0.0,0.0,0.0,0.0,0.0,3.0246666666666666,30.845339999999993,0.0,2.9726666666666666
3,14876.73239964171,5472.602185584235,13.324072497975255,0.0,0.0,0.0,0.0,0.0,0.0,4.787468155569387,0.0,1.0,30.82927999999999,2.972666666666666,0.0,0.0,0.0,0.0,0.0,0.0,3.0246666666666666,30.845339999999993,0.0,2.9726666666666666
4,14509.580195529932,5664.64617790136,14.0,0.2609546935496899,0.0,0.0,0.0,0.0,0.0,0.0,0.0,1.0,30.82927999999999,2.972666666666666,0.0,0.0,0.0,0.0,0.0,0.0,3.0246666666666666,30.845339999999993,0.0,2.9726666666666666
