,cost,emission,grid,wood_supply,DHDC_small_heat,DHDC_medium_heat,DHDC_large_heat,wood_boiler_heat,wood_boiler_DHW,PV,SCFP,DHW_to_heat,ASHP,ASHP_DHW,GSHP_heat,GSHP_cooling,battery,DHW_storage,heat_storage,geothermal_boreholes,demand_electricity,demand_space_heating,demand_space_cooling,demand_hot_water
0,80467.4380403413,4353.525300034647,11.377947043521155,0.2704389892135581,0.0,273.13,0.0,5.0,5.0,20.125425489588007,0.0,0.0,22.9463124410988,2.755496040883842,8.577043034197008,11.791593333333331,3.6537113718539556,0.0,0.0,14.739491666666662,3.2191666666666667,31.73970666666666,11.791593333333331,2.989166666666667
1,14757.713054818769,4563.072134326071,12.712173507803765,0.0,0.0,0.0,0.0,0.0,0.0,17.464605386819684,0.0,1.0,23.10653691584172,2.9891666666666667,8.606139750824937,10.163666666666666,1.6443118920868511,0.0,0.0,12.704583333333332,3.2191666666666667,31.73970666666666,11.791593333333331,2.989166666666667
2,13933.309976833149,4772.618968617478,12.78312357074824,0.0,0.0,0.0,0.0,0.0,0.0,10.924604446648543,0.0,1.0,23.106536915841808,2.989166666666582,8.606139750824937,10.163666666666666,0.0,0.0,0.0,12.704583333333332,3.2191666666666667,31.73970666666666,11.791593333333331,2.989166666666667
3,13472.226836310168,4982.165802908886,12.84319937332792,0.0,0.0,0.0,0.0,0.0,0.0,5.386965873161369,0.0,1.0,23.10653691584158,2.9891666666666667,8.60613975082508,10.163666666666666,0.0,0.0,0.0,12.704583333333332,3.2191666666666667,31.73970666666666,11.791593333333331,2.989166666666667
4,13035.761330795733,5191.712637200308,13.0,0.2704389892135581,0.0,0.0,0.0,0.0,0.0,0.0,0.0,1.0,23.1795218572619,2.9891666666666667,8.533154809404758,8.289926666666666,0.0,0.0,0.0,10.362408333333335,3.2191666666666667,31.73970666666666,11.791593333333331,2.989166666666667
