,cost,emission,grid,wood_supply,DHDC_small_heat,DHDC_medium_heat,DHDC_large_heat,wood_boiler_heat,wood_boiler_DHW,PV,SCFP,DHW_to_heat,ASHP,ASHP_DHW,GSHP_heat,GSHP_cooling,battery,DHW_storage,heat_storage,geothermal_boreholes,demand_electricity,demand_space_heating,demand_space_cooling,demand_hot_water
0,35573.936065437476,2742.950476558924,7.523188940664754,0.24619563917383347,20.0,0.0,0.0,5.0,5.0,13.198754049666697,0.0,0.0,18.295796821994266,1.463329719244983,,,2.8741681725368124,0.0,0.0,,2.129,18.492753333333333,5.258399999999997,1.6609999999999998
1,9607.23601915085,2882.287708133287,8.283645371484809,0.0,0.0,0.0,0.0,0.0,0.0,11.473367098848804,0.0,1.0,18.47742,1.6609999999999998,,,0.9119193312948788,0.0,0.0,,2.129,18.492753333333333,5.258399999999997,1.6609999999999998
2,9076.361473396402,3021.624939707652,8.308118329359502,0.0,0.0,0.0,0.0,0.0,0.0,7.16653307410314,0.0,1.0,18.47742,1.6609999999999998,,,0.0,0.0,0.0,,2.129,18.492753333333333,5.258399999999997,1.6609999999999998
3,8773.594657577913,3160.9621712820135,8.328929154472664,0.0,0.0,0.0,0.0,0.0,0.0,3.504173577579323,0.0,1.0,18.47742,1.6609999999999998,,,0.0,0.0,0.0,,2.129,18.492753333333333,5.258399999999997,1.6609999999999998
4,8501.304778790794,3300.29940285638,9.0,0.24619563917383347,0.0,0.0,0.0,0.0,0.0,0.0,0.0,1.0,18.47742,1.6609999999999998,,,0.0,0.0,0.0,,2.129,18.492753333333333,5.258399999999997,1.6609999999999998
