,cost,emission,grid,wood_supply,DHDC_small_heat,DHDC_medium_heat,DHDC_large_heat,wood_boiler_heat,wood_boiler_DHW,PV,SCFP,DHW_to_heat,ASHP,ASHP_DHW,GSHP_heat,GSHP_cooling,battery,DHW_storage,heat_storage,geothermal_boreholes,demand_electricity,demand_space_heating,demand_space_cooling,demand_hot_water
0,29778.408058485344,2628.01997099894,7.951360552262856,0.2488590589082963,,,,0.0,5.0,13.959731116656073,0.0,0.0,19.52925,1.4107986587641925,,,3.198570003292698,0.0,0.0,,1.6596666666666666,19.52925,4.99016,1.585
1,9471.09383057511,2756.7703680936033,8.057052941441167,0.0,,,,0.0,0.0,10.945476448715619,0.0,1.0,19.50075,1.585,,,1.4397746386830348,0.0,0.0,,1.6596666666666666,19.52925,4.99016,1.585
2,8907.854399446402,2885.5207651882642,8.101902176512592,0.0,,,,0.0,0.0,6.86232473751029,0.0,1.0,19.50075,1.585,,,0.28588640049607483,0.0,0.0,,1.6596666666666666,19.52925,4.99016,1.585
3,8554.803436884395,3014.2711622829243,8.141596277089938,0.0,,,,0.0,0.0,3.2485053615716937,0.0,1.0,19.50075,1.585,,,0.0,0.0,0.0,,1.6596666666666666,19.52925,4.99016,1.585
4,8301.163057591788,3143.0215593775774,9.0,0.2488590589082963,,,,0.0,0.0,0.0,0.0,1.0,19.50075,1.585,,,0.0,0.0,0.0,,1.6596666666666666,19.52925,4.99016,1.585
