,cost,emission,grid,wood_supply,DHDC_small_heat,DHDC_medium_heat,DHDC_large_heat,wood_boiler_heat,wood_boiler_DHW,PV,SCFP,DHW_to_heat,ASHP,ASHP_DHW,GSHP_heat,GSHP_cooling,battery,DHW_storage,heat_storage,geothermal_boreholes,demand_electricity,demand_space_heating,demand_space_cooling,demand_hot_water
0,66690.11712588236,11149.81496602359,27.860551044934574,0.43922524816195474,20.0,0.0,0.0,5.0,4.999999999999999,68.35007090341564,0.0,0.0,70.7636598014704,7.265208992953298,0.0,0.0,13.53692680849168,0.0,0.0,0.0,8.297166666666664,71.11503999999998,0.0,7.577076666666666
1,40817.620025660886,11803.004684978194,31.199890527600022,0.0,0.0,0.0,0.0,0.0,0.0,56.07992189988188,0.0,1.0,71.11470666666654,7.577076666666774,0.0,0.0,6.379582185259572,0.0,0.0,0.0,8.297166666666664,71.11503999999998,0.0,7.577076666666666
2,37881.716518131994,12456.194403932743,31.322020885727937,0.0,0.0,0.0,0.0,0.0,0.0,34.864620468382704,0.0,1.0,71.11470666666663,7.577076666666665,0.0,0.0,0.572850956089481,0.0,0.0,0.0,8.297166666666664,71.11503999999998,0.0,7.577076666666666
3,36242.098133275314,13109.38412288733,31.51918520788604,0.0,0.0,0.0,0.0,0.0,0.0,16.856341538595615,0.0,1.0,71.11470666666663,7.577076666666665,0.0,0.0,0.0,0.0,0.0,0.0,8.297166666666664,71.11503999999998,0.0,7.577076666666666
4,34882.9285610583,13762.573841841915,32.0,0.43922524816195474,0.0,0.0,0.0,0.0,0.0,0.0,0.0,1.0,71.11470666666663,7.577076666666665,0.0,0.0,0.0,0.0,0.0,0.0,8.297166666666664,71.11503999999998,0.0,7.577076666666666
