,cost,emission,grid,wood_supply,DHDC_small_heat,DHDC_medium_heat,DHDC_large_heat,wood_boiler_heat,wood_boiler_DHW,PV,SCFP,DHW_to_heat,ASHP,ASHP_DHW,GSHP_heat,GSHP_cooling,battery,DHW_storage,heat_storage,geothermal_boreholes,demand_electricity,demand_space_heating,demand_space_cooling,demand_hot_water
0,34087.048270686806,2288.0340684998228,6.0957895664197075,0.23818079259275865,20.0,0.0,0.0,5.0,5.0,10.908797883645315,0.0,0.0,16.11720203259246,1.3264101118517353,,,2.2442055089506656,0.0,0.0,,1.7271666666666665,16.307746666666667,4.4566799999999995,1.5078333333333334
1,8173.226206823392,2402.7724372196053,6.780894901634647,0.0,0.0,0.0,0.0,0.0,0.0,9.617891729458762,0.0,1.0,16.27588333333325,1.5078333333334133,,,1.119726602712714,0.0,0.0,,1.7271666666666665,16.307746666666667,4.4566799999999995,1.5078333333333334
2,7691.070422849334,2517.5108059393847,6.814807452286037,0.0,0.0,0.0,0.0,0.0,0.0,6.031473646779548,0.0,1.0,16.275883333333333,1.5078333333333334,,,0.06454973807247333,0.0,0.0,,1.7271666666666665,16.307746666666667,4.4566799999999995,1.5078333333333334
3,7410.415607596558,2632.2491746591654,6.884126142774733,0.0,0.0,0.0,0.0,0.0,0.0,2.887422532940823,0.0,1.0,16.275883333333333,1.5078333333333334,,,0.0,0.0,0.0,,1.7271666666666665,16.307746666666667,4.4566799999999995,1.5078333333333334
4,7185.834745059817,2746.9875433789407,7.0,0.23818079259275865,0.0,0.0,0.0,0.0,0.0,0.0,0.0,1.0,16.275883333333333,1.5078333333333334,,,0.0,0.0,0.0,,1.7271666666666665,16.307746666666667,4.4566799999999995,1.5078333333333334
