,cost,emission,grid,wood_supply,DHDC_small_heat,DHDC_medium_heat,DHDC_large_heat,wood_boiler_heat,wood_boiler_DHW,PV,SCFP,DHW_to_heat,ASHP,ASHP_DHW,GSHP_heat,GSHP_cooling,battery,DHW_storage,heat_storage,geothermal_boreholes,demand_electricity,demand_space_heating,demand_space_cooling,demand_hot_water
0,24327.359221990497,1027.9154039051302,2.6310558347846102,0.2325866616908555,,,,0.0,5.0,9.310474768815856,0.0,0.0,5.084593333333334,0.7455226701497345,,,2.070922652869709,0.0,0.0,,1.421563333333333,5.084593333333334,2.4698700000000007,0.9083333333333333
1,4052.217493609471,1116.2464064374112,2.721496905635491,0.0,,,,0.0,0.0,7.337530362303032,0.0,1.0,5.073230000000001,0.9083333333333333,,,0.8354585341490441,0.0,0.0,,1.421563333333333,5.084593333333334,2.4698700000000007,0.9083333333333333
2,3677.588429108886,1204.57740896969,2.7528562401487044,0.0,,,,0.0,0.0,4.600308867751843,0.0,1.0,5.073230000000001,0.9083333333333333,,,0.06910222201190011,0.0,0.0,,1.421563333333333,5.084593333333334,2.4698700000000007,0.9083333333333333
3,3466.047412332728,1292.908411501973,2.7802005531804177,0.0,,,,0.0,0.0,2.213541337573449,0.0,1.0,5.073230000000001,0.9083333333333333,,,0.0,0.0,0.0,,1.421563333333333,5.084593333333334,2.4698700000000007,0.9083333333333333
4,3294.9521795521646,1381.2394140342535,3.0,0.2325866616908555,,,,0.0,0.0,0.0,0.0,1.0,5.073230000000001,0.9083333333333333,,,0.0,0.0,0.0,,1.421563333333333,5.084593333333334,2.4698700000000007,0.9083333333333333
