,cost,emission,grid,wood_supply,DHDC_small_heat,DHDC_medium_heat,DHDC_large_heat,wood_boiler_heat,wood_boiler_DHW,PV,SCFP,DHW_to_heat,ASHP,ASHP_DHW,GSHP_heat,GSHP_cooling,battery,DHW_storage,heat_storage,geothermal_boreholes,demand_electricity,demand_space_heating,demand_space_cooling,demand_hot_water
0,37614.27047437465,4580.114719088436,14.41774764303584,0.3035557000675827,,,,0.0,5.0,29.587342876452187,0.0,0.0,32.90146666666666,3.238344343286025,,,6.659787079186377,0.0,0.0,,3.9945000000000004,32.90146666666666,12.368166666666667,3.450833333333333
1,17046.489404682477,4864.99773195446,14.548404391578632,0.0,,,,0.0,0.0,22.46614802450388,0.0,1.0,32.89993666666666,3.4508333333333328,,,2.477076370490721,0.0,0.0,,3.9945000000000004,32.90146666666666,12.368166666666667,3.450833333333333
2,15949.67759800114,5149.880744820501,14.598157123453468,0.0,,,,0.0,0.0,14.054427241527025,0.0,1.0,32.89993666666666,3.4508333333333328,,,0.0,0.0,0.0,,3.9945000000000004,32.90146666666666,12.368166666666667,3.450833333333333
3,15372.81561105886,5434.763757686522,14.641151530759025,0.0,,,,0.0,0.0,6.785339980273737,0.0,1.0,32.89993666666666,3.4508333333333328,,,0.0,0.0,0.0,,3.9945000000000004,32.90146666666666,12.368166666666667,3.450833333333333
4,14889.161073613555,5719.646770552553,15.0,0.3035557000675827,,,,0.0,0.0,0.0,0.0,1.0,32.89993666666666,3.4508333333333328,,,0.0,0.0,0.0,,3.9945000000000004,32.90146666666666,12.368166666666667,3.450833333333333
