,cost,emission,grid,wood_supply,DHDC_small_heat,DHDC_medium_heat,DHDC_large_heat,wood_boiler_heat,wood_boiler_DHW,PV,SCFP,DHW_to_heat,ASHP,ASHP_DHW,GSHP_heat,GSHP_cooling,battery,DHW_storage,heat_storage,geothermal_boreholes,demand_electricity,demand_space_heating,demand_space_cooling,demand_hot_water
0,28768.714383665283,2379.102590931699,6.183597478222134,0.2490457889526752,,,,0.0,5.0,14.01308255790719,0.0,0.0,14.520119999999995,1.3923346143997941,,,3.2098466884445305,0.0,0.0,,1.588,14.520119999999997,6.015999999999999,1.5666666666666667
1,8460.2652992172,2508.0483787269372,6.291869769172334,0.0,,,,0.0,0.0,10.990004255486543,0.0,1.0,14.498089999999994,1.5666666666666667,,,1.4097220194866271,0.0,0.0,,1.588,14.520119999999997,6.015999999999999,1.5666666666666667
2,7891.803213185121,2636.9941665221722,6.337734717055891,0.0,,,,0.0,0.0,6.8876044605521685,0.0,1.0,14.498089999999994,1.5666666666666667,,,0.2500121610790808,0.0,0.0,,1.588,14.520119999999997,6.015999999999999,1.5666666666666667
3,7539.118090649782,2765.939954317408,6.378360707585998,0.0,,,,0.0,0.0,3.253804294838474,0.0,1.0,14.498089999999994,1.5666666666666667,,,0.0,0.0,0.0,,1.588,14.520119999999997,6.015999999999999,1.5666666666666667
4,7285.022373212172,2894.8857421126404,7.0,0.2490457889526752,,,,0.0,0.0,0.0,0.0,1.0,14.498089999999994,1.5666666666666667,,,0.0,0.0,0.0,,1.588,14.520119999999997,6.015999999999999,1.5666666666666667
