,cost,emission,grid,wood_supply,DHDC_small_heat,DHDC_medium_heat,DHDC_large_heat,wood_boiler_heat,wood_boiler_DHW,PV,SCFP,DHW_to_heat,ASHP,ASHP_DHW,GSHP_heat,GSHP_cooling,battery,DHW_storage,heat_storage,geothermal_boreholes,demand_electricity,demand_space_heating,demand_space_cooling,demand_hot_water
0,45244.25596852033,5166.5253130837955,14.735346958049279,0.30671557398186694,20.0,0.0,0.0,5.0,5.0,30.490163994819124,0.0,0.0,37.744900874147845,3.4632990982126928,,,6.5556531535224885,0.0,0.0,,3.9631666666666665,37.99027333333334,13.8121,3.6779999999999995
1,19377.2142718232,5471.721646847102,16.368974736259794,0.0,0.0,0.0,0.0,0.0,0.0,25.53984421402519,0.0,1.0,37.97360666666678,3.6779999999998836,,,3.065914604649433,0.0,0.0,,3.9631666666666665,37.99027333333334,13.8121,3.6779999999999995
2,18079.211205515992,5776.917980610414,16.42229525242918,0.0,0.0,0.0,0.0,0.0,0.0,15.976601377007912,0.0,1.0,37.97360666666667,3.6779999999999995,,,0.24278110161792438,0.0,0.0,,3.9631666666666665,37.99027333333334,13.8121,3.6779999999999995
3,17338.62278041746,6082.114314373726,16.54340052570388,0.0,0.0,0.0,0.0,0.0,0.0,7.682302869838685,0.0,1.0,37.97360666666667,3.6779999999999995,,,0.0,0.0,0.0,,3.9631666666666665,37.99027333333334,13.8121,3.6779999999999995
4,16740.8769448847,6387.310648137056,17.0,0.30671557398186694,0.0,0.0,0.0,0.0,0.0,0.0,0.0,1.0,37.97360666666667,3.6779999999999995,,,0.0,0.0,0.0,,3.9631666666666665,37.99027333333334,13.8121,3.6779999999999995
