,cost,emission,grid,wood_supply,DHDC_small_heat,DHDC_medium_heat,DHDC_large_heat,wood_boiler_heat,wood_boiler_DHW,PV,SCFP,DHW_to_heat,ASHP,ASHP_DHW,GSHP_heat,GSHP_cooling,battery,DHW_storage,heat_storage,geothermal_boreholes,demand_electricity,demand_space_heating,demand_space_cooling,demand_hot_water
0,35113.518332375534,4154.419030050052,11.163718253949384,0.2835088436021135,,,,0.0,5.0,23.859669600603844,0.0,0.0,25.44876,2.6403771428118534,0.0,0.0,4.506620634939505,0.0,0.0,0.0,2.939333333333334,25.448760000000004,0.0,2.838833333333333
1,14517.780524826234,4361.760821860582,11.279553214442426,0.0,,,,0.0,0.0,18.20176886370531,0.0,1.0,25.43286666666667,2.8388333333333327,0.0,0.0,1.6895834664282958,0.0,0.0,0.0,2.939333333333334,25.448760000000004,0.0,2.838833333333333
2,13596.253704813622,4569.102613671111,11.350359847511005,0.0,,,,0.0,0.0,11.35275722635073,0.0,1.0,25.43286666666667,2.8388333333333327,0.0,0.0,0.0,0.0,0.0,0.0,2.939333333333334,25.448760000000004,0.0,2.838833333333333
3,13082.656503925973,4776.444405481645,11.410084719010985,0.0,,,,0.0,0.0,5.575666546912583,0.0,1.0,25.43286666666667,2.8388333333333327,0.0,0.0,0.0,0.0,0.0,0.0,2.939333333333334,25.448760000000004,0.0,2.838833333333333
4,12607.867691156214,4983.7861972921755,12.0,0.2835088436021135,,,,0.0,0.0,0.0,0.0,1.0,25.43286666666667,2.8388333333333327,0.0,0.0,0.0,0.0,0.0,0.0,2.939333333333334,25.448760000000004,0.0,2.838833333333333
