,cost,emission,grid,wood_supply,DHDC_small_heat,DHDC_medium_heat,DHDC_large_heat,wood_boiler_heat,wood_boiler_DHW,PV,SCFP,DHW_to_heat,ASHP,ASHP_DHW,GSHP_heat,GSHP_cooling,battery,DHW_storage,heat_storage,geothermal_boreholes,demand_electricity,demand_space_heating,demand_space_cooling,demand_hot_water
0,37480.20334008292,3208.9441601736817,9.13351420343432,0.2541884037879623,20.0,0.0,0.0,5.0,5.0,15.48240108227495,0.0,0.0,24.117015943636293,1.8112347840150926,,,3.233846617771488,0.0,0.0,,2.3065,24.32036666666666,6.866640000000001,1.9891666666666665
1,11587.794294650641,3369.531110493563,10.045887618547958,0.0,0.0,0.0,0.0,0.0,0.0,13.337635690022738,0.0,1.0,24.303699999999996,1.9891666666666663,,,1.531871374294143,0.0,0.0,,2.3065,24.32036666666666,6.866640000000001,1.9891666666666665
2,10915.303571644494,3530.1180608134455,10.102493474057418,0.0,0.0,0.0,0.0,0.0,0.0,8.329666783721384,0.0,1.0,24.303699999999996,1.9891666666666663,,,0.17813266639433378,0.0,0.0,,2.3065,24.32036666666666,6.866640000000001,1.9891666666666665
3,10528.290718544065,3690.7050111333288,10.151365532717303,0.0,0.0,0.0,0.0,0.0,0.0,4.005913561499544,0.0,1.0,24.303699999999996,1.9891666666666663,,,0.0,0.0,0.0,,2.3065,24.32036666666666,6.866640000000001,1.9891666666666665
4,10220.769168217543,3851.2919614532175,11.0,0.2541884037879623,0.0,0.0,0.0,0.0,0.0,0.0,0.0,1.0,24.303699999999996,1.9891666666666663,,,0.0,0.0,0.0,,2.3065,24.32036666666666,6.866640000000001,1.9891666666666665
