,cost,emission,grid,wood_supply,DHDC_small_heat,DHDC_medium_heat,DHDC_large_heat,wood_boiler_heat,wood_boiler_DHW,PV,SCFP,DHW_to_heat,ASHP,ASHP_DHW,GSHP_heat,GSHP_cooling,battery,DHW_storage,heat_storage,geothermal_boreholes,demand_electricity,demand_space_heating,demand_space_cooling,demand_hot_water
0,37721.396251379374,3234.3519007877194,8.910918168221961,0.26108186916763854,20.0,0.0,0.0,5.0,5.0,17.451962619325304,0.0,0.0,22.57325450466589,2.0695760249159862,,,3.33848221184056,0.0,0.0,,2.537666666666667,22.782120000000003,6.564719999999999,2.252333333333333
1,11819.173111954064,3408.4828556829234,9.91996423935599,0.0,0.0,0.0,0.0,0.0,0.0,15.044547977954561,0.0,1.0,22.755286666666667,2.252333333333333,,,1.5544580495065135,0.0,0.0,,2.537666666666667,22.782120000000003,6.564719999999999,2.252333333333333
2,11050.586798495948,3582.613810578122,9.950624739709754,0.0,0.0,0.0,0.0,0.0,0.0,9.412064756231326,0.0,1.0,22.755286666666667,2.252333333333333,,,0.08389853414139076,0.0,0.0,,2.537666666666667,22.782120000000003,6.564719999999999,2.252333333333333
3,10608.726377696325,3756.744765473328,9.977088128781311,0.0,0.0,0.0,0.0,0.0,0.0,4.550611315626452,0.0,1.0,22.755286666666667,2.252333333333333,,,0.0,0.0,0.0,,2.537666666666667,22.782120000000003,6.564719999999999,2.252333333333333
4,10235.414409879288,3930.875720368535,11.0,0.26108186916763854,0.0,0.0,0.0,0.0,0.0,0.0,0.0,1.0,22.755286666666667,2.252333333333333,,,0.0,0.0,0.0,,2.537666666666667,22.782120000000003,6.564719999999999,2.252333333333333
