,cost,emission,grid,wood_supply,DHDC_small_heat,DHDC_medium_heat,DHDC_large_heat,wood_boiler_heat,wood_boiler_DHW,PV,SCFP,DHW_to_heat,ASHP,ASHP_DHW,GSHP_heat,GSHP_cooling,battery,DHW_storage,heat_storage,geothermal_boreholes,demand_electricity,demand_space_heating,demand_space_cooling,demand_hot_water
0,33568.795386492064,3480.569045782345,10.236019800700266,0.2816749690276575,,,,0.0,5.0,23.33570543647356,0.0,0.0,24.5199,2.155494188347306,,,5.057321865966399,0.0,0.0,,2.807459999999999,24.519900000000003,6.7724400000000005,2.3526666666666665
1,13100.345877987354,3684.7289588994845,10.347517791881192,0.0,,,,0.0,0.0,17.929904794184534,0.0,1.0,24.495066666666666,2.3526666666666665,,,2.1529716920673563,0.0,0.0,,2.807459999999999,24.519900000000003,6.7724400000000005,2.3526666666666665
2,12155.930829425171,3888.888872016623,10.38396371856879,0.0,,,,0.0,0.0,11.215498929386483,0.0,1.0,24.495066666666666,2.3526666666666665,,,0.38332284023989394,0.0,0.0,,2.807459999999999,24.519900000000003,6.7724400000000005,2.3526666666666665
3,11571.411547123393,4093.0487851337602,10.41596148559539,0.0,,,,0.0,0.0,5.320574198141831,0.0,1.0,24.495066666666666,2.3526666666666665,,,0.0,0.0,0.0,,2.807459999999999,24.519900000000003,6.7724400000000005,2.3526666666666665
4,11136.573766808076,4297.2086982508945,11.0,0.2816749690276575,,,,0.0,0.0,0.0,0.0,1.0,24.495066666666666,2.3526666666666665,,,0.0,0.0,0.0,,2.807459999999999,24.519900000000003,6.7724400000000005,2.3526666666666665
