,cost,emission,grid,wood_supply,DHDC_small_heat,DHDC_medium_heat,DHDC_large_heat,wood_boiler_heat,wood_boiler_DHW,PV,SCFP,DHW_to_heat,ASHP,ASHP_DHW,GSHP_heat,GSHP_cooling,battery,DHW_storage,heat_storage,geothermal_boreholes,demand_electricity,demand_space_heating,demand_space_cooling,demand_hot_water
0,96132.3534057945,8077.39169974391,18.76002493470487,0.38880716530994014,0.0,273.13,0.0,5.0,4.999999999999999,53.94490437426862,0.0,0.0,35.51231587684014,5.709501650949708,15.670638390912245,24.507166666666667,11.573693756548735,0.0,0.0,30.633958333333332,6.9816666666666665,51.49399999999998,24.507166666666667,5.989439999999999
1,30459.454861627855,8624.431342167589,23.005010559515483,0.0,0.0,0.0,0.0,0.0,0.0,44.1483636148555,0.0,1.0,50.13911706353771,5.989439999999983,1.3545496031289521,19.581333333333333,5.405778938072439,0.0,0.0,24.476666666666667,6.9816666666666665,51.49399999999998,24.507166666666667,5.989439999999999
2,28206.953927803308,9171.470984591304,23.10374411724911,0.0,0.0,0.0,0.0,0.0,0.0,27.65371972490838,0.0,1.0,50.16545236287833,5.989439999999999,1.3282143037883105,18.509166666666665,0.4968355433035292,0.0,0.0,23.13645833333333,6.9816666666666665,51.49399999999998,24.507166666666667,5.989439999999999
3,26942.437970909763,9718.510627014959,23.188739893421683,0.0,0.0,0.0,0.0,0.0,0.0,13.16956871177852,0.0,1.0,50.173247266001525,5.989439999999999,1.3204194006651178,17.745499999999996,0.0,0.0,0.0,22.181874999999994,6.9816666666666665,51.49399999999998,24.507166666666667,5.989439999999999
4,25969.251770257288,10265.550269438634,24.0,0.38880716530994014,0.0,0.0,0.0,0.0,0.0,0.0,0.0,1.0,50.219218419089316,5.989439999999999,1.2744482475773296,15.293333333333333,0.0,0.0,0.0,19.116666666666667,6.9816666666666665,51.49399999999998,24.507166666666667,5.989439999999999
