,cost,emission,grid,wood_supply,DHDC_small_heat,DHDC_medium_heat,DHDC_large_heat,wood_boiler_heat,wood_boiler_DHW,PV,SCFP,DHW_to_heat,ASHP,ASHP_DHW,GSHP_heat,GSHP_cooling,battery,DHW_storage,heat_storage,geothermal_boreholes,demand_electricity,demand_space_heating,demand_space_cooling,demand_hot_water
0,41290.56979058234,4210.500609055052,11.744136628201037,0.28031264424609525,20.0,0.0,0.0,5.0,5.0,22.946469784598637,0.0,0.0,30.266909884603116,2.5356144823610665,,,5.005535632349555,0.0,0.0,,3.3785000000000003,30.491159999999994,9.279399999999995,2.731833333333334
1,15445.438040610661,4448.605762765374,12.967533033206756,0.0,0.0,0.0,0.0,0.0,0.0,19.35286524194372,0.0,1.0,30.468463333333325,2.7318333333333333,,,2.3870705415379683,0.0,0.0,,3.3785000000000003,30.491159999999994,9.279399999999995,2.731833333333334
2,14469.402532742979,4686.710916475689,13.009605362234595,0.0,0.0,0.0,0.0,0.0,0.0,12.112279540906163,0.0,1.0,30.468463333333325,2.7318333333333333,,,0.30397745440186136,0.0,0.0,,3.3785000000000003,30.491159999999994,9.279399999999995,2.731833333333334
3,13904.970184249694,4924.816070186009,13.16135262879722,0.0,0.0,0.0,0.0,0.0,0.0,5.770496335005086,0.0,1.0,30.468463333333325,2.7318333333333333,,,0.0,0.0,0.0,,3.3785000000000003,30.491159999999994,9.279399999999995,2.731833333333334
4,13481.594829370693,5162.921223896346,14.0,0.28031264424609525,0.0,0.0,0.0,0.0,0.0,0.0,0.0,1.0,30.468463333333325,2.7318333333333333,,,0.0,0.0,0.0,,3.3785000000000003,30.491159999999994,9.279399999999995,2.731833333333334
