,cost,emission,grid,wood_supply,DHDC_small_heat,DHDC_medium_heat,DHDC_large_heat,wood_boiler_heat,wood_boiler_DHW,PV,SCFP,DHW_to_heat,ASHP,ASHP_DHW,GSHP_heat,GSHP_cooling,battery,DHW_storage,heat_storage,geothermal_boreholes,demand_electricity,demand_space_heating,demand_space_cooling,demand_hot_water
0,66316.29074868225,11023.659242184944,26.44448914709884,0.454540698379342,20.0,0.0,0.0,5.0,4.999999999999999,72.72591382266913,0.0,0.0,62.96588744129653,9.039564844467794,0.0,0.0,13.712463259249532,0.0,0.0,0.0,10.600166666666668,63.32952,0.0,9.42891
1,40518.837127004546,11762.826903527204,30.56357442973446,0.0,0.0,0.0,0.0,0.0,0.0,60.104793491418974,0.0,0.0,63.32952,9.42891,0.0,0.0,5.819148022181631,0.0,0.0,0.0,10.600166666666668,63.32952,0.0,9.42891
2,37554.46045742158,12501.994564869481,30.85563414862905,0.0,0.0,0.0,0.0,0.0,0.0,37.19054431979488,0.0,0.0,63.32952,9.42891,0.0,0.0,0.0,0.0,0.0,0.0,10.600166666666668,63.32952,0.0,9.42891
3,36054.18396604787,13241.162226211743,31.114791921143336,0.0,0.0,0.0,0.0,0.0,0.0,18.311593571532573,0.0,0.0,63.32952,9.42891,0.0,0.0,0.0,0.0,0.0,0.0,10.600166666666668,63.32952,0.0,9.42891
4,34663.22368611822,13980.329887554035,32.0,0.454540698379342,0.0,0.0,0.0,0.0,0.0,0.0,0.0,0.0,63.32952,9.42891,0.0,0.0,0.0,0.0,0.0,0.0,10.600166666666668,63.32952,0.0,9.42891
