,cost,emission,grid,wood_supply,DHDC_small_heat,DHDC_medium_heat,DHDC_large_heat,wood_boiler_heat,wood_boiler_DHW,PV,SCFP,DHW_to_heat,ASHP,ASHP_DHW,GSHP_heat,GSHP_cooling,battery,DHW_storage,heat_storage,geothermal_boreholes,demand_electricity,demand_space_heating,demand_space_cooling,demand_hot_water
0,25370.055505213728,1167.5920462348827,2.74635684820999,0.24877080613717653,,,,0.0,5.0,13.93451603919329,0.0,0.0,4.844619999999999,1.1765271023706432,,,3.2694038308023554,0.0,0.0,,1.5243333333333335,4.84462,3.4119466666666667,1.350666666666667
1,5017.027679297866,1292.73722978775,2.836994796351564,0.0,,,,0.0,0.0,10.71834737222006,0.0,1.0,4.836286666666666,1.3506666666666667,,,1.213636408282203,0.0,0.0,,1.5243333333333335,4.84462,3.4119466666666667,1.350666666666667
2,4443.142102423732,1417.8824133406213,3.010338648412938,0.0,,,,0.0,0.0,6.656183186533428,0.0,1.0,4.836286666666666,1.3506666666666667,,,0.16156750386170018,0.0,0.0,,1.5243333333333335,4.84462,3.4119466666666667,1.350666666666667
3,4116.5748131197015,1543.0275968934925,3.1571067552318777,0.0,,,,0.0,0.0,3.1684219797429227,0.0,1.0,4.836286666666666,1.3506666666666667,,,0.0,0.0,0.0,,1.5243333333333335,4.84462,3.4119466666666667,1.350666666666667
4,3867.94036591943,1668.1727804463615,4.0,0.24877080613717653,,,,0.0,0.0,0.0,0.0,1.0,4.836286666666666,1.3506666666666667,,,0.0,0.0,0.0,,1.5243333333333335,4.84462,3.4119466666666667,1.350666666666667
