,cost,emission,grid,wood_supply,DHDC_small_heat,DHDC_medium_heat,DHDC_large_heat,wood_boiler_heat,wood_boiler_DHW,PV,SCFP,DHW_to_heat,ASHP,ASHP_DHW,GSHP_heat,GSHP_cooling,battery,DHW_storage,heat_storage,geothermal_boreholes,demand_electricity,demand_space_heating,demand_space_cooling,demand_hot_water
0,39673.21725646331,3734.037959637049,10.521292636280638,0.27156928061426766,20.0,0.0,0.0,5.0,5.0,20.44836588979076,0.0,0.0,27.032377908841916,2.3807348369033456,,,3.9431938179569377,0.0,0.0,,2.721833333333333,27.249633333333332,9.575343333333334,2.5708333333333333
1,13771.815553724926,3934.5460191801044,11.683639696025626,0.0,0.0,0.0,0.0,0.0,0.0,17.458770421869072,0.0,1.0,27.222906666666663,2.570833333333333,,,1.923980359315785,0.0,0.0,,2.721833333333333,27.249633333333332,9.575343333333334,2.5708333333333333
2,12868.796445196484,4135.054078723161,11.753312904932145,0.0,0.0,0.0,0.0,0.0,0.0,10.933411940481498,0.0,1.0,27.222906666666663,2.570833333333333,,,0.09557082775602431,0.0,0.0,,2.721833333333333,27.249633333333332,9.575343333333334,2.5708333333333333
3,12348.627934440665,4335.562138266219,11.813721109950162,0.0,0.0,0.0,0.0,0.0,0.0,5.275782571226791,0.0,1.0,27.222906666666663,2.570833333333333,,,0.0,0.0,0.0,,2.721833333333333,27.249633333333332,9.575343333333334,2.5708333333333333
4,11911.862282982716,4536.070197809281,12.0,0.27156928061426766,0.0,0.0,0.0,0.0,0.0,0.0,0.0,1.0,27.222906666666663,2.570833333333333,,,0.0,0.0,0.0,,2.721833333333333,27.249633333333332,9.575343333333334,2.5708333333333333
