,cost,emission,grid,wood_supply,DHDC_small_heat,DHDC_medium_heat,DHDC_large_heat,wood_boiler_heat,wood_boiler_DHW,PV,SCFP,DHW_to_heat,ASHP,ASHP_DHW,GSHP_heat,GSHP_cooling,battery,DHW_storage,heat_storage,geothermal_boreholes,demand_electricity,demand_space_heating,demand_space_cooling,demand_hot_water
0,55061.39794130694,7654.7305855878485,19.436585658156993,0.3992287819112629,20.0,0.0,0.0,5.0,5.0,56.92250911750368,0.0,0.0,42.909416974470986,5.441873185995449,0.0,0.0,11.51778895027967,0.0,0.0,0.0,6.753999999999999,43.2288,0.0,5.7558333333333325
1,28844.11445026452,8194.653598677249,22.05073846700398,0.0,0.0,0.0,0.0,0.0,0.0,46.46757406781627,0.0,1.0,43.22496666666669,5.755833333333309,0.0,0.0,3.7163677006595486,0.0,0.0,0.0,6.753999999999999,43.2288,0.0,5.7558333333333325
2,26563.887415064783,8734.576611766644,22.23900684934467,0.0,0.0,0.0,0.0,0.0,0.0,28.947069364286925,0.0,1.0,43.22496666666666,5.7558333333333325,0.0,0.0,0.0,0.0,0.0,0.0,6.753999999999999,43.2288,0.0,5.7558333333333325
3,25288.81371902671,9274.499624856055,22.397183349173773,0.0,0.0,0.0,0.0,0.0,0.0,14.226955053065929,0.0,1.0,43.22496666666666,5.7558333333333325,0.0,0.0,0.0,0.0,0.0,0.0,6.753999999999999,43.2288,0.0,5.7558333333333325
4,24108.76033905566,9814.42263794545,23.0,0.3992287819112629,0.0,0.0,0.0,0.0,0.0,0.0,0.0,1.0,43.22496666666666,5.7558333333333325,0.0,0.0,0.0,0.0,0.0,0.0,6.753999999999999,43.2288,0.0,5.7558333333333325
