,cost,emission,grid,wood_supply,DHDC_small_heat,DHDC_medium_heat,DHDC_large_heat,wood_boiler_heat,wood_boiler_DHW,PV,SCFP,DHW_to_heat,ASHP,ASHP_DHW,GSHP_heat,GSHP_cooling,battery,DHW_storage,heat_storage,geothermal_boreholes,demand_electricity,demand_space_heating,demand_space_cooling,demand_hot_water
0,48251.88296892785,6375.746722904717,17.39029718751809,0.30567721347380494,20.0,0.0,0.0,5.0,5.0,30.19348956394427,0.0,0.0,44.48609156255428,4.011465950568336,,,5.620850298374304,0.0,0.0,,5.322666666666667,44.73063333333332,13.892559999999998,4.237166666666666
1,22417.194362461276,6692.048340018958,19.253755233484135,0.0,0.0,0.0,0.0,0.0,0.0,25.847559028597573,0.0,1.0,44.71490666666666,4.237166666666666,,,2.3689072270812757,0.0,0.0,,5.322666666666667,44.73063333333332,13.892559999999998,4.237166666666666
2,21202.31608367117,7008.349957133189,19.308732829463956,0.0,0.0,0.0,0.0,0.0,0.0,16.083056261141724,0.0,1.0,44.71490666666666,4.237166666666666,,,0.0,0.0,0.0,,5.322666666666667,44.73063333333332,13.892559999999998,4.237166666666666
3,20545.65502774906,7324.651574247428,19.397993357616873,0.0,0.0,0.0,0.0,0.0,0.0,7.92832222691493,0.0,1.0,44.71490666666666,4.237166666666666,,,0.0,0.0,0.0,,5.322666666666667,44.73063333333332,13.892559999999998,4.237166666666666
4,19932.617013533236,7640.953191361657,20.0,0.30567721347380494,0.0,0.0,0.0,0.0,0.0,0.0,0.0,1.0,44.71490666666666,4.237166666666666,,,0.0,0.0,0.0,,5.322666666666667,44.73063333333332,13.892559999999998,4.237166666666666
