,cost,emission,grid,wood_supply,DHDC_small_heat,DHDC_medium_heat,DHDC_large_heat,wood_boiler_heat,wood_boiler_DHW,PV,SCFP,DHW_to_heat,ASHP,ASHP_DHW,GSHP_heat,GSHP_cooling,battery,DHW_storage,heat_storage,geothermal_boreholes,demand_electricity,demand_space_heating,demand_space_cooling,demand_hot_water
0,41746.39539646192,5868.305516798807,17.481972998265476,0.3182935297564548,,,,0.0,5.0,33.798151358987084,0.0,0.0,41.10296333333333,3.820861195837148,,,7.325738390623409,0.0,0.0,,4.808,41.10296333333333,13.70919999999999,4.043666666666667
1,21064.32632491252,6184.422695599104,17.661374414274803,0.0,,,,0.0,0.0,25.6529471432972,0.0,1.0,41.0896,4.043666666666667,,,2.6126767258377286,0.0,0.0,,4.808,41.10296333333333,13.70919999999999,4.043666666666667
2,19812.388579888488,6500.539874399405,17.769723809007374,0.0,,,,0.0,0.0,16.058163100958197,0.0,1.0,41.0896,4.043666666666667,,,0.0,0.0,0.0,,4.808,41.10296333333333,13.70919999999999,4.043666666666667
3,19137.974961340533,6816.657053199717,17.862820565531855,0.0,,,,0.0,0.0,7.814062835337674,0.0,1.0,41.0896,4.043666666666667,,,0.0,0.0,0.0,,4.808,41.10296333333333,13.70919999999999,4.043666666666667
4,18546.42063105809,7132.774232000011,18.0,0.3182935297564548,,,,0.0,0.0,0.0,0.0,1.0,41.0896,4.043666666666667,,,0.0,0.0,0.0,,4.808,41.10296333333333,13.70919999999999,4.043666666666667
