,cost,emission,grid,wood_supply,DHDC_small_heat,DHDC_medium_heat,DHDC_large_heat,wood_boiler_heat,wood_boiler_DHW,PV,SCFP,DHW_to_heat,ASHP,ASHP_DHW,GSHP_heat,GSHP_cooling,battery,DHW_storage,heat_storage,geothermal_boreholes,demand_electricity,demand_space_heating,demand_space_cooling,demand_hot_water
0,51495.425418565464,6313.027573603905,11.03922383044451,0.4403689691663935,20.0,0.0,0.0,5.0,4.999999999999999,68.6768483332553,0.0,0.0,17.456904824666857,4.487408388250191,,,13.586641566624149,0.0,0.0,,9.06971333333333,17.809199999999972,16.854733333333332,4.834333333333333
1,24780.614718309982,6967.326283485259,14.157169213203693,0.0,0.0,0.0,0.0,0.0,0.0,54.030827989410895,0.0,1.0,17.74680666666664,4.834333333333333,,,3.9517933148088766,0.0,0.0,,9.06971333333333,17.809199999999972,16.854733333333332,4.834333333333333
2,22265.346164936665,7621.624993366614,16.151801111111112,0.0,0.0,0.0,0.0,0.0,0.0,33.609427281449136,0.0,1.0,17.74680666666664,4.834333333333333,,,0.0,0.0,0.0,,9.06971333333333,17.809199999999972,16.854733333333332,4.834333333333333
3,20872.368585985638,8275.92370324797,16.151801111111112,0.0,0.0,0.0,0.0,0.0,0.0,16.56096894616989,0.0,1.0,17.74680666666664,4.834333333333333,,,0.0,0.0,0.0,,9.06971333333333,17.809199999999972,16.854733333333332,4.834333333333333
4,19573.31755731149,8930.222413129339,17.0,0.4403689691663935,0.0,0.0,0.0,0.0,0.0,0.0,0.0,1.0,17.74680666666664,4.834333333333333,,,0.0,0.0,0.0,,9.06971333333333,17.809199999999972,16.854733333333332,4.834333333333333
