,cost,emission,grid,wood_supply,DHDC_small_heat,DHDC_medium_heat,DHDC_large_heat,wood_boiler_heat,wood_boiler_DHW,PV,SCFP,DHW_to_heat,ASHP,ASHP_DHW,GSHP_heat,GSHP_cooling,battery,DHW_storage,heat_storage,geothermal_boreholes,demand_electricity,demand_space_heating,demand_space_cooling,demand_hot_water
0,29794.53359926558,2489.278606204245,11.11039395668104,0.24204833899832023,,,,0.0,5.000000000000001,12.013811142377213,0.0,0.0,25.09079333333333,1.1428694960345087,0.0,0.0,2.3906529877633984,0.0,0.0,0.0,2.9158333333333335,25.090793333333334,0.0,1.3123033333333332
1,9406.442171301553,2601.460882918608,11.256102499999997,0.0,,,,0.0,0.0,9.867479000291954,0.0,1.0,25.083293333333334,1.312303333333333,0.0,0.0,0.0,0.0,0.0,0.0,2.9158333333333335,25.090793333333334,0.0,1.3123033333333332
2,9031.489327886045,2713.6431596329658,11.256102499999997,0.0,,,,0.0,0.0,6.2379937423021765,0.0,1.0,25.083293333333334,1.312303333333333,0.0,0.0,0.0,0.0,0.0,0.0,2.9158333333333335,25.090793333333334,0.0,1.3123033333333332
3,8744.230020310742,2825.825436347322,11.309367499567486,0.0,,,,0.0,0.0,3.0636305706325624,0.0,1.0,25.083293333333334,1.312303333333333,0.0,0.0,0.0,0.0,0.0,0.0,2.9158333333333335,25.090793333333334,0.0,1.3123033333333332
4,8478.30431384925,2938.007713061672,12.0,0.24204833899832023,,,,0.0,0.0,0.0,0.0,1.0,25.083293333333334,1.312303333333333,0.0,0.0,0.0,0.0,0.0,0.0,2.9158333333333335,25.090793333333334,0.0,1.3123033333333332
