,cost,emission,grid,wood_supply,DHDC_small_heat,DHDC_medium_heat,DHDC_large_heat,wood_boiler_heat,wood_boiler_DHW,PV,SCFP,DHW_to_heat,ASHP,ASHP_DHW,GSHP_heat,GSHP_cooling,battery,DHW_storage,heat_storage,geothermal_boreholes,demand_electricity,demand_space_heating,demand_space_cooling,demand_hot_water
0,43275.69983755244,4981.528201125291,14.18417615571864,0.2746977493884114,20.0,0.0,0.0,5.0,5.0,21.342214110974684,0.0,0.0,36.3521951338226,2.970318242094778,,,3.23892573246051,0.0,0.0,,3.557,36.57195333333333,10.683899999999996,3.2055000000000002
1,17388.484198049453,5191.870878100532,15.601519809512613,0.0,0.0,0.0,0.0,0.0,0.0,18.780200919368173,0.0,1.0,36.56406,3.2055,,,1.3801377666485029,0.0,0.0,,3.557,36.57195333333333,10.683899999999996,3.2055000000000002
2,16511.44792513308,5402.213555075769,15.636968752257452,0.0,0.0,0.0,0.0,0.0,0.0,11.796580063355616,0.0,1.0,36.56406,3.2055,,,0.0,0.0,0.0,,3.557,36.57195333333333,10.683899999999996,3.2055000000000002
3,15977.495054781148,5612.556232051012,15.6670581799963,0.0,0.0,0.0,0.0,0.0,0.0,5.868810746932321,0.0,1.0,36.56406,3.2055,,,0.0,0.0,0.0,,3.557,36.57195333333333,10.683899999999996,3.2055000000000002
4,15454.90075084,5822.898909026268,16.0,0.2746977493884114,0.0,0.0,0.0,0.0,0.0,0.0,0.0,1.0,36.56406,3.2055,,,0.0,0.0,0.0,,3.557,36.57195333333333,10.683899999999996,3.2055000000000002
