,cost,emission,grid,wood_supply,DHDC_small_heat,DHDC_medium_heat,DHDC_large_heat,wood_boiler_heat,wood_boiler_DHW,PV,SCFP,DHW_to_heat,ASHP,ASHP_DHW,GSHP_heat,GSHP_cooling,battery,DHW_storage,heat_storage,geothermal_boreholes,demand_electricity,demand_space_heating,demand_space_cooling,demand_hot_water
0,37799.74502804676,4325.988049214636,13.709214008322302,0.31996816194257777,,,,0.0,5.0,34.27661769787935,0.0,0.0,31.843860000000006,3.135355619973528,,,8.567796269455474,0.0,0.0,,3.567833333333333,31.843860000000006,12.162706666666667,3.3593333333333333
1,17206.983906070735,4638.543830178802,13.852357791009448,0.0,,,,0.0,0.0,25.87832904560393,0.0,1.0,31.834996666666672,3.359333333333333,,,3.3704152678484207,0.0,0.0,,3.567833333333333,31.843860000000006,12.162706666666667,3.3593333333333333
2,15860.731916445427,4951.099611142976,13.910013617561185,0.0,,,,0.0,0.0,16.159082858214614,0.0,1.0,31.834996666666672,3.359333333333333,,,0.6501618478310531,0.0,0.0,,3.567833333333333,31.843860000000006,12.162706666666667,3.3593333333333333
3,15056.253992092881,5263.655392107143,14.004200742830642,0.0,,,,0.0,0.0,7.632126259699833,0.0,1.0,31.834996666666672,3.359333333333333,,,0.0,0.0,0.0,,3.567833333333333,31.843860000000006,12.162706666666667,3.3593333333333333
4,14489.455002084436,5576.21117307131,15.0,0.31996816194257777,,,,0.0,0.0,0.0,0.0,1.0,31.834996666666672,3.359333333333333,,,0.0,0.0,0.0,,3.567833333333333,31.843860000000006,12.162706666666667,3.3593333333333333
