,cost,emission,grid,wood_supply,DHDC_small_heat,DHDC_medium_heat,DHDC_large_heat,wood_boiler_heat,wood_boiler_DHW,PV,SCFP,DHW_to_heat,ASHP,ASHP_DHW,GSHP_heat,GSHP_cooling,battery,DHW_storage,heat_storage,geothermal_boreholes,demand_electricity,demand_space_heating,demand_space_cooling,demand_hot_water
0,94692.81424955762,8104.940713828046,18.503671865846204,0.3560349501619784,0.0,273.13,0.0,5.0,5.0,44.58141433199381,0.0,0.0,38.21726271287488,4.835108868219948,12.755629326995422,23.166559999999997,8.816329638241687,0.0,0.0,28.958199999999998,5.923739999999998,51.25772000000001,23.16656,5.084333333333333
1,28935.492696395944,8536.819926402755,22.067934471621246,0.0,0.0,0.0,0.0,0.0,0.0,37.19188557693827,0.0,1.0,50.35008585830019,5.084333333333234,0.890937475033264,16.75639333333333,4.038131341735635,0.0,0.0,20.945491666666666,5.923739999999998,51.25772000000001,23.16656,5.084333333333333
2,27016.802668620265,8968.699138977365,22.143534677610916,0.0,0.0,0.0,0.0,0.0,0.0,23.29810750594065,0.0,1.0,50.35732466695528,5.084333333333333,0.8836986663780609,16.210833333333333,0.03308677878392411,0.0,0.0,20.263541666666665,5.923739999999998,51.25772000000001,23.16656,5.084333333333333
3,25920.989466348692,9400.5783515521,22.20947793337414,0.0,0.0,0.0,0.0,0.0,0.0,11.16202818951893,0.0,1.0,50.362812629784976,5.084333333333333,0.8782107035483646,15.755499999999998,0.0,0.0,0.0,19.694374999999997,5.923739999999998,51.25772000000001,23.16656,5.084333333333333
4,25001.819553053294,9832.457564126731,23.0,0.3560349501619784,0.0,0.0,0.0,0.0,0.0,0.0,0.0,1.0,50.40147642944954,5.084333333333333,0.8395469038838005,13.273666666666665,0.0,0.0,0.0,16.59208333333333,5.923739999999998,51.25772000000001,23.16656,5.084333333333333
