,cost,emission,grid,wood_supply,DHDC_small_heat,DHDC_medium_heat,DHDC_large_heat,wood_boiler_heat,wood_boiler_DHW,PV,SCFP,DHW_to_heat,ASHP,ASHP_DHW,GSHP_heat,GSHP_cooling,battery,DHW_storage,heat_storage,geothermal_boreholes,demand_electricity,demand_space_heating,demand_space_cooling,demand_hot_water
0,25475.04844321362,1365.7635462597377,3.4922320342306428,0.23919969216160544,,,,0.0,5.0,11.199912046172978,0.0,0.0,6.229733333333333,1.3665602154868761,,,2.3531971324360237,0.0,0.0,,1.5730799999999991,6.229733333333333,3.9623333333333335,1.534
1,5117.138974077478,1472.8186638777352,3.575122538272874,0.0,,,,0.0,0.0,8.816341831381653,0.0,1.0,6.214203333333332,1.534,,,0.6091315938082982,0.0,0.0,,1.5730799999999991,6.229733333333333,3.9623333333333335,1.534
2,4723.722860353786,1579.873781495735,3.5932176034394225,0.0,,,,0.0,0.0,5.529912561082493,0.0,1.0,6.214203333333332,1.534,,,0.0,0.0,0.0,,1.5730799999999991,6.229733333333333,3.9623333333333335,1.534
3,4493.888765087639,1686.9288991137332,3.6086310279137006,0.0,,,,0.0,0.0,2.7305233971543252,0.0,1.0,6.214203333333332,1.534,,,0.0,0.0,0.0,,1.5730799999999991,6.229733333333333,3.9623333333333335,1.534
4,4277.322062947329,1793.9840167317293,4.0,0.23919969216160544,,,,0.0,0.0,0.0,0.0,1.0,6.214203333333332,1.534,,,0.0,0.0,0.0,,1.5730799999999991,6.229733333333333,3.9623333333333335,1.534
