,cost,emission,grid,wood_supply,DHDC_small_heat,DHDC_medium_heat,DHDC_large_heat,wood_boiler_heat,wood_boiler_DHW,PV,SCFP,DHW_to_heat,ASHP,ASHP_DHW,GSHP_heat,GSHP_cooling,battery,DHW_storage,heat_storage,geothermal_boreholes,demand_electricity,demand_space_heating,demand_space_cooling,demand_hot_water
0,29329.732686327432,2371.7572014103675,7.197635813328071,0.25529625906565795,,,,0.0,5.0,15.798931161616553,0.0,0.0,17.271666666666665,1.2431259519873727,,,3.6500447422274833,0.0,0.0,,1.8338333333333334,17.271666666666665,4.7945199999999994,1.4218333333333335
1,8996.11510654678,2513.5541483123893,7.312967699211461,0.0,,,,0.0,0.0,12.324338131995207,0.0,1.0,17.2355,1.4218333333333333,,,1.608669703726478,0.0,0.0,,1.8338333333333334,17.271666666666665,4.7945199999999994,1.4218333333333335
2,8349.476072020076,2655.351095214423,7.363847174775435,0.0,,,,0.0,0.0,7.686791985989252,0.0,1.0,17.2355,1.4218333333333333,,,0.3980898203235578,0.0,0.0,,1.8338333333333334,17.271666666666665,4.7945199999999994,1.4218333333333335
3,7934.946594704885,2797.148042116443,7.408513040016108,0.0,,,,0.0,0.0,3.6156020040002024,0.0,1.0,17.2355,1.4218333333333333,,,0.0,0.0,0.0,,1.8338333333333334,17.271666666666665,4.7945199999999994,1.4218333333333335
4,7648.299132778457,2938.9449890184815,8.0,0.25529625906565795,,,,0.0,0.0,0.0,0.0,1.0,17.2355,1.4218333333333333,,,0.0,0.0,0.0,,1.8338333333333334,17.271666666666665,4.7945199999999994,1.4218333333333335
