,cost,emission,grid,wood_supply,DHDC_small_heat,DHDC_medium_heat,DHDC_large_heat,wood_boiler_heat,wood_boiler_DHW,PV,SCFP,DHW_to_heat,ASHP,ASHP_DHW,GSHP_heat,GSHP_cooling,battery,DHW_storage,heat_storage,geothermal_boreholes,demand_electricity,demand_space_heating,demand_space_cooling,demand_hot_water
0,38921.37064062766,3368.1040331366266,7.822179980192183,0.2832231497942992,20.0,0.0,0.0,5.0,5.0,23.778042798371178,0.0,0.0,16.250656861400387,2.28224379514399,4.909324618763984,8.9188,6.319703974245558,0.0,0.0,11.148499999999999,2.521293333333333,21.38655999999999,8.9188,2.4804999999999997
1,13033.968046693295,3599.4952469723803,9.454903157727244,0.0,0.0,0.0,0.0,0.0,0.0,19.81586541896564,0.0,1.0,21.04109300803718,2.480499999999968,0.32313365862950716,6.409166666666666,2.828579954623451,0.0,0.0,8.011458333333332,2.521293333333333,21.38655999999999,8.9188,2.4804999999999997
2,11973.271271198195,3830.8864608080994,9.498289953119725,0.0,0.0,0.0,0.0,0.0,0.0,12.365295535601188,0.0,1.0,21.046168141597295,2.4804999999999997,0.31805852506936055,6.407799999999999,0.8700795467452155,0.0,0.0,8.009749999999999,2.521293333333333,21.38655999999999,8.9188,2.4804999999999997
3,11272.267234350351,4062.2776746438512,9.536847141955764,0.0,0.0,0.0,0.0,0.0,0.0,5.708201193254499,0.0,1.0,21.048822032685255,2.4804999999999997,0.3154046339814019,6.302,0.0,0.0,0.0,7.8774999999999995,2.521293333333333,21.38655999999999,8.9188,2.4804999999999997
4,10833.531162894025,4293.668888479577,10.0,0.2832231497942992,0.0,0.0,0.0,0.0,0.0,0.0,0.0,1.0,21.065057082770448,2.4804999999999997,0.2991695838962056,5.128,0.0,0.0,0.0,6.41,2.521293333333333,21.38655999999999,8.9188,2.4804999999999997
