,cost,emission,grid,wood_supply,DHDC_small_heat,DHDC_medium_heat,DHDC_large_heat,wood_boiler_heat,wood_boiler_DHW,PV,SCFP,DHW_to_heat,ASHP,ASHP_DHW,GSHP_heat,GSHP_cooling,battery,DHW_storage,heat_storage,geothermal_boreholes,demand_electricity,demand_space_heating,demand_space_cooling,demand_hot_water
0,41854.247528436856,5890.003278850227,17.849278063181167,0.31955140242646496,,,,0.0,5.0,34.15754355041855,0.0,0.0,41.622899999999994,3.735480684968141,,,7.845980270152161,0.0,0.0,,5.184333333333334,41.622899999999994,13.128440000000007,3.9591666666666665
1,21241.323344710003,6217.8805871440345,17.990075933380613,0.0,,,,0.0,0.0,26.02883759612766,0.0,1.0,41.60923333333333,3.9591666666666665,,,2.8801291786633887,0.0,0.0,,5.184333333333334,41.622899999999994,13.128440000000007,3.9591666666666665
2,19968.81980045374,6545.757895437848,18.04706801653655,0.0,,,,0.0,0.0,16.29528978398785,0.0,1.0,41.60923333333333,3.9591666666666665,,,0.0,0.0,0.0,,5.184333333333334,41.622899999999994,13.128440000000007,3.9591666666666665
3,19285.6188428563,6873.6352037316565,18.096639439419985,0.0,,,,0.0,0.0,7.82909960400237,0.0,1.0,41.60923333333333,3.9591666666666665,,,0.0,0.0,0.0,,5.184333333333334,41.622899999999994,13.128440000000007,3.9591666666666665
4,18725.170177286353,7201.512512025477,19.0,0.31955140242646496,,,,0.0,0.0,0.0,0.0,1.0,41.60923333333333,3.9591666666666665,,,0.0,0.0,0.0,,5.184333333333334,41.622899999999994,13.128440000000007,3.9591666666666665
