,cost,emission,grid,wood_supply,DHDC_small_heat,DHDC_medium_heat,DHDC_large_heat,wood_boiler_heat,wood_boiler_DHW,PV,SCFP,DHW_to_heat,ASHP,ASHP_DHW,GSHP_heat,GSHP_cooling,battery,DHW_storage,heat_storage,geothermal_boreholes,demand_electricity,demand_space_heating,demand_space_cooling,demand_hot_water
0,41045.794088940806,4505.8149168787795,10.608899148401308,0.2691281934950713,20.0,0.0,0.0,5.0,5.0,19.750912427163218,0.0,0.0,27.316697445203932,2.680443597886783,,,3.7226485008805072,0.0,0.0,,3.164666666666667,27.531999999999993,11.803166666666668,2.8688333333333333
1,15175.304078737037,4716.602256645446,11.900603966734362,0.0,0.0,0.0,0.0,0.0,0.0,17.092822922528303,0.0,1.0,27.52096999999999,2.8688333333333333,,,1.690026380527517,0.0,0.0,,3.164666666666667,27.531999999999993,11.803166666666668,2.8688333333333333
2,14371.3061073167,4927.3895964121,11.973907376019419,0.0,0.0,0.0,0.0,0.0,0.0,10.658115289632153,0.0,1.0,27.52096999999999,2.8688333333333333,,,0.0,0.0,0.0,,3.164666666666667,27.531999999999993,11.803166666666668,2.8688333333333333
3,13936.7359590437,5138.176936178763,12.035636034639467,0.0,0.0,0.0,0.0,0.0,0.0,5.239460486739496,0.0,1.0,27.52096999999999,2.8688333333333333,,,0.0,0.0,0.0,,3.164666666666667,27.531999999999993,11.803166666666668,2.8688333333333333
4,13536.68988507616,5348.964275945413,13.0,0.2691281934950713,0.0,0.0,0.0,0.0,0.0,0.0,0.0,1.0,27.52096999999999,2.8688333333333333,,,0.0,0.0,0.0,,3.164666666666667,27.531999999999993,11.803166666666668,2.8688333333333333
