,cost,emission,grid,wood_supply,DHDC_small_heat,DHDC_medium_heat,DHDC_large_heat,wood_boiler_heat,wood_boiler_DHW,PV,SCFP,DHW_to_heat,ASHP,ASHP_DHW,GSHP_heat,GSHP_cooling,battery,DHW_storage,heat_storage,geothermal_boreholes,demand_electricity,demand_space_heating,demand_space_cooling,demand_hot_water
0,36227.55279840787,2781.8268926102633,7.646329757473748,0.25473424280676804,20.0,0.0,0.0,5.0,5.0,15.638355087647998,0.0,0.0,19.80652593908792,1.8161860300352624,,,3.2877419319297507,0.0,0.0,,2.1796666666666664,20.010313333333333,5.966800000000003,1.9945000000000002
1,10325.57762108103,2942.0258725164904,8.560292932793729,0.0,0.0,0.0,0.0,0.0,0.0,13.391457128014782,0.0,1.0,19.985616666666665,1.9945,,,1.6677468082551397,0.0,0.0,,2.1796666666666664,20.010313333333333,5.966800000000003,1.9945000000000002
2,9640.397814061367,3102.224852422714,8.616375655685001,0.0,0.0,0.0,0.0,0.0,0.0,8.379791214552649,0.0,1.0,19.985616666666665,1.9945,,,0.1767873648279066,0.0,0.0,,2.1796666666666664,20.010313333333333,5.966800000000003,1.9945000000000002
3,9245.488807544396,3262.4238323289437,8.665163807739319,0.0,0.0,0.0,0.0,0.0,0.0,4.019982952292261,0.0,1.0,19.985616666666665,1.9945,,,0.0,0.0,0.0,,2.1796666666666664,20.010313333333333,5.966800000000003,1.9945000000000002
4,8934.135985255412,3422.6228122351677,9.0,0.25473424280676804,0.0,0.0,0.0,0.0,0.0,0.0,0.0,1.0,19.985616666666665,1.9945,,,0.0,0.0,0.0,,2.1796666666666664,20.010313333333333,5.966800000000003,1.9945000000000002
