,cost,emission,grid,wood_supply,DHDC_small_heat,DHDC_medium_heat,DHDC_large_heat,wood_boiler_heat,wood_boiler_DHW,PV,SCFP,DHW_to_heat,ASHP,ASHP_DHW,GSHP_heat,GSHP_cooling,battery,DHW_storage,heat_storage,geothermal_boreholes,demand_electricity,demand_space_heating,demand_space_cooling,demand_hot_water
0,57935.74529627776,9052.808522092924,24.863598168346165,0.35746520203518534,20.0,0.0,0.0,5.0,4.999999999999999,44.990057724338676,0.0,0.0,62.86982783837185,5.715881025242036,,,7.683441239482484,0.0,0.0,,7.893333333333334,63.1558,20.7855,5.972333333333332
1,32050.225586056273,9499.27757517192,27.49444280452889,0.0,0.0,0.0,0.0,0.0,0.0,38.22665544756546,0.0,1.0,63.15340666666666,5.972333333333332,,,3.091847917248016,0.0,0.0,,7.893333333333334,63.1558,20.7855,5.972333333333332
2,30255.176100794084,9945.746628250916,27.645646940679498,0.0,0.0,0.0,0.0,0.0,0.0,23.854790348464377,0.0,1.0,63.15340666666666,5.972333333333332,,,0.0,0.0,0.0,,7.893333333333334,63.1558,20.7855,5.972333333333332
3,29228.240597173506,10392.215681329892,27.77221100747969,0.0,0.0,0.0,0.0,0.0,0.0,11.824949493884494,0.0,1.0,63.15340666666666,5.972333333333332,,,0.0,0.0,0.0,,7.893333333333334,63.1558,20.7855,5.972333333333332
4,28240.782579564708,10838.684734408904,28.0,0.35746520203518534,0.0,0.0,0.0,0.0,0.0,0.0,0.0,1.0,63.15340666666666,5.972333333333332,,,0.0,0.0,0.0,,7.893333333333334,63.1558,20.7855,5.972333333333332
