,cost,emission,grid,wood_supply,DHDC_small_heat,DHDC_medium_heat,DHDC_large_heat,wood_boiler_heat,wood_boiler_DHW,PV,SCFP,DHW_to_heat,ASHP,ASHP_DHW,GSHP_heat,GSHP_cooling,battery,DHW_storage,heat_storage,geothermal_boreholes,demand_electricity,demand_space_heating,demand_space_cooling,demand_hot_water
0,58513.97986843551,9163.351430069304,23.059800156612802,0.3806869127019351,20.0,0.0,0.0,5.0,5.0,51.62483220055287,0.0,0.0,57.0610671365051,6.421655827775312,0.0,0.0,10.163380905093618,0.0,0.0,0.0,7.4722800000000005,57.365616666666654,0.0,6.705469999999999
1,32717.831437958033,9701.25412232868,26.00485208416213,0.0,0.0,0.0,0.0,0.0,0.0,42.80451437299698,0.0,1.0,57.3654500000001,6.7054699999998775,0.0,0.0,4.511179475072954,0.0,0.0,0.0,7.4722800000000005,57.365616666666654,0.0,6.705469999999999
2,30626.900012568574,10239.156814588096,26.09900552447239,0.0,0.0,0.0,0.0,0.0,0.0,26.6023291825908,0.0,1.0,57.36544999999999,6.705469999999999,0.0,0.0,0.0,0.0,0.0,0.0,7.4722800000000005,57.365616666666654,0.0,6.705469999999999
3,29572.193787788496,10777.059506847494,26.177724094931875,0.0,0.0,0.0,0.0,0.0,0.0,13.056219212462613,0.0,1.0,57.36544999999999,6.705469999999999,0.0,0.0,0.0,0.0,0.0,0.0,7.4722800000000005,57.365616666666654,0.0,6.705469999999999
4,28611.8772881744,11314.96219910691,27.0,0.3806869127019351,0.0,0.0,0.0,0.0,0.0,0.0,0.0,1.0,57.36544999999999,6.705469999999999,0.0,0.0,0.0,0.0,0.0,0.0,7.4722800000000005,57.365616666666654,0.0,6.705469999999999
