,cost,emission,grid,wood_supply,DHDC_small_heat,DHDC_medium_heat,DHDC_large_heat,wood_boiler_heat,wood_boiler_DHW,PV,SCFP,DHW_to_heat,ASHP,ASHP_DHW,GSHP_heat,GSHP_cooling,battery,DHW_storage,heat_storage,geothermal_boreholes,demand_electricity,demand_space_heating,demand_space_cooling,demand_hot_water
0,52472.35806987925,6189.513969101556,31.546114645084508,0.35257008093310527,20.0,0.0,0.0,5.0,5.0,43.591451695172935,0.0,0.0,67.05804393525355,2.7309742766801595,,,11.129680162494378,0.0,0.0,,13.750486666666665,67.34010000000005,28.71295333333333,3.0147666666666666
1,26313.2811288099,6604.689838871003,32.734230555555555,0.0,0.0,0.0,0.0,0.0,0.0,36.31013307456211,0.0,1.0,66.42283333333337,3.0147666666666666,,,2.489497579074085,0.0,0.0,,13.750486666666665,67.34010000000005,28.71295333333333,3.0147666666666666
2,24732.919064699512,7019.865708640451,32.734230555555555,0.0,0.0,0.0,0.0,0.0,0.0,23.52806829033284,0.0,1.0,66.42283333333337,3.0147666666666666,,,0.5994558331533917,0.0,0.0,,13.750486666666665,67.34010000000005,28.71295333333333,3.0147666666666666
3,23365.2870308981,7435.041578409901,32.734230555555555,0.0,0.0,0.0,0.0,0.0,0.0,10.532163958660732,0.0,1.0,66.42283333333337,3.0147666666666666,,,0.0,0.0,0.0,,13.750486666666665,67.34010000000005,28.71295333333333,3.0147666666666666
4,22536.43869796472,7850.217448179339,33.0,0.35257008093310527,0.0,0.0,0.0,0.0,0.0,0.0,0.0,1.0,66.42283333333337,3.0147666666666666,,,0.0,0.0,0.0,,13.750486666666665,67.34010000000005,28.71295333333333,3.0147666666666666
