,cost,emission,grid,wood_supply,DHDC_small_heat,DHDC_medium_heat,DHDC_large_heat,wood_boiler_heat,wood_boiler_DHW,PV,SCFP,DHW_to_heat,ASHP,ASHP_DHW,GSHP_heat,GSHP_cooling,battery,DHW_storage,heat_storage,geothermal_boreholes,demand_electricity,demand_space_heating,demand_space_cooling,demand_hot_water
0,25844.51497658333,1608.0714178507865,4.2097000750842035,0.2294568854255848,,,,0.0,4.999999999999999,8.416252978738518,0.0,0.0,10.289639999999997,0.6658801802020905,,,2.1416888138046843,0.0,0.0,,0.9623333333333332,10.289639999999997,3.8454466666666662,0.8264999999999999
1,5638.144696861186,1689.1291038498102,4.276624999999999,0.0,,,,0.0,0.0,6.810854490837987,0.0,1.0,10.254639999999997,0.8264999999999999,,,1.002869071110183,0.0,0.0,,0.9623333333333332,10.289639999999997,3.8454466666666662,0.8264999999999999
2,5284.06383653917,1770.1867898488354,4.306082320589773,0.0,,,,0.0,0.0,4.245631835049761,0.0,1.0,10.254639999999997,0.8264999999999999,,,0.3353704074687416,0.0,0.0,,0.9623333333333332,10.289639999999997,3.8454466666666662,0.8264999999999999
3,5047.6000578622225,1851.244475847858,4.348178577057179,0.0,,,,0.0,0.0,1.9764276764010253,0.0,1.0,10.254639999999997,0.8264999999999999,,,0.0,0.0,0.0,,0.9623333333333332,10.289639999999997,3.8454466666666662,0.8264999999999999
4,4901.159767640426,1932.3021618468852,5.0,0.2294568854255848,,,,0.0,0.0,0.0,0.0,1.0,10.254639999999997,0.8264999999999999,,,0.0,0.0,0.0,,0.9623333333333332,10.289639999999997,3.8454466666666662,0.8264999999999999
