,cost,emission,grid,wood_supply,DHDC_small_heat,DHDC_medium_heat,DHDC_large_heat,wood_boiler_heat,wood_boiler_DHW,PV,SCFP,DHW_to_heat,ASHP,ASHP_DHW,GSHP_heat,GSHP_cooling,battery,DHW_storage,heat_storage,geothermal_boreholes,demand_electricity,demand_space_heating,demand_space_cooling,demand_hot_water
0,82724.63310282395,4342.50158091428,10.584189365687013,0.31379441723805934,0.0,273.13,0.0,4.999999999999999,5.0,32.512690639445516,0.0,0.0,20.265975358764024,2.5663439079333585,7.5847891074455065,12.171666666666667,7.678453927249987,0.0,0.0,15.214583333333332,4.202333333333334,28.1018,12.171666666666667,2.808666666666667
1,16924.83589490313,4665.560622402683,12.683753274298407,0.0,0.0,0.0,0.0,0.0,0.0,26.27945855137643,0.0,1.0,27.51268193535593,2.808666666666795,0.5816180646439416,9.834113333333331,3.6225239293968556,0.0,0.0,12.292641666666665,4.202333333333334,28.1018,12.171666666666667,2.808666666666667
2,15551.706764772138,4988.619663891093,12.80211357630494,0.0,0.0,0.0,0.0,0.0,0.0,16.343784416073294,0.0,1.0,27.528210219342007,2.808666666666795,0.5660897806578624,9.285166666666667,0.7867292765875329,0.0,0.0,11.606458333333332,4.202333333333334,28.1018,12.171666666666667,2.808666666666667
3,14744.861187519493,5311.678705377679,12.903560618198966,0.0,0.0,0.0,0.0,0.0,0.0,7.728714320182379,0.0,1.0,27.53104236959762,2.8086666666666664,0.5632576304023822,9.023446666666667,0.0,0.0,0.0,11.279308333333333,4.202333333333334,28.1018,12.171666666666667,2.808666666666667
4,14180.840830876952,5634.737746867895,14.0,0.31379441723805934,0.0,0.0,0.0,0.0,0.0,0.0,0.0,1.0,27.555605346318742,2.8086666666666664,0.5386946536812631,7.730666666666666,0.0,0.0,0.0,9.663333333333334,4.202333333333334,28.1018,12.171666666666667,2.808666666666667
