,cost,emission,grid,wood_supply,DHDC_small_heat,DHDC_medium_heat,DHDC_large_heat,wood_boiler_heat,wood_boiler_DHW,PV,SCFP,DHW_to_heat,ASHP,ASHP_DHW,GSHP_heat,GSHP_cooling,battery,DHW_storage,heat_storage,geothermal_boreholes,demand_electricity,demand_space_heating,demand_space_cooling,demand_hot_water
0,45782.787612228814,6661.351069284418,20.56779008819332,0.35644160238478995,,,,0.0,5.0,44.697600681368534,0.0,0.0,47.10945333333332,4.664324211663981,,,8.822170467362229,0.0,0.0,,5.893999999999999,47.10945333333333,18.182476666666666,4.913833333333334
1,24846.979747857178,7065.853629886123,20.734078834775552,0.0,,,,0.0,0.0,33.6279978744889,0.0,1.0,47.10928666666666,4.913833333333334,,,3.379819877889968,0.0,0.0,,5.893999999999999,47.10945333333333,18.182476666666666,4.913833333333334
2,23195.088606607613,7470.3561904878325,20.805191957333175,0.0,,,,0.0,0.0,20.99785500580319,0.0,1.0,47.10928666666666,4.913833333333334,,,0.0,0.0,0.0,,5.893999999999999,47.10945333333333,18.182476666666666,4.913833333333334
3,22297.563785478094,7874.858751089538,20.927615265657064,0.0,,,,0.0,0.0,10.269432945552403,0.0,1.0,47.10928666666666,4.913833333333334,,,0.0,0.0,0.0,,5.893999999999999,47.10945333333333,18.182476666666666,4.913833333333334
4,21488.47398219575,8279.361311691233,22.0,0.35644160238478995,,,,0.0,0.0,0.0,0.0,1.0,47.10928666666666,4.913833333333334,,,0.0,0.0,0.0,,5.893999999999999,47.10945333333333,18.182476666666666,4.913833333333334
