,cost,emission,grid,wood_supply,DHDC_small_heat,DHDC_medium_heat,DHDC_large_heat,wood_boiler_heat,wood_boiler_DHW,PV,SCFP,DHW_to_heat,ASHP,ASHP_DHW,GSHP_heat,GSHP_cooling,battery,DHW_storage,heat_storage,geothermal_boreholes,demand_electricity,demand_space_heating,demand_space_cooling,demand_hot_water
0,33784.93978633384,2168.489347958805,5.120972686167375,0.2424774268723437,20.0,0.0,0.0,5.0,5.0,12.136407677812485,0.0,0.0,13.18641805850213,1.2570991345226927,0.0,0.0,2.260958693948878,0.0,0.0,0.0,1.3074999999999999,13.380400000000003,0.0,1.4268333333333334
1,7829.896455857435,2279.107995652624,5.774534623118993,0.0,0.0,0.0,0.0,0.0,0.0,10.580178905567406,0.0,1.0,13.342340000000004,1.4268333333333332,0.0,0.0,1.1609783936182563,0.0,0.0,0.0,1.3074999999999999,13.380400000000003,0.0,1.4268333333333334
2,7249.10989917443,2389.726643346445,5.7949347603299595,0.0,0.0,0.0,0.0,0.0,0.0,6.565297037314327,0.0,1.0,13.342340000000004,1.4268333333333332,0.0,0.0,0.22978481292062683,0.0,0.0,0.0,1.3074999999999999,13.380400000000003,0.0,1.4268333333333334
3,6885.805257679724,2500.3452910402666,5.812338694111095,0.0,0.0,0.0,0.0,0.0,0.0,3.140087811927586,0.0,1.0,13.342340000000004,1.4268333333333332,0.0,0.0,0.0,0.0,0.0,0.0,1.3074999999999999,13.380400000000003,0.0,1.4268333333333334
4,6600.627757445092,2610.9639387340935,6.0,0.2424774268723437,0.0,0.0,0.0,0.0,0.0,0.0,0.0,1.0,13.342340000000004,1.4268333333333332,0.0,0.0,0.0,0.0,0.0,0.0,1.3074999999999999,13.380400000000003,0.0,1.4268333333333334
