,cost,emission,grid,wood_supply,DHDC_small_heat,DHDC_medium_heat,DHDC_large_heat,wood_boiler_heat,wood_boiler_DHW,PV,SCFP,DHW_to_heat,ASHP,ASHP_DHW,GSHP_heat,GSHP_cooling,battery,DHW_storage,heat_storage,geothermal_boreholes,demand_electricity,demand_space_heating,demand_space_cooling,demand_hot_water
0,59382.9228294429,9415.343809365308,23.633944701823268,0.38495736816272247,20.0,0.0,0.0,5.0,5.0,52.84496233220642,0.0,0.0,58.15950077213649,6.697196508952759,0.0,0.0,9.868862565714126,0.0,0.0,0.0,7.615333333333335,58.46746666666667,0.0,6.986999999999999
1,33556.52839742066,9953.901574567499,26.6952101190939,0.0,0.0,0.0,0.0,0.0,0.0,44.08684820564165,0.0,1.0,58.46696666666658,6.98700000000008,0.0,0.0,4.240724004851327,0.0,0.0,0.0,7.615333333333335,58.46746666666667,0.0,6.986999999999999
2,31409.800379061966,10492.459339769668,26.789547575600682,0.0,0.0,0.0,0.0,0.0,0.0,27.376481717539843,0.0,1.0,58.466966666666664,6.986999999999999,0.0,0.0,0.0,0.0,0.0,0.0,7.615333333333335,58.46746666666667,0.0,6.986999999999999
3,30292.2251095999,11031.017104971846,26.937014485523825,0.0,0.0,0.0,0.0,0.0,0.0,13.494257636892549,0.0,1.0,58.466966666666664,6.986999999999999,0.0,0.0,0.0,0.0,0.0,0.0,7.615333333333335,58.46746666666667,0.0,6.986999999999999
4,29249.400107308666,11569.574870174034,28.0,0.38495736816272247,0.0,0.0,0.0,0.0,0.0,0.0,0.0,1.0,58.466966666666664,6.986999999999999,0.0,0.0,0.0,0.0,0.0,0.0,7.615333333333335,58.46746666666667,0.0,6.986999999999999
