,cost,emission,grid,wood_supply,DHDC_small_heat,DHDC_medium_heat,DHDC_large_heat,wood_boiler_heat,wood_boiler_DHW,PV,SCFP,DHW_to_heat,ASHP,ASHP_DHW,GSHP_heat,GSHP_cooling,battery,DHW_storage,heat_storage,geothermal_boreholes,demand_electricity,demand_space_heating,demand_space_cooling,demand_hot_water
0,25535.755034582922,1459.2042000414538,4.500958941587609,0.22701124789010227,,,,0.0,5.0,7.71749939717207,0.0,0.0,10.994699999999998,0.6350921264769284,,,1.8445310584123908,0.0,0.0,,1.0106666666666668,10.9947,2.5304800000000003,0.794
1,5323.088621025237,1530.3637958153831,4.582124065159999,0.0,,,,0.0,0.0,6.332654980877265,0.0,1.0,10.965366666666664,0.794,,,0.8414747725415892,0.0,0.0,,1.0106666666666668,10.9947,2.5304800000000003,0.794
2,4992.632768750177,1601.5233915893118,4.607612146794748,0.0,,,,0.0,0.0,3.972203925062194,0.0,1.0,10.965366666666664,0.794,,,0.2634050810654581,0.0,0.0,,1.0106666666666668,10.9947,2.5304800000000003,0.794
3,4763.105947238928,1672.682987363241,4.630517359000308,0.0,,,,0.0,0.0,1.8509523884000896,0.0,1.0,10.965366666666664,0.794,,,0.0,0.0,0.0,,1.0106666666666668,10.9947,2.5304800000000003,0.794
4,4612.222286455515,1743.8425831371735,5.0,0.22701124789010227,,,,0.0,0.0,0.0,0.0,1.0,10.965366666666664,0.794,,,0.0,0.0,0.0,,1.0106666666666668,10.9947,2.5304800000000003,0.794
