,cost,emission,grid,wood_supply,DHDC_small_heat,DHDC_medium_heat,DHDC_large_heat,wood_boiler_heat,wood_boiler_DHW,PV,SCFP,DHW_to_heat,ASHP,ASHP_DHW,GSHP_heat,GSHP_cooling,battery,DHW_storage,heat_storage,geothermal_boreholes,demand_electricity,demand_space_heating,demand_space_cooling,demand_hot_water
0,43572.97658467759,5054.545046215258,14.659026098416918,0.27610213093654423,20.0,0.0,0.0,5.0,5.0,21.74346598186977,0.0,0.0,37.88707829525076,2.8846985083444183,,,4.108279788189827,0.0,0.0,,4.090166666666666,38.10796,10.559599999999977,3.0866666666666673
1,17710.9540160327,5284.722255932195,16.031109488994275,0.0,0.0,0.0,0.0,0.0,0.0,18.732330891709086,0.0,1.0,38.09909666666666,3.086666666666667,,,1.8502893018894877,0.0,0.0,,4.090166666666666,38.10796,10.559599999999977,3.0866666666666673
2,16822.047423687865,5514.899465649144,16.071023000713776,0.0,0.0,0.0,0.0,0.0,0.0,11.695643721790846,0.0,1.0,38.09909666666666,3.086666666666667,,,0.0,0.0,0.0,,4.090166666666666,38.10796,10.559599999999977,3.0866666666666673
3,16342.927591197917,5745.076675366097,16.104720685152053,0.0,0.0,0.0,0.0,0.0,0.0,5.754796787319471,0.0,1.0,38.09909666666666,3.086666666666667,,,0.0,0.0,0.0,,4.090166666666666,38.10796,10.559599999999977,3.0866666666666673
4,15899.652924616976,5975.253885083055,17.0,0.27610213093654423,0.0,0.0,0.0,0.0,0.0,0.0,0.0,1.0,38.09909666666666,3.086666666666667,,,0.0,0.0,0.0,,4.090166666666666,38.10796,10.559599999999977,3.0866666666666673
