,cost,emission,grid,wood_supply,DHDC_small_heat,DHDC_medium_heat,DHDC_large_heat,wood_boiler_heat,wood_boiler_DHW,PV,SCFP,DHW_to_heat,ASHP,ASHP_DHW,GSHP_heat,GSHP_cooling,battery,DHW_storage,heat_storage,geothermal_boreholes,demand_electricity,demand_space_heating,demand_space_cooling,demand_hot_water
0,79690.14677806127,4079.9381870086904,10.036641850720422,0.266343059798416,0.0,273.13,0.0,5.0,5.0,18.955159942404563,0.0,0.0,25.235425552161267,2.5195298581411087,0.0,0.0,3.511433392441204,0.0,0.0,0.0,2.8369999999999997,25.4485,0.0,2.7183333333333337
1,13984.175645907533,4279.105588376442,11.247002633053139,0.0,0.0,0.0,0.0,0.0,0.0,16.279941264186053,0.0,1.0,25.42613666666675,2.7183333333332484,0.0,0.0,1.6740098338326956,0.0,0.0,0.0,2.8369999999999997,25.4485,0.0,2.7183333333333337
2,13189.784828800557,4478.272989744202,11.281571765581058,0.0,0.0,0.0,0.0,0.0,0.0,10.136846550402149,0.0,1.0,25.42613666666675,2.7183333333332484,0.0,0.0,0.0,0.0,0.0,0.0,2.8369999999999997,25.4485,0.0,2.7183333333333337
3,12772.022416544542,4677.440391111965,11.310592083857841,0.0,0.0,0.0,0.0,0.0,0.0,4.979801789312776,0.0,1.0,25.426136666666665,2.7183333333333337,0.0,0.0,0.0,0.0,0.0,0.0,2.8369999999999997,25.4485,0.0,2.7183333333333337
4,12388.408798802851,4876.607792479726,12.0,0.266343059798416,0.0,0.0,0.0,0.0,0.0,0.0,0.0,1.0,25.426136666666665,2.7183333333333337,0.0,0.0,0.0,0.0,0.0,0.0,2.8369999999999997,25.4485,0.0,2.7183333333333337
