,cost,emission,grid,wood_supply,DHDC_small_heat,DHDC_medium_heat,DHDC_large_heat,wood_boiler_heat,wood_boiler_DHW,PV,SCFP,DHW_to_heat,ASHP,ASHP_DHW,GSHP_heat,GSHP_cooling,battery,DHW_storage,heat_storage,geothermal_boreholes,demand_electricity,demand_space_heating,demand_space_cooling,demand_hot_water
0,34579.96270811521,2217.447002525133,4.07399387780676,0.2669646248913158,20.0,0.0,0.0,5.0,5.0,19.132749968947365,0.0,0.0,8.88300830008695,2.394958095909412,,,3.9777813489266345,0.0,0.0,,2.5308333333333333,9.096580000000003,6.539499999999999,2.6493333333333333
1,8646.37435815781,2414.535520252831,5.275863968914446,0.0,0.0,0.0,0.0,0.0,0.0,16.34016488773533,0.0,1.0,9.080216666666669,2.649333333333333,,,1.4852602425902977,0.0,0.0,,2.5308333333333333,9.096580000000003,6.539499999999999,2.6493333333333333
2,7856.619474804366,2611.6240379805267,5.358834085051619,0.0,0.0,0.0,0.0,0.0,0.0,10.195210744714522,0.0,1.0,9.080216666666669,2.649333333333333,,,0.0,0.0,0.0,,2.5308333333333333,9.096580000000003,6.539499999999999,2.6493333333333333
3,7422.390740024152,2808.712555708223,5.515720157404534,0.0,0.0,0.0,0.0,0.0,0.0,4.983906944617769,0.0,1.0,9.080216666666669,2.649333333333333,,,0.0,0.0,0.0,,2.5308333333333333,9.096580000000003,6.539499999999999,2.6493333333333333
4,7031.975495588171,3005.801073435921,6.0,0.2669646248913158,0.0,0.0,0.0,0.0,0.0,0.0,0.0,1.0,9.080216666666669,2.649333333333333,,,0.0,0.0,0.0,,2.5308333333333333,9.096580000000003,6.539499999999999,2.6493333333333333
