,cost,emission,grid,wood_supply,DHDC_small_heat,DHDC_medium_heat,DHDC_large_heat,wood_boiler_heat,wood_boiler_DHW,PV,SCFP,DHW_to_heat,ASHP,ASHP_DHW,GSHP_heat,GSHP_cooling,battery,DHW_storage,heat_storage,geothermal_boreholes,demand_electricity,demand_space_heating,demand_space_cooling,demand_hot_water
0,28054.199661767758,2165.908081075215,6.20160608537625,0.2417362787099912,,,,0.0,5.0,11.924651059997487,0.0,0.0,14.857666666666667,1.2904512715696728,,,2.668200859068192,0.0,0.0,,1.6646666666666665,14.857666666666667,3.8845999999999994,1.459666666666667
1,7748.960741643044,2275.4780943556643,6.2857541285679845,0.0,,,,0.0,0.0,9.422010128253902,0.0,1.0,14.81747,1.4596666666666667,,,1.0777860816625635,0.0,0.0,,1.6646666666666665,14.857666666666667,3.8845999999999994,1.459666666666667
2,7266.581762426704,2385.0481076361157,6.304974659690407,0.0,,,,0.0,0.0,5.895885100212379,0.0,1.0,14.81747,1.4596666666666667,,,0.14180393429913196,0.0,0.0,,1.6646666666666665,14.857666666666667,3.8845999999999994,1.459666666666667
3,6975.189424328046,2494.618120916571,6.32177094151708,0.0,,,,0.0,0.0,2.8145035634668276,0.0,1.0,14.81747,1.4596666666666667,,,0.0,0.0,0.0,,1.6646666666666665,14.857666666666667,3.8845999999999994,1.459666666666667
4,6749.712432997287,2604.1881341970197,7.0,0.2417362787099912,,,,0.0,0.0,0.0,0.0,1.0,14.81747,1.4596666666666667,,,0.0,0.0,0.0,,1.6646666666666665,14.857666666666667,3.8845999999999994,1.459666666666667
