,cost,emission,grid,wood_supply,DHDC_small_heat,DHDC_medium_heat,DHDC_large_heat,wood_boiler_heat,wood_boiler_DHW,PV,SCFP,DHW_to_heat,ASHP,ASHP_DHW,GSHP_heat,GSHP_cooling,battery,DHW_storage,heat_storage,geothermal_boreholes,demand_electricity,demand_space_heating,demand_space_cooling,demand_hot_water
0,78666.12214388388,3351.222273987938,7.602595217804624,0.28264308615655,0.0,273.13,0.0,5.0,5.0,23.612310330442863,0.0,0.0,16.120585898092102,2.2801498396904147,4.924799632982659,9.022166666666667,6.105868122351215,0.0,0.0,11.277708333333333,2.4843333333333333,21.2715,9.022166666666667,2.4779999999999998
1,12957.72211160712,3581.393421222264,9.253712977131524,0.0,0.0,0.0,0.0,0.0,0.0,19.71859233656321,0.0,1.0,20.921339617929295,2.4779999999999998,0.3294937154040392,6.5699999999999985,2.6888147715792012,0.0,0.0,8.212499999999999,2.4843333333333333,21.2715,9.022166666666667,2.4779999999999998
2,11904.903924344995,3811.56456845876,9.35752917544685,0.0,0.0,0.0,0.0,0.0,0.0,12.29987517596498,0.0,1.0,20.927258285607685,2.4780000000000655,0.32357504772557927,6.4400966666666655,0.7862223570431404,0.0,0.0,8.050120833333331,2.4843333333333333,21.2715,9.022166666666667,2.4779999999999998
3,11215.148651710588,4041.735715696276,9.450109536887162,0.0,0.0,0.0,0.0,0.0,0.0,5.681569604305875,0.0,1.0,20.932223198299724,2.4779999999999998,0.31861013503360897,6.106,0.0,0.0,0.0,7.6325,2.4843333333333333,21.2715,9.022166666666667,2.4779999999999998
4,10779.23949565892,4271.906862929628,10.0,0.28264308615655,0.0,0.0,0.0,0.0,0.0,0.0,0.0,1.0,20.94604642453985,2.4779999999999998,0.30478690879348125,5.114333333333333,0.0,0.0,0.0,6.392916666666666,2.4843333333333333,21.2715,9.022166666666667,2.4779999999999998
