,cost,emission,grid,wood_supply,DHDC_small_heat,DHDC_medium_heat,DHDC_large_heat,wood_boiler_heat,wood_boiler_DHW,PV,SCFP,DHW_to_heat,ASHP,ASHP_DHW,GSHP_heat,GSHP_cooling,battery,DHW_storage,heat_storage,geothermal_boreholes,demand_electricity,demand_space_heating,demand_space_cooling,demand_hot_water
0,26347.359620347914,1671.1853788371056,4.576798676779388,0.2361873938992393,,,,0.0,5.0,10.339255399782656,0.0,0.0,10.769839999999999,0.7718354909371989,,,2.5775129898872775,0.0,0.0,,1.2001666666666668,10.76984,4.416653333333333,0.9371666666666666
1,6111.530646551813,1766.7833003707885,4.669145651237308,0.0,,,,0.0,0.0,8.230138591996383,0.0,1.0,10.745506666666666,0.9371666666666665,,,1.2250479648661465,0.0,0.0,,1.2001666666666668,10.76984,4.416653333333333,0.9371666666666666
2,5679.052336391152,1862.3812219044703,4.703381700054612,0.0,,,,0.0,0.0,5.152092917200427,0.0,1.0,10.745506666666666,0.9371666666666665,,,0.40257469941675217,0.0,0.0,,1.2001666666666668,10.76984,4.416653333333333,0.9371666666666666
3,5383.318393393231,1957.9791434381518,4.734070784220453,0.0,,,,0.0,0.0,2.392942663495648,0.0,1.0,10.745506666666666,0.9371666666666665,,,0.0,0.0,0.0,,1.2001666666666668,10.76984,4.416653333333333,0.9371666666666666
4,5198.668445120887,2053.5770649718384,5.0,0.2361873938992393,,,,0.0,0.0,0.0,0.0,1.0,10.745506666666666,0.9371666666666665,,,0.0,0.0,0.0,,1.2001666666666668,10.76984,4.416653333333333,0.9371666666666666
