,cost,emission,grid,wood_supply,DHDC_small_heat,DHDC_medium_heat,DHDC_large_heat,wood_boiler_heat,wood_boiler_DHW,PV,SCFP,DHW_to_heat,ASHP,ASHP_DHW,GSHP_heat,GSHP_cooling,battery,DHW_storage,heat_storage,geothermal_boreholes,demand_electricity,demand_space_heating,demand_space_cooling,demand_hot_water
0,29281.572614370354,2445.181117835617,7.507943727283918,0.24874245883608023,,,,0.0,5.0,13.926416810308641,0.0,0.0,18.246866666666666,1.3902136121480768,,,3.217355439382745,0.0,0.0,,1.7301666666666666,18.246866666666666,4.791600000000002,1.5643333333333331
1,8974.802340018505,2573.698544750659,7.5979563409090325,0.0,,,,0.0,0.0,10.89920752456289,0.0,1.0,18.22450333333333,1.5643333333333331,,,1.42406382831533,0.0,0.0,,1.7301666666666666,18.246866666666666,4.791600000000002,1.5643333333333331
2,8412.419580968879,2702.215971665704,7.626013789126704,0.0,,,,0.0,0.0,6.8562212093111174,0.0,1.0,18.22450333333333,1.5643333333333331,,,0.2540717450874173,0.0,0.0,,1.7301666666666666,18.246866666666666,4.791600000000002,1.5643333333333331
3,8061.066334682836,2830.7333985807477,7.665859167099468,0.0,,,,0.0,0.0,3.2372863727045798,0.0,1.0,18.22450333333333,1.5643333333333331,,,0.0,0.0,0.0,,1.7301666666666666,18.246866666666666,4.791600000000002,1.5643333333333331
4,7808.915516619943,2959.250825495791,8.0,0.24874245883608023,,,,0.0,0.0,0.0,0.0,1.0,18.22450333333333,1.5643333333333331,,,0.0,0.0,0.0,,1.7301666666666666,18.246866666666666,4.791600000000002,1.5643333333333331
