,cost,emission,grid,wood_supply,DHDC_small_heat,DHDC_medium_heat,DHDC_large_heat,wood_boiler_heat,wood_boiler_DHW,PV,SCFP,DHW_to_heat,ASHP,ASHP_DHW,GSHP_heat,GSHP_cooling,battery,DHW_storage,heat_storage,geothermal_boreholes,demand_electricity,demand_space_heating,demand_space_cooling,demand_hot_water
0,26717.825414813695,1680.1017130763885,4.069170713564871,0.2498527915871049,,,,0.0,5.0,14.243654739172843,0.0,0.0,7.401833333333333,1.7311030458890266,,,2.968359841990682,0.0,0.0,,1.9931066666666668,7.401833333333333,4.974666666666667,1.906
1,6320.837092477477,1817.6620121142837,4.178775299775909,0.0,,,,0.0,0.0,11.04050195376937,0.0,1.0,7.38694,1.906,,,0.8395405549924817,0.0,0.0,,1.9931066666666668,7.401833333333333,4.974666666666667,1.906
2,5816.450831900969,1955.2223111521803,4.239452762247317,0.0,,,,0.0,0.0,6.906723560301089,0.0,1.0,7.38694,1.906,,,0.0,0.0,0.0,,1.9931066666666668,7.401833333333333,4.974666666666667,1.906
3,5538.797348934465,2092.782610190078,4.3321502377703,0.0,,,,0.0,0.0,3.4013673570914715,0.0,1.0,7.38694,1.906,,,0.0,0.0,0.0,,1.9931066666666668,7.401833333333333,4.974666666666667,1.906
4,5281.178226362207,2230.342909227976,5.0,0.2498527915871049,,,,0.0,0.0,0.0,0.0,1.0,7.38694,1.906,,,0.0,0.0,0.0,,1.9931066666666668,7.401833333333333,4.974666666666667,1.906
