,cost,emission,grid,wood_supply,DHDC_small_heat,DHDC_medium_heat,DHDC_large_heat,wood_boiler_heat,wood_boiler_DHW,PV,SCFP,DHW_to_heat,ASHP,ASHP_DHW,GSHP_heat,GSHP_cooling,battery,DHW_storage,heat_storage,geothermal_boreholes,demand_electricity,demand_space_heating,demand_space_cooling,demand_hot_water
0,35764.581720351554,2827.6398905113674,6.2243420087482395,0.24750405207504383,20.0,0.0,0.0,5.0,5.0,13.57258630715539,0.0,0.0,13.383884562054243,1.6649138302141362,3.838912196285719,7.345593333333333,2.428716459632999,0.0,0.0,9.181991666666665,1.8226666666666667,17.420799999999996,7.345593333333333,1.8571666666666669
1,9835.489965451106,2963.210878132452,7.46372998066153,0.0,0.0,0.0,0.0,0.0,0.0,11.923664507090754,0.0,1.0,17.13830450935373,1.8571666666666715,0.24082882397959238,5.13776,1.208992533559232,0.0,0.0,6.4222,1.8226666666666667,17.420799999999996,7.345593333333333,1.8571666666666669
2,9219.393690445566,3098.781865753596,7.51078329093981,0.0,0.0,0.0,0.0,0.0,0.0,7.452661089442752,0.0,1.0,17.14178112571372,1.8571666666666715,0.2373522076196034,4.827333333333333,0.03208339257805726,0.0,0.0,6.034166666666666,1.8226666666666667,17.420799999999996,7.345593333333333,1.8571666666666669
3,8863.860330692627,3234.352853374719,7.5511964533388305,0.0,0.0,0.0,0.0,0.0,0.0,3.5951110856003425,0.0,1.0,17.143123829023224,1.8571666666666666,0.2360095043101048,4.672,0.0,0.0,0.0,5.84,1.8226666666666667,17.420799999999996,7.345593333333333,1.8571666666666669
4,8559.097968111975,3369.9238409958502,8.0,0.24750405207504383,0.0,0.0,0.0,0.0,0.0,0.0,0.0,1.0,17.15149111353179,1.8571666666666666,0.2276422198015405,4.0776666666666666,0.0,0.0,0.0,5.097083333333334,1.8226666666666667,17.420799999999996,7.345593333333333,1.8571666666666669
