,cost,emission,grid,wood_supply,DHDC_small_heat,DHDC_medium_heat,DHDC_large_heat,wood_boiler_heat,wood_boiler_DHW,PV,SCFP,DHW_to_heat,ASHP,ASHP_DHW,GSHP_heat,GSHP_cooling,battery,DHW_storage,heat_storage,geothermal_boreholes,demand_electricity,demand_space_heating,demand_space_cooling,demand_hot_water
0,36280.05470200684,2950.10685483129,7.615204477874057,0.24798320797228235,20.0,0.0,0.0,5.0,5.0,13.70948799208067,0.0,0.0,20.034946766955507,1.760048421086069,,,2.684258991214138,0.0,0.0,,2.259896666666666,20.23333333333333,5.39386,1.953166666666667
1,10383.3268370953,3088.9890192182456,8.493004395699959,0.0,0.0,0.0,0.0,0.0,0.0,12.114850502214633,0.0,1.0,20.190303333333333,1.9531666666666667,,,1.2158044177832097,0.0,0.0,,2.259896666666666,20.23333333333333,5.39386,1.953166666666667
2,9770.011293074087,3227.8711836052084,8.542658626395966,0.0,0.0,0.0,0.0,0.0,0.0,7.576623305661787,0.0,1.0,20.190303333333333,1.9531666666666667,,,0.021572324265291275,0.0,0.0,,2.259896666666666,20.23333333333333,5.39386,1.953166666666667
3,9415.670816636148,3366.7533479921694,8.607748697682283,0.0,0.0,0.0,0.0,0.0,0.0,3.664988503594046,0.0,1.0,20.190303333333333,1.9531666666666667,,,0.0,0.0,0.0,,2.259896666666666,20.23333333333333,5.39386,1.953166666666667
4,9111.079791276987,3505.6355123791323,9.0,0.24798320797228235,0.0,0.0,0.0,0.0,0.0,0.0,0.0,1.0,20.190303333333333,1.9531666666666667,,,0.0,0.0,0.0,,2.259896666666666,20.23333333333333,5.39386,1.953166666666667
