,cost,emission,grid,wood_supply,DHDC_small_heat,DHDC_medium_heat,DHDC_large_heat,wood_boiler_heat,wood_boiler_DHW,PV,SCFP,DHW_to_heat,ASHP,ASHP_DHW,GSHP_heat,GSHP_cooling,battery,DHW_storage,heat_storage,geothermal_boreholes,demand_electricity,demand_space_heating,demand_space_cooling,demand_hot_water
0,29296.464546609863,2356.409143062315,4.8285275444721005,0.282030958635336,,,,0.0,5.0,23.43741675295313,0.0,0.0,3.5196666666666667,2.4120783289552645,5.570533333333331,7.307896666666665,5.2922868073797495,0.0,0.0,9.13487083333333,3.2568333333333332,9.090199999999998,7.307896666666665,2.6095
1,8553.684011178413,2582.5464285197404,5.0638203040611875,0.0,,,,0.0,0.0,17.594930004184814,0.0,1.0,0.9630144557545648,2.6094999999999997,8.118988877578767,7.0329999999999995,1.9711040576083634,0.0,0.0,8.79125,3.2568333333333332,9.090199999999998,7.307896666666665,2.6095
2,7676.979835866781,2808.683713977115,5.776704320987652,0.0,,,,0.0,0.0,10.866884768827834,0.0,1.0,0.964227743134587,2.6094999999999997,8.117775590198743,7.0329999999999995,0.0,0.0,0.0,8.79125,3.2568333333333332,9.090199999999998,7.307896666666665,2.6095
3,7239.17613937788,3034.820999434593,5.808105740740739,0.0,,,,0.0,0.0,5.340395782648858,0.0,1.0,0.7208333333333333,2.6094999999999997,8.361169999999998,6.772126666666665,0.0,0.0,0.0,8.465158333333331,3.2568333333333332,9.090199999999998,7.307896666666665,2.6095
4,6853.807279215693,3260.958284892013,6.0,0.282030958635336,,,,0.0,0.0,0.0,0.0,1.0,0.6287310154498819,2.6094999999999997,8.45327231788345,6.679165651216783,0.0,0.0,0.0,8.34895706402098,3.2568333333333332,9.090199999999998,7.307896666666665,2.6095
