,cost,emission,grid,wood_supply,DHDC_small_heat,DHDC_medium_heat,DHDC_large_heat,wood_boiler_heat,wood_boiler_DHW,PV,SCFP,DHW_to_heat,ASHP,ASHP_DHW,GSHP_heat,GSHP_cooling,battery,DHW_storage,heat_storage,geothermal_boreholes,demand_electricity,demand_space_heating,demand_space_cooling,demand_hot_water
0,24997.017112595004,1327.6034192719108,3.5767565631146567,0.22697749789259944,,,,0.0,4.999999999999999,7.7078565407427,0.0,0.0,8.416999999999994,0.6391157514751803,0.0,0.0,1.9085489924408974,0.0,0.0,0.0,0.9065,8.416999999999996,0.0,0.798
1,4781.119380891454,1399.9781742191396,3.6623278213507016,0.0,,,,0.0,0.0,6.263044590044108,0.0,1.0,8.382833333333329,0.798,0.0,0.0,0.8412335404819657,0.0,0.0,0.0,0.9065,8.416999999999996,0.0,0.798
2,4446.7048176804155,1472.352929166369,3.694016283188065,0.0,,,,0.0,0.0,3.8993337722454613,0.0,1.0,8.382833333333329,0.798,0.0,0.0,0.2223192108755123,0.0,0.0,0.0,0.9065,8.416999999999996,0.0,0.798
3,4233.892802643225,1544.7276841135974,3.7218380968458455,0.0,,,,0.0,0.0,1.8240445943991672,0.0,1.0,8.382833333333329,0.798,0.0,0.0,0.0,0.0,0.0,0.0,0.9065,8.416999999999996,0.0,0.798
4,4091.707758341027,1617.1024390608313,4.0,0.22697749789259944,,,,0.0,0.0,0.0,0.0,1.0,8.382833333333329,0.798,0.0,0.0,0.0,0.0,0.0,0.0,0.9065,8.416999999999996,0.0,0.798
