,cost,emission,grid,wood_supply,DHDC_small_heat,DHDC_medium_heat,DHDC_large_heat,wood_boiler_heat,wood_boiler_DHW,PV,SCFP,DHW_to_heat,ASHP,ASHP_DHW,GSHP_heat,GSHP_cooling,battery,DHW_storage,heat_storage,geothermal_boreholes,demand_electricity,demand_space_heating,demand_space_cooling,demand_hot_water
0,38527.88606201656,3667.3389330490777,6.143542283543394,0.2937581033789361,20.0,0.0,0.0,5.0,5.0,26.788029536838888,0.0,0.0,8.603799999999998,2.1183693276347446,,,4.336923273979349,0.0,0.0,,5.0408333333333335,8.092199999999998,8.603799999999998,2.3448333333333333
1,12207.458416299445,3944.081246657819,8.211829259259257,0.0,0.0,0.0,0.0,0.0,0.0,22.132625598122075,0.0,0.0,8.603799999999998,2.344833333333333,,,0.0,0.0,0.0,,5.0408333333333335,8.092199999999998,8.603799999999998,2.3448333333333333
2,11482.28842355654,4220.823560266559,8.211829259259257,0.0,0.0,0.0,0.0,0.0,0.0,14.216000094465619,0.0,0.0,8.603799999999998,2.344833333333333,,,0.0,0.0,0.0,,5.0408333333333335,8.092199999999998,8.603799999999998,2.3448333333333333
3,10909.05582539663,4497.565873875297,8.211829259259257,0.0,0.0,0.0,0.0,0.0,0.0,7.087915523725422,0.0,0.0,8.603799999999998,2.344833333333333,,,0.0,0.0,0.0,,5.0408333333333335,8.092199999999998,8.603799999999998,2.3448333333333333
4,10343.559938377273,4774.308187484028,9.0,0.2937581033789361,0.0,0.0,0.0,0.0,0.0,0.0,0.0,0.0,8.603799999999998,2.344833333333333,,,0.0,0.0,0.0,,5.0408333333333335,8.092199999999998,8.603799999999998,2.3448333333333333
