,cost,emission,grid,wood_supply,DHDC_small_heat,DHDC_medium_heat,DHDC_large_heat,wood_boiler_heat,wood_boiler_DHW,PV,SCFP,DHW_to_heat,ASHP,ASHP_DHW,GSHP_heat,GSHP_cooling,battery,DHW_storage,heat_storage,geothermal_boreholes,demand_electricity,demand_space_heating,demand_space_cooling,demand_hot_water
0,84217.13832733742,5147.665356330637,12.840501253923438,0.3014952977871046,0.0,273.13,0.0,5.0,5.0,28.998656510601325,0.0,0.0,32.85250376177033,3.2254532915490266,0.0,0.0,6.349255572965682,0.0,0.0,0.0,3.608833333333333,33.09370000000002,0.0,3.4365
1,18556.787864266196,5441.401538497636,14.371246588362261,0.0,0.0,0.0,0.0,0.0,0.0,24.163917459301352,0.0,1.0,33.069503333333344,3.4364999999999997,0.0,0.0,3.1433752750822976,0.0,0.0,0.0,3.608833333333333,33.09370000000002,0.0,3.4365
2,17300.16677267781,5735.137720664627,14.423890472787658,0.0,0.0,0.0,0.0,0.0,0.0,15.004305928286163,0.0,1.0,33.069503333333344,3.4364999999999997,0.0,0.0,0.43643943963182885,0.0,0.0,0.0,3.608833333333333,33.09370000000002,0.0,3.4365
3,16601.730982985307,6028.873902831628,14.468737698485016,0.0,0.0,0.0,0.0,0.0,0.0,7.20125016757958,0.0,1.0,33.069503333333344,3.4364999999999997,0.0,0.0,0.0,0.0,0.0,0.0,3.608833333333333,33.09370000000002,0.0,3.4365
4,16063.537203503123,6322.61008499863,15.0,0.3014952977871046,0.0,0.0,0.0,0.0,0.0,0.0,0.0,1.0,33.069503333333344,3.4364999999999997,0.0,0.0,0.0,0.0,0.0,0.0,3.608833333333333,33.09370000000002,0.0,3.4365
