,cost,emission,grid,wood_supply,DHDC_small_heat,DHDC_medium_heat,DHDC_large_heat,wood_boiler_heat,wood_boiler_DHW,PV,SCFP,DHW_to_heat,ASHP,ASHP_DHW,GSHP_heat,GSHP_cooling,battery,DHW_storage,heat_storage,geothermal_boreholes,demand_electricity,demand_space_heating,demand_space_cooling,demand_hot_water
0,49069.933307376,6478.89152505695,17.772413656768812,0.3181487871169378,20.0,0.0,0.0,5.0,5.0,33.756796319125094,0.0,0.0,44.69332763697312,4.339765849018143,,,6.417223951797995,0.0,0.0,,6.222833333333333,44.94784666666667,15.403199999999996,4.569666666666667
1,23218.8280781554,6829.516359671807,19.786611656818785,0.0,0.0,0.0,0.0,0.0,0.0,28.698954105664363,0.0,1.0,44.943316666666675,4.5696666666666665,,,2.5542140391275283,0.0,0.0,,6.222833333333333,44.94784666666667,15.403199999999996,4.569666666666667
2,21864.015128294377,7180.141194286664,19.847739126114565,0.0,0.0,0.0,0.0,0.0,0.0,17.83859868186857,0.0,1.0,44.943316666666675,4.5696666666666665,,,0.0,0.0,0.0,,6.222833333333333,44.94784666666667,15.403199999999996,4.569666666666667
3,21133.267531284808,7530.766028901524,19.89870135440753,0.0,0.0,0.0,0.0,0.0,0.0,8.784274679476905,0.0,1.0,44.943316666666675,4.5696666666666665,,,0.0,0.0,0.0,,6.222833333333333,44.94784666666667,15.403199999999996,4.569666666666667
4,20454.54953541793,7881.39086351638,21.0,0.3181487871169378,0.0,0.0,0.0,0.0,0.0,0.0,0.0,1.0,44.943316666666675,4.5696666666666665,,,0.0,0.0,0.0,,6.222833333333333,44.94784666666667,15.403199999999996,4.569666666666667
