,cost,emission,grid,wood_supply,DHDC_small_heat,DHDC_medium_heat,DHDC_large_heat,wood_boiler_heat,wood_boiler_DHW,PV,SCFP,DHW_to_heat,ASHP,ASHP_DHW,GSHP_heat,GSHP_cooling,battery,DHW_storage,heat_storage,geothermal_boreholes,demand_electricity,demand_space_heating,demand_space_cooling,demand_hot_water
0,28507.935203966477,2438.125330431663,6.789714989406001,0.24083385453041517,,,,0.0,5.0,11.666815580118602,0.0,0.0,13.120777939463009,1.4962496351620425,3.9988887272036395,5.594566666666666,2.2622848742380386,0.0,0.0,6.993208333333333,1.6911666666666667,17.119666666666664,5.594566666666666,1.6648333333333332
1,8163.757387680002,2544.188680404052,6.8811678889468455,0.0,,,,0.0,0.0,9.280921273178729,0.0,1.0,13.05101458786237,1.6648333333333332,4.03428874547096,5.423333333333333,0.8977915558308975,0.0,0.0,6.779166666666666,1.6911666666666667,17.119666666666664,5.594566666666666,1.6648333333333332
2,7699.67883420379,2650.252030376427,6.9247488191367506,0.0,,,,0.0,0.0,5.752047561216282,0.0,1.0,13.065886074663556,1.6648333333333332,4.019417258669773,4.897833333333333,0.0,0.0,0.0,6.1222916666666665,1.6911666666666667,17.119666666666664,5.594566666666666,1.6648333333333332
3,7440.549248024665,2756.3153803488044,6.981381483395621,0.0,,,,0.0,0.0,2.8155015624658306,0.0,1.0,13.065886074663677,1.6648333333333332,4.019417258669655,4.897833333333333,0.0,0.0,0.0,6.1222916666666665,1.6911666666666667,17.119666666666664,5.594566666666666,1.6648333333333332
4,7202.6698485341085,2862.3787303212152,8.0,0.24083385453041517,,,,0.0,0.0,0.0,0.0,1.0,13.10958266203703,1.6648333333333332,3.975720671296301,3.8785,0.0,0.0,0.0,4.848125,1.6911666666666667,17.119666666666664,5.594566666666666,1.6648333333333332
