,cost,emission,grid,wood_supply,DHDC_small_heat,DHDC_medium_heat,DHDC_large_heat,wood_boiler_heat,wood_boiler_DHW,PV,SCFP,DHW_to_heat,ASHP,ASHP_DHW,GSHP_heat,GSHP_cooling,battery,DHW_storage,heat_storage,geothermal_boreholes,demand_electricity,demand_space_heating,demand_space_cooling,demand_hot_water
0,40761.17481488156,5544.772975983207,14.245550252350583,0.329504105604758,,,,0.0,4.999999999999998,37.001173029930854,0.0,0.0,21.42737554836776,3.617847126076669,10.80557445163224,16.32505333333333,8.16174425302361,0.0,0.0,20.40631666666666,5.481439999999999,32.232949999999995,16.32505333333333,3.8484999999999996
1,19911.32624249759,5900.394359329268,15.476714582799321,0.0,,,,0.0,0.0,28.146492848843828,0.0,0.0,31.176255462551126,3.8484999999999996,1.0566945374488714,13.336386666666664,2.2753607148374444,0.0,0.0,16.67048333333333,5.481439999999999,32.232949999999995,16.32505333333333,3.8484999999999996
2,18642.261360100583,6256.015742675211,15.664896935222332,0.0,,,,0.0,0.0,17.50028771943117,0.0,0.0,31.189403693802255,3.8484999999999996,1.04354630619774,12.777000000000001,0.0,0.0,0.0,15.971250000000001,5.481439999999999,32.232949999999995,16.32505333333333,3.8484999999999996
3,17948.302836838284,6611.63712602151,15.906890741757703,0.0,,,,0.0,0.0,8.56341304685486,0.0,0.0,31.18995954636496,3.8484999999999996,1.0429904536350356,12.730386666666664,0.0,0.0,0.0,15.912983333333331,5.481439999999999,32.232949999999995,16.32505333333333,3.8484999999999996
4,17311.24881154707,6967.258509367464,17.0,0.329504105604758,,,,0.0,0.0,0.0,0.0,0.0,31.232264467588557,3.8484999999999996,1.000685532411439,10.509,0.0,0.0,0.0,13.136249999999999,5.481439999999999,32.232949999999995,16.32505333333333,3.8484999999999996
