,cost,emission,grid,wood_supply,DHDC_small_heat,DHDC_medium_heat,DHDC_large_heat,wood_boiler_heat,wood_boiler_DHW,PV,SCFP,DHW_to_heat,ASHP,ASHP_DHW,GSHP_heat,GSHP_cooling,battery,DHW_storage,heat_storage,geothermal_boreholes,demand_electricity,demand_space_heating,demand_space_cooling,demand_hot_water
0,36342.49310699656,2945.764155239157,7.6296544385633815,0.2488458553873047,20.0,0.0,0.0,5.0,5.0,13.955958682087052,0.0,0.0,20.140476649023476,1.74014123456222,,,2.608941152265741,0.0,0.0,,2.1744399999999997,20.339553333333324,5.298839999999999,1.9143333333333334
1,10433.16341137519,3081.232297992129,8.492753238418159,0.0,0.0,0.0,0.0,0.0,0.0,12.324724784859125,0.0,1.0,20.300386666666654,1.9143333333333334,,,1.2390184395982793,0.0,0.0,,2.1744399999999997,20.339553333333324,5.298839999999999,1.9143333333333334
2,9790.422147757074,3216.7004407450995,8.555766354799308,0.0,0.0,0.0,0.0,0.0,0.0,7.731245191645552,0.0,1.0,20.300386666666654,1.9143333333333334,,,0.0,0.0,0.0,,2.1744399999999997,20.339553333333324,5.298839999999999,1.9143333333333334
3,9413.767523042601,3352.1685834980713,8.67053830152997,0.0,0.0,0.0,0.0,0.0,0.0,3.7434795158717553,0.0,1.0,20.300386666666654,1.9143333333333334,,,0.0,0.0,0.0,,2.1744399999999997,20.339553333333324,5.298839999999999,1.9143333333333334
4,9084.181026567057,3487.6367262510403,9.0,0.2488458553873047,0.0,0.0,0.0,0.0,0.0,0.0,0.0,1.0,20.300386666666654,1.9143333333333334,,,0.0,0.0,0.0,,2.1744399999999997,20.339553333333324,5.298839999999999,1.9143333333333334
