,cost,emission,grid,wood_supply,DHDC_small_heat,DHDC_medium_heat,DHDC_large_heat,wood_boiler_heat,wood_boiler_DHW,PV,SCFP,DHW_to_heat,ASHP,ASHP_DHW,GSHP_heat,GSHP_cooling,battery,DHW_storage,heat_storage,geothermal_boreholes,demand_electricity,demand_space_heating,demand_space_cooling,demand_hot_water
0,25497.394086796772,1481.5884474317816,4.096971332446813,0.22838876494426116,,,,0.0,5.0,8.111075698360322,0.0,0.0,9.614,0.655097864539017,0.0,0.0,1.796071723108743,0.0,0.0,0.0,0.9548333333333333,9.614000000000003,0.0,0.8149699999999999
1,5266.999137144546,1554.8041558510304,4.180089139555656,0.0,,,,0.0,0.0,6.566438255874045,0.0,1.0,9.585666666666668,0.8149699999999999,0.0,0.0,0.9033665168012851,0.0,0.0,0.0,0.9548333333333333,9.614000000000003,0.0,0.8149699999999999
2,4912.893520289812,1628.019864270275,4.206401795886606,0.0,,,,0.0,0.0,4.103854248274729,0.0,1.0,9.585666666666668,0.8149699999999999,0.0,0.0,0.20487667389745318,0.0,0.0,0.0,0.9548333333333333,9.614000000000003,0.0,0.8149699999999999
3,4684.738972359622,1701.2355726895214,4.236526474006581,0.0,,,,0.0,0.0,1.9280905329375617,0.0,1.0,9.585666666666668,0.8149699999999999,0.0,0.0,0.0,0.0,0.0,0.0,0.9548333333333333,9.614000000000003,0.0,0.8149699999999999
4,4524.93644674133,1774.451281108765,5.0,0.22838876494426116,,,,0.0,0.0,0.0,0.0,1.0,9.585666666666668,0.8149699999999999,0.0,0.0,0.0,0.0,0.0,0.0,0.9548333333333333,9.614000000000003,0.0,0.8149699999999999
