,cost,emission,grid,wood_supply,DHDC_small_heat,DHDC_medium_heat,DHDC_large_heat,wood_boiler_heat,wood_boiler_DHW,PV,SCFP,DHW_to_heat,ASHP,ASHP_DHW,GSHP_heat,GSHP_cooling,battery,DHW_storage,heat_storage,geothermal_boreholes,demand_electricity,demand_space_heating,demand_space_cooling,demand_hot_water
0,24407.31306048371,1000.2803461255842,2.6691458898943847,0.23603123464782305,,,,0.0,5.0,10.294638470806582,0.0,0.0,4.7240666666666655,0.7577781357465238,,,2.3338146656611714,0.0,0.0,,1.3796666666666668,4.724066666666666,2.474276666666667,0.9229999999999999
1,4103.963381599842,1094.3486841695897,2.7501954579293693,0.0,,,,0.0,0.0,8.07696903873096,0.0,1.0,4.711399999999999,0.9229999999999998,,,0.8718223603139953,0.0,0.0,,1.3796666666666668,4.724066666666666,2.474276666666667,0.9229999999999999
2,3686.0347767644075,1188.417022213594,2.7667157393052766,0.0,,,,0.0,0.0,5.0757280234198054,0.0,1.0,4.711399999999999,0.9229999999999998,,,0.033296170303487756,0.0,0.0,,1.3796666666666668,4.724066666666666,2.474276666666667,0.9229999999999999
3,3443.7054874783216,1282.4853602576006,2.7813118242473625,0.0,,,,0.0,0.0,2.4240559486912057,0.0,1.0,4.711399999999999,0.9229999999999998,,,0.0,0.0,0.0,,1.3796666666666668,4.724066666666666,2.474276666666667,0.9229999999999999
4,3248.6378240643307,1376.5536983016052,3.0,0.23603123464782305,,,,0.0,0.0,0.0,0.0,1.0,4.711399999999999,0.9229999999999998,,,0.0,0.0,0.0,,1.3796666666666668,4.724066666666666,2.474276666666667,0.9229999999999999
