,cost,emission,grid,wood_supply,DHDC_small_heat,DHDC_medium_heat,DHDC_large_heat,wood_boiler_heat,wood_boiler_DHW,PV,SCFP,DHW_to_heat,ASHP,ASHP_DHW,GSHP_heat,GSHP_cooling,battery,DHW_storage,heat_storage,geothermal_boreholes,demand_electricity,demand_space_heating,demand_space_cooling,demand_hot_water
0,38159.47054429806,4027.2300004881413,8.983673862340563,0.38895691641965513,,,,0.0,5.0,53.98769040561573,0.0,0.0,6.847499999999998,4.590896825172908,9.108213333333335,13.186333333333335,12.525181878400177,0.0,0.0,16.482916666666668,6.059806666666666,15.955713333333335,13.186333333333332,4.863166666666667
1,16577.14276642409,4511.298668337167,8.558649120312754,0.0,,,,0.0,0.0,39.721580788230035,0.0,1.0,1.0908120707809648,4.863166666666666,14.854341262552369,12.095521262552367,4.359383133941776,0.0,0.0,15.119401578190459,6.059806666666666,15.955713333333335,13.186333333333332,4.863166666666667
2,14479.691767574837,4995.367336186221,9.075893122040148,0.0,,,,0.0,0.0,24.484266717448723,0.0,1.0,1.0930438941417198,4.863166666666666,14.852109439191615,12.093289439191611,0.25058651338367255,0.0,0.0,15.116611798989513,6.059806666666666,15.955713333333335,13.186333333333332,4.863166666666667
3,13370.301610122317,5479.436004035223,9.31338742605916,0.0,,,,0.0,0.0,11.597051202431127,0.0,1.0,1.0891666666666666,4.863166666666666,14.855986666666668,12.097166666666666,0.0,0.0,0.0,15.121458333333331,6.059806666666666,15.955713333333335,13.186333333333332,4.863166666666667
4,12472.663996148987,5963.504671884248,10.0,0.38895691641965513,,,,0.0,0.0,0.0,0.0,2.0,0.45816607569485757,4.863166666666666,15.486987257638477,12.728167257638475,0.0,0.0,0.0,15.910209072048092,6.059806666666666,15.955713333333335,13.186333333333332,4.863166666666667
