,cost,emission,grid,wood_supply,DHDC_small_heat,DHDC_medium_heat,DHDC_large_heat,wood_boiler_heat,wood_boiler_DHW,PV,SCFP,DHW_to_heat,ASHP,ASHP_DHW,GSHP_heat,GSHP_cooling,battery,DHW_storage,heat_storage,geothermal_boreholes,demand_electricity,demand_space_heating,demand_space_cooling,demand_hot_water
0,85771.9213670393,15791.91145497497,40.772937856641754,0.5852955375934342,20.0,0.0,0.0,5.0,5.0,110.08443931240977,0.0,0.0,100.92031356992528,11.175596457017928,0.0,0.0,22.723600087353645,0.0,0.0,0.0,13.229333333333331,101.38855000000002,0.0,11.621803333333332
1,59493.59468342585,16854.19908756008,39.24601475887388,0.0,20.0,0.0,0.0,0.0,0.0,79.09216134830132,0.0,20.0,81.57402000000002,11.436,0.0,0.0,8.387834989308853,0.0,0.0,0.0,13.229333333333331,101.38855000000002,0.0,11.621803333333332
2,54963.65986942549,17916.48672014519,39.34334042569358,0.0,20.0,0.0,0.0,0.0,0.0,44.72332318771666,0.0,19.0,82.72891218238476,10.281107817615265,0.0,0.0,0.0,0.0,0.0,0.0,13.229333333333331,101.38855000000002,0.0,11.621803333333332
3,52595.78502663384,18978.774352730365,38.72480697050253,0.0,20.0,0.0,0.0,0.0,0.0,16.37056751129613,0.0,9.0,93.01002000000003,0.0,0.0,0.0,0.0,0.0,0.0,0.0,13.229333333333331,101.38855000000002,0.0,11.621803333333332
4,50626.5814098717,20041.06198531553,47.0,0.5852955375934342,0.0,0.0,0.0,0.0,0.0,0.0,0.0,1.0,101.3882166666667,11.621803333333332,0.0,0.0,0.0,0.0,0.0,0.0,13.229333333333331,101.38855000000002,0.0,11.621803333333332
