,cost,emission,grid,wood_supply,DHDC_small_heat,DHDC_medium_heat,DHDC_large_heat,wood_boiler_heat,wood_boiler_DHW,PV,SCFP,DHW_to_heat,ASHP,ASHP_DHW,GSHP_heat,GSHP_cooling,battery,DHW_storage,heat_storage,geothermal_boreholes,demand_electricity,demand_space_heating,demand_space_cooling,demand_hot_water
0,36292.6592549325,2700.9965743151674,7.411429744223396,0.25997179249559216,20.0,0.0,0.0,5.0,5.0,17.13479785588346,0.0,0.0,19.134789232670194,1.7688530785864185,,,3.4467973283667686,0.0,0.0,,1.9461666666666666,19.342766666666666,7.005093333333335,1.950833333333333
1,10362.164999653764,2858.9204870436715,8.291858170885442,0.0,0.0,0.0,0.0,0.0,0.0,14.624369357190739,0.0,1.0,19.3091,1.950833333333333,,,1.8530669577685832,0.0,0.0,,1.9461666666666666,19.342766666666666,7.005093333333335,1.950833333333333
2,9568.991194230422,3016.844399772181,8.32073162481456,0.0,0.0,0.0,0.0,0.0,0.0,9.127249396339836,0.0,1.0,19.3091,1.950833333333333,,,0.3881671213249809,0.0,0.0,,1.9461666666666666,19.342766666666666,7.005093333333335,1.950833333333333
3,9063.91000402956,3174.7683125006897,8.345869362354094,0.0,0.0,0.0,0.0,0.0,0.0,4.341359937515441,0.0,1.0,19.3091,1.950833333333333,,,0.0,0.0,0.0,,1.9461666666666666,19.342766666666666,7.005093333333335,1.950833333333333
4,8684.054277233097,3332.692225229198,9.0,0.25997179249559216,0.0,0.0,0.0,0.0,0.0,0.0,0.0,1.0,19.3091,1.950833333333333,,,0.0,0.0,0.0,,1.9461666666666666,19.342766666666666,7.005093333333335,1.950833333333333
