,cost,emission,grid,wood_supply,DHDC_small_heat,DHDC_medium_heat,DHDC_large_heat,wood_boiler_heat,wood_boiler_DHW,PV,SCFP,DHW_to_heat,ASHP,ASHP_DHW,GSHP_heat,GSHP_cooling,battery,DHW_storage,heat_storage,geothermal_boreholes,demand_electricity,demand_space_heating,demand_space_cooling,demand_hot_water
0,43330.24708467967,4338.229848859699,7.101728659332508,0.3553091941697616,20.0,0.0,0.0,5.0,5.0,44.37405547707473,0.0,0.0,14.424086666666666,4.4262835640811655,,,10.867996045830376,0.0,0.0,,6.038803333333333,13.726633333333334,14.424086666666666,4.701833333333333
1,17311.86924872901,4802.366405493745,10.892665257213512,0.0,0.0,0.0,0.0,0.0,0.0,35.52842229954587,0.0,0.0,14.424086666666666,4.701833333333333,,,4.517003859582548,0.0,0.0,,6.038803333333333,13.726633333333334,14.424086666666666,4.701833333333333
2,15541.892047380548,5266.502962127784,12.574637901712787,0.0,0.0,0.0,0.0,0.0,0.0,22.1603713664878,0.0,0.0,14.424086666666666,4.701833333333333,,,0.06165363682795839,0.0,0.0,,6.038803333333333,13.726633333333334,14.424086666666666,4.701833333333333
3,14654.164265580966,5730.639518761823,12.619182654320987,0.0,0.0,0.0,0.0,0.0,0.0,10.620567024899747,0.0,0.0,14.424086666666666,4.701833333333333,,,0.0,0.0,0.0,,6.038803333333333,13.726633333333334,14.424086666666666,4.701833333333333
4,13949.855010867535,6194.776075395863,13.0,0.3553091941697616,0.0,0.0,0.0,0.0,0.0,0.0,0.0,0.0,14.424086666666666,4.701833333333333,,,0.0,0.0,0.0,,6.038803333333333,13.726633333333334,14.424086666666666,4.701833333333333
