,cost,emission,grid,wood_supply,DHDC_small_heat,DHDC_medium_heat,DHDC_large_heat,wood_boiler_heat,wood_boiler_DHW,PV,SCFP,DHW_to_heat,ASHP,ASHP_DHW,GSHP_heat,GSHP_cooling,battery,DHW_storage,heat_storage,geothermal_boreholes,demand_electricity,demand_space_heating,demand_space_cooling,demand_hot_water
0,150333.48411750133,36561.809302680405,83.25969628637276,0.9890055927687936,22.001773333333333,0.0,0.0,5.0,5.0,225.4301693625124,0.0,0.0,150.4520788591183,21.140636085061846,0.0,0.0,44.150737742335345,0.0,0.0,0.0,39.671666666666674,151.24328333333335,0.0,22.001773333333333
1,120097.20552690464,38724.63049733837,86.04765078584177,0.0,21.5015,0.0,0.0,0.0,0.0,167.72434687763675,0.0,22.0,130.23845,21.505106666666666,0.0,0.0,0.0,0.0,0.0,0.0,39.671666666666674,151.24328333333335,0.0,22.001773333333333
2,114803.1203976821,40887.45169199661,86.48808234597664,0.0,21.458666666666666,0.0,0.0,0.0,0.0,107.89195700283976,0.0,18.0,133.33689,18.449499999999997,0.0,0.0,0.0,0.0,0.0,0.0,39.671666666666674,151.24328333333335,0.0,22.001773333333333
3,110527.00531743876,43050.27288665388,85.66958750467089,0.0,21.5375,0.0,0.0,0.0,0.0,53.15935820941038,0.0,0.0,151.24328333333335,0.4642733333333287,0.0,0.0,0.0,0.0,0.0,0.0,39.671666666666674,151.24328333333335,0.0,22.001773333333333
4,106464.02221149018,45213.094081312265,88.0,0.9890055927687936,20.0,0.0,0.0,0.0,0.0,0.0,0.0,5.0,151.24328333333335,2.0017733333333325,0.0,0.0,0.0,0.0,0.0,0.0,39.671666666666674,151.24328333333335,0.0,22.001773333333333
