,cost,emission,grid,wood_supply,DHDC_small_heat,DHDC_medium_heat,DHDC_large_heat,wood_boiler_heat,wood_boiler_DHW,PV,SCFP,DHW_to_heat,ASHP,ASHP_DHW,GSHP_heat,GSHP_cooling,battery,DHW_storage,heat_storage,geothermal_boreholes,demand_electricity,demand_space_heating,demand_space_cooling,demand_hot_water
0,51563.54449188617,6942.4495793813285,17.672185770242667,0.35479502825664294,20.0,0.0,0.0,5.0,5.0,44.227150930469406,0.0,0.0,44.51100397739468,4.767476813553683,0.0,0.0,10.779690216574853,0.0,0.0,0.0,5.53197,44.79484,0.0,5.01894
1,25861.073780579914,7403.479304513104,19.946470184827536,0.0,0.0,0.0,0.0,0.0,0.0,36.29202281727217,0.0,1.0,44.79450666666674,5.0189399999999305,0.0,0.0,5.4687972066171495,0.0,0.0,0.0,5.53197,44.79484,0.0,5.01894
2,23988.711806711806,7864.50902964486,20.105751479032946,0.0,0.0,0.0,0.0,0.0,0.0,22.479164308991354,0.0,1.0,44.79450666666674,5.0189399999999305,0.0,0.0,0.9847611205676647,0.0,0.0,0.0,5.53197,44.79484,0.0,5.01894
3,22943.70792773039,8325.5387547766,20.242160770824817,0.0,0.0,0.0,0.0,0.0,0.0,10.64976364938821,0.0,1.0,44.79450666666666,5.018939999999999,0.0,0.0,0.0,0.0,0.0,0.0,5.53197,44.79484,0.0,5.01894
4,22224.788320393338,8786.568479908361,21.0,0.35479502825664294,0.0,0.0,0.0,0.0,0.0,0.0,0.0,1.0,44.79450666666666,5.018939999999999,0.0,0.0,0.0,0.0,0.0,0.0,5.53197,44.79484,0.0,5.01894
