,cost,emission,grid,wood_supply,DHDC_small_heat,DHDC_medium_heat,DHDC_large_heat,wood_boiler_heat,wood_boiler_DHW,PV,SCFP,DHW_to_heat,ASHP,ASHP_DHW,GSHP_heat,GSHP_cooling,battery,DHW_storage,heat_storage,geothermal_boreholes,demand_electricity,demand_space_heating,demand_space_cooling,demand_hot_water
0,42879.646605850015,4401.212588808247,11.67594087797524,0.3104717075928205,20.0,0.0,0.0,5.0,5.0,31.56334502652014,0.0,0.0,28.447462633925728,2.5783364713516916,0.0,0.0,6.880637581381238,0.0,0.0,0.0,3.9863333333333344,28.695839999999986,0.0,2.81
1,16916.434791615044,4704.589852978689,12.958002698835205,0.0,0.0,0.0,0.0,0.0,0.0,25.69242933142187,0.0,1.0,28.68814333333322,2.8100000000000973,0.0,0.0,3.3246162751784203,0.0,0.0,0.0,3.9863333333333344,28.695839999999986,0.0,2.81
2,15553.1088589572,5007.967117149131,13.013091218079222,0.0,0.0,0.0,0.0,0.0,0.0,15.942272659091788,0.0,1.0,28.68814333333322,2.8100000000000973,0.0,0.0,0.6883342997746947,0.0,0.0,0.0,3.9863333333333344,28.695839999999986,0.0,2.81
3,14750.514883983717,5311.3443813195845,13.126287411457465,0.0,0.0,0.0,0.0,0.0,0.0,7.585908532205367,0.0,1.0,28.68814333333332,2.8099999999999996,0.0,0.0,0.0,0.0,0.0,0.0,3.9863333333333344,28.695839999999986,0.0,2.81
4,14166.081294480817,5614.721645490039,14.0,0.3104717075928205,0.0,0.0,0.0,0.0,0.0,0.0,0.0,1.0,28.68814333333332,2.8099999999999996,0.0,0.0,0.0,0.0,0.0,0.0,3.9863333333333344,28.695839999999986,0.0,2.81
