,cost,emission,grid,wood_supply,DHDC_small_heat,DHDC_medium_heat,DHDC_large_heat,wood_boiler_heat,wood_boiler_DHW,PV,SCFP,DHW_to_heat,ASHP,ASHP_DHW,GSHP_heat,GSHP_cooling,battery,DHW_storage,heat_storage,geothermal_boreholes,demand_electricity,demand_space_heating,demand_space_cooling,demand_hot_water
0,29558.492820868927,2693.3309598871865,7.015305762818913,0.24750881319230728,,,,0.0,5.0,13.573946626373504,0.0,0.0,16.511600000000016,1.592743830765385,0.0,0.0,2.7538706260699777,0.0,0.0,0.0,1.7466533333333334,16.51160000000002,0.0,1.766
1,9176.502808333751,2814.6249179246793,7.125383283393707,0.0,,,,0.0,0.0,10.606933790245398,0.0,1.0,16.48040333333335,1.766,0.0,0.0,1.0019149730011607,0.0,0.0,0.0,1.7466533333333334,16.51160000000002,0.0,1.766
2,8639.653965938067,2935.9188759621707,7.176197147464969,0.0,,,,0.0,0.0,6.627637566496706,0.0,1.0,16.48040333333335,1.766,0.0,0.0,0.0,0.0,0.0,0.0,1.7466533333333334,16.51160000000002,0.0,1.766
3,8337.838258473257,3057.2128339996616,7.2194431582051815,0.0,,,,0.0,0.0,3.2409892496243002,0.0,1.0,16.48040333333335,1.766,0.0,0.0,0.0,0.0,0.0,0.0,1.7466533333333334,16.51160000000002,0.0,1.766
4,8064.085537653749,3178.5067920371466,8.0,0.24750881319230728,,,,0.0,0.0,0.0,0.0,1.0,16.48040333333335,1.766,0.0,0.0,0.0,0.0,0.0,0.0,1.7466533333333334,16.51160000000002,0.0,1.766
