,cost,emission,grid,wood_supply,DHDC_small_heat,DHDC_medium_heat,DHDC_large_heat,wood_boiler_heat,wood_boiler_DHW,PV,SCFP,DHW_to_heat,ASHP,ASHP_DHW,GSHP_heat,GSHP_cooling,battery,DHW_storage,heat_storage,geothermal_boreholes,demand_electricity,demand_space_heating,demand_space_cooling,demand_hot_water
0,48744.4320788436,7114.235886737351,17.96131370234798,0.40668312131852463,,,,0.0,5.0,59.05232037672132,0.0,0.0,28.29284151459294,4.282488481743699,15.028358485407063,22.678199999999997,12.62454646594013,0.0,0.0,28.347749999999998,8.053773333333334,43.321200000000005,22.6782,4.567166666666667
1,27479.305399173758,7628.382097181367,19.811173581918453,0.0,,,,0.0,0.0,44.08844934224114,0.0,1.0,41.11856762761315,4.567166666666667,1.464299039053516,19.250349999999997,4.973124470894959,0.0,0.0,24.062937499999997,8.053773333333334,43.321200000000005,22.6782,4.567166666666667
2,25156.904028342884,8142.528307625384,19.994629249456967,0.0,,,,0.0,0.0,27.54589132435543,0.0,1.0,41.1518952449505,4.567166666666667,1.4309714217161635,18.948833333333333,0.38706017334938353,0.0,0.0,23.686041666666668,8.053773333333334,43.321200000000005,22.6782,4.567166666666667
3,23825.701546219745,8656.674518069156,20.32947731222424,0.0,,,,0.0,0.0,13.159969436231435,0.0,1.0,41.16874506075994,4.567166666666667,1.41412160590673,17.90501666666667,0.0,0.0,0.0,22.381270833333335,8.053773333333334,43.321200000000005,22.6782,4.567166666666667
4,22753.65646636721,9170.820728513409,21.0,0.40668312131852463,,,,0.0,0.0,0.0,0.0,1.0,41.23956265411738,4.567166666666667,1.3433040125492859,14.653499999999998,0.0,0.0,0.0,18.316874999999996,8.053773333333334,43.321200000000005,22.6782,4.567166666666667
