,cost,emission,grid,wood_supply,DHDC_small_heat,DHDC_medium_heat,DHDC_large_heat,wood_boiler_heat,wood_boiler_DHW,PV,SCFP,DHW_to_heat,ASHP,ASHP_DHW,GSHP_heat,GSHP_cooling,battery,DHW_storage,heat_storage,geothermal_boreholes,demand_electricity,demand_space_heating,demand_space_cooling,demand_hot_water
0,27863.9185811358,1710.378322093555,3.6435829013074916,0.2798656082155817,,,,0.0,5.0,22.81874520445191,0.0,0.0,3.394166666666666,1.9072607409157591,3.5975666666666646,5.842659999999997,5.6062108023962125,0.0,0.0,7.303324999999996,2.515046666666666,6.991733333333332,5.842659999999998,2.1031666666666666
1,7167.516586278297,1917.49674061313,3.8564949472410537,0.0,,,,0.0,0.0,17.095193291299864,0.0,1.0,0.815410707135595,2.1031666666666666,6.169262626197735,5.4431666666666665,2.3165839460157143,0.0,0.0,6.803958333333332,2.515046666666666,6.991733333333332,5.842659999999998,2.1031666666666666
2,6236.721682393424,2124.6151591327034,4.411457941808908,0.0,,,,0.0,0.0,10.509464700480741,0.0,1.0,0.8210918805579976,2.1031666666666666,6.163581452775333,5.222326666666665,0.34405827900870867,0.0,0.0,6.527908333333331,2.515046666666666,6.991733333333332,5.842659999999998,2.1031666666666666
3,5722.0002668049765,2331.7335776522827,4.682105158235553,0.0,,,,0.0,0.0,4.9874019233795295,0.0,1.0,0.6796666666666665,2.1031666666666666,6.305006666666664,5.162993333333331,0.0,0.0,0.0,6.453741666666663,2.515046666666666,6.991733333333332,5.842659999999998,2.1031666666666666
4,5346.780072836236,2538.8519961718525,5.0,0.2798656082155817,,,,0.0,0.0,0.0,0.0,1.0,0.5460629295359165,2.1031666666666666,6.438610403797414,5.296597070464081,0.0,0.0,0.0,6.6207463380801,2.515046666666666,6.991733333333332,5.842659999999998,2.1031666666666666
