,cost,emission,grid,wood_supply,DHDC_small_heat,DHDC_medium_heat,DHDC_large_heat,wood_boiler_heat,wood_boiler_DHW,PV,SCFP,DHW_to_heat,ASHP,ASHP_DHW,GSHP_heat,GSHP_cooling,battery,DHW_storage,heat_storage,geothermal_boreholes,demand_electricity,demand_space_heating,demand_space_cooling,demand_hot_water
0,55110.0666590815,8055.725402617905,22.311502687033908,0.3517815902894962,20.0,0.0,0.0,4.999999999999999,5.0,43.366168654141774,0.0,0.0,57.41050806110173,4.733086220130685,,,8.265991852723321,0.0,0.0,,6.491833333333333,57.69193333333333,17.6934,4.979333333333333
1,29241.04455166457,8474.19703177411,24.54845106678779,0.0,0.0,0.0,0.0,0.0,0.0,36.30275806468647,0.0,1.0,57.67159999999999,4.979333333333333,,,3.66093929616736,0.0,0.0,,6.491833333333333,57.69193333333333,17.6934,4.979333333333333
2,27391.643420534405,8892.668660930307,24.692913451834478,0.0,0.0,0.0,0.0,0.0,0.0,22.732837153247914,0.0,1.0,57.67159999999999,4.979333333333333,,,0.15647212753292264,0.0,0.0,,6.491833333333333,57.69193333333333,17.6934,4.979333333333333
3,26322.382326770698,9311.140290086505,24.817953941178423,0.0,0.0,0.0,0.0,0.0,0.0,10.987291414289087,0.0,1.0,57.67159999999999,4.979333333333333,,,0.0,0.0,0.0,,6.491833333333333,57.69193333333333,17.6934,4.979333333333333
4,25415.369420442687,9729.611919242701,25.0,0.3517815902894962,0.0,0.0,0.0,0.0,0.0,0.0,0.0,1.0,57.67159999999999,4.979333333333333,,,0.0,0.0,0.0,,6.491833333333333,57.69193333333333,17.6934,4.979333333333333
