,cost,emission,grid,wood_supply,DHDC_small_heat,DHDC_medium_heat,DHDC_large_heat,wood_boiler_heat,wood_boiler_DHW,PV,SCFP,DHW_to_heat,ASHP,ASHP_DHW,GSHP_heat,GSHP_cooling,battery,DHW_storage,heat_storage,geothermal_boreholes,demand_electricity,demand_space_heating,demand_space_cooling,demand_hot_water
0,75337.06526540546,13960.574078786709,68.87155110095735,0.3684042047432318,20.0,0.0,0.0,4.999999999999998,5.0,48.11548706949479,0.0,0.0,138.86015330287205,0.0,,,11.347999999999999,0.0,0.0,,29.376883333333335,139.15487666666664,93.53948333333334,7.335959999999999
1,49828.01352203822,14423.746411271162,71.50326444444443,0.0,0.0,0.0,0.0,0.0,0.0,40.10846331006635,0.0,3.0,136.4715833333333,7.335959999999998,,,2.139390470454411,0.0,0.0,,29.376883333333335,139.15487666666664,93.53948333333334,7.335959999999999
2,48091.88332580943,14886.9187437558,71.50326444444443,0.0,0.0,0.0,0.0,0.0,0.0,25.694066940766767,0.0,3.0,136.4715833333333,7.335959999999998,,,0.0,0.0,0.0,,29.376883333333335,139.15487666666664,93.53948333333334,7.335959999999999
3,46753.3989876182,15350.091076240487,71.50326444444443,0.0,0.0,0.0,0.0,0.0,0.0,11.796649298587507,0.0,3.0,136.4715833333333,7.335959999999998,,,0.0,0.0,0.0,,29.376883333333335,139.15487666666664,93.53948333333334,7.335959999999999
4,45819.691729225015,15813.263408725326,72.0,0.3684042047432318,0.0,0.0,0.0,0.0,0.0,0.0,0.0,3.0,136.4715833333333,7.335959999999998,,,0.0,0.0,0.0,,29.376883333333335,139.15487666666664,93.53948333333334,7.335959999999999
