,cost,emission,grid,wood_supply,DHDC_small_heat,DHDC_medium_heat,DHDC_large_heat,wood_boiler_heat,wood_boiler_DHW,PV,SCFP,DHW_to_heat,ASHP,ASHP_DHW,GSHP_heat,GSHP_cooling,battery,DHW_storage,heat_storage,geothermal_boreholes,demand_electricity,demand_space_heating,demand_space_cooling,demand_hot_water
0,35953.15219421424,4663.1227905247615,13.606352991151471,0.27190830117120185,,,,0.0,5.0,20.545228906057677,0.0,0.0,27.4910487109375,2.515497522513492,7.749451289062514,8.5706,4.1113065878416,0.0,0.0,10.713250000000002,3.0811666666666664,35.24049999999999,8.5706,2.705833333333333
1,15150.017056123834,4855.06312131108,13.29172485380608,0.0,,,,0.0,0.0,15.88795684507547,0.0,1.0,23.66119061755949,2.705833333333333,11.552779382440505,8.4007,1.3989674341506693,0.0,0.0,10.500875,3.0811666666666664,35.24049999999999,8.5706,2.705833333333333
2,14388.47917771714,5047.003452097408,13.328897343805908,0.0,,,,0.0,0.0,9.90911100331666,0.0,1.0,23.69018361215538,2.705833333333333,11.523786387844613,7.272266666666667,0.0,0.0,0.0,9.090333333333334,3.0811666666666664,35.24049999999999,8.5706,2.705833333333333
3,13972.499811146221,5238.943782883736,13.357513348478609,0.0,,,,0.0,0.0,4.869776434366913,0.0,1.0,23.69018361215537,2.705833333333333,11.523786387844623,7.272266666666667,0.0,0.0,0.0,9.090333333333334,3.0811666666666664,35.24049999999999,8.5706,2.705833333333333
4,13588.769060321518,5430.884113670057,14.0,0.27190830117120185,,,,0.0,0.0,0.0,0.0,1.0,23.695087005012557,2.705833333333333,11.518882994987436,7.129133333333334,0.0,0.0,0.0,8.95913121832356,3.0811666666666664,35.24049999999999,8.5706,2.705833333333333
