,cost,emission,grid,wood_supply,DHDC_small_heat,DHDC_medium_heat,DHDC_large_heat,wood_boiler_heat,wood_boiler_DHW,PV,SCFP,DHW_to_heat,ASHP,ASHP_DHW,GSHP_heat,GSHP_cooling,battery,DHW_storage,heat_storage,geothermal_boreholes,demand_electricity,demand_space_heating,demand_space_cooling,demand_hot_water
0,53687.07152027088,8766.839641719454,27.82452039053613,0.4015824705427606,,,,0.0,4.999999999999999,57.594991583645886,0.0,0.0,62.30519999999999,6.0816956039534,,,11.778294887241637,0.0,0.0,,7.657833333333333,62.30519999999999,23.957706666666663,6.362803333333333
1,32547.545655100366,9287.953102611973,28.02171834617008,0.0,,,,0.0,0.0,43.25836241216452,0.0,1.0,62.3047,6.362803333333333,,,4.630800207696246,0.0,0.0,,7.657833333333333,62.30519999999999,23.957706666666663,6.362803333333333
2,30413.872370378558,9809.066563504486,28.112248468361816,0.0,,,,0.0,0.0,27.04878222864207,0.0,1.0,62.3047,6.362803333333333,,,0.0,0.0,0.0,,7.657833333333333,62.30519999999999,23.957706666666663,6.362803333333333
3,29246.331875678785,10330.180024396981,28.18976656653,0.0,,,,0.0,0.0,13.169028203014824,0.0,1.0,62.3047,6.362803333333333,,,0.0,0.0,0.0,,7.657833333333333,62.30519999999999,23.957706666666663,6.362803333333333
4,28215.731949197914,10851.293485289505,29.0,0.4015824705427606,,,,0.0,0.0,0.0,0.0,1.0,62.3047,6.362803333333333,,,0.0,0.0,0.0,,7.657833333333333,62.30519999999999,23.957706666666663,6.362803333333333
