,cost,emission,grid,wood_supply,DHDC_small_heat,DHDC_medium_heat,DHDC_large_heat,wood_boiler_heat,wood_boiler_DHW,PV,SCFP,DHW_to_heat,ASHP,ASHP_DHW,GSHP_heat,GSHP_cooling,battery,DHW_storage,heat_storage,geothermal_boreholes,demand_electricity,demand_space_heating,demand_space_cooling,demand_hot_water
0,27323.335867119153,2065.064982007533,5.542710640464162,0.23530161364667743,,,,0.0,5.0,10.086175327622117,0.0,0.0,12.976320000000001,0.8714255371139923,,,2.206518526202503,0.0,0.0,,1.2883333333333333,12.976320000000001,5.30658,1.0361366666666665
1,7051.961136623764,2156.320779322538,5.623944786400657,0.0,,,,0.0,0.0,8.071974990405867,0.0,1.0,12.931820000000002,1.0361366666666665,,,0.994423988544455,0.0,0.0,,1.2883333333333333,12.976320000000001,5.30658,1.0361366666666665
2,6634.073360458254,2247.576576637539,5.63979441354049,0.0,,,,0.0,0.0,5.074560273972312,0.0,1.0,12.931820000000002,1.0361366666666665,,,0.16648456926786495,0.0,0.0,,1.2883333333333333,12.976320000000001,5.30658,1.0361366666666665
3,6365.98399096705,2338.8323739525404,5.653931437118448,0.0,,,,0.0,0.0,2.401025928634428,0.0,1.0,12.931820000000002,1.0361366666666665,,,0.0,0.0,0.0,,1.2883333333333333,12.976320000000001,5.30658,1.0361366666666665
4,6167.220776481962,2430.0881712675387,6.0,0.23530161364667743,,,,0.0,0.0,0.0,0.0,1.0,12.931820000000002,1.0361366666666665,,,0.0,0.0,0.0,,1.2883333333333333,12.976320000000001,5.30658,1.0361366666666665
