,cost,emission,grid,wood_supply,DHDC_small_heat,DHDC_medium_heat,DHDC_large_heat,wood_boiler_heat,wood_boiler_DHW,PV,SCFP,DHW_to_heat,ASHP,ASHP_DHW,GSHP_heat,GSHP_cooling,battery,DHW_storage,heat_storage,geothermal_boreholes,demand_electricity,demand_space_heating,demand_space_cooling,demand_hot_water
0,75237.37787000216,13080.518257366422,36.98852068385676,0.4909141022037839,20.0,0.0,0.0,5.0,5.0,83.11831491536682,0.0,0.0,92.95571538490364,8.57186012845735,,,17.022474946476105,0.0,0.0,,12.015573333333327,93.34844666666667,32.45873333333333,8.936470000000002
1,49395.45542405694,13884.965565561193,40.9232390218978,0.0,0.0,0.0,0.0,0.0,0.0,68.19850316219198,0.0,1.0,93.34794666666666,8.93647,,,7.6594594516372325,0.0,0.0,,12.015573333333327,93.34844666666667,32.45873333333333,8.936470000000002
2,45907.55473620701,14689.412873755988,41.064574065836126,0.0,0.0,0.0,0.0,0.0,0.0,42.66039296514281,0.0,1.0,93.34794666666666,8.93647,,,0.5094128492884965,0.0,0.0,,12.015573333333327,93.34844666666667,32.45873333333333,8.936470000000002
3,43921.6996515331,15493.860181950777,41.41590777508377,0.0,0.0,0.0,0.0,0.0,0.0,20.55326905279175,0.0,1.0,93.34794666666666,8.93647,,,0.0,0.0,0.0,,12.015573333333327,93.34844666666667,32.45873333333333,8.936470000000002
4,42287.57075582663,16298.30749014558,42.0,0.4909141022037839,0.0,0.0,0.0,0.0,0.0,0.0,0.0,1.0,93.34794666666666,8.93647,,,0.0,0.0,0.0,,12.015573333333327,93.34844666666667,32.45873333333333,8.936470000000002
