,cost,emission,grid,wood_supply,DHDC_small_heat,DHDC_medium_heat,DHDC_large_heat,wood_boiler_heat,wood_boiler_DHW,PV,SCFP,DHW_to_heat,ASHP,ASHP_DHW,GSHP_heat,GSHP_cooling,battery,DHW_storage,heat_storage,geothermal_boreholes,demand_electricity,demand_space_heating,demand_space_cooling,demand_hot_water
0,40956.09634546985,4344.648133769393,12.266095149346087,0.26276818995216644,20.0,0.0,0.0,5.0,5.0,17.93376855776184,0.0,0.0,31.9901187813716,2.6115322670334833,,,3.189682388736048,0.0,0.0,,3.061,32.20033333333333,8.951879999999997,2.807333333333333
1,15088.964825989857,4535.334339510428,13.507959477834001,0.0,0.0,0.0,0.0,0.0,0.0,15.754361345773804,0.0,1.0,32.17897,2.807333333333333,,,1.303934561536237,0.0,0.0,,3.061,32.20033333333333,8.951879999999997,2.807333333333333
2,14357.475872403615,4726.020545251469,13.541016956050953,0.0,0.0,0.0,0.0,0.0,0.0,9.825909711313066,0.0,1.0,32.17897,2.807333333333333,,,0.0,0.0,0.0,,3.061,32.20033333333333,8.951879999999997,2.807333333333333
3,13952.396180295615,4916.706750992505,13.568696278817107,0.0,0.0,0.0,0.0,0.0,0.0,4.861964028074911,0.0,1.0,32.17897,2.807333333333333,,,0.0,0.0,0.0,,3.061,32.20033333333333,8.951879999999997,2.807333333333333
4,13566.964558287844,5107.39295673356,14.0,0.26276818995216644,0.0,0.0,0.0,0.0,0.0,0.0,0.0,1.0,32.17897,2.807333333333333,,,0.0,0.0,0.0,,3.061,32.20033333333333,8.951879999999997,2.807333333333333
