,cost,emission,grid,wood_supply,DHDC_small_heat,DHDC_medium_heat,DHDC_large_heat,wood_boiler_heat,wood_boiler_DHW,PV,SCFP,DHW_to_heat,ASHP,ASHP_DHW,GSHP_heat,GSHP_cooling,battery,DHW_storage,heat_storage,geothermal_boreholes,demand_electricity,demand_space_heating,demand_space_cooling,demand_hot_water
0,52681.00096381358,7128.563161930071,20.24114295653764,0.3554889129838436,20.0,0.0,0.0,5.0,5.0,44.425403709669595,0.0,0.0,51.152868869612924,4.77215776091131,,,10.607975932953622,0.0,0.0,,6.393666666666667,51.43726,17.093559999999993,5.022803333333333
1,26976.561252179083,7592.269258249969,22.473611179368753,0.0,0.0,0.0,0.0,0.0,0.0,36.62947899584984,0.0,1.0,51.436926666666665,5.022803333333332,,,4.982938444719319,0.0,0.0,,6.393666666666667,51.43726,17.093559999999993,5.022803333333333
2,25114.4800789609,8055.975354569868,22.555686440475203,0.0,0.0,0.0,0.0,0.0,0.0,22.87013330064073,0.0,1.0,51.436926666666665,5.022803333333332,,,0.7113278447233078,0.0,0.0,,6.393666666666667,51.43726,17.093559999999993,5.022803333333333
3,24064.99080180925,8519.681450889755,22.62744538856798,0.0,0.0,0.0,0.0,0.0,0.0,10.840245607044354,0.0,1.0,51.436926666666665,5.022803333333332,,,0.0,0.0,0.0,,6.393666666666667,51.43726,17.093559999999993,5.022803333333333
4,23317.10882687563,8983.387547209652,23.0,0.3554889129838436,0.0,0.0,0.0,0.0,0.0,0.0,0.0,1.0,51.436926666666665,5.022803333333332,,,0.0,0.0,0.0,,6.393666666666667,51.43726,17.093559999999993,5.022803333333333
