,cost,emission,grid,wood_supply,DHDC_small_heat,DHDC_medium_heat,DHDC_large_heat,wood_boiler_heat,wood_boiler_DHW,PV,SCFP,DHW_to_heat,ASHP,ASHP_DHW,GSHP_heat,GSHP_cooling,battery,DHW_storage,heat_storage,geothermal_boreholes,demand_electricity,demand_space_heating,demand_space_cooling,demand_hot_water
0,36577.80536312333,2922.1865961489775,5.320139324242367,0.2754858674244563,20.0,0.0,0.0,5.0,5.0,21.5673906927018,0.0,0.0,11.232077972727106,2.82165989280288,,,4.1321833779988,0.0,0.0,,3.395,11.452466666666673,8.631166666666667,3.0735000000000006
1,10636.318090431676,3153.593203530416,6.685996867993194,0.0,0.0,0.0,0.0,0.0,0.0,18.428425787119092,0.0,1.0,11.435300000000007,3.0735,,,1.3780582115394822,0.0,0.0,,3.395,11.452466666666673,8.631166666666667,3.0735000000000006
2,9838.152672133307,3384.9998109118624,6.740737163492435,0.0,0.0,0.0,0.0,0.0,0.0,11.568399040519282,0.0,1.0,11.435300000000007,3.0735,,,0.0,0.0,0.0,,3.395,11.452466666666673,8.631166666666667,3.0735000000000006
3,9382.556721075762,3616.406418293308,6.80659527292843,0.0,0.0,0.0,0.0,0.0,0.0,5.731189822072101,0.0,1.0,11.435300000000007,3.0735,,,0.0,0.0,0.0,,3.395,11.452466666666673,8.631166666666667,3.0735000000000006
4,8947.387600416434,3847.813025674757,7.0,0.2754858674244563,0.0,0.0,0.0,0.0,0.0,0.0,0.0,1.0,11.435300000000007,3.0735,,,0.0,0.0,0.0,,3.395,11.452466666666673,8.631166666666667,3.0735000000000006
