,cost,emission,grid,wood_supply,DHDC_small_heat,DHDC_medium_heat,DHDC_large_heat,wood_boiler_heat,wood_boiler_DHW,PV,SCFP,DHW_to_heat,ASHP,ASHP_DHW,GSHP_heat,GSHP_cooling,battery,DHW_storage,heat_storage,geothermal_boreholes,demand_electricity,demand_space_heating,demand_space_cooling,demand_hot_water
0,35168.97879391551,2376.1874413811706,6.649886850375712,0.2550076444244088,20.0,0.0,0.0,5.0,5.0,15.716469835545357,0.0,0.0,17.378953884460472,1.2136613155695803,,,3.7772105629571198,0.0,0.0,,1.9476666666666667,17.582960000000003,4.704999999999999,1.3921666666666666
1,9224.730425392467,2527.8572492592707,7.300828469444738,0.0,0.0,0.0,0.0,0.0,0.0,13.12225174683075,0.0,1.0,17.546460000000003,1.3921666666666666,,,1.871663111680823,0.0,0.0,,1.9476666666666667,17.582960000000003,4.704999999999999,1.3921666666666666
2,8530.595950940346,2679.527057137369,7.355926818713009,0.0,0.0,0.0,0.0,0.0,0.0,8.220639232133859,0.0,1.0,17.546460000000003,1.3921666666666666,,,0.6088406462074059,0.0,0.0,,1.9476666666666667,17.582960000000003,4.704999999999999,1.3921666666666666
3,8059.069263176413,2831.1968650154668,7.508600483094168,0.0,0.0,0.0,0.0,0.0,0.0,3.8133591191123704,0.0,1.0,17.546460000000003,1.3921666666666666,,,0.0,0.0,0.0,,1.9476666666666667,17.582960000000003,4.704999999999999,1.3921666666666666
4,7762.8659493380055,2982.86667289357,8.0,0.2550076444244088,0.0,0.0,0.0,0.0,0.0,0.0,0.0,1.0,17.546460000000003,1.3921666666666666,,,0.0,0.0,0.0,,1.9476666666666667,17.582960000000003,4.704999999999999,1.3921666666666666
