,cost,emission,grid,wood_supply,DHDC_small_heat,DHDC_medium_heat,DHDC_large_heat,wood_boiler_heat,wood_boiler_DHW,PV,SCFP,DHW_to_heat,ASHP,ASHP_DHW,GSHP_heat,GSHP_cooling,battery,DHW_storage,heat_storage,geothermal_boreholes,demand_electricity,demand_space_heating,demand_space_cooling,demand_hot_water
0,41024.038306998955,4182.969030880935,6.414945674819558,0.31572871942665504,20.0,0.0,0.0,4.999999999999999,5.0,33.065348407615716,0.0,0.0,12.067166666666665,3.965489896401341,,,6.220808222178455,0.0,0.0,,5.4718333333333335,12.302393333333335,12.067166666666665,4.228
1,14980.097093832264,4526.393869953989,10.389085113179615,0.0,0.0,0.0,0.0,0.0,0.0,27.62183733258889,0.0,1.0,12.296500000000002,4.228,,,1.8612249429327434,0.0,0.0,,5.4718333333333335,12.302393333333335,12.067166666666665,4.228
2,13788.883084280276,4869.81870902705,10.821043827160494,0.0,0.0,0.0,0.0,0.0,0.0,17.281852231299172,0.0,1.0,12.296500000000002,4.228,,,0.0,0.0,0.0,,5.4718333333333335,12.302393333333335,12.067166666666665,4.228
3,13106.264775360209,5213.243548100106,10.821043827160494,0.0,0.0,0.0,0.0,0.0,0.0,8.585364031663715,0.0,1.0,12.296500000000002,4.228,,,0.0,0.0,0.0,,5.4718333333333335,12.302393333333335,12.067166666666665,4.228
4,12445.056627805254,5556.668387173165,11.0,0.31572871942665504,0.0,0.0,0.0,0.0,0.0,0.0,0.0,1.0,12.296500000000002,4.228,,,0.0,0.0,0.0,,5.4718333333333335,12.302393333333335,12.067166666666665,4.228
