,cost,emission,grid,wood_supply,DHDC_small_heat,DHDC_medium_heat,DHDC_large_heat,wood_boiler_heat,wood_boiler_DHW,PV,SCFP,DHW_to_heat,ASHP,ASHP_DHW,GSHP_heat,GSHP_cooling,battery,DHW_storage,heat_storage,geothermal_boreholes,demand_electricity,demand_space_heating,demand_space_cooling,demand_hot_water
0,51015.6871758844,4950.647145304751,28.520164412745835,0.3789042855364295,20.0,0.0,0.0,4.999999999999999,5.0,51.115510153265575,0.0,0.0,62.671543238237525,3.9546666666666668,0.0,0.0,13.719999999999999,0.0,0.0,0.0,10.045276666666664,62.97466666666667,0.0,4.0664066666666665
1,24606.140528943975,5367.262565079577,30.85162215202388,0.0,0.0,0.0,0.0,0.0,0.0,41.550545538560534,0.0,1.0,62.36242666666667,4.0664066666666665,0.0,0.0,2.5043375781632027,0.0,0.0,0.0,10.045276666666664,62.97466666666667,0.0,4.0664066666666665
2,22643.491377606577,5783.877984854426,30.877311666666664,0.0,0.0,0.0,0.0,0.0,0.0,25.133642379531203,0.0,1.0,62.36242666666667,4.0664066666666665,0.0,0.0,2.440646094083862,0.0,0.0,0.0,10.045276666666664,62.97466666666667,0.0,4.0664066666666665
3,20942.586686276576,6200.493404629316,30.877311666666664,0.0,0.0,0.0,0.0,0.0,0.0,11.788560614794468,0.0,1.0,62.36242666666667,4.0664066666666665,0.0,0.0,0.29496373627780215,0.0,0.0,0.0,10.045276666666664,62.97466666666667,0.0,4.0664066666666665
4,19845.451304975184,6617.108824404289,31.0,0.3789042855364295,0.0,0.0,0.0,0.0,0.0,0.0,0.0,1.0,62.36242666666667,4.0664066666666665,0.0,0.0,0.0,0.0,0.0,0.0,10.045276666666664,62.97466666666667,0.0,4.0664066666666665
