,cost,emission,grid,wood_supply,DHDC_small_heat,DHDC_medium_heat,DHDC_large_heat,wood_boiler_heat,wood_boiler_DHW,PV,SCFP,DHW_to_heat,ASHP,ASHP_DHW,GSHP_heat,GSHP_cooling,battery,DHW_storage,heat_storage,geothermal_boreholes,demand_electricity,demand_space_heating,demand_space_cooling,demand_hot_water
0,38384.26330550673,4430.570315292251,10.395618531208779,0.24908050796706951,20.0,0.0,0.0,5.0,5.0,14.02300227630557,0.0,0.0,13.789748926959678,0.0,,,3.583,0.0,0.0,,7.87782,13.989013333333334,8.694279999999992,0.8306066666666666
1,12186.53550220971,4551.953576619969,11.058859444444444,0.0,0.0,0.0,0.0,0.0,0.0,11.611214412448795,0.0,1.0,13.712906666666669,0.8306066666666665,,,0.0,0.0,0.0,,7.87782,13.989013333333334,8.694279999999992,0.8306066666666666
2,11751.195280147498,4673.3368379476815,11.058859444444444,0.0,0.0,0.0,0.0,0.0,0.0,7.530245475724726,0.0,1.0,13.712906666666669,0.8306066666666665,,,0.0,0.0,0.0,,7.87782,13.989013333333334,8.694279999999992,0.8306066666666666
3,11352.61308269549,4794.720099275398,11.058859444444444,0.0,0.0,0.0,0.0,0.0,0.0,3.6400472646527504,0.0,1.0,13.712906666666669,0.8306066666666665,,,0.0,0.0,0.0,,7.87782,13.989013333333334,8.694279999999992,0.8306066666666666
4,11002.22694916363,4916.1033606031,12.0,0.24908050796706951,0.0,0.0,0.0,0.0,0.0,0.0,0.0,1.0,13.712906666666669,0.8306066666666665,,,0.0,0.0,0.0,,7.87782,13.989013333333334,8.694279999999992,0.8306066666666666
