,cost,emission,grid,wood_supply,DHDC_small_heat,DHDC_medium_heat,DHDC_large_heat,wood_boiler_heat,wood_boiler_DHW,PV,SCFP,DHW_to_heat,ASHP,ASHP_DHW,GSHP_heat,GSHP_cooling,battery,DHW_storage,heat_storage,geothermal_boreholes,demand_electricity,demand_space_heating,demand_space_cooling,demand_hot_water
0,53884.85270416799,6751.279730411568,34.11950643679548,0.3303925286835912,20.0,0.0,0.0,5.0,5.0,37.25500819531176,0.0,0.0,80.20901931038647,2.6740585632548197,,,8.44167004308827,0.0,0.0,,10.1175,80.47333333333334,22.29169333333334,2.969803333333333
1,27651.617519759388,7132.600401839121,35.67225163007579,0.0,0.0,0.0,0.0,0.0,0.0,31.583732914033693,0.0,0.0,80.47333333333334,2.969803333333333,,,0.12964211139067452,0.0,0.0,,10.1175,80.47333333333334,22.29169333333334,2.969803333333333
2,26476.428386548752,7513.921073266678,35.76591805555555,0.0,0.0,0.0,0.0,0.0,0.0,19.831336889216576,0.0,0.0,80.47333333333334,2.969803333333333,,,0.0,0.0,0.0,,10.1175,80.47333333333334,22.29169333333334,2.969803333333333
3,25597.198865694107,7895.2417446942345,35.76591805555555,0.0,0.0,0.0,0.0,0.0,0.0,9.545753573981635,0.0,0.0,80.47333333333334,2.969803333333333,,,0.0,0.0,0.0,,10.1175,80.47333333333334,22.29169333333334,2.969803333333333
4,24860.516461218514,8276.562416121793,37.0,0.3303925286835912,0.0,0.0,0.0,0.0,0.0,0.0,0.0,0.0,80.47333333333334,2.969803333333333,,,0.0,0.0,0.0,,10.1175,80.47333333333334,22.29169333333334,2.969803333333333
