,cost,emission,grid,wood_supply,DHDC_small_heat,DHDC_medium_heat,DHDC_large_heat,wood_boiler_heat,wood_boiler_DHW,PV,SCFP,DHW_to_heat,ASHP,ASHP_DHW,GSHP_heat,GSHP_cooling,battery,DHW_storage,heat_storage,geothermal_boreholes,demand_electricity,demand_space_heating,demand_space_cooling,demand_hot_water
0,50573.3970867888,8944.069728407412,20.12229252852491,0.3021946846982496,20.0,0.0,0.0,5.0,5.0,29.19848134235703,0.0,0.0,22.885210918908065,0.0,,,6.473333333333333,0.0,0.0,,16.51046,23.126966666666664,17.2189,1.2974866666666667
1,24075.069303355587,9181.171060635139,21.638601661354517,0.0,0.0,0.0,0.0,0.0,0.0,23.68292462807995,0.0,1.0,22.658146666666667,1.2974866666666665,,,0.0,0.0,0.0,,16.51046,23.126966666666664,17.2189,1.2974866666666667
2,23159.44292119941,9418.272392862918,21.967137773503275,0.0,0.0,0.0,0.0,0.0,0.0,15.372743735468411,0.0,1.0,22.658146666666667,1.2974866666666665,,,0.0,0.0,0.0,,16.51046,23.126966666666664,17.2189,1.2974866666666667
3,22313.651261997045,9655.373725090705,22.481701103648255,0.0,0.0,0.0,0.0,0.0,0.0,7.425001345262069,0.0,1.0,22.658146666666667,1.2974866666666665,,,0.0,0.0,0.0,,16.51046,23.126966666666664,17.2189,1.2974866666666667
4,21568.57845126559,9892.475057318756,24.0,0.3021946846982496,0.0,0.0,0.0,0.0,0.0,0.0,0.0,1.0,22.658146666666667,1.2974866666666665,,,0.0,0.0,0.0,,16.51046,23.126966666666664,17.2189,1.2974866666666667
