,cost,emission,grid,wood_supply,DHDC_small_heat,DHDC_medium_heat,DHDC_large_heat,wood_boiler_heat,wood_boiler_DHW,PV,SCFP,DHW_to_heat,ASHP,ASHP_DHW,GSHP_heat,GSHP_cooling,battery,DHW_storage,heat_storage,geothermal_boreholes,demand_electricity,demand_space_heating,demand_space_cooling,demand_hot_water
0,90744.68315015944,16238.503050508834,87.48704876846364,0.5098171182612764,20.0,0.0,0.0,5.0,5.0,88.51917664607896,0.0,0.0,180.53014630539093,0.7491999999999848,,,23.39333333333333,0.0,0.0,,41.78499666666665,180.93799999999996,100.05033333333334,10.104179999999998
1,65298.72880653306,17065.55651569175,91.13077777777774,0.0,0.0,0.0,0.0,0.0,0.0,72.24874356059618,0.0,4.0,177.27131999999995,10.104179999999998,,,5.924628072212802,0.0,0.0,,41.78499666666665,180.93799999999996,100.05033333333334,10.104179999999998
2,62160.63542039516,17892.60998087493,91.13077777777774,0.0,0.0,0.0,0.0,0.0,0.0,46.7010822786905,0.0,4.0,177.27131999999995,10.104179999999998,,,2.1650944821716496,0.0,0.0,,41.78499666666665,180.93799999999996,100.05033333333334,10.104179999999998
3,59329.32696903593,18719.66344605797,91.13077777777774,0.0,0.0,0.0,0.0,0.0,0.0,21.017308303577718,0.0,4.0,177.27131999999995,10.104179999999998,,,0.0,0.0,0.0,,41.78499666666665,180.93799999999996,100.05033333333334,10.104179999999998
4,57671.15253101015,19546.716911240528,92.0,0.5098171182612764,0.0,0.0,1.6666727257567496e-10,0.0,0.0,0.0,0.0,4.0,177.27131999999995,10.104179999833331,,,0.0,0.0,0.0,,41.78499666666665,180.93799999999996,100.05033333333334,10.104179999999998
