,cost,emission,grid,wood_supply,DHDC_small_heat,DHDC_medium_heat,DHDC_large_heat,wood_boiler_heat,wood_boiler_DHW,PV,SCFP,DHW_to_heat,ASHP,ASHP_DHW,GSHP_heat,GSHP_cooling,battery,DHW_storage,heat_storage,geothermal_boreholes,demand_electricity,demand_space_heating,demand_space_cooling,demand_hot_water
0,85817.36405785686,5961.789046677666,13.93552733460424,0.31477795194050984,0.0,273.13,0.0,4.999999999999999,5.0,32.79370055443137,0.0,0.0,22.956627401209495,4.638125433641642,14.463666903904596,15.943,5.907824124871537,0.0,0.0,19.92875,5.850833333333333,37.67211666666667,15.943,4.867303333333333
1,20131.47159535226,6320.229271076365,16.090908901937198,0.0,0.0,0.0,0.0,0.0,0.0,27.869885264281493,0.0,2.0,23.039705556426643,4.867303333333439,14.632244443573251,14.148333333333333,2.2277236374922738,0.0,0.0,17.685416666666665,5.850833333333333,37.67211666666667,15.943,4.867303333333333
2,18922.301129742875,6678.669495475045,16.151898029106704,0.0,0.0,0.0,0.0,0.0,0.0,17.434793924419214,0.0,2.0,23.03970555642665,4.867303333333333,14.63224444357335,14.148333333333333,0.0,0.0,0.0,17.685416666666665,5.850833333333333,37.67211666666667,15.943,4.867303333333333
3,18270.249537246236,7037.1097198738435,16.203226436331605,0.0,0.0,0.0,0.0,0.0,0.0,8.672102768384805,0.0,2.0,23.040729945364042,4.867303333333333,14.631220054635955,14.116069999999997,0.0,0.0,0.0,17.645087499999995,5.850833333333333,37.67211666666667,15.943,4.867303333333333
4,17635.438349532556,7395.549944272411,17.0,0.31477795194050984,0.0,0.0,0.0,0.0,0.0,0.0,0.0,2.0,23.04646217707124,4.867303333333333,14.625487822928761,13.980666666666668,0.0,0.0,0.0,17.475833333333334,5.850833333333333,37.67211666666667,15.943,4.867303333333333
