,cost,emission,grid,wood_supply,DHDC_small_heat,DHDC_medium_heat,DHDC_large_heat,wood_boiler_heat,wood_boiler_DHW,PV,SCFP,DHW_to_heat,ASHP,ASHP_DHW,GSHP_heat,GSHP_cooling,battery,DHW_storage,heat_storage,geothermal_boreholes,demand_electricity,demand_space_heating,demand_space_cooling,demand_hot_water
0,30630.459588500325,2804.340403466555,8.073293914833549,0.268070738169062,,,,0.0,5.000000000000001,19.44878233401771,0.0,0.0,13.435471754529015,2.043017149948323,6.257211578804268,6.778500000000001,3.7501872986326434,0.0,0.0,8.473125,2.5511666666666666,19.692683333333335,6.7785,2.2306666666666666
1,10123.559141192114,2976.2309319309443,8.17746349580575,0.0,,,,0.0,0.0,14.91760541355886,0.0,1.0,13.350873414125207,2.2306666666666666,6.334779919208126,6.704333333333333,1.4652212725377054,0.0,0.0,8.380416666666665,2.5511666666666666,19.692683333333335,6.7785,2.2306666666666666
2,9370.46005952352,3148.1214603953385,8.208791645801176,0.0,,,,0.0,0.0,9.312717212191362,0.0,1.0,13.364812760032128,2.2306666666666666,6.320840573301206,6.227833333333333,0.0,0.0,0.0,7.784791666666665,2.5511666666666666,19.692683333333335,6.7785,2.2306666666666666
3,8952.924265045282,3320.011988859729,8.234010413673309,0.0,,,,0.0,9.093514089878832e-10,4.566191452018598,0.0,1.0,13.364812760941478,2.2306666657573153,6.320840573301209,6.227833333333333,0.0,0.0,0.0,7.784791666666665,2.5511666666666666,19.692683333333335,6.7785,2.2306666666666666
4,8569.58952379966,3491.9025173241234,9.0,0.268070738169062,,,,0.0,0.0,0.0,0.0,1.0,13.377109808186189,2.2306666666666666,6.308543525147146,5.947593333333334,0.0,0.0,0.0,7.434491666666667,2.5511666666666666,19.692683333333335,6.7785,2.2306666666666666
