,cost,emission,grid,wood_supply,DHDC_small_heat,DHDC_medium_heat,DHDC_large_heat,wood_boiler_heat,wood_boiler_DHW,PV,SCFP,DHW_to_heat,ASHP,ASHP_DHW,GSHP_heat,GSHP_cooling,battery,DHW_storage,heat_storage,geothermal_boreholes,demand_electricity,demand_space_heating,demand_space_cooling,demand_hot_water
0,96595.35309164983,8474.947440785338,19.021109427858974,0.4141766504064506,0.0,273.13,0.0,5.000000000000001,5.000000000000001,61.19332868755729,0.0,0.0,32.89213415804784,7.318016344715483,15.145791188293646,24.878833333333336,11.31970430081299,0.0,0.0,31.09854166666667,9.349833333333333,48.36926666666665,24.878833333333333,7.637440000000001
1,30225.7897975777,9091.579267807934,21.56977718897683,0.0,0.0,0.0,0.0,0.0,0.0,50.776458597949954,0.0,3.0,25.452494413818094,7.637440000000121,22.916272252848433,22.902146666666653,4.916947033587023,0.0,0.0,28.627683333333312,9.349833333333333,48.36926666666665,24.878833333333333,7.637440000000001
2,27780.197739673997,9708.211094830465,21.679079345162698,0.0,0.0,0.0,0.0,0.0,0.0,31.644764968925564,0.0,3.0,25.479524850931533,7.637440000000121,22.889241815734994,21.782479999999985,0.0,0.0,0.0,27.228099999999984,9.349833333333333,48.36926666666665,24.878833333333333,7.637440000000001
3,26476.359775425433,10324.84292185303,21.866713796158646,0.0,0.0,0.0,0.0,0.0,0.0,15.624201144895423,0.0,3.0,25.47952485093172,7.63744,22.889241815734927,21.782479999999985,0.0,0.0,0.0,27.228099999999984,9.349833333333333,48.36926666666665,24.878833333333333,7.637440000000001
4,25247.17928149626,10941.4747488755,23.0,0.4141766504064506,0.0,0.0,0.0,0.0,0.0,0.0,0.0,3.0,25.497707692261926,7.63744,22.871058974404722,21.22297999999999,0.0,0.0,0.0,26.528724999999987,9.349833333333333,48.36926666666665,24.878833333333333,7.637440000000001
