,cost,emission,grid,wood_supply,DHDC_small_heat,DHDC_medium_heat,DHDC_large_heat,wood_boiler_heat,wood_boiler_DHW,PV,SCFP,DHW_to_heat,ASHP,ASHP_DHW,GSHP_heat,GSHP_cooling,battery,DHW_storage,heat_storage,geothermal_boreholes,demand_electricity,demand_space_heating,demand_space_cooling,demand_hot_water
0,54636.79324113093,7038.986085572115,18.9871273720695,0.4098140214060453,20.0,0.0,0.0,5.0,5.0,59.94686325887008,0.0,0.0,45.54614878287518,5.919796851682435,0.0,0.0,12.860292978465651,0.0,0.0,0.0,7.1626666666666665,45.87400000000002,0.0,6.226166666666667
1,28653.928982143098,7606.134919236764,21.752605415695157,0.0,0.0,0.0,0.0,0.0,0.0,48.57254861213284,0.0,1.0,45.87383333333335,6.2261666666666615,0.0,0.0,6.055589160402793,0.0,0.0,0.0,7.1626666666666665,45.87400000000002,0.0,6.226166666666667
2,26043.355095464227,8173.283752901405,21.855082387287826,0.0,0.0,0.0,0.0,0.0,0.0,30.050418954096248,0.0,1.0,45.87383333333335,6.2261666666666615,0.0,0.0,0.6078664762149353,0.0,0.0,0.0,7.1626666666666665,45.87400000000002,0.0,6.226166666666667
3,24614.53175302378,8740.432586566052,21.950408202187575,0.0,0.0,0.0,0.0,0.0,0.0,14.446403272964833,0.0,1.0,45.87383333333334,6.226166666666666,0.0,0.0,0.0,0.0,0.0,0.0,7.1626666666666665,45.87400000000002,0.0,6.226166666666667
4,23470.918662394215,9307.58142023069,23.0,0.4098140214060453,0.0,0.0,0.0,0.0,0.0,0.0,0.0,1.0,45.87383333333334,6.226166666666666,0.0,0.0,0.0,0.0,0.0,0.0,7.1626666666666665,45.87400000000002,0.0,6.226166666666667
