,cost,emission,grid,wood_supply,DHDC_small_heat,DHDC_medium_heat,DHDC_large_heat,wood_boiler_heat,wood_boiler_DHW,PV,SCFP,DHW_to_heat,ASHP,ASHP_DHW,GSHP_heat,GSHP_cooling,battery,DHW_storage,heat_storage,geothermal_boreholes,demand_electricity,demand_space_heating,demand_space_cooling,demand_hot_water
0,46686.301578697276,7656.406559669241,12.899150095594706,0.42413618018323873,,,,0.0,5.000000000000001,64.03890862378249,0.0,0.0,0.0,7.6676046738717325,21.718266666666665,25.308140000000005,11.951706385886776,0.0,0.0,31.635175000000004,10.359,21.718266666666665,25.308139999999998,7.9645
1,25047.911134215898,8260.41390308418,18.222956978661138,0.0,,,,0.0,0.0,47.86286023891462,0.0,1.0,0.0,7.964499999999999,21.71693333333333,25.308139999999998,1.9973801436523506,0.0,0.0,31.635174999999997,10.359,21.718266666666665,25.308139999999998,7.9645
2,23201.042872460173,8864.421246499114,19.27804888888889,0.0,,,,0.0,0.0,30.254979023903598,0.0,1.0,0.0,7.964499999999999,21.71693333333333,25.308139999999998,0.0,0.0,0.0,31.635174999999997,10.359,21.718266666666665,25.308139999999998,7.9645
3,22028.759597968823,9468.428589914023,19.27804888888889,0.0,,,,0.0,0.0,15.106624093463974,0.0,1.0,0.0,7.964499999999999,21.71693333333333,25.308139999999998,0.0,0.0,0.0,31.635174999999997,10.359,21.718266666666665,25.308139999999998,7.9645
4,20864.513777418877,10072.435933328961,20.0,0.42413618018323873,,,,0.0,0.0,0.0,0.0,1.0,0.0,7.964499999999999,21.716933333333333,25.308139999999998,0.0,0.0,0.0,31.635174999999997,10.359,21.718266666666665,25.308139999999998,7.9645
