,cost,emission,grid,wood_supply,DHDC_small_heat,DHDC_medium_heat,DHDC_large_heat,wood_boiler_heat,wood_boiler_DHW,PV,SCFP,DHW_to_heat,ASHP,ASHP_DHW,GSHP_heat,GSHP_cooling,battery,DHW_storage,heat_storage,geothermal_boreholes,demand_electricity,demand_space_heating,demand_space_cooling,demand_hot_water
0,34989.007387897946,4470.317270179538,11.98733837373182,0.27510645531424105,,,,0.0,5.0,21.458987232640293,0.0,0.0,18.799253142119678,3.135592147946698,10.6364301912137,11.640166666666666,3.064350493911097,0.0,0.0,14.550208333333332,3.9623333333333335,29.435683333333326,11.640166666666666,3.3281666666666667
1,14281.944524661385,4663.790116931558,12.093574584218604,0.0,,,,0.0,0.0,16.541603222925215,0.0,2.0,18.681151791028913,3.3281666666666667,10.747804875637744,10.151766666666665,0.1819626208001765,0.0,0.0,12.689708333333332,3.9623333333333335,29.435683333333326,11.640166666666666,3.3281666666666667
2,13687.984947260184,4857.262963683575,12.136312124438692,0.0,,,,0.0,0.0,10.65306035580054,0.0,2.0,18.681151791028935,3.3281666666666667,10.747804875637726,10.151766666666665,0.0,0.0,0.0,12.689708333333332,3.9623333333333335,29.435683333333326,11.640166666666666,3.3281666666666667
3,13220.832149774045,5050.7358104355935,12.190520744320743,0.0,,,,0.0,0.0,5.325142423214131,0.0,2.0,18.681151791028913,3.3281666666666667,10.747804875637744,10.151766666666665,0.0,0.0,0.0,12.689708333333332,3.9623333333333335,29.435683333333326,11.640166666666666,3.3281666666666667
4,12753.75285924051,5244.208657187622,13.0,0.27510645531424105,,,,0.0,0.0,0.0,0.0,2.0,18.68709467527636,3.3281666666666667,10.741861991390298,9.981333333333334,0.0,0.0,0.0,12.476666666666668,3.9623333333333335,29.435683333333326,11.640166666666666,3.3281666666666667
