,cost,emission,grid,wood_supply,DHDC_small_heat,DHDC_medium_heat,DHDC_large_heat,wood_boiler_heat,wood_boiler_DHW,PV,SCFP,DHW_to_heat,ASHP,ASHP_DHW,GSHP_heat,GSHP_cooling,battery,DHW_storage,heat_storage,geothermal_boreholes,demand_electricity,demand_space_heating,demand_space_cooling,demand_hot_water
0,40088.801234594524,5970.179095823684,15.535770364064934,0.30884939547561024,,,,0.0,5.000000000000001,31.099827278745792,0.0,0.0,22.958149606374807,4.4818520898337395,14.230617060292085,15.492000000000003,5.076331073680385,0.0,0.0,19.365000000000002,5.599440000000001,37.188766666666666,15.491999999999999,4.6980466666666665
1,19179.954636314043,6261.309019472342,15.707414799577474,0.0,,,,0.0,0.0,23.671458421794433,0.0,2.0,22.792205249135936,4.6980466666666665,14.396561417530728,13.729133333333339,0.6091976554546781,0.0,0.0,17.161416666666675,5.599440000000001,37.188766666666666,15.491999999999999,4.6980466666666665
2,18315.51166150107,6552.438943120996,15.753702151766813,0.0,,,,0.0,0.0,15.13917718474784,0.0,2.0,22.793149043778815,4.6980466666666665,14.39561762288785,13.699166666666667,0.0,0.0,0.0,17.123958333333334,5.599440000000001,37.188766666666666,15.491999999999999,4.6980466666666665
3,17698.30429488777,6843.5688667697905,15.814336314378702,0.0,,,,0.0,0.0,7.5669542852871,0.0,2.0,22.793149043778822,4.6980466666666665,14.395617622887844,13.699166666666667,0.0,0.0,0.0,17.123958333333334,5.599440000000001,37.188766666666666,15.491999999999999,4.6980466666666665
4,17081.866482662757,7134.698790418314,17.0,0.30884939547561024,,,,0.0,0.0,0.0,0.0,2.0,22.79756671658986,4.6980466666666665,14.391199950076805,13.593966666666669,0.0,0.0,0.0,16.992458333333335,5.599440000000001,37.188766666666666,15.491999999999999,4.6980466666666665
