,cost,emission,grid,wood_supply,DHDC_small_heat,DHDC_medium_heat,DHDC_large_heat,wood_boiler_heat,wood_boiler_DHW,PV,SCFP,DHW_to_heat,ASHP,ASHP_DHW,GSHP_heat,GSHP_cooling,battery,DHW_storage,heat_storage,geothermal_boreholes,demand_electricity,demand_space_heating,demand_space_cooling,demand_hot_water
0,45097.79454077258,8873.141474875965,16.07334368415627,0.3366894419154904,,,,0.0,5.000000000000001,39.054126261568655,0.0,0.0,0.0,8.111317390659154,24.009446666666662,26.66983333333334,3.7509510872253533,0.0,0.0,33.33729166666667,10.718606666666668,24.009446666666662,26.669833333333333,8.347
1,24037.940560461313,9260.098822610593,19.230775555555557,0.0,,,,0.0,0.0,29.872848446686323,0.0,1.0,0.0,8.346999999999998,24.00125,26.669833333333333,0.0,0.0,0.0,33.337291666666665,10.718606666666668,24.009446666666662,26.669833333333333,8.347
2,23234.735423863272,9647.056170345211,19.230775555555557,0.0,,,,0.0,0.0,19.897235233787853,0.0,1.0,0.0,8.346999999999998,24.00125,26.669833333333333,0.0,0.0,0.0,33.337291666666665,10.718606666666668,24.009446666666662,26.669833333333333,8.347
3,22436.7291049024,10034.013518079848,19.230775555555557,0.0,,,,0.0,0.0,9.948603400429809,0.0,1.0,0.0,8.346999999999998,24.00125,26.669833333333333,0.0,0.0,0.0,33.337291666666665,10.718606666666668,24.009446666666662,26.669833333333333,8.347
4,21638.725066622606,10420.970865814445,20.0,0.3366894419154904,,,,0.0,0.0,0.0,0.0,1.0,0.0,8.346999999999998,24.00125,26.669833333333333,0.0,0.0,0.0,33.337291666666665,10.718606666666668,24.009446666666662,26.669833333333333,8.347
