,cost,emission,grid,wood_supply,DHDC_small_heat,DHDC_medium_heat,DHDC_large_heat,wood_boiler_heat,wood_boiler_DHW,PV,SCFP,DHW_to_heat,ASHP,ASHP_DHW,GSHP_heat,GSHP_cooling,battery,DHW_storage,heat_storage,geothermal_boreholes,demand_electricity,demand_space_heating,demand_space_cooling,demand_hot_water
0,85402.91453885945,5092.143745402261,12.137184227779727,0.3488492947905018,0.0,273.13,0.0,5.0,5.0,42.52836994014337,0.0,0.0,20.177650255015806,4.182442160313315,12.697853642485217,14.1335,8.867594933202785,0.0,0.0,17.666874999999997,5.4905,33.154583333333335,14.1335,4.441803333333333
1,19623.400501865675,5506.804596880102,14.194161437665331,0.0,0.0,0.0,0.0,0.0,0.0,34.68787379787968,0.0,2.0,20.291092040226534,4.441803333333458,12.863324626440008,12.657999999999998,4.315311358400097,0.0,0.0,15.822499999999998,5.4905,33.154583333333335,14.1335,4.441803333333333
2,17809.705310758665,5921.465448357955,14.34206765551954,0.0,0.0,0.0,0.0,0.0,0.0,21.583268903394284,0.0,2.0,20.291092040226584,4.441803333333333,12.863324626440084,12.657999999999998,0.43043978743152367,0.0,0.0,15.822499999999998,5.4905,33.154583333333335,14.1335,4.441803333333333
3,16802.124320353112,6336.126299835824,14.588289779235314,0.0,0.0,0.0,0.0,0.0,0.0,10.36633599810401,0.0,2.0,20.307054242703572,4.441803333333333,12.847362423963098,12.151179999999998,0.0,0.0,0.0,15.188975,5.4905,33.154583333333335,14.1335,4.441803333333333
4,16003.620050615818,6750.787151313631,15.0,0.3488492947905018,0.0,0.0,0.0,0.0,0.0,0.0,0.0,2.0,20.309223885560684,4.441803333333333,12.845192781105983,12.099513333333334,0.0,0.0,0.0,15.124391666666668,5.4905,33.154583333333335,14.1335,4.441803333333333
