,cost,emission,grid,wood_supply,DHDC_small_heat,DHDC_medium_heat,DHDC_large_heat,wood_boiler_heat,wood_boiler_DHW,PV,SCFP,DHW_to_heat,ASHP,ASHP_DHW,GSHP_heat,GSHP_cooling,battery,DHW_storage,heat_storage,geothermal_boreholes,demand_electricity,demand_space_heating,demand_space_cooling,demand_hot_water
0,85783.96059320804,5615.186106711852,12.88660838467913,0.33354475771035863,0.0,273.13,0.0,4.999999999999999,5.0,38.155645060102465,0.0,0.0,20.53541374111541,4.493185336269415,14.192417119382904,14.928999999999998,7.222367220998855,0.0,0.0,18.66125,5.863833333333333,34.99466666666665,14.929,4.742500000000001
1,20018.67653460065,6004.838722971569,14.985273761934888,0.0,0.0,0.0,0.0,0.0,0.0,31.72733341562162,0.0,2.0,20.601321070533654,4.742499999999988,14.393012262799676,13.446166666666667,3.05826312988696,0.0,0.0,16.807708333333334,5.863833333333333,34.99466666666665,14.929,4.742500000000001
2,18479.45227055171,6394.491339231313,15.1126934395421,0.0,0.0,0.0,0.0,0.0,0.0,19.76028753834033,0.0,2.0,20.60132107053348,4.7425,14.393012262799836,13.446166666666667,0.0,0.0,0.0,16.807708333333334,5.863833333333333,34.99466666666665,14.929,4.742500000000001
3,17672.58532155698,6784.1439554910385,15.227719440173608,0.0,0.0,0.0,0.0,0.0,0.0,9.733128368248519,0.0,2.0,20.615591774078045,4.7425,14.378741559255271,12.960166666666666,0.0,0.0,0.0,16.20020833333333,5.863833333333333,34.99466666666665,14.929,4.742500000000001
4,16923.203751859703,7173.796571750776,16.0,0.33354475771035863,0.0,0.0,0.0,0.0,0.0,0.0,0.0,2.0,20.626347727272726,4.7425,14.36798560606059,12.685666666666666,0.0,0.0,0.0,15.857083333333335,5.863833333333333,34.99466666666665,14.929,4.742500000000001
