,cost,emission,grid,wood_supply,DHDC_small_heat,DHDC_medium_heat,DHDC_large_heat,wood_boiler_heat,wood_boiler_DHW,PV,SCFP,DHW_to_heat,ASHP,ASHP_DHW,GSHP_heat,GSHP_cooling,battery,DHW_storage,heat_storage,geothermal_boreholes,demand_electricity,demand_space_heating,demand_space_cooling,demand_hot_water
0,31794.918908982483,3218.554725162745,9.745757929936229,0.26400497394068934,,,,0.0,5.000000000000001,18.287135411625545,0.0,0.0,20.014438592687064,2.32702985157485,2.799728073979591,8.088333333333333,4.049029228510479,0.0,0.0,10.110416666666666,2.9089933333333327,22.814166666666654,8.088333333333333,2.511833333333333
1,11018.8476238983,3407.2045527792934,9.359758435487647,0.0,,,,0.0,0.0,14.075935472174457,0.0,1.0,15.54042317773036,2.511833333333333,7.261880155602961,6.925999999999999,1.4745067688067675,0.0,0.0,8.657499999999999,2.9089933333333327,22.814166666666654,8.088333333333333,2.511833333333333
2,10378.35054485014,3595.854380395838,9.39282188647514,0.0,,,,0.0,0.0,8.740913659963718,0.0,1.0,15.540423177730364,2.511833333333333,7.261880155602957,6.925999999999999,0.0,0.0,0.0,8.657499999999999,2.9089933333333327,22.814166666666654,8.088333333333333,2.511833333333333
3,10068.937234264875,3784.504208012382,9.420319200542313,0.0,,,,0.0,0.0,4.304027432295947,0.0,1.0,15.54042317773036,2.511833333333333,7.261880155602961,6.925999999999999,0.0,0.0,0.0,8.657499999999999,2.9089933333333327,22.814166666666654,8.088333333333333,2.511833333333333
4,9784.959678684358,3973.1540356289233,10.0,0.26400497394068934,,,,0.0,0.0,0.0,0.0,1.0,15.543744853778458,2.511833333333333,7.258558479554864,6.847749999999999,0.0,0.0,0.0,8.559687499999999,2.9089933333333327,22.814166666666654,8.088333333333333,2.511833333333333
