,cost,emission,grid,wood_supply,DHDC_small_heat,DHDC_medium_heat,DHDC_large_heat,wood_boiler_heat,wood_boiler_DHW,PV,SCFP,DHW_to_heat,ASHP,ASHP_DHW,GSHP_heat,GSHP_cooling,battery,DHW_storage,heat_storage,geothermal_boreholes,demand_electricity,demand_space_heating,demand_space_cooling,demand_hot_water
0,42269.54545229697,4350.871461621957,11.538902720976859,0.29928979633677066,20.0,0.0,0.0,5.0,5.0,28.368513239077338,0.0,0.0,27.58613482959725,3.508103809230927,0.0,0.0,4.913695635042668,0.0,0.0,0.0,4.180166666666666,27.82556666666667,0.0,3.7466666666666675
1,16311.579340653392,4631.185409873924,13.202554915002823,0.0,0.0,0.0,0.0,0.0,0.0,23.891395830039293,0.0,1.0,27.824506666666615,3.7466666666665938,0.0,0.0,2.091648322338523,0.0,0.0,0.0,4.180166666666666,27.82556666666667,0.0,3.7466666666666675
2,15141.451645222209,4911.499358125879,13.250863322974434,0.0,0.0,0.0,0.0,0.0,0.0,14.85554278981006,0.0,1.0,27.824506666666668,3.746666666666667,0.0,0.0,0.0,0.0,0.0,0.0,4.180166666666666,27.82556666666667,0.0,3.7466666666666675
3,14506.785905253048,5191.813306377839,13.290963352000889,0.0,0.0,0.0,0.0,0.0,0.0,7.355027156902369,0.0,1.0,27.824506666666668,3.746666666666667,0.0,0.0,0.0,0.0,0.0,0.0,4.180166666666666,27.82556666666667,0.0,3.7466666666666675
4,13900.150330101744,5472.127254629797,14.0,0.29928979633677066,0.0,0.0,0.0,0.0,0.0,0.0,0.0,1.0,27.824506666666668,3.746666666666667,0.0,0.0,0.0,0.0,0.0,0.0,4.180166666666666,27.82556666666667,0.0,3.7466666666666675
