,cost,emission,grid,wood_supply,DHDC_small_heat,DHDC_medium_heat,DHDC_large_heat,wood_boiler_heat,wood_boiler_DHW,PV,SCFP,DHW_to_heat,ASHP,ASHP_DHW,GSHP_heat,GSHP_cooling,battery,DHW_storage,heat_storage,geothermal_boreholes,demand_electricity,demand_space_heating,demand_space_cooling,demand_hot_water
0,41485.34194011189,5819.814244680867,16.974597827966235,0.3241220770519498,,,,0.0,5.000000000000001,35.463450586271364,0.0,0.0,35.253146737290855,4.266191212730301,3.5509365960424715,14.549000000000001,6.925549494695706,0.0,0.0,18.18625,5.459369999999999,38.80408333333333,14.549,4.493076666666666
1,19857.058000660247,6156.304351143614,16.023701467268623,0.0,,,,0.0,0.0,26.813818250080686,0.0,2.0,25.268533713492094,4.493076666666665,13.535382953174565,13.351166666666666,2.4662445877323105,0.0,0.0,16.688958333333332,5.459369999999999,38.80408333333333,14.549,4.493076666666666
2,18642.807645647714,6492.794457606375,16.08144296165142,0.0,,,,0.0,0.0,16.743100383744117,0.0,2.0,25.2685337134921,4.493076666666665,13.535382953174562,13.351166666666666,0.0,0.0,0.0,16.688958333333332,5.459369999999999,38.80408333333333,14.549,4.493076666666666
3,17991.424448251673,6829.28456406865,16.152833009808624,0.0,,,,0.0,0.0,8.312789829308196,0.0,2.0,25.26853371349207,4.493076666666665,13.535382953174594,13.351166666666666,0.0,0.0,0.0,16.688958333333332,5.459369999999999,38.80408333333333,14.549,4.493076666666666
4,17361.900632217854,7165.774670531856,17.0,0.3241220770519498,,,,0.0,0.0,0.0,0.0,2.0,25.28018680328798,4.493076666666665,13.52372986337868,13.037859999999997,0.0,0.0,0.0,16.297324999999994,5.459369999999999,38.80408333333333,14.549,4.493076666666666
