,cost,emission,grid,wood_supply,DHDC_small_heat,DHDC_medium_heat,DHDC_large_heat,wood_boiler_heat,wood_boiler_DHW,PV,SCFP,DHW_to_heat,ASHP,ASHP_DHW,GSHP_heat,GSHP_cooling,battery,DHW_storage,heat_storage,geothermal_boreholes,demand_electricity,demand_space_heating,demand_space_cooling,demand_hot_water
0,38831.191500669454,4877.902033985826,12.73913199286611,0.34396399362000407,,,,0.0,5.0,41.13256960571545,0.0,0.0,16.65430175238096,4.172891871132663,12.885531580952469,13.185000000000002,8.64818394258361,0.0,0.0,16.481250000000003,5.348333333333333,29.53983333333333,13.185000000000002,4.413666666666666
1,17984.03862315783,5253.6592164131325,12.982096469090907,0.0,,,,0.0,0.0,30.938983585791878,0.0,2.0,16.417465419906044,4.413666666666666,13.122034580093949,12.089999999999998,3.439468060252202,0.0,0.0,15.112499999999997,5.348333333333333,29.53983333333333,13.185000000000002,4.413666666666666
2,16424.37692389656,5629.416398840429,13.112302354686857,0.0,,,,0.0,0.0,19.2961517328591,0.0,2.0,16.417465419906076,4.413666666666666,13.122034580093919,12.089999999999998,0.0,0.0,0.0,15.112499999999997,5.348333333333333,29.53983333333333,13.185000000000002,4.413666666666666
3,15599.803269949341,6005.173581267724,13.223311973286942,0.0,,,,0.0,0.0,9.37827910728608,0.0,2.0,16.418316451247176,4.413666666666666,13.12118354875282,12.05796666666666,0.0,0.0,0.0,15.072458333333325,5.348333333333333,29.53983333333333,13.185000000000002,4.413666666666666
4,14877.844278868293,6380.930763695024,14.0,0.34396399362000407,,,,0.0,0.0,0.0,0.0,2.0,16.436779659165055,4.413666666666666,13.102720340834939,11.538299999999992,0.0,0.0,0.0,14.42287499999999,5.348333333333333,29.53983333333333,13.185000000000002,4.413666666666666
