,cost,emission,grid,wood_supply,DHDC_small_heat,DHDC_medium_heat,DHDC_large_heat,wood_boiler_heat,wood_boiler_DHW,PV,SCFP,DHW_to_heat,ASHP,ASHP_DHW,GSHP_heat,GSHP_cooling,battery,DHW_storage,heat_storage,geothermal_boreholes,demand_electricity,demand_space_heating,demand_space_cooling,demand_hot_water
0,67311.38560375592,13580.458917742466,22.3808846582283,0.6015072035347112,,,,0.0,5.000000000000001,114.71634386706032,0.0,0.0,0.0,13.401944957525702,31.458606666666668,43.155260000000006,19.824092378808736,0.0,0.0,53.944075000000005,18.464106666666662,31.458606666666668,43.15526,13.823
1,44224.76127213915,14616.311554335716,31.880413134838292,0.0,,,,0.0,0.0,85.37455836670061,0.0,0.0,0.0,13.823,31.458606666666668,43.15526,2.3930304698682106,0.0,0.0,53.944075,18.464106666666662,31.458606666666668,43.15526,13.823
2,41014.59114729865,15652.164190929001,33.10408897160109,0.0,,,,0.0,0.0,54.42845739525087,0.0,0.0,0.0,13.823,31.458606666666668,43.15526,0.0,0.0,0.0,53.944075,18.464106666666662,31.458606666666668,43.15526,13.823
3,38762.269882535475,16688.01682752227,33.33081157453091,0.0,,,,0.0,0.0,27.19412432704917,0.0,0.0,0.0,13.823,31.458606666666668,43.15526,0.0,0.0,0.0,53.944075,18.464106666666662,31.458606666666668,43.15526,13.823
4,36517.693086997926,17723.869464115534,34.0,0.6015072035347112,,,,0.0,0.0,0.0,0.0,0.0,0.0,13.823,31.458606666666668,43.15526,0.0,0.0,0.0,53.944075,18.464106666666662,31.458606666666668,43.15526,13.823
