,cost,emission,grid,wood_supply,DHDC_small_heat,DHDC_medium_heat,DHDC_large_heat,wood_boiler_heat,wood_boiler_DHW,PV,SCFP,DHW_to_heat,ASHP,ASHP_DHW,GSHP_heat,GSHP_cooling,battery,DHW_storage,heat_storage,geothermal_boreholes,demand_electricity,demand_space_heating,demand_space_cooling,demand_hot_water
0,44165.46934624382,5084.883435772854,12.714527457128906,0.30156370243326025,20.0,0.0,0.0,5.0,5.0,29.018200695217207,0.0,0.0,30.88741570472006,4.10470874163005,0.0,0.0,4.491969968765256,0.0,0.0,0.0,4.931166666666667,31.12866666666667,0.0,4.343333333333333
1,18236.123553493595,5381.690342515154,14.626455129123904,0.0,0.0,0.0,0.0,0.0,0.0,24.838681216367988,0.0,1.0,31.12847,4.343333333333333,0.0,0.0,1.6905736141682985,0.0,0.0,0.0,4.931166666666667,31.12866666666667,0.0,4.343333333333333
2,17145.36594155475,5678.497249257447,14.83750552540078,0.0,0.0,0.0,0.0,0.0,0.0,15.603081024678138,0.0,1.0,31.12847,4.343333333333333,0.0,0.0,0.0,0.0,0.0,0.0,4.931166666666667,31.12866666666667,0.0,4.343333333333333
3,16498.02046669065,5975.304155999742,15.041525079167238,0.0,0.0,0.0,0.0,0.0,0.0,7.78925204434598,0.0,1.0,31.12847,4.343333333333333,0.0,0.0,0.0,0.0,0.0,0.0,4.931166666666667,31.12866666666667,0.0,4.343333333333333
4,15855.407463682268,6272.111062742037,16.0,0.30156370243326025,0.0,0.0,0.0,0.0,0.0,0.0,0.0,1.0,31.12847,4.343333333333333,0.0,0.0,0.0,0.0,0.0,0.0,4.931166666666667,31.12866666666667,0.0,4.343333333333333
