,cost,emission,grid,wood_supply,DHDC_small_heat,DHDC_medium_heat,DHDC_large_heat,wood_boiler_heat,wood_boiler_DHW,PV,SCFP,DHW_to_heat,ASHP,ASHP_DHW,GSHP_heat,GSHP_cooling,battery,DHW_storage,heat_storage,geothermal_boreholes,demand_electricity,demand_space_heating,demand_space_cooling,demand_hot_water
0,39123.869755967266,5686.363801207877,14.309873910064145,0.307845009798725,,,,0.0,5.0,30.812859942492853,0.0,0.0,20.109831674632353,4.413008493140892,13.573901658700985,14.721666666666668,5.140565905635739,0.0,0.0,18.402083333333337,5.645666666666667,33.68373333333333,14.72166666666667,4.6285
1,18267.18322678482,5983.457344320538,14.429056909069837,0.0,,,,0.0,0.0,23.403087714385737,0.0,2.0,19.92008699704688,4.6285,13.763479669619779,13.729879999999998,0.8213377305913571,0.0,0.0,17.162349999999996,5.645666666666667,33.68373333333333,14.72166666666667,4.6285
2,17402.36240471864,6280.550887433281,14.617684546427755,0.0,,,,0.0,0.0,14.895821949659057,0.0,2.0,19.93209664248513,4.6285,13.751470024181529,13.335213333333332,0.0,0.0,0.0,16.669016666666664,5.645666666666667,33.68373333333333,14.72166666666667,4.6285
3,16825.151875370997,6577.644430545819,14.813233653717436,0.0,,,,0.0,0.0,7.441685139601575,0.0,2.0,19.932096642485128,4.6285,13.75147002418153,13.335213333333332,0.0,0.0,0.0,16.669016666666664,5.645666666666667,33.68373333333333,14.72166666666667,4.6285
4,16249.145636204268,6874.737973658582,16.0,0.307845009798725,,,,0.0,0.0,0.0,0.0,2.0,19.95237602306548,4.6285,13.731190643601181,12.836713333333332,0.0,0.0,0.0,16.045891666666666,5.645666666666667,33.68373333333333,14.72166666666667,4.6285
