,cost,emission,grid,wood_supply,DHDC_small_heat,DHDC_medium_heat,DHDC_large_heat,wood_boiler_heat,wood_boiler_DHW,PV,SCFP,DHW_to_heat,ASHP,ASHP_DHW,GSHP_heat,GSHP_cooling,battery,DHW_storage,heat_storage,geothermal_boreholes,demand_electricity,demand_space_heating,demand_space_cooling,demand_hot_water
0,89540.92870456885,15158.576951679375,38.12530030129878,0.7221738701295402,20.0,0.0,0.0,5.0,4.999999999999999,149.19253432272572,0.0,0.0,87.19706090389636,14.471614957575984,0.0,0.0,32.10078682323223,0.0,0.0,0.0,17.777166666666666,87.77480000000001,0.0,15.037636666666666
1,62342.42388256714,16589.933063412223,38.04466444257126,0.0,20.0,0.0,0.0,0.0,0.0,105.38370826103669,0.0,20.0,67.90893666666668,14.903333333333332,0.0,0.0,11.486932850755796,0.0,0.0,0.0,17.777166666666666,87.77480000000001,0.0,15.037636666666666
2,56124.19144632429,18021.289175144975,38.27906696815419,0.0,20.0,0.0,0.0,0.0,0.0,59.22982128722302,0.0,20.0,68.28867973964658,14.52359026035343,0.0,0.0,0.0,0.0,0.0,0.0,17.777166666666666,87.77480000000001,0.0,15.037636666666666
3,53107.78838826336,19452.64528687778,38.41827223177192,0.0,20.0,0.0,0.0,0.0,0.0,22.063349034506487,0.0,5.0,82.81227000000001,0.0,0.0,0.0,0.0,0.0,0.0,0.0,17.777166666666666,87.77480000000001,0.0,15.037636666666666
4,51148.835697136135,20884.00139861054,46.0,0.7221738701295402,0.0,0.0,0.0,0.0,0.0,0.0,0.0,1.0,87.77463333333334,15.037636666666666,0.0,0.0,0.0,0.0,0.0,0.0,17.777166666666666,87.77480000000001,0.0,15.037636666666666
