,cost,emission,grid,wood_supply,DHDC_small_heat,DHDC_medium_heat,DHDC_large_heat,wood_boiler_heat,wood_boiler_DHW,PV,SCFP,DHW_to_heat,ASHP,ASHP_DHW,GSHP_heat,GSHP_cooling,battery,DHW_storage,heat_storage,geothermal_boreholes,demand_electricity,demand_space_heating,demand_space_cooling,demand_hot_water
0,84756.04196393405,5313.205846620071,13.338643894763218,0.30666039463791284,0.0,273.13,0.0,5.0,5.0,30.474398467975092,0.0,0.0,31.839038350956333,4.282474390420127,0.0,0.0,4.974637059547168,0.0,0.0,0.0,5.258166666666667,32.08436666666666,0.0,4.525803333333333
1,19010.215107916723,5628.7992563809785,15.32984669750045,0.0,0.0,0.0,0.0,0.0,0.0,25.993081744748547,0.0,1.0,32.084033333333366,4.5258033333332905,0.0,0.0,1.799346483771374,0.0,0.0,0.0,5.258166666666667,32.08436666666666,0.0,4.525803333333333
2,17869.038823886556,5944.392666141898,15.392311102207765,0.0,0.0,0.0,0.0,0.0,0.0,16.263905897500706,0.0,1.0,32.08403333333332,4.525803333333332,0.0,0.0,0.0,0.0,0.0,0.0,5.258166666666667,32.08436666666666,0.0,4.525803333333333
3,17211.49190355389,6259.986075902809,15.50016043861488,0.0,0.0,0.0,0.0,0.0,0.0,8.115202627639972,0.0,1.0,32.08403333333332,4.525803333333332,0.0,0.0,0.0,0.0,0.0,0.0,5.258166666666667,32.08436666666666,0.0,4.525803333333333
4,16560.397923173205,6575.579485663727,16.0,0.30666039463791284,0.0,0.0,0.0,0.0,0.0,0.0,0.0,1.0,32.08403333333332,4.525803333333332,0.0,0.0,0.0,0.0,0.0,0.0,5.258166666666667,32.08436666666666,0.0,4.525803333333333
