,cost,emission,grid,wood_supply,DHDC_small_heat,DHDC_medium_heat,DHDC_large_heat,wood_boiler_heat,wood_boiler_DHW,PV,SCFP,DHW_to_heat,ASHP,ASHP_DHW,GSHP_heat,GSHP_cooling,battery,DHW_storage,heat_storage,geothermal_boreholes,demand_electricity,demand_space_heating,demand_space_cooling,demand_hot_water
0,44692.52327998006,8683.100374795125,15.873972878137087,0.3364394434922827,,,,0.0,5.0,38.98269814065218,0.0,0.0,0.0,7.711462389555403,23.692806666666662,26.914493333333333,3.6222531710185812,0.0,0.0,33.643116666666664,10.388813333333331,23.692806666666666,26.914493333333336,7.94697
1,23618.903845974713,9063.418867254253,19.375391111111107,0.0,,,,0.0,0.0,29.814799253980937,0.0,1.0,0.0,7.94697,23.68930666666666,26.914493333333333,0.0,0.0,0.0,33.643116666666664,10.388813333333331,23.692806666666666,26.914493333333336,7.94697
2,22802.139415338883,9443.737359713386,19.375391111111107,0.0,,,,0.0,0.0,19.868443601056807,0.0,1.0,0.0,7.94697,23.68930666666666,26.914493333333333,0.0,0.0,0.0,33.643116666666664,10.388813333333331,23.692806666666666,26.914493333333336,7.94697
3,21987.710537331142,9824.055852172536,19.375391111111107,0.0,,,,0.0,0.0,9.934209248838505,0.0,1.0,0.0,7.94697,23.68930666666666,26.914493333333333,0.0,0.0,0.0,33.643116666666664,10.388813333333331,23.692806666666666,26.914493333333336,7.94697
4,21173.2837173499,10204.374344631662,20.0,0.33643944349228266,,,,0.0,0.0,0.0,0.0,1.0,0.0,7.94697,23.68930666666666,26.914493333333333,0.0,0.0,0.0,33.643116666666664,10.388813333333331,23.692806666666666,26.914493333333336,7.94697
