,cost,emission,grid,wood_supply,DHDC_small_heat,DHDC_medium_heat,DHDC_large_heat,wood_boiler_heat,wood_boiler_DHW,PV,SCFP,DHW_to_heat,ASHP,ASHP_DHW,GSHP_heat,GSHP_cooling,battery,DHW_storage,heat_storage,geothermal_boreholes,demand_electricity,demand_space_heating,demand_space_cooling,demand_hot_water
0,30453.254685465068,2926.657537602671,7.593256250937579,0.2628469585577517,,,,0.0,5.0,17.956273873643344,0.0,0.0,11.387972857985666,2.25217379567624,6.371410475347678,7.042333333333334,2.760094251801567,0.0,0.0,8.802916666666668,2.8669999999999995,17.759383333333336,7.0423333333333344,2.4361666666666664
1,9884.29746665063,3082.22315409171,7.695355949520751,0.0,,,,0.0,0.0,13.88341683278232,0.0,1.0,11.29722700233844,2.4361666666666664,6.460656330994894,6.453166666666665,0.7352202008246391,0.0,0.0,8.066458333333332,2.8669999999999995,17.759383333333336,7.0423333333333344,2.4361666666666664
2,9278.82680433344,3237.7887705807484,7.72086983229222,1.642675413682766e-09,,,,0.0,1.1498727895779362e-09,8.793036073164707,0.0,1.0,11.297227003478042,2.4361666655167937,6.460656331005166,6.453166666666665,0.0,0.0,0.0,8.066458333333332,2.8669999999999995,17.759383333333336,7.0423333333333344,2.4361666666666664
3,8879.580108451784,3393.3543870697767,7.742956585035833,1.642675413682766e-09,,,,0.0,1.1498727895779362e-09,4.386416281567267,0.0,1.0,11.297227003478042,2.4361666655167937,6.460656331005166,6.453166666666665,0.0,0.0,0.0,8.066458333333332,2.8669999999999995,17.759383333333336,7.0423333333333344,2.4361666666666664
4,8482.742658874531,3548.9200035588074,8.0,0.2628469585577517,,,,0.0,0.0,0.0,0.0,1.0,11.316687984770486,2.4361666666666664,6.4411953485628475,5.898259999999999,0.0,0.0,0.0,7.372824999999999,2.8669999999999995,17.759383333333336,7.0423333333333344,2.4361666666666664
