,cost,emission,grid,wood_supply,DHDC_small_heat,DHDC_medium_heat,DHDC_large_heat,wood_boiler_heat,wood_boiler_DHW,PV,SCFP,DHW_to_heat,ASHP,ASHP_DHW,GSHP_heat,GSHP_cooling,battery,DHW_storage,heat_storage,geothermal_boreholes,demand_electricity,demand_space_heating,demand_space_cooling,demand_hot_water
0,90065.50063425934,6839.6409868792025,15.805221016583497,0.3609036820012727,0.0,273.13,0.0,5.0,5.0,45.97248057179219,0.0,0.0,25.149618373786748,5.543534089265776,17.55424201394544,19.68058,8.801333018361484,0.0,0.0,24.600724999999997,7.035499999999999,42.99258333333333,19.68058,5.812833333333334
1,24334.575522869036,7309.473420336804,18.373668645942566,0.0,0.0,0.0,0.0,0.0,0.0,38.26445420144113,0.0,2.0,25.196620814011016,5.812833333333401,17.795795852655573,17.409166666666668,3.804341879996496,0.0,0.0,21.761458333333337,7.035499999999999,42.99258333333333,19.68058,5.812833333333334
2,22483.831541660307,7779.305853794362,18.455200445217763,0.0,0.0,0.0,0.0,0.0,0.0,23.848227054659773,0.0,2.0,25.196620814011006,5.812833333333334,17.795795852655647,17.409166666666668,0.0,0.0,0.0,21.761458333333337,7.035499999999999,42.99258333333333,19.68058,5.812833333333334
3,21508.799501729343,8249.138287251952,18.592612768776494,0.0,0.0,0.0,0.0,0.0,0.0,11.741252077475355,0.0,2.0,25.204341404670338,5.812833333333334,17.78807526199632,17.152166666666666,0.0,0.0,0.0,21.440208333333334,7.035499999999999,42.99258333333333,19.68058,5.812833333333334
4,20604.632678090977,8718.970720709527,19.0,0.3609036820012727,0.0,0.0,0.0,0.0,0.0,0.0,0.0,2.0,25.2107803706044,5.812833333333334,17.781636296062253,16.991413333333334,0.0,0.0,0.0,21.239266666666666,7.035499999999999,42.99258333333333,19.68058,5.812833333333334
