,cost,emission,grid,wood_supply,DHDC_small_heat,DHDC_medium_heat,DHDC_large_heat,wood_boiler_heat,wood_boiler_DHW,PV,SCFP,DHW_to_heat,ASHP,ASHP_DHW,GSHP_heat,GSHP_cooling,battery,DHW_storage,heat_storage,geothermal_boreholes,demand_electricity,demand_space_heating,demand_space_cooling,demand_hot_water
0,43902.63487362703,4360.581713769458,10.649459823928911,0.3371298269332368,20.0,0.0,0.0,4.999999999999999,5.0,39.17995055235333,0.0,0.0,25.409879471786738,4.040342454480068,0.0,0.0,7.386676755077748,0.0,0.0,0.0,4.8375,25.679583333333326,0.0,4.302833333333333
1,17872.6012812424,4718.754283237466,12.566766782778593,0.0,0.0,0.0,0.0,0.0,0.0,32.18779368943687,0.0,1.0,25.67688666666666,4.302833333333333,0.0,0.0,3.3893835678900777,0.0,0.0,0.0,4.8375,25.679583333333326,0.0,4.302833333333333
2,16127.205958583436,5076.926852705466,12.670709480831665,0.0,0.0,0.0,0.0,0.0,0.0,19.91516537437408,0.0,1.0,25.676886666666807,4.302833333333183,0.0,0.0,0.15177295020959888,0.0,0.0,0.0,4.8375,25.679583333333326,0.0,4.302833333333333
3,15173.66523488711,5435.099422173486,12.905441949483745,0.0,0.0,0.0,0.0,0.0,0.0,9.672239679511327,0.0,1.0,25.67688666666666,4.302833333333333,0.0,0.0,0.0,0.0,0.0,0.0,4.8375,25.679583333333326,0.0,4.302833333333333
4,14345.67738787429,5793.271991641494,14.0,0.3371298269332368,0.0,0.0,0.0,0.0,0.0,0.0,0.0,1.0,25.67688666666666,4.302833333333333,0.0,0.0,0.0,0.0,0.0,0.0,4.8375,25.679583333333326,0.0,4.302833333333333
