,cost,emission,grid,wood_supply,DHDC_small_heat,DHDC_medium_heat,DHDC_large_heat,wood_boiler_heat,wood_boiler_DHW,PV,SCFP,DHW_to_heat,ASHP,ASHP_DHW,GSHP_heat,GSHP_cooling,battery,DHW_storage,heat_storage,geothermal_boreholes,demand_electricity,demand_space_heating,demand_space_cooling,demand_hot_water
0,27532.30844652171,1895.6806548901,5.70382885477466,0.24671573729303536,,,,0.0,5.000000000000001,13.347353512295818,0.0,0.0,11.871540170032839,1.3471323172282084,1.3385464966338256,4.8265,2.4953893122660236,0.0,0.0,6.033125,1.7966666666666666,13.210086666666664,4.826499999999999,1.5198333333333334
1,6867.312710368724,2012.1559196093356,5.454815700407867,0.0,,,,0.0,0.0,10.477549888190895,0.0,1.0,8.527643475088196,1.5198333333333331,4.679109858245136,4.158999999999999,0.9254376058759043,0.0,0.0,5.198749999999999,1.7966666666666666,13.210086666666664,4.826499999999999,1.5198333333333334
2,6338.071965743776,2128.6311843285766,5.494669295286588,0.0,,,,0.0,0.0,6.537253446841828,0.0,1.0,8.527643475088192,1.5198333333333331,4.6791098582451385,4.158999999999999,0.0,0.0,0.0,5.198749999999999,1.7966666666666666,13.210086666666664,4.826499999999999,1.5198333333333334
3,6032.823985713517,2245.1064490478175,5.528371852044597,0.0,,,,0.0,0.0,3.2051057481947365,0.0,1.0,8.527643475088196,1.5198333333333331,4.679109858245136,4.158999999999999,0.0,0.0,0.0,5.198749999999999,1.7966666666666666,13.210086666666664,4.826499999999999,1.5198333333333334
4,5751.873834857401,2361.5817137670547,6.0,0.24671573729303536,,,,0.0,0.0,0.0,0.0,1.0,8.530152305445325,1.5198333333333331,4.676601027888006,4.089619999999998,0.0,0.0,0.0,5.112024999999997,1.7966666666666666,13.210086666666664,4.826499999999999,1.5198333333333334
