,cost,emission,grid,wood_supply,DHDC_small_heat,DHDC_medium_heat,DHDC_large_heat,wood_boiler_heat,wood_boiler_DHW,PV,SCFP,DHW_to_heat,ASHP,ASHP_DHW,GSHP_heat,GSHP_cooling,battery,DHW_storage,heat_storage,geothermal_boreholes,demand_electricity,demand_space_heating,demand_space_cooling,demand_hot_water
0,33343.67970128,4079.1494407704495,10.937710862977669,0.24781037455274824,,,,5.0,5.0,13.66010701507093,0.0,0.0,12.847466666666666,0.6106394044797429,0.0,0.0,3.4550000000000005,0.0,0.0,0.0,6.987333333333333,12.847466666666667,0.0,0.7841066666666667
1,11260.698467765033,4214.333288063797,11.042709899080707,0.0,,,,0.0,0.0,11.03085701000335,0.0,1.0,12.591359999999998,0.7841066666666667,0.0,0.0,0.0,0.0,0.0,0.0,6.987333333333333,12.847466666666667,0.0,0.7841066666666667
2,10905.730422530474,4349.517135357099,11.090883849579109,0.0,,,,0.0,0.0,7.159908073845122,0.0,1.0,12.591359999999998,0.7841066666666667,0.0,0.0,0.0,0.0,0.0,0.0,6.987333333333333,12.847466666666667,0.0,0.7841066666666667
3,10579.09629923287,4484.700982650424,11.137227758321593,0.0,,,,0.0,0.0,3.4360095272627817,0.0,1.0,12.591359999999998,0.7841066666666667,0.0,0.0,0.0,0.0,0.0,0.0,6.987333333333333,12.847466666666667,0.0,0.7841066666666667
4,10307.930039565885,4619.8848299437095,12.0,0.24781037455274824,,,,0.0,0.0,0.0,0.0,1.0,12.591359999999998,0.7841066666666667,0.0,0.0,0.0,0.0,0.0,0.0,6.987333333333333,12.847466666666667,0.0,0.7841066666666667
