,cost,emission,grid,wood_supply,DHDC_small_heat,DHDC_medium_heat,DHDC_large_heat,wood_boiler_heat,wood_boiler_DHW,PV,SCFP,DHW_to_heat,ASHP,ASHP_DHW,GSHP_heat,GSHP_cooling,battery,DHW_storage,heat_storage,geothermal_boreholes,demand_electricity,demand_space_heating,demand_space_cooling,demand_hot_water
0,49797.21150329794,6669.439000716644,18.89934063713784,0.30807156906642275,20.0,0.0,0.0,5.0,5.0,30.877591161835067,0.0,0.0,48.11454274474685,11.993849901653505,0.0,0.0,9.056666666666665,0.0,0.0,0.0,3.6221666666666668,48.36099999999999,0.0,18.429333333333332
1,25540.349875540192,7057.872499576075,19.909625509119316,0.0,19.999999999999744,0.0,0.0,0.0,0.0,21.058157627741966,0.0,12.0,36.90766055723607,9.874172776097504,0.0,0.0,0.0,0.0,0.0,0.0,3.6221666666666668,48.36099999999999,0.0,18.429333333333332
2,24228.936401411873,7446.305998435791,19.228967464166544,0.0,20.0,0.0,0.0,0.0,0.0,8.4743585869398,0.0,4.0,45.07555709666795,1.7062762366653668,0.0,0.0,0.0,0.0,0.0,0.0,3.6221666666666668,48.36099999999999,0.0,18.429333333333332
3,23502.914721428046,7834.739497295054,19.08677777777777,0.30807156906642275,20.0,0.0,0.0,0.0,0.0,0.0,0.0,11.0,46.78183333333332,0.0,0.0,0.0,0.0,0.0,0.0,0.0,3.6221666666666668,48.36099999999999,0.0,18.429333333333332
4,22967.045588675403,8223.172996154904,28.0,0.30807156906642275,0.0,0.0,0.0,0.0,0.0,0.0,0.0,1.0,48.35249999999999,18.429333333333332,0.0,0.0,0.0,0.0,0.0,0.0,3.6221666666666668,48.36099999999999,0.0,18.429333333333332
