,cost,emission,grid,wood_supply,DHDC_small_heat,DHDC_medium_heat,DHDC_large_heat,wood_boiler_heat,wood_boiler_DHW,PV,SCFP,DHW_to_heat,ASHP,ASHP_DHW,GSHP_heat,GSHP_cooling,battery,DHW_storage,heat_storage,geothermal_boreholes,demand_electricity,demand_space_heating,demand_space_cooling,demand_hot_water
0,80141.76478786572,4092.651670330375,10.07492826787995,0.28645541232662886,0.0,273.13,0.0,5.0,5.0,24.701546379036813,0.0,0.0,17.199563070641982,3.0946478780380255,10.676172599496567,11.94586,4.6770078285952685,0.0,0.0,14.932325,3.874833333333333,28.104900000000015,11.945860000000001,3.298666666666667
1,14403.853912730094,4349.963169725347,11.542801238494079,0.0,0.0,0.0,0.0,0.0,0.0,20.919148395882875,0.0,1.0,17.319094988295326,3.298666666666577,10.784471678371442,10.256333333333334,2.126824628792413,0.0,0.0,12.820416666666667,3.874833333333333,28.104900000000015,11.945860000000001,3.298666666666667
2,13405.145088690206,4607.274669120305,11.587178372540002,0.0,0.0,0.0,0.0,0.0,0.0,13.089263861571817,0.0,1.0,17.319094988295323,3.2986666666666666,10.784471678371355,10.256333333333334,0.0,0.0,0.0,12.820416666666667,3.874833333333333,28.104900000000015,11.945860000000001,3.298666666666667
3,12866.325806418663,4864.586168515264,11.624996632943347,0.0,0.0,0.0,0.0,0.0,0.0,6.431726748128622,0.0,1.0,17.31986533913567,3.2986666666666666,10.78370132753101,10.232859999999999,0.0,0.0,0.0,12.791075,3.874833333333333,28.104900000000015,11.945860000000001,3.298666666666667
4,12371.081206408853,5121.897667910229,12.0,0.28645541232662886,0.0,0.0,0.0,0.0,0.0,0.0,0.0,1.0,17.319865339135657,3.2986666666666666,10.783701327531023,10.232859999999999,0.0,0.0,0.0,12.791075,3.874833333333333,28.104900000000015,11.945860000000001,3.298666666666667
