,cost,emission,grid,wood_supply,DHDC_small_heat,DHDC_medium_heat,DHDC_large_heat,wood_boiler_heat,wood_boiler_DHW,PV,SCFP,DHW_to_heat,ASHP,ASHP_DHW,GSHP_heat,GSHP_cooling,battery,DHW_storage,heat_storage,geothermal_boreholes,demand_electricity,demand_space_heating,demand_space_cooling,demand_hot_water
0,87200.7020048592,5548.410176353616,13.420915586009666,0.36402917495714626,0.0,273.13,0.0,4.999999999999999,4.999999999999999,46.86547855918463,0.0,0.0,21.479660287351628,4.575679577529997,14.521649706015825,15.593499999999999,9.90477239825139,0.0,0.0,19.491874999999997,6.041306666666666,36.29253333333334,15.593499999999999,4.8475
1,21416.592764056753,6004.37025866287,15.597460413751815,0.0,0.0,0.0,0.0,0.0,0.0,38.152291796211806,0.0,2.0,21.58872837926517,4.8474999999998545,14.703638287401649,13.971783333333342,4.514405988804538,0.0,0.0,17.464729166666675,6.041306666666666,36.29253333333334,15.593499999999999,4.8475
2,19416.25761636589,6460.330340972129,15.678898577344192,0.0,0.0,0.0,0.0,0.0,0.0,23.749882325511667,0.0,2.0,21.58872837926509,4.8475,14.703638287401583,13.971783333333342,0.4168943040826374,0.0,0.0,17.464729166666675,6.041306666666666,36.29253333333334,15.593499999999999,4.8475
3,18310.352287397905,6916.290423280986,15.748959223604352,0.0,0.0,0.0,1.6666608833778202e-10,0.0,0.0,11.390312994437451,0.0,2.0,21.590291547150372,4.8474999998333335,14.702075119516298,13.920950000000007,0.0,0.0,0.0,17.401187500000006,6.041306666666666,36.29253333333334,15.593499999999999,4.8475
4,17432.76891943287,7372.250505590649,16.0,0.36402917495714626,0.0,0.0,0.0,0.0,0.0,0.0,0.0,2.0,21.613511605238095,4.8475,14.678855061428578,13.3585,0.0,0.0,0.0,16.698124999999997,6.041306666666666,36.29253333333334,15.593499999999999,4.8475
