,cost,emission,grid,wood_supply,DHDC_small_heat,DHDC_medium_heat,DHDC_large_heat,wood_boiler_heat,wood_boiler_DHW,PV,SCFP,DHW_to_heat,ASHP,ASHP_DHW,GSHP_heat,GSHP_cooling,battery,DHW_storage,heat_storage,geothermal_boreholes,demand_electricity,demand_space_heating,demand_space_cooling,demand_hot_water
0,81308.48361275053,4633.946326548037,11.037621839158614,0.28480988224891174,0.0,273.13,0.0,5.0,5.0,24.231394928260503,0.0,0.0,18.815592364025733,3.493573082425761,11.216409730175048,12.1325,4.029097326767044,0.0,0.0,15.165625,4.384333333333333,30.25984999999999,12.1325,3.6972733333333334
1,15586.422366075634,4894.792972320368,12.664466145764088,0.0,0.0,0.0,0.0,0.0,0.0,20.927553350143825,0.0,2.0,18.914182017557188,3.6972733333332144,11.34533464910959,11.001999999999999,1.463067584014924,0.0,0.0,13.7525,4.384333333333333,30.25984999999999,12.1325,3.6972733333333334
2,14687.258005341857,5155.639618092695,12.751348806566057,0.0,0.0,0.0,0.0,0.0,0.0,13.10896557347272,0.0,2.0,18.914182017557046,3.6972733333333334,11.34533464910961,11.001999999999999,0.0,0.0,0.0,13.7525,4.384333333333333,30.25984999999999,12.1325,3.6972733333333334
3,14172.654770901896,5416.48626386502,12.902960378935115,0.0,0.0,0.0,0.0,0.0,0.0,6.531132972138337,0.0,2.0,18.93070966328696,3.6972733333333334,11.328807003379698,10.499833333333333,0.0,0.0,0.0,13.124791666666667,4.384333333333333,30.25984999999999,12.1325,3.6972733333333334
4,13668.476439233742,5677.332909637361,14.0,0.28480988224891174,0.0,0.0,0.0,0.0,0.0,0.0,0.0,2.0,18.93070966328693,3.6972733333333334,11.328807003379726,10.499833333333333,0.0,0.0,0.0,13.124791666666667,4.384333333333333,30.25984999999999,12.1325,3.6972733333333334
