,cost,emission,grid,wood_supply,DHDC_small_heat,DHDC_medium_heat,DHDC_large_heat,wood_boiler_heat,wood_boiler_DHW,PV,SCFP,DHW_to_heat,ASHP,ASHP_DHW,GSHP_heat,GSHP_cooling,battery,DHW_storage,heat_storage,geothermal_boreholes,demand_electricity,demand_space_heating,demand_space_cooling,demand_hot_water
0,35810.842390319405,4538.81508735111,11.264531861910012,0.30832440371969533,,,,0.0,5.000000000000001,30.94982963419867,0.0,0.0,14.420947483620967,3.813172917396214,11.127019183045679,11.719333333333337,5.447025173307133,0.0,0.0,14.64916666666667,4.752833333333334,25.54796666666667,11.719333333333333,4.029000000000001
1,13931.022828898778,4833.495636852909,12.514721675684974,0.0,,,,0.0,0.0,22.979280151981328,0.0,1.0,24.47664398283051,4.029,1.0709593505028294,10.655666666666667,1.490383753254719,0.0,0.0,13.319583333333334,4.752833333333334,25.54796666666667,11.719333333333333,4.029000000000001
2,12890.492638052663,5128.176186354697,12.565003720356433,0.0,,,,0.0,0.0,13.973859343314086,0.0,1.0,24.492729862431492,4.029,1.054873470901842,9.867799999999987,0.0,0.0,0.0,12.334749999999982,4.752833333333334,25.54796666666667,11.719333333333333,4.029000000000001
3,12248.954271050128,5422.856735856396,12.66598209187749,0.0,,,,0.0,0.0,6.222077323278942,0.0,1.0,24.492729862431496,4.029,1.0548734709018408,9.867799999999987,0.0,0.0,0.0,12.334749999999982,4.752833333333334,25.54796666666667,11.719333333333333,4.029000000000001
4,11723.057360007018,5717.537285358292,13.0,0.30832440371969533,,,,0.0,0.0,0.0,0.0,1.0,25.547603333333335,4.029,0.0,6.273000000000001,0.0,0.0,0.0,7.8412500000000005,4.752833333333334,25.54796666666667,11.719333333333333,4.029000000000001
