,cost,emission,grid,wood_supply,DHDC_small_heat,DHDC_medium_heat,DHDC_large_heat,wood_boiler_heat,wood_boiler_DHW,PV,SCFP,DHW_to_heat,ASHP,ASHP_DHW,GSHP_heat,GSHP_cooling,battery,DHW_storage,heat_storage,geothermal_boreholes,demand_electricity,demand_space_heating,demand_space_cooling,demand_hot_water
0,87256.51464854358,6065.404011820915,13.826809183212465,0.3409939926785494,0.0,273.13,0.0,4.999999999999999,5.0,40.28399790815697,0.0,0.0,22.25520637053128,4.931744205125014,15.837831768659182,17.12266666666667,7.591206581197909,0.0,0.0,21.403333333333336,6.209166666666666,38.365833333333306,17.122666666666667,5.184773333333333
1,21530.4934591384,6478.504124273377,16.153534783828697,0.0,0.0,0.0,0.0,0.0,0.0,33.64005564452646,0.0,2.0,22.296595450108967,5.184773333333396,16.069071216557607,15.706253333333331,3.2120259024126505,0.0,0.0,19.632816666666663,6.209166666666666,38.365833333333306,17.122666666666667,5.184773333333333
2,19904.52492141464,6891.604236725868,16.32598824018461,0.0,0.0,0.0,0.0,0.0,0.0,20.970545598763138,0.0,2.0,22.29659545010905,5.184773333333332,16.06907121655759,15.706253333333331,0.0,0.0,0.0,19.632816666666663,6.209166666666666,38.365833333333306,17.122666666666667,5.184773333333333
3,19048.021155985498,7304.704349177164,16.47192508990533,0.0,0.0,0.0,1.666666804567285e-10,0.0,0.0,10.33142601654727,0.0,2.0,22.306679420119984,5.184773333166666,16.058987246546653,15.367999999999999,0.0,0.0,0.0,19.209999999999997,6.209166666666666,38.365833333333306,17.122666666666667,5.184773333333333
4,18250.819516365882,7717.80446163067,17.0,0.3409939926785494,0.0,0.0,0.0,0.0,0.0,0.0,0.0,2.0,22.323311007906227,5.184773333333332,16.042355658760407,14.949586666666665,0.0,0.0,0.0,18.68698333333333,6.209166666666666,38.365833333333306,17.122666666666667,5.184773333333333
