,cost,emission,grid,wood_supply,DHDC_small_heat,DHDC_medium_heat,DHDC_large_heat,wood_boiler_heat,wood_boiler_DHW,PV,SCFP,DHW_to_heat,ASHP,ASHP_DHW,GSHP_heat,GSHP_cooling,battery,DHW_storage,heat_storage,geothermal_boreholes,demand_electricity,demand_space_heating,demand_space_cooling,demand_hot_water
0,45591.718105264044,5212.726824080318,14.270873767131675,0.3187317065895056,20.0,0.0,0.0,4.999999999999999,5.0,33.923344739858756,0.0,0.0,34.803747968061664,4.113024472054012,0.0,0.0,6.448949525533049,0.0,0.0,0.0,4.933166666666668,35.05873333333327,0.0,4.343803333333334
1,19678.732206786655,5557.506593439829,16.19657262761738,0.0,0.0,0.0,0.0,0.0,0.0,28.32705188449576,0.0,1.0,35.058566666666614,4.343803333333199,0.0,0.0,2.8082162713179866,0.0,0.0,0.0,4.933166666666668,35.05873333333327,0.0,4.343803333333334
2,18278.43536061974,5902.286362799352,16.278628979531877,0.0,0.0,0.0,0.0,0.0,0.0,17.544651503168,0.0,1.0,35.0585666666666,4.343803333333334,0.0,0.0,0.0,0.0,0.0,0.0,4.933166666666668,35.05873333333327,0.0,4.343803333333334
3,17555.175268867046,6247.066132158857,16.499550434409404,0.0,0.0,0.0,0.0,0.0,0.0,8.616906165402911,0.0,1.0,35.0585666666666,4.343803333333334,0.0,0.0,0.0,0.0,0.0,0.0,4.933166666666668,35.05873333333327,0.0,4.343803333333334
4,16891.80646228228,6591.845901518373,17.0,0.3187317065895056,0.0,0.0,0.0,0.0,0.0,0.0,0.0,1.0,35.0585666666666,4.343803333333334,0.0,0.0,0.0,0.0,0.0,0.0,4.933166666666668,35.05873333333327,0.0,4.343803333333334
