,cost,emission,grid,wood_supply,DHDC_small_heat,DHDC_medium_heat,DHDC_large_heat,wood_boiler_heat,wood_boiler_DHW,PV,SCFP,DHW_to_heat,ASHP,ASHP_DHW,GSHP_heat,GSHP_cooling,battery,DHW_storage,heat_storage,geothermal_boreholes,demand_electricity,demand_space_heating,demand_space_cooling,demand_hot_water
0,34283.86432884367,3124.6970528563425,9.533124862755066,0.320041422934992,,,,0.0,5.0,34.29754940999771,0.0,0.0,20.01739999999998,2.842637670612172,0.0,0.0,7.347400970578261,0.0,0.0,0.0,3.388333333333333,20.017399999999984,0.0,3.0666666666666664
1,13573.594556163582,3407.692353443029,9.67205483341791,0.0,,,,0.0,0.0,25.691465651830264,0.0,1.0,20.01453666666665,3.0666666666666664,0.0,0.0,3.2126310734306402,0.0,0.0,0.0,3.388333333333333,20.017399999999984,0.0,3.0666666666666664
2,12134.560292305054,3690.6876540297167,9.724180294457733,0.0,,,,0.0,0.0,15.850499181010639,0.0,1.0,20.01453666666665,3.0666666666666664,0.0,0.0,0.626201841622265,0.0,0.0,0.0,3.388333333333333,20.017399999999984,0.0,3.0666666666666664
3,11289.74413407221,3973.682954616403,9.92978944058666,0.0,,,,0.0,0.0,7.546964022984181,0.0,1.0,20.01453666666665,3.0666666666666664,0.0,0.0,0.0,0.0,0.0,0.0,3.388333333333333,20.017399999999984,0.0,3.0666666666666664
4,10653.878044002176,4256.678255203091,11.0,0.320041422934992,,,,0.0,0.0,0.0,0.0,1.0,20.01453666666665,3.0666666666666664,0.0,0.0,0.0,0.0,0.0,0.0,3.388333333333333,20.017399999999984,0.0,3.0666666666666664
