,cost,emission,grid,wood_supply,DHDC_small_heat,DHDC_medium_heat,DHDC_large_heat,wood_boiler_heat,wood_boiler_DHW,PV,SCFP,DHW_to_heat,ASHP,ASHP_DHW,GSHP_heat,GSHP_cooling,battery,DHW_storage,heat_storage,geothermal_boreholes,demand_electricity,demand_space_heating,demand_space_cooling,demand_hot_water
0,54295.488476379775,8910.146793381173,15.893528967625628,0.5244676665533948,,,,0.0,5.000000000000001,92.70504758668422,0.0,0.0,0.0,9.129812633412623,28.87760666666665,29.747420000000005,17.648664180522513,0.0,0.0,37.184275,12.463959999999998,28.87760666666665,29.74742,9.49694
1,32008.13294147116,9704.056620317391,20.176306479347563,0.0,,,,0.0,0.0,68.52131703409843,0.0,0.0,0.0,9.496939999999999,28.87760666666665,29.747419999999998,5.518850834632447,0.0,0.0,37.184275,12.463959999999998,28.87760666666665,29.74742,9.49694
2,28774.74683446005,10497.966447253588,22.249321111111108,0.0,,,,0.0,0.0,42.920403818204534,0.0,0.0,0.0,9.496939999999999,28.87760666666665,29.747419999999998,0.0,0.0,0.0,37.184275,12.463959999999998,28.87760666666665,29.74742,9.49694
3,26901.23912535743,11291.876274189784,22.249321111111108,0.0,,,,0.0,0.0,21.282900433626732,0.0,0.0,0.0,9.496939999999999,28.87760666666665,29.747419999999998,0.0,0.0,0.0,37.184275,12.463959999999998,28.87760666666665,29.74742,9.49694
4,25096.05322270141,12085.786101126,23.0,0.5244676665533948,,,,0.0,0.0,0.0,0.0,0.0,0.0,9.496939999999999,28.87760666666665,29.747419999999998,0.0,0.0,0.0,37.184275,12.463959999999998,28.87760666666665,29.74742,9.49694
