,cost,emission,grid,wood_supply,DHDC_small_heat,DHDC_medium_heat,DHDC_large_heat,wood_boiler_heat,wood_boiler_DHW,PV,SCFP,DHW_to_heat,ASHP,ASHP_DHW,GSHP_heat,GSHP_cooling,battery,DHW_storage,heat_storage,geothermal_boreholes,demand_electricity,demand_space_heating,demand_space_cooling,demand_hot_water
0,30803.457645207396,2911.544774711272,8.506846990289485,0.2632081898614676,,,,0.0,5.000000000000001,18.059482817562166,0.0,0.0,16.954760244325072,2.2420876004303056,2.0221730890082728,6.985166666666668,4.156657944265151,0.0,0.0,8.731458333333334,2.8510000000000004,18.97693333333334,6.985166666666667,2.4263333333333335
1,10036.948190085008,3098.4491587331845,8.126697491603718,0.0,,,,0.0,0.0,13.863372171430722,0.0,1.0,12.469704333102207,2.426333333333333,6.505865666897799,6.125166666666666,1.5055031182161678,0.0,0.0,7.656458333333333,2.8510000000000004,18.97693333333334,6.985166666666667,2.4263333333333335
2,9396.882890736244,3285.3535427550964,8.15970707202815,0.0,,,,0.0,0.0,8.603349078872295,0.0,1.0,12.469704333102207,2.426333333333333,6.505865666897799,6.125166666666666,0.0,0.0,0.0,7.656458333333333,2.8510000000000004,18.97693333333334,6.985166666666667,2.4263333333333335
3,9094.49283627931,3472.257926777005,8.187157884151418,0.0,,,,0.0,0.0,4.229106697681744,0.0,1.0,12.469704333102209,2.426333333333333,6.505865666897797,6.125166666666666,0.0,0.0,0.0,7.656458333333333,2.8510000000000004,18.97693333333334,6.985166666666667,2.4263333333333335
4,8819.96327885459,3659.1623107989126,9.0,0.2632081898614676,,,,0.0,0.0,0.0,0.0,1.0,12.471282906264445,2.426333333333333,6.504287093735563,6.0835333333333255,0.0,0.0,0.0,7.604416666666657,2.8510000000000004,18.97693333333334,6.985166666666667,2.4263333333333335
