,cost,emission,grid,wood_supply,DHDC_small_heat,DHDC_medium_heat,DHDC_large_heat,wood_boiler_heat,wood_boiler_DHW,PV,SCFP,DHW_to_heat,ASHP,ASHP_DHW,GSHP_heat,GSHP_cooling,battery,DHW_storage,heat_storage,geothermal_boreholes,demand_electricity,demand_space_heating,demand_space_cooling,demand_hot_water
0,52677.48071407367,8838.395146957748,16.444677178185472,0.5009871351101164,,,,0.0,5.000000000000001,85.99632431717612,0.0,0.0,0.0,7.698612338756251,24.66504666666667,25.53171333333334,16.361121247740453,0.0,0.0,31.91464166666667,11.457500000000001,24.66504666666667,25.531713333333332,8.049303333333333
1,30507.373033335243,9618.34467037357,18.84602327644644,0.0,,,,0.0,0.0,64.53277081659375,0.0,1.0,0.0,8.049303333333333,24.61092,25.531713333333332,2.6824668526003763,0.0,0.0,31.914641666666668,11.457500000000001,24.66504666666667,25.531713333333332,8.049303333333333
2,27888.619451127797,10398.294193789385,19.513551111111113,0.0,,,,0.0,0.0,40.64435787201663,0.0,1.0,0.0,8.049303333333333,24.61092,25.531713333333332,0.0,0.0,0.0,31.914641666666668,11.457500000000001,24.66504666666667,25.531713333333332,8.049303333333333
3,26208.159185612807,11178.243717205225,19.513551111111113,0.0,,,,0.0,0.0,20.218254460040217,0.0,1.0,0.0,8.049303333333333,24.61092,25.531713333333332,0.0,0.0,0.0,31.914641666666668,11.457500000000001,24.66504666666667,25.531713333333332,8.049303333333333
4,24567.744750865426,11958.193240621024,20.0,0.5009871351101164,,,,0.0,0.0,0.0,0.0,1.0,0.0,8.049303333333333,24.61092,25.531713333333332,0.0,0.0,0.0,31.914641666666668,11.457500000000001,24.66504666666667,25.531713333333332,8.049303333333333
