,cost,emission,grid,wood_supply,DHDC_small_heat,DHDC_medium_heat,DHDC_large_heat,wood_boiler_heat,wood_boiler_DHW,PV,SCFP,DHW_to_heat,ASHP,ASHP_DHW,GSHP_heat,GSHP_cooling,battery,DHW_storage,heat_storage,geothermal_boreholes,demand_electricity,demand_space_heating,demand_space_cooling,demand_hot_water
0,59527.98917411614,8092.150528436131,20.072021706501364,0.4667519339531939,20.0,0.0,0.0,5.0,5.0,76.21483827234111,0.0,0.0,46.18093178617077,7.612773646232764,0.0,0.0,14.788399869625238,0.0,0.0,0.0,9.133833333333333,46.554333333333325,0.0,7.982833333333333
1,33444.65730879519,8795.200938931739,23.60012888655311,0.0,0.0,0.0,0.0,0.0,0.0,61.54482487691374,0.0,1.0,46.55416666666666,7.982833333333333,0.0,0.0,6.980158699149631,0.0,0.0,0.0,9.133833333333333,46.554333333333325,0.0,7.982833333333333
2,30120.460858342463,9498.25134942737,23.744710722960285,0.0,0.0,0.0,0.0,0.0,0.0,38.127037045350484,0.0,1.0,46.55416666666652,7.982833333333474,0.0,0.0,0.4028531106326232,0.0,0.0,0.0,9.133833333333333,46.554333333333325,0.0,7.982833333333333
3,28315.069800758065,10201.301759922977,23.957164730846557,0.0,0.0,0.0,0.0,0.0,0.0,18.420569072089773,0.0,1.0,46.55416666666666,7.982833333333333,0.0,0.0,0.0,0.0,0.0,0.0,9.133833333333333,46.554333333333325,0.0,7.982833333333333
4,26798.67602267019,10904.352170418599,25.0,0.4667519339531939,0.0,0.0,0.0,0.0,0.0,0.0,0.0,1.0,46.55416666666666,7.982833333333333,0.0,0.0,0.0,0.0,0.0,0.0,9.133833333333333,46.554333333333325,0.0,7.982833333333333
