,cost,emission,grid,wood_supply,DHDC_small_heat,DHDC_medium_heat,DHDC_large_heat,wood_boiler_heat,wood_boiler_DHW,PV,SCFP,DHW_to_heat,ASHP,ASHP_DHW,GSHP_heat,GSHP_cooling,battery,DHW_storage,heat_storage,geothermal_boreholes,demand_electricity,demand_space_heating,demand_space_cooling,demand_hot_water
0,43916.15671669186,4378.5378702866055,10.84423610521663,0.3370646054376309,20.0,0.0,0.0,5.0,5.0,39.16131583932312,0.0,0.0,25.258631648983226,4.041221442860325,0.0,0.0,7.275018843252643,0.0,0.0,0.0,4.739333333333334,25.52828333333333,0.0,4.3036666666666665
1,17889.512769051144,4736.8484819357,12.762074292937635,0.0,0.0,0.0,0.0,0.0,0.0,32.12923538295247,0.0,1.0,25.525526666666664,4.3036666666666665,0.0,0.0,3.5007815858104436,0.0,0.0,0.0,4.739333333333334,25.52828333333333,0.0,4.3036666666666665
2,16148.934924951973,5095.15909358476,12.82589481813382,0.0,0.0,0.0,0.0,0.0,0.0,19.93754882568813,0.0,1.0,25.52552666666664,4.303666666666686,0.0,0.0,0.13978938186008938,0.0,0.0,0.0,4.739333333333334,25.52828333333333,0.0,4.3036666666666665
3,15194.044833024542,5453.469705233866,12.894540119711928,0.0,0.0,0.0,0.0,0.0,0.0,9.679626820790505,0.0,1.0,25.525526666666664,4.3036666666666665,0.0,0.0,0.0,0.0,0.0,0.0,4.739333333333334,25.52828333333333,0.0,4.3036666666666665
4,14365.032745971832,5811.780316882939,14.0,0.3370646054376309,0.0,0.0,0.0,0.0,0.0,0.0,0.0,1.0,25.525526666666664,4.3036666666666665,0.0,0.0,0.0,0.0,0.0,0.0,4.739333333333334,25.52828333333333,0.0,4.3036666666666665
