,cost,emission,grid,wood_supply,DHDC_small_heat,DHDC_medium_heat,DHDC_large_heat,wood_boiler_heat,wood_boiler_DHW,PV,SCFP,DHW_to_heat,ASHP,ASHP_DHW,GSHP_heat,GSHP_cooling,battery,DHW_storage,heat_storage,geothermal_boreholes,demand_electricity,demand_space_heating,demand_space_cooling,demand_hot_water
0,33830.43471751404,4117.003770688042,11.0474323254535,0.26963605192071766,,,,0.0,5.000000000000001,19.89601483449077,0.0,0.0,17.56034389870688,2.9212547636554973,9.664739434626577,10.52316666666667,3.266435515143544,0.0,0.0,13.153958333333337,3.664,27.225083333333316,10.523166666666668,3.11
1,13211.562153787236,4306.815056251375,11.147514401796673,0.0,,,,0.0,0.0,15.31605465312626,0.0,1.0,17.45804296923729,3.11,9.76131369742936,9.295833333333333,0.42488902358880815,0.0,0.0,11.619791666666666,3.664,27.225083333333316,10.523166666666668,3.11
2,12651.36172098691,4496.626341814714,11.177634341860557,0.0,,,,0.0,6.647239795635566e-10,9.784361341493497,0.0,1.0,17.45804296990201,3.109999999335276,9.761313697429362,9.295833333333333,0.0,0.0,0.0,11.619791666666666,3.664,27.225083333333316,10.523166666666668,3.11
3,12257.318957398333,4686.4376273780435,11.204279525975887,0.0,,,,0.0,0.0,4.8908261661930625,0.0,1.0,17.458042969237276,3.11,9.761313697429374,9.295833333333333,0.0,0.0,0.0,11.619791666666666,3.664,27.225083333333316,10.523166666666668,3.11
4,11863.667436748103,4876.248912941366,12.0,0.26963605192071766,,,,0.0,0.0,0.0,0.0,1.0,17.459669164559624,3.11,9.759687502107028,9.248780000000004,0.0,0.0,0.0,11.560975000000006,3.664,27.225083333333316,10.523166666666668,3.11
