,cost,emission,grid,wood_supply,DHDC_small_heat,DHDC_medium_heat,DHDC_large_heat,wood_boiler_heat,wood_boiler_DHW,PV,SCFP,DHW_to_heat,ASHP,ASHP_DHW,GSHP_heat,GSHP_cooling,battery,DHW_storage,heat_storage,geothermal_boreholes,demand_electricity,demand_space_heating,demand_space_cooling,demand_hot_water
0,65645.7073468044,7665.8978238865275,44.46242645065408,0.4991164350471361,20.0,0.0,0.0,5.0,5.0,85.46183858489601,0.0,0.0,94.71784685196225,6.272499999999999,0.0,0.0,22.783666666666665,0.0,0.0,0.0,16.63445,95.11713999999996,0.0,6.419573333333333
1,38574.072190698505,8338.330450458176,48.11078888888887,0.0,0.0,0.0,0.0,0.0,0.0,68.01944918458221,0.0,1.0,94.13939999999997,6.419573333333333,0.0,0.0,3.9808872944755005,0.0,0.0,0.0,16.63445,95.11713999999996,0.0,6.419573333333333
2,35334.975888698056,9010.763077029758,48.11078888888887,0.0,0.0,0.0,0.0,0.0,0.0,41.3663351495172,0.0,1.0,94.13939999999997,6.419573333333333,0.0,0.0,3.785300345738735,0.0,0.0,0.0,16.63445,95.11713999999996,0.0,6.419573333333333
3,32511.63601845179,9683.19570360098,48.11078888888887,0.0,0.0,0.0,0.0,0.0,0.0,19.310025772874294,0.0,1.0,94.13939999999997,6.419573333333333,0.0,0.0,0.4183207128289091,0.0,0.0,0.0,16.63445,95.11713999999996,0.0,6.419573333333333
4,30692.139504689927,10355.628330173096,49.0,0.4991164350471361,0.0,0.0,0.0,0.0,0.0,0.0,0.0,1.0,94.13939999999997,6.419573333333333,0.0,0.0,0.0,0.0,0.0,0.0,16.63445,95.11713999999996,0.0,6.419573333333333
