,cost,emission,grid,wood_supply,DHDC_small_heat,DHDC_medium_heat,DHDC_large_heat,wood_boiler_heat,wood_boiler_DHW,PV,SCFP,DHW_to_heat,ASHP,ASHP_DHW,GSHP_heat,GSHP_cooling,battery,DHW_storage,heat_storage,geothermal_boreholes,demand_electricity,demand_space_heating,demand_space_cooling,demand_hot_water
0,87867.45215789421,6222.518645706418,14.205611210184504,0.34848875903560633,0.0,273.13,0.0,4.999999999999999,5.0,42.42535972445896,0.0,0.0,21.116916239451125,5.116724535341742,16.936376086653883,18.298166666666667,7.535781443607608,0.0,0.0,22.872708333333335,6.566833333333332,38.33208333333329,18.29816666666667,5.378666666666668
1,22102.127127075968,6646.585720622955,16.632294552077838,0.0,0.0,0.0,0.0,0.0,0.0,35.53839078750005,0.0,2.0,21.11902328893165,5.378666666666808,17.21289337773483,16.851419999999997,3.114047532774285,0.0,0.0,21.064275,6.566833333333332,38.33208333333329,18.29816666666667,5.378666666666668
2,20386.115006484666,7070.652795539434,16.707891573267347,0.0,0.0,0.0,0.0,0.0,0.0,22.181290565178376,0.0,2.0,21.142959995788534,5.378666666666808,17.188956670877946,15.948086666666665,0.0,0.0,0.0,19.935108333333332,6.566833333333332,38.33208333333329,18.29816666666667,5.378666666666668
3,19449.332184112678,7494.7198704560105,16.769190693641885,0.0,0.0,0.0,0.0,0.0,0.0,10.95551833777183,0.0,2.0,21.14295999578881,5.378666666666668,17.188956670877808,15.948086666666665,0.0,0.0,0.0,19.935108333333332,6.566833333333332,38.33208333333329,18.29816666666667,5.378666666666668
4,18563.490350343316,7918.786945372519,17.0,0.34848875903560633,0.0,0.0,0.0,0.0,0.0,0.0,0.0,2.0,21.15713216196956,5.378666666666668,17.174784504697058,15.547999999999998,0.0,0.0,0.0,19.435,6.566833333333332,38.33208333333329,18.29816666666667,5.378666666666668
