,cost,emission,grid,wood_supply,DHDC_small_heat,DHDC_medium_heat,DHDC_large_heat,wood_boiler_heat,wood_boiler_DHW,PV,SCFP,DHW_to_heat,ASHP,ASHP_DHW,GSHP_heat,GSHP_cooling,battery,DHW_storage,heat_storage,geothermal_boreholes,demand_electricity,demand_space_heating,demand_space_cooling,demand_hot_water
0,45113.4508890069,5066.395761305751,13.528908560961924,0.3187678963927801,20.0,0.0,0.0,4.999999999999999,5.0,33.93368468365145,0.0,0.0,32.934785682885774,4.099195805858388,0.0,0.0,6.512112858670115,0.0,0.0,0.0,4.9105166666666635,33.1898,0.0,4.333166666666666
1,19191.6427111595,5410.432600600455,15.450765929534551,0.0,0.0,0.0,0.0,0.0,0.0,28.232857804076733,0.0,1.0,33.18946666666666,4.333166666666666,0.0,0.0,2.732060166028632,0.0,0.0,0.0,4.9105166666666635,33.1898,0.0,4.333166666666666
2,17781.76478270626,5754.46943989516,15.511494848088436,0.0,0.0,0.0,0.0,0.0,0.0,17.481087508146114,0.0,1.0,33.18946666666666,4.333166666666666,0.0,0.0,0.0,0.0,0.0,0.0,4.9105166666666635,33.1898,0.0,4.333166666666666
3,17065.72781111645,6098.506279189859,15.56164648095515,0.0,0.0,0.0,0.0,0.0,0.0,8.601976050393384,0.0,1.0,33.18946666666666,4.333166666666666,0.0,0.0,0.0,0.0,0.0,0.0,4.9105166666666635,33.1898,0.0,4.333166666666666
4,16403.08771216632,6442.543118484564,16.0,0.3187678963927801,0.0,0.0,0.0,0.0,0.0,0.0,0.0,1.0,33.18946666666666,4.333166666666666,0.0,0.0,0.0,0.0,0.0,0.0,4.9105166666666635,33.1898,0.0,4.333166666666666
