,cost,emission,grid,wood_supply,DHDC_small_heat,DHDC_medium_heat,DHDC_large_heat,wood_boiler_heat,wood_boiler_DHW,PV,SCFP,DHW_to_heat,ASHP,ASHP_DHW,GSHP_heat,GSHP_cooling,battery,DHW_storage,heat_storage,geothermal_boreholes,demand_electricity,demand_space_heating,demand_space_cooling,demand_hot_water
0,44341.94099490441,6276.917241002901,16.148310166121806,0.3912009082339184,,,,0.0,4.999999999999999,54.62883092397665,0.0,0.0,20.13218721254356,5.407266030902924,17.35799612078972,17.732499999999998,11.83873915379045,0.0,0.0,22.165625,7.088743333333333,37.490183333333356,17.732499999999998,5.681106666666666
1,23241.39079442901,6771.88298567098,16.328911037981946,0.0,,,,0.0,0.0,40.87404388160712,0.0,2.0,19.81964923779383,5.681106666666666,17.670200762206186,16.967029999999998,4.463595997245882,0.0,0.0,21.2087875,7.088743333333333,37.490183333333356,17.732499999999998,5.681106666666666
2,21175.594097463167,7266.848730339083,16.4155894947074,0.0,,,,0.0,0.0,25.516824128507654,0.0,2.0,19.81964923779388,5.681106666666666,17.67020076220614,16.967029999999998,0.0,0.0,0.0,21.2087875,7.088743333333333,37.490183333333356,17.732499999999998,5.681106666666666
3,20076.2019953212,7761.814475007089,16.58505783691585,0.0,,,,0.0,0.0,12.4020353658566,0.0,2.0,19.845369973384745,5.681106666666666,17.644480026615273,15.929863333333332,0.0,0.0,0.0,19.912329166666666,7.088743333333333,37.490183333333356,17.732499999999998,5.681106666666666
4,19117.0145290792,8256.780219675285,17.0,0.3912009082339184,,,,0.0,0.0,0.0,0.0,2.0,19.853833957461344,5.681106666666666,17.636016042538674,15.674666666666663,0.0,0.0,0.0,19.59333333333333,7.088743333333333,37.490183333333356,17.732499999999998,5.681106666666666
