,cost,emission,grid,wood_supply,DHDC_small_heat,DHDC_medium_heat,DHDC_large_heat,wood_boiler_heat,wood_boiler_DHW,PV,SCFP,DHW_to_heat,ASHP,ASHP_DHW,GSHP_heat,GSHP_cooling,battery,DHW_storage,heat_storage,geothermal_boreholes,demand_electricity,demand_space_heating,demand_space_cooling,demand_hot_water
0,130033.58637393922,37882.49840319072,55.500301999046094,0.6042704609444772,54.721500000000006,0.0,0.0,5.0,5.0,115.50584598413633,0.0,0.0,12.620862915550276,53.789344010672195,102.29416666666665,96.68327375111637,9.461953884442142,0.0,0.0,120.85409218889546,42.434486666666665,102.29416666666667,109.30413666666665,54.73800000000001
1,100016.92569557874,39013.596893137044,60.848426704136145,0.0,54.16466666666656,0.0,0.0,0.0,0.0,94.51173787288721,0.0,13.0,0.0,4.01577544779396,98.83089121887281,109.30413666666665,0.0,0.0,39.77162683471724,120.85409218889546,42.434486666666665,102.29416666666667,109.30413666666665,54.73800000000001
2,96977.90128870496,40144.69538308328,65.48397340076804,0.0,54.2645,0.0,0.0,0.0,0.0,61.74685815069839,0.0,13.0,0.0,3.9159421144604862,98.83089121887284,109.30413666666665,0.0,0.0,39.77162683471724,120.85409218889546,42.434486666666665,102.29416666666667,109.30413666666665,54.73800000000001
3,94052.9893991184,41275.79387302842,69.2274912579827,0.0,54.36166666666666,0.0,0.0,0.0,0.0,29.52589793869413,0.0,10.0,3.442442114460561,0.3763333333333492,98.83089121887276,105.86169455220609,0.0,0.0,28.92359496141714,120.85409218889546,42.434486666666665,102.29416666666667,109.30413666666665,54.73800000000001
4,91632.31384429586,42406.892362975035,74.0,0.6042704609444772,54.3275,0.0,0.0,0.0,0.0,0.0,0.0,10.0,3.442442114460593,0.4105000000000037,98.83089121888527,105.86169455220605,0.0,0.0,29.0,120.85409218889546,42.434486666666665,102.29416666666667,109.30413666666665,54.73800000000001
