,cost,emission,grid,wood_supply,DHDC_small_heat,DHDC_medium_heat,DHDC_large_heat,wood_boiler_heat,wood_boiler_DHW,PV,SCFP,DHW_to_heat,ASHP,ASHP_DHW,GSHP_heat,GSHP_cooling,battery,DHW_storage,heat_storage,geothermal_boreholes,demand_electricity,demand_space_heating,demand_space_cooling,demand_hot_water
0,51762.93205789739,7221.875637677638,18.393457840661164,0.3450705975206018,20.0,0.0,0.0,5.0,5.0,41.44874214874338,0.0,0.0,44.18266018865016,5.810950581735577,0.0,0.0,7.041020590943507,0.0,0.0,0.0,7.007833333333333,44.458716666666646,0.0,6.0680000000000005
1,25870.78954580117,7657.137680434185,21.04927655558179,0.0,0.0,0.0,0.0,0.0,0.0,35.00052185300936,0.0,1.0,44.458550000000066,6.067999999999907,0.0,0.0,2.4881841218921688,0.0,0.0,0.0,7.007833333333333,44.458716666666646,0.0,6.0680000000000005
2,24335.349422303072,8092.399723190791,21.19520144410711,0.0,0.0,0.0,0.0,0.0,0.0,21.86238737531693,0.0,1.0,44.45854999999998,6.068,0.0,0.0,0.0,0.0,0.0,0.0,7.007833333333333,44.458716666666646,0.0,6.0680000000000005
3,23479.596482413057,8527.661765947365,21.433494357995702,0.0,0.0,0.0,0.0,0.0,0.0,10.889152919038196,0.0,1.0,44.45854999999998,6.068,0.0,0.0,0.0,0.0,0.0,0.0,7.007833333333333,44.458716666666646,0.0,6.0680000000000005
4,22640.042567839242,8962.923808703928,22.0,0.3450705975206018,0.0,0.0,0.0,0.0,0.0,0.0,0.0,1.0,44.45854999999998,6.068,0.0,0.0,0.0,0.0,0.0,0.0,7.007833333333333,44.458716666666646,0.0,6.0680000000000005
