,cost,emission,grid,wood_supply,DHDC_small_heat,DHDC_medium_heat,DHDC_large_heat,wood_boiler_heat,wood_boiler_DHW,PV,SCFP,DHW_to_heat,ASHP,ASHP_DHW,GSHP_heat,GSHP_cooling,battery,DHW_storage,heat_storage,geothermal_boreholes,demand_electricity,demand_space_heating,demand_space_cooling,demand_hot_water
0,36240.216187109974,4211.742263477459,11.15134277696167,0.3248338035264352,,,,0.0,5.000000000000001,35.6668010075529,0.0,0.0,13.995338726911985,3.6846163375314958,11.746361273088041,11.985333333333337,8.10670152602854,0.0,0.0,14.981666666666671,4.631166666666667,25.74169999999999,11.985333333333335,3.9120000000000004
1,15563.128189578929,4552.854295245915,11.320705963402213,0.0,,,,0.0,0.0,26.806701715540054,0.0,2.0,13.77734011860117,3.912,11.963466548065487,10.919180000000004,3.298563914807869,0.0,0.0,13.648975000000004,4.631166666666667,25.74169999999999,11.985333333333335,3.9120000000000004
2,14224.106299413324,4893.966327014369,11.380319668943338,0.0,,,,0.0,0.0,16.79161129028338,0.0,2.0,13.778947335788683,3.912,11.961859330877974,10.853333333333333,0.0,0.0,0.0,13.566666666666666,4.631166666666667,25.74169999999999,11.985333333333335,3.9120000000000004
3,13534.126611424303,5235.078358782754,11.517741512777517,0.0,,,,0.0,0.0,8.091628486946902,0.0,2.0,13.778947335788704,3.912,11.961859330877951,10.853333333333333,0.0,0.0,0.0,13.566666666666666,4.631166666666667,25.74169999999999,11.985333333333335,3.9120000000000004
4,12960.608979690442,5576.190390551286,12.0,0.3248338035264352,,,,0.0,0.0,0.0,0.0,2.0,13.787025820679851,3.912,11.953780845986806,10.605846666666668,0.0,0.0,0.0,13.257308333333336,4.631166666666667,25.74169999999999,11.985333333333335,3.9120000000000004
