,cost,emission,grid,wood_supply,DHDC_small_heat,DHDC_medium_heat,DHDC_large_heat,wood_boiler_heat,wood_boiler_DHW,PV,SCFP,DHW_to_heat,ASHP,ASHP_DHW,GSHP_heat,GSHP_cooling,battery,DHW_storage,heat_storage,geothermal_boreholes,demand_electricity,demand_space_heating,demand_space_cooling,demand_hot_water
0,77801.4212001571,3394.3860221928735,8.110593227890867,0.27522673834992306,0.0,273.13,0.0,5.0,5.0,21.493353814263727,0.0,0.0,13.490195165711038,2.6183412831550537,8.773756776942339,9.062833333333332,4.367441132018726,0.0,0.0,11.328541666666666,3.4340000000000006,22.484133333333332,9.062833333333332,2.815166666666667
1,12042.053961628975,3617.4502104717794,9.407848796530335,0.0,0.0,0.0,0.0,0.0,0.0,18.19155220491189,0.0,1.0,13.600197123139992,2.8151666666666033,8.882376210193403,8.330333333333332,1.811858419347032,0.0,0.0,10.412916666666666,3.4340000000000006,22.484133333333332,9.062833333333332,2.815166666666667
2,11156.884512697481,3840.5143987506904,9.485227340915664,0.0,0.0,0.0,0.0,0.0,0.0,11.35679426474784,0.0,1.0,13.600197123139882,2.815166666666667,8.882376210193451,8.330333333333332,0.0,0.0,0.0,10.412916666666666,3.4340000000000006,22.484133333333332,9.062833333333332,2.815166666666667
3,10688.490514704132,4063.578587029607,9.55088790762796,0.0,0.0,0.0,0.0,0.0,0.0,5.579542861723066,0.0,1.0,13.602486740466967,2.8151666666666033,8.880086592866428,8.25529,0.0,0.0,0.0,10.319112500000001,3.4340000000000006,22.484133333333332,9.062833333333332,2.815166666666667
4,10258.234833295832,4286.642775308517,10.0,0.27522673834992306,0.0,0.0,0.0,0.0,0.0,0.0,0.0,1.0,13.605598821940108,2.815166666666667,8.876974511393225,8.17879,0.0,0.0,0.0,10.223487500000001,3.4340000000000006,22.484133333333332,9.062833333333332,2.815166666666667
