,cost,emission,grid,wood_supply,DHDC_small_heat,DHDC_medium_heat,DHDC_large_heat,wood_boiler_heat,wood_boiler_DHW,PV,SCFP,DHW_to_heat,ASHP,ASHP_DHW,GSHP_heat,GSHP_cooling,battery,DHW_storage,heat_storage,geothermal_boreholes,demand_electricity,demand_space_heating,demand_space_cooling,demand_hot_water
0,87388.09643986817,5594.768624675239,13.33129990600329,0.3641448886586666,0.0,273.13,0.0,4.999999999999999,4.999999999999999,46.898539616761894,0.0,0.0,21.872150975883343,4.577098577938933,13.824883113189571,14.8795,9.409653370303221,0.0,0.0,18.599375,5.8795,35.98834999999999,14.8795,4.848166666666667
1,21547.224558976348,6034.69778224887,15.508998310875384,0.0,0.0,0.0,0.0,0.0,0.0,38.37437721312723,0.0,2.0,21.995992341105868,4.848166666666666,13.992357658894125,13.414116666666654,4.323089566977385,0.0,0.0,16.76764583333332,5.8795,35.98834999999999,14.8795,4.848166666666667
2,19521.343214709086,6474.626939822493,15.586452086405965,0.0,0.0,0.0,0.0,0.0,0.0,23.940725715683786,0.0,2.0,21.995992341105865,4.848166666666667,13.992357658894125,13.414116666666654,0.2886211580021093,0.0,0.0,16.76764583333332,5.8795,35.98834999999999,14.8795,4.848166666666667
3,18372.747429462706,6914.556097396116,15.653045794747836,0.0,0.0,0.0,0.0,0.0,0.0,11.530867428670094,0.0,2.0,21.995992341105865,4.848166666666666,13.992357658894125,13.414116666666654,0.0,0.0,0.0,16.76764583333332,5.8795,35.98834999999999,14.8795,4.848166666666667
4,17422.62883790978,7354.485254969721,16.0,0.3641448886586666,0.0,0.0,0.0,0.0,0.0,0.0,0.0,2.0,22.00060238390397,4.848166666666666,13.98774761609602,13.271283333333319,0.0,0.0,0.0,16.589104166666647,5.8795,35.98834999999999,14.8795,4.848166666666667
