,cost,emission,grid,wood_supply,DHDC_small_heat,DHDC_medium_heat,DHDC_large_heat,wood_boiler_heat,wood_boiler_DHW,PV,SCFP,DHW_to_heat,ASHP,ASHP_DHW,GSHP_heat,GSHP_cooling,battery,DHW_storage,heat_storage,geothermal_boreholes,demand_electricity,demand_space_heating,demand_space_cooling,demand_hot_water
0,38977.12588625233,3870.1071463332178,8.704162299614032,0.2769015725039796,20.0,0.0,0.0,5.0,5.0,21.971877858279875,0.0,0.0,13.525356545865865,3.120805565913881,9.54765552946416,9.954166666666666,4.222235180869216,0.0,0.0,12.442708333333332,3.9843333333333333,23.294533333333344,9.954166666666667,3.3241666666666667
1,13080.386960768144,4117.09120850722,10.187229471125129,0.0,0.0,0.0,0.0,0.0,0.0,18.79874647866345,0.0,2.0,13.600578420192349,3.3241666666666183,9.693758246474374,8.820833333333333,1.6711402853394994,0.0,0.0,11.026041666666666,3.9843333333333333,23.294533333333344,9.954166666666667,3.3241666666666667
2,12266.978231183062,4364.075270681218,10.230006657305953,0.0,0.0,0.0,0.0,0.0,0.0,11.741639669319826,0.0,2.0,13.604965137637425,3.3241666666666183,9.689371529029296,8.674809999999999,0.0,0.0,0.0,10.8435125,3.9843333333333333,23.294533333333344,9.954166666666667,3.3241666666666667
3,11840.718404047635,4611.0593328548775,10.265474686561902,1.9047341481837066e-09,0.0,0.0,-1.666666804567285e-10,0.0,1.3333139037285946e-09,5.822911510135409,0.0,2.0,13.604965138960418,3.3241666655000195,9.68937152903957,8.674809999999999,0.0,0.0,0.0,10.8435125,3.9843333333333333,23.294533333333344,9.954166666666667,3.3241666666666667
4,11432.382427175948,4858.043395029222,11.0,0.2769015725039796,0.0,0.0,0.0,0.0,0.0,0.0,0.0,2.0,13.613783901373628,3.3241666666666667,9.680552765293047,8.454643333333333,0.0,0.0,0.0,10.568304166666666,3.9843333333333333,23.294533333333344,9.954166666666667,3.3241666666666667
