,cost,emission,grid,wood_supply,DHDC_small_heat,DHDC_medium_heat,DHDC_large_heat,wood_boiler_heat,wood_boiler_DHW,PV,SCFP,DHW_to_heat,ASHP,ASHP_DHW,GSHP_heat,GSHP_cooling,battery,DHW_storage,heat_storage,geothermal_boreholes,demand_electricity,demand_space_heating,demand_space_cooling,demand_hot_water
0,87594.83853956743,6117.381342987881,14.182663660337877,0.3462125846427266,0.0,273.13,0.0,4.999999999999999,5.0,41.77502418363616,0.0,0.0,22.382093078469293,4.88815119075009,15.397736853816543,16.1405,8.086284226076351,0.0,0.0,20.175625,6.395166666666667,38.0568,16.1405,5.1475
1,21841.879830742582,6542.5929486018185,16.468109900821027,0.0,0.0,0.0,0.0,0.0,0.0,34.65633113071533,0.0,2.0,22.443709850274605,5.147500000000036,15.612756816392022,14.691043333333328,3.527280438912479,0.0,0.0,18.36380416666666,6.395166666666667,38.0568,16.1405,5.1475
2,20148.144310966498,6967.804554215748,16.541427389600024,0.0,0.0,0.0,0.0,0.0,0.0,21.62296999528157,0.0,2.0,22.443709850274747,5.147499999999999,15.612756816391917,14.691043333333328,0.0,0.0,0.0,18.36380416666666,6.395166666666667,38.0568,16.1405,5.1475
3,19258.146059066556,7393.016159829491,16.60434663865741,0.0,0.0,0.0,0.0,0.0,0.0,10.627940563940681,0.0,2.0,22.453323037087927,5.147499999999999,15.603143629578739,14.37104333333333,0.0,0.0,0.0,17.963804166666662,6.395166666666667,38.0568,16.1405,5.1475
4,18439.432683386807,7818.22776544363,17.0,0.3462125846427266,0.0,0.0,0.0,0.0,0.0,0.0,0.0,2.0,22.460374443131876,5.147499999999999,15.596092223534791,14.195,0.0,0.0,0.0,17.74375,6.395166666666667,38.0568,16.1405,5.1475
