,cost,emission,grid,wood_supply,DHDC_small_heat,DHDC_medium_heat,DHDC_large_heat,wood_boiler_heat,wood_boiler_DHW,PV,SCFP,DHW_to_heat,ASHP,ASHP_DHW,GSHP_heat,GSHP_cooling,battery,DHW_storage,heat_storage,geothermal_boreholes,demand_electricity,demand_space_heating,demand_space_cooling,demand_hot_water
0,40620.25028679036,3885.1939308556166,9.386322219846548,0.29558334224210503,20.0,0.0,0.0,5.0,5.0,27.309526354887144,0.0,0.0,22.22669999287298,3.329894993763859,0.0,0.0,5.004350697042837,0.0,0.0,0.0,4.026000000000001,22.463166666666666,0.0,3.564333333333334
1,14662.265049598253,4154.356005165477,10.99599577038334,0.0,0.0,0.0,0.0,0.0,0.0,22.989165179719258,0.0,1.0,22.462136666666595,3.5643333333334035,0.0,0.0,1.9667344703522371,0.0,0.0,0.0,4.026000000000001,22.463166666666666,0.0,3.564333333333334
2,13516.95447597764,4423.518079475319,11.089139169665675,0.0,0.0,0.0,0.0,0.0,0.0,14.267900776914612,0.0,1.0,22.462136666666666,3.564333333333334,0.0,0.0,0.0,0.0,0.0,0.0,4.026000000000001,22.463166666666666,0.0,3.564333333333334
3,12903.571422060602,4692.680153785169,11.166277895157906,0.0,0.0,0.0,0.0,0.0,0.0,7.045196582128862,0.0,1.0,22.462136666666666,3.564333333333334,0.0,0.0,0.0,0.0,0.0,0.0,4.026000000000001,22.463166666666666,0.0,3.564333333333334
4,12324.387791401561,4961.842228095009,12.0,0.29558334224210503,0.0,0.0,0.0,0.0,0.0,0.0,0.0,1.0,22.462136666666666,3.564333333333334,0.0,0.0,0.0,0.0,0.0,0.0,4.026000000000001,22.463166666666666,0.0,3.564333333333334
