,cost,emission,grid,wood_supply,DHDC_small_heat,DHDC_medium_heat,DHDC_large_heat,wood_boiler_heat,wood_boiler_DHW,PV,SCFP,DHW_to_heat,ASHP,ASHP_DHW,GSHP_heat,GSHP_cooling,battery,DHW_storage,heat_storage,geothermal_boreholes,demand_electricity,demand_space_heating,demand_space_cooling,demand_hot_water
0,42352.26363219609,4379.981577170073,11.421323904723312,0.29923535728756806,20.0,0.0,0.0,5.0,5.0,28.35295922501945,0.0,0.0,27.75687838083661,3.524641916565369,0.0,0.0,5.039610312542208,0.0,0.0,0.0,4.184166666666667,27.996266666666667,0.0,3.7465000000000006
1,16391.482081831524,4658.8207198214,13.107678694039102,0.0,0.0,0.0,0.0,0.0,0.0,23.915922173669934,0.0,1.0,27.995373333333436,3.746499999999893,0.0,0.0,2.0848134353196106,0.0,0.0,0.0,4.184166666666667,27.996266666666667,0.0,3.7465000000000006
2,15218.380185243832,4937.659862472727,13.203775415974562,0.0,0.0,0.0,0.0,0.0,0.0,14.884011327169995,0.0,1.0,27.995373333333333,3.7465,0.0,0.0,0.0,0.0,0.0,0.0,4.184166666666667,27.996266666666667,0.0,3.7465000000000006
3,14575.927131844446,5216.499005124045,13.283773089144745,0.0,0.0,0.0,0.0,0.0,0.0,7.365213209521483,0.0,1.0,27.995373333333333,3.7465,0.0,0.0,0.0,0.0,0.0,0.0,4.184166666666667,27.996266666666667,0.0,3.7465000000000006
4,13963.06437216867,5495.338147775358,14.0,0.29923535728756806,0.0,0.0,0.0,0.0,0.0,0.0,0.0,1.0,27.995373333333333,3.7465,0.0,0.0,0.0,0.0,0.0,0.0,4.184166666666667,27.996266666666667,0.0,3.7465000000000006
