,cost,emission,grid,wood_supply,DHDC_small_heat,DHDC_medium_heat,DHDC_large_heat,wood_boiler_heat,wood_boiler_DHW,PV,SCFP,DHW_to_heat,ASHP,ASHP_DHW,GSHP_heat,GSHP_cooling,battery,DHW_storage,heat_storage,geothermal_boreholes,demand_electricity,demand_space_heating,demand_space_cooling,demand_hot_water
0,37723.238030688786,4824.212392235346,14.05618865185278,0.30383768294806773,,,,0.0,5.000000000000001,29.667909413733643,0.0,0.0,27.494475951080407,3.7241169552696856,4.0106907155862395,13.126910000000002,6.12307765752652,0.0,0.0,16.4086375,4.571166666666667,31.50516666666665,13.12691,3.936803333333333
1,16416.05712116299,5115.764902749776,13.332324223798487,0.0,,,,0.0,0.0,22.52049115662228,0.0,2.0,19.625999110194076,3.9368033333333328,11.879000889805903,11.6935,2.0664619294489386,0.0,0.0,14.616875,4.571166666666667,31.50516666666665,13.12691,3.936803333333333
2,15406.233957306196,5407.3174132642125,13.382433416179142,0.0,,,,0.0,0.0,14.025434126082578,0.0,2.0,19.62599911019408,3.9368033333333328,11.879000889805901,11.6935,0.0,0.0,0.0,14.616875,4.571166666666667,31.50516666666665,13.12691,3.936803333333333
3,14886.776761857645,5698.869923778646,13.424522869863988,1.14767285622076e-09,,,,0.0,8.033709993545319e-10,6.955760259188567,0.0,2.0,19.629491725486506,3.936803332529962,11.875508275316847,11.587076666666665,0.0,0.0,0.0,14.483845833333334,4.571166666666667,31.50516666666665,13.12691,3.936803333333333
4,14389.57002531633,5990.422434293079,14.0,0.30383768294806773,,,,0.0,0.0,0.0,0.0,2.0,19.629491724689874,3.9368033333333328,11.875508275310105,11.587076666666665,0.0,0.0,0.0,14.483845833333334,4.571166666666667,31.50516666666665,13.12691,3.936803333333333
