,cost,emission,grid,wood_supply,DHDC_small_heat,DHDC_medium_heat,DHDC_large_heat,wood_boiler_heat,wood_boiler_DHW,PV,SCFP,DHW_to_heat,ASHP,ASHP_DHW,GSHP_heat,GSHP_cooling,battery,DHW_storage,heat_storage,geothermal_boreholes,demand_electricity,demand_space_heating,demand_space_cooling,demand_hot_water
0,43861.76516749722,4371.930761634578,10.900216970401384,0.3365613609947652,20.0,0.0,0.0,4.999999999999999,5.0,39.01753171279005,0.0,0.0,25.06981757787083,4.040740380636997,0.0,0.0,7.364747063623472,0.0,0.0,0.0,4.786,25.339066666666643,0.0,4.302
1,17834.237244892072,4728.838037326291,12.816896953946527,0.0,0.0,0.0,0.0,0.0,0.0,32.059456703295815,0.0,1.0,25.336673333333326,4.301999999999983,0.0,0.0,3.427310281970411,0.0,0.0,0.0,4.786,25.339066666666643,0.0,4.302
2,16098.70987322797,5085.745313017989,12.880502114622768,0.0,0.0,0.0,0.0,0.0,0.0,19.854294209284436,0.0,1.0,25.336673333333326,4.301999999999984,0.0,0.0,0.1568822886033653,0.0,0.0,0.0,4.786,25.339066666666643,0.0,4.302
3,15146.587483840369,5442.65258870966,12.933730489158744,0.0,0.0,0.0,0.0,0.0,0.0,9.640328021688832,0.0,1.0,25.33667333333331,4.302,0.0,0.0,0.0,0.0,0.0,0.0,4.786,25.339066666666643,0.0,4.302
4,14321.089831427906,5799.55986440136,14.0,0.3365613609947652,0.0,0.0,0.0,0.0,0.0,0.0,0.0,1.0,25.33667333333331,4.302,0.0,0.0,0.0,0.0,0.0,0.0,4.786,25.339066666666643,0.0,4.302
