,cost,emission,grid,wood_supply,DHDC_small_heat,DHDC_medium_heat,DHDC_large_heat,wood_boiler_heat,wood_boiler_DHW,PV,SCFP,DHW_to_heat,ASHP,ASHP_DHW,GSHP_heat,GSHP_cooling,battery,DHW_storage,heat_storage,geothermal_boreholes,demand_electricity,demand_space_heating,demand_space_cooling,demand_hot_water
0,66367.06116049671,11241.770572028689,25.671613850657113,0.454981393369086,20.0,0.0,0.0,5.0,4.999999999999999,72.85182667688171,0.0,0.0,58.77950821863801,10.009136357974974,0.0,0.0,12.389869573065983,0.0,0.0,0.0,12.388166666666669,59.14349333333328,0.0,10.375456666666667
1,40284.1221203632,11998.6151049627,23.492302754757183,0.0,20.0,0.0,0.0,0.0,0.0,51.544391970021664,0.0,20.0,39.27061666666661,10.248166666666666,0.0,0.0,1.6201164578821916,0.0,0.0,0.0,12.388166666666669,59.14349333333328,0.0,10.375456666666667
2,37803.20364807568,12755.459637896714,30.31227716218077,0.0,0.0,0.0,0.0,0.0,0.0,37.94140909517711,0.0,1.0,59.14332666666662,10.375456666666665,0.0,0.0,0.0,0.0,0.0,0.0,12.388166666666669,59.14349333333328,0.0,10.375456666666667
3,36327.01557367692,13512.30417083073,30.560419886381858,0.0,0.0,0.0,0.0,0.0,0.0,18.922198723218116,0.0,1.0,59.14332666666662,10.375456666666665,0.0,0.0,0.0,0.0,0.0,0.0,12.388166666666669,59.14349333333328,0.0,10.375456666666667
4,34869.51510636237,14269.148703764722,32.0,0.454981393369086,0.0,0.0,0.0,0.0,0.0,0.0,0.0,1.0,59.14332666666662,10.375456666666665,0.0,0.0,0.0,0.0,0.0,0.0,12.388166666666669,59.14349333333328,0.0,10.375456666666667
