,cost,emission,grid,wood_supply,DHDC_small_heat,DHDC_medium_heat,DHDC_large_heat,wood_boiler_heat,wood_boiler_DHW,PV,SCFP,DHW_to_heat,ASHP,ASHP_DHW,GSHP_heat,GSHP_cooling,battery,DHW_storage,heat_storage,geothermal_boreholes,demand_electricity,demand_space_heating,demand_space_cooling,demand_hot_water
0,48078.11068921852,7485.688091355592,20.28057835719284,0.3838230853373683,,,,0.0,5.000000000000001,52.52088152496236,0.0,0.0,38.85192581374622,6.349763840263843,3.543924186253776,21.327333333333332,9.96310117766784,0.0,0.0,26.659166666666664,8.061333333333335,42.395849999999996,21.327333333333332,6.6184400000000005
1,25503.961076301737,7977.175422588995,18.63063541994351,0.0,,,,0.0,0.0,39.46849497709725,0.0,3.0,22.065993382674435,6.6184400000000005,20.32985661732556,20.161896666666667,3.2067771952493143,0.0,0.0,25.202370833333333,8.061333333333335,42.395849999999996,21.327333333333332,6.6184400000000005
2,23756.342778533977,8468.662753822407,18.71652099937308,0.0,,,,0.0,0.0,24.715808507997153,0.0,3.0,22.093195791704087,6.6184400000000005,20.30265420829591,19.05439666666667,0.0,0.0,0.0,23.817995833333335,8.061333333333335,42.395849999999996,21.327333333333332,6.6184400000000005
3,22785.11682980356,8960.150085055815,18.78626105174681,0.0,,,,0.0,0.0,12.299506717267636,0.0,3.0,22.093195791704087,6.6184400000000005,20.30265420829591,19.05439666666667,0.0,0.0,0.0,23.817995833333335,8.061333333333335,42.395849999999996,21.327333333333332,6.6184400000000005
4,21835.439370247073,9451.637416289237,19.0,0.3838230853373683,,,,0.0,0.0,0.0,0.0,3.0,22.10347023779576,6.61844,20.292379762204234,18.740666666666666,0.0,0.0,0.0,23.425833333333333,8.061333333333335,42.395849999999996,21.327333333333332,6.6184400000000005
