,cost,emission,grid,wood_supply,DHDC_small_heat,DHDC_medium_heat,DHDC_large_heat,wood_boiler_heat,wood_boiler_DHW,PV,SCFP,DHW_to_heat,ASHP,ASHP_DHW,GSHP_heat,GSHP_cooling,battery,DHW_storage,heat_storage,geothermal_boreholes,demand_electricity,demand_space_heating,demand_space_cooling,demand_hot_water
0,22361.560623643814,531.8064640108973,2.374831634883127,0.215792489924516,,,,0.0,4.999999999999999,4.512139978433139,0.0,0.0,3.8953966666666666,0.29211192371950534,,,1.2619999999999996,0.0,0.0,,1.1236666666666666,3.8953966666666666,2.0495,0.44316666666666665
1,2204.1347892849903,567.2470819327799,2.437771111111111,0.0,,,,0.0,0.0,3.7534582269994363,0.0,1.0,3.8678966666666668,0.4431666666666666,,,0.24263383863553972,0.0,0.0,,1.1236666666666666,3.8953966666666666,2.0495,0.44316666666666665
2,2032.2617040377968,602.6876998546601,2.437771111111111,0.0,,,,0.0,0.0,2.448627660874039,0.0,1.0,3.8678966666666668,0.4431666666666666,,,0.08442063593762873,0.0,0.0,,1.1236666666666666,3.8953966666666666,2.0495,0.44316666666666665
3,1875.9255355786504,638.1283177765405,2.437771111111111,0.0,,,,0.0,0.0,1.1508361604889528,0.0,1.0,3.8678966666666668,0.4431666666666666,,,0.0,0.0,0.0,,1.1236666666666666,3.8953966666666666,2.0495,0.44316666666666665
4,1756.6571320631913,673.5689356984159,3.0,0.215792489924516,,,,0.0,0.0,0.0,0.0,1.0,3.8678966666666668,0.4431666666666666,,,0.0,0.0,0.0,,1.1236666666666666,3.8953966666666666,2.0495,0.44316666666666665
