,cost,emission,grid,wood_supply,DHDC_small_heat,DHDC_medium_heat,DHDC_large_heat,wood_boiler_heat,wood_boiler_DHW,PV,SCFP,DHW_to_heat,ASHP,ASHP_DHW,GSHP_heat,GSHP_cooling,battery,DHW_storage,heat_storage,geothermal_boreholes,demand_electricity,demand_space_heating,demand_space_cooling,demand_hot_water
0,44824.67461677435,8755.302852375704,16.161368502960674,0.3367572922405565,,,,0.0,5.000000000000001,39.07351206873043,0.0,0.0,0.0,7.711739895431612,23.62711666666666,24.53408666666667,2.9212764324590523,0.0,0.0,30.667608333333337,10.5555,23.627116666666662,24.534086666666667,7.947470000000002
1,23762.56023816021,9135.0240015693,18.879409292927228,0.0,,,,0.0,0.0,29.907323012141553,0.0,0.0,0.0,7.947470000000001,23.62711666666666,24.534086666666667,0.0,0.0,0.0,30.667608333333334,10.5555,23.627116666666662,24.534086666666667,7.947470000000002
2,22938.888112865956,9514.74515076288,18.921524390316534,0.0,,,,0.0,0.0,19.934082005372126,0.0,0.0,0.0,7.947470000000001,23.62711666666666,24.534086666666667,0.0,0.0,0.0,30.667608333333334,10.5555,23.627116666666662,24.534086666666667,7.947470000000002
3,22116.407248914747,9894.46629995648,18.963613380037675,0.0,,,,0.0,0.0,9.96702353367776,0.0,0.0,0.0,7.947470000000001,23.62711666666666,24.534086666666667,0.0,0.0,0.0,30.667608333333334,10.5555,23.627116666666662,24.534086666666667,7.947470000000002
4,21293.929268045857,10274.187449150071,20.0,0.3367572922405565,,,,0.0,0.0,0.0,0.0,0.0,0.0,7.947470000000001,23.62711666666666,24.534086666666667,0.0,0.0,0.0,30.667608333333334,10.5555,23.627116666666662,24.534086666666667,7.947470000000002
