,cost,emission,grid,wood_supply,DHDC_small_heat,DHDC_medium_heat,DHDC_large_heat,wood_boiler_heat,wood_boiler_DHW,PV,SCFP,DHW_to_heat,ASHP,ASHP_DHW,GSHP_heat,GSHP_cooling,battery,DHW_storage,heat_storage,geothermal_boreholes,demand_electricity,demand_space_heating,demand_space_cooling,demand_hot_water
0,44774.16759495621,8733.925835862967,16.222268400219345,0.33638429641755374,,,,0.0,5.000000000000001,38.96694183358679,0.0,0.0,0.0,7.796197659174379,22.656533333333314,25.203500000000005,3.0172509753440098,0.0,0.0,31.504375000000003,10.610209999999997,22.656533333333314,25.203500000000002,8.031666666666668
1,23701.86981653651,9108.218238528836,19.007821111111106,0.0,,,,0.0,0.0,29.839037103901155,0.0,1.0,0.0,8.031666666666666,22.65566999999998,25.2035,0.0,0.0,0.0,31.504375,10.610209999999997,22.656533333333314,25.203500000000002,8.031666666666668
2,22866.6425470628,9482.510641194744,19.007821111111106,0.0,,,,0.0,0.0,19.887294323036837,0.0,1.0,0.0,8.031666666666666,22.65566999999998,25.2035,0.0,0.0,0.0,31.504375,10.610209999999997,22.656533333333314,25.203500000000002,8.031666666666668
3,22032.971754769587,9856.803043860642,19.007821111111106,0.0,,,,0.0,0.0,9.943629513835578,0.0,1.0,0.0,8.031666666666666,22.65566999999998,25.2035,0.0,0.0,0.0,31.504375,10.610209999999997,22.656533333333314,25.203500000000002,8.031666666666668
4,21199.303921618295,10231.095446526519,20.0,0.33638429641755374,,,,0.0,0.0,0.0,0.0,1.0,0.0,8.031666666666666,22.65566999999998,25.2035,0.0,0.0,0.0,31.504375,10.610209999999997,22.656533333333314,25.203500000000002,8.031666666666668
