,cost,emission,grid,wood_supply,DHDC_small_heat,DHDC_medium_heat,DHDC_large_heat,wood_boiler_heat,wood_boiler_DHW,PV,SCFP,DHW_to_heat,ASHP,ASHP_DHW,GSHP_heat,GSHP_cooling,battery,DHW_storage,heat_storage,geothermal_boreholes,demand_electricity,demand_space_heating,demand_space_cooling,demand_hot_water
0,40749.87149962019,5804.355599441637,15.717593477345787,0.3163604586239166,,,,0.0,5.0,33.24584532111903,0.0,0.0,32.45649999999995,4.719184345629925,0.0,0.0,4.95395235598753,0.0,0.0,0.0,5.820426666666656,32.456499999999956,0.0,4.940636666666667
1,19769.885505774248,6106.354006497174,15.861008775398712,0.0,,,,0.0,0.0,25.12762307695116,0.0,0.0,32.45649999999995,4.940636666666666,0.0,0.0,0.633117374667475,0.0,0.0,0.0,5.820426666666656,32.456499999999956,0.0,4.940636666666667
2,18836.840755835663,6408.352413552714,15.95708936020975,0.0,,,,0.0,0.0,16.087207243959494,0.0,0.0,32.45649999999995,4.940636666666666,0.0,0.0,0.0,0.0,0.0,0.0,5.820426666666656,32.456499999999956,0.0,4.940636666666667
3,18160.23077689752,6710.350820608254,16.042576098290716,0.0,,,,0.0,0.0,8.043587797034407,0.0,0.0,32.45649999999995,4.940636666666666,0.0,0.0,0.0,0.0,0.0,0.0,5.820426666666656,32.456499999999956,0.0,4.940636666666667
4,17483.62346027229,7012.349227663789,17.0,0.3163604586239166,,,,0.0,0.0,0.0,0.0,0.0,32.45649999999995,4.940636666666666,0.0,0.0,0.0,0.0,0.0,0.0,5.820426666666656,32.456499999999956,0.0,4.940636666666667
