,cost,emission,grid,wood_supply,DHDC_small_heat,DHDC_medium_heat,DHDC_large_heat,wood_boiler_heat,wood_boiler_DHW,PV,SCFP,DHW_to_heat,ASHP,ASHP_DHW,GSHP_heat,GSHP_cooling,battery,DHW_storage,heat_storage,geothermal_boreholes,demand_electricity,demand_space_heating,demand_space_cooling,demand_hot_water
0,45041.63642396008,8827.181507409596,16.427603683574162,0.3366721724877916,,,,0.0,5.0,39.049192139368984,0.0,0.0,0.0,7.837496145925212,23.89221333333332,27.05252666666667,3.2578766058644946,0.0,0.0,33.81565833333333,10.553136666666665,23.89221333333332,27.05252666666667,8.073166666666667
1,23952.359811475642,9196.00867514719,19.39392111111111,0.0,,,,0.0,0.0,29.950259731707018,0.0,1.0,0.0,8.073166666666665,23.890683333333318,27.05252666666667,0.0,0.0,0.0,33.81565833333333,10.553136666666665,23.89221333333332,27.05252666666667,8.073166666666667
2,23093.5684560554,9564.835842884775,19.39392111111111,0.0,,,,0.0,0.0,19.958238098955693,0.0,1.0,0.0,8.073166666666665,23.890683333333318,27.05252666666667,0.0,0.0,0.0,33.81565833333333,10.553136666666665,23.89221333333332,27.05252666666667,8.073166666666667
3,22237.260734695443,9933.663010622364,19.39392111111111,0.0,,,,0.0,0.0,9.979106295757461,0.0,1.0,0.0,8.073166666666665,23.890683333333318,27.05252666666667,0.0,0.0,0.0,33.81565833333333,10.553136666666665,23.89221333333332,27.05252666666667,8.073166666666667
4,21380.955202124944,10302.490178359949,20.0,0.33667217248779147,,,,0.0,0.0,0.0,0.0,1.0,0.0,8.073166666666665,23.89068333333332,27.05252666666667,0.0,0.0,0.0,33.81565833333333,10.553136666666665,23.89221333333332,27.05252666666667,8.073166666666667
