,cost,emission,grid,wood_supply,DHDC_small_heat,DHDC_medium_heat,DHDC_large_heat,wood_boiler_heat,wood_boiler_DHW,PV,SCFP,DHW_to_heat,ASHP,ASHP_DHW,GSHP_heat,GSHP_cooling,battery,DHW_storage,heat_storage,geothermal_boreholes,demand_electricity,demand_space_heating,demand_space_cooling,demand_hot_water
0,97108.32885426264,8377.006348618961,20.029992993968822,0.39157146973696966,0.0,273.13,0.0,4.999999999999999,5.0,54.734705639134205,0.0,0.0,40.26229129729896,5.368536637850788,14.270531526911856,25.41466666666667,12.637722234228841,0.0,0.0,31.768333333333338,6.966,54.84608000000001,25.414666666666673,5.649136666666667
1,31474.20486337309,8942.888449096483,24.00634493008763,0.0,0.0,0.0,0.0,0.0,0.0,44.41361554979584,0.0,0.0,53.68676663292849,5.649136666666588,1.15931336707177,19.01133333333333,6.292855627797607,0.0,0.0,23.76416666666666,6.966,54.84608000000001,25.414666666666673,5.649136666666667
2,29202.97086443669,9508.770549573863,24.10852942356482,0.0,0.0,0.0,0.0,0.0,0.0,27.737894700801817,0.0,0.0,53.70157355682199,5.649136666666588,1.14450644317809,19.01133333333333,0.9103230716112423,0.0,0.0,23.76416666666666,6.966,54.84608000000001,25.414666666666673,5.649136666666667
3,27919.85876938995,10074.65265005137,24.197820106458767,0.0,0.0,0.0,0.0,0.0,0.0,13.08789130268673,0.0,0.0,53.71025512553965,5.649136666666667,1.1358248744603563,18.241280000000003,0.0,0.0,0.0,22.8016,6.966,54.84608000000001,25.414666666666673,5.649136666666667
4,27010.789242687482,10640.534750528876,25.0,0.39157146973696966,0.0,0.0,0.0,0.0,0.0,0.0,0.0,0.0,53.77553578090661,5.649136666666667,1.0705442190934045,14.977500000000001,0.0,0.0,0.0,18.721875,6.966,54.84608000000001,25.414666666666673,5.649136666666667
