,cost,emission,grid,wood_supply,DHDC_small_heat,DHDC_medium_heat,DHDC_large_heat,wood_boiler_heat,wood_boiler_DHW,PV,SCFP,DHW_to_heat,ASHP,ASHP_DHW,GSHP_heat,GSHP_cooling,battery,DHW_storage,heat_storage,geothermal_boreholes,demand_electricity,demand_space_heating,demand_space_cooling,demand_hot_water
0,30237.07226973703,2661.2715040919793,7.528310144742272,0.2715250163221449,,,,0.0,5.0,20.43571894918425,0.0,0.0,10.968093637192778,2.1722658219078315,6.64777302947391,7.3646666666666665,4.384833685316181,0.0,0.0,9.205833333333333,2.601899999999999,17.615866666666665,7.364666666666667,2.3623333333333334
1,9759.463224349616,2851.369467441361,7.630329858458142,0.0,,,,0.0,0.0,15.628435580100877,0.0,1.0,10.878186093750015,2.362333333333333,6.7349839062499814,6.406933333333332,1.7796652589242383,0.0,0.0,8.008666666666665,2.601899999999999,17.615866666666665,7.364666666666667,2.3623333333333334
2,8977.235780995466,3041.4674307907367,7.663272815461743,0.0,,,,0.0,0.0,9.774409400272564,0.0,1.0,10.878186093750006,2.362333333333333,6.7349839062499886,6.406933333333332,0.0,0.0,0.0,8.008666666666665,2.601899999999999,17.615866666666665,7.364666666666667,2.3623333333333334
3,8556.51068814689,3231.565394140118,7.69175782783589,0.0,,,,0.0,0.0,4.738700168223395,0.0,1.0,10.879509575892865,2.362333333333333,6.733660424107133,6.366266666666665,0.0,0.0,0.0,7.9578333333333315,2.601899999999999,17.615866666666665,7.364666666666667,2.3623333333333334
4,8193.129142852995,3421.6633574894913,8.0,0.2715250163221449,,,,0.0,0.0,0.0,0.0,1.0,10.879509575892857,2.362333333333333,6.733660424107137,6.366266666666665,0.0,0.0,0.0,7.9578333333333315,2.601899999999999,17.615866666666665,7.364666666666667,2.3623333333333334
