,cost,emission,grid,wood_supply,DHDC_small_heat,DHDC_medium_heat,DHDC_large_heat,wood_boiler_heat,wood_boiler_DHW,PV,SCFP,DHW_to_heat,ASHP,ASHP_DHW,GSHP_heat,GSHP_cooling,battery,DHW_storage,heat_storage,geothermal_boreholes,demand_electricity,demand_space_heating,demand_space_cooling,demand_hot_water
0,44938.161081549246,8793.682431255464,16.384284790057013,0.3367251689224944,,,,0.0,5.000000000000001,39.06433397785554,0.0,0.0,0.0,7.785292381754253,23.58016,26.545093333333337,3.3421003964912863,0.0,0.0,33.18136666666667,10.611093333333335,23.580160000000003,26.54509333333333,8.020999999999999
1,23861.133498832045,9169.472417965393,19.462825,0.0,,,,0.0,0.0,29.929212176482515,0.0,1.0,0.0,8.020999999999999,23.579326666666667,26.54509333333333,0.0,0.0,0.0,33.18136666666666,10.611093333333335,23.580160000000003,26.54509333333333,8.020999999999999
2,23024.191017191573,9545.262404675315,19.462825,0.0,,,,0.0,0.0,19.94609342073087,0.0,1.0,0.0,8.020999999999999,23.579326666666667,26.54509333333333,0.0,0.0,0.0,33.18136666666666,10.611093333333335,23.580160000000003,26.54509333333333,8.020999999999999
3,22189.186999842263,9921.052391385252,19.462825,0.0,,,,0.0,0.0,9.973035114184205,0.0,1.0,0.0,8.020999999999999,23.579326666666667,26.54509333333333,0.0,0.0,0.0,33.18136666666666,10.611093333333335,23.580160000000003,26.54509333333333,8.020999999999999
4,21354.18492429608,10296.842378095169,20.0,0.3367251689224944,,,,0.0,0.0,0.0,0.0,1.0,0.0,8.020999999999999,23.579326666666667,26.54509333333333,0.0,0.0,0.0,33.18136666666666,10.611093333333335,23.580160000000003,26.54509333333333,8.020999999999999
