,cost,emission,grid,wood_supply,DHDC_small_heat,DHDC_medium_heat,DHDC_large_heat,wood_boiler_heat,wood_boiler_DHW,PV,SCFP,DHW_to_heat,ASHP,ASHP_DHW,GSHP_heat,GSHP_cooling,battery,DHW_storage,heat_storage,geothermal_boreholes,demand_electricity,demand_space_heating,demand_space_cooling,demand_hot_water
0,36574.93056981658,2883.381647776797,7.6447610231776935,0.26206076014469915,20.0,0.0,0.0,5.000000000000001,5.000000000000001,17.73164575562832,0.0,0.0,17.3309664248308,2.2312241345653767,1.9139849670534133,6.984833333333334,3.4645732772644253,0.0,0.0,8.731041666666666,2.762919999999998,19.45459999999997,6.9848333333333334,2.419
1,10259.882734209597,3073.6660923579175,8.185650096188493,0.0,0.0,0.0,0.0,0.0,0.0,15.113348950993082,0.0,1.0,12.490421529922918,2.418999999999869,6.962678470077184,6.641666666666667,1.5819844895548303,0.0,0.0,8.302083333333332,2.762919999999998,19.45459999999997,6.9848333333333334,2.419
2,9522.732953917057,3263.950536939028,8.218806917836549,0.0,0.0,0.0,0.0,0.0,0.0,9.423752023454151,0.0,1.0,12.490421529922793,2.4189999999999996,6.962678470077177,6.641666666666667,0.0,0.0,0.0,8.302083333333332,2.762919999999998,19.45459999999997,6.9848333333333334,2.419
3,9143.1724279776,3454.2349815201196,8.246927959620752,0.0,0.0,0.0,0.0,0.0,0.0,4.598277657036403,0.0,1.0,12.490421529922891,2.4189999999999996,6.96267847007708,6.641666666666667,0.0,0.0,0.0,8.302083333333332,2.762919999999998,19.45459999999997,6.9848333333333334,2.419
4,8807.292205499407,3644.519426101248,9.0,0.26206076014469915,0.0,0.0,0.0,0.0,0.0,0.0,0.0,1.0,12.491657639961385,2.4189999999999996,6.961442360038586,6.60653333333333,0.0,0.0,0.0,8.258166666666662,2.762919999999998,19.45459999999997,6.9848333333333334,2.419
