,cost,emission,grid,wood_supply,DHDC_small_heat,DHDC_medium_heat,DHDC_large_heat,wood_boiler_heat,wood_boiler_DHW,PV,SCFP,DHW_to_heat,ASHP,ASHP_DHW,GSHP_heat,GSHP_cooling,battery,DHW_storage,heat_storage,geothermal_boreholes,demand_electricity,demand_space_heating,demand_space_cooling,demand_hot_water
0,70177.37242996131,11395.426919169135,58.0388089392399,0.40583582937005575,20.0,0.0,0.0,5.000000000000001,5.000000000000001,58.81023696287307,0.0,0.0,107.00761778015142,3.8839149194409606,29.226213556352565,64.93373269920892,15.70066666666667,0.0,0.0,81.16716587401116,24.026666666666667,136.55849999999998,79.60516,7.073240000000001
1,40965.32735231717,11956.81257997574,55.97285832087809,0.0,0.0,0.0,0.0,0.0,0.0,48.75094365913643,0.0,4.0,62.77005488790293,7.07324,71.85220511209702,64.93373269920892,4.234619049277911,0.0,0.0,81.16716587401116,24.026666666666667,136.55849999999998,79.60516,7.073240000000001
2,38843.6236475099,12518.198240782287,55.97285832087809,0.0,0.0,0.0,0.0,0.0,0.0,31.510593276758588,0.0,4.0,62.77005488790292,7.07324,71.85220511209704,64.93373269920892,1.5603973834997096,0.0,0.0,81.16716587401116,24.026666666666667,136.55849999999998,79.60516,7.073240000000001
3,36929.49563979804,13079.58390158879,55.97285832087809,0.0,0.0,0.0,0.0,0.0,0.0,14.188653842015322,0.0,4.0,62.770054887902916,7.07324,71.85220511209704,64.93373269920892,0.0,0.0,0.0,81.16716587401116,24.026666666666667,136.55849999999998,79.60516,7.073240000000001
4,35818.88451525313,13640.969562395192,56.0,0.40583582937005575,0.0,0.0,0.0,0.0,0.0,0.0,0.0,4.0,62.770054887902894,7.07324,71.85220511209707,64.93373269920892,0.0,0.0,0.0,81.16716587401116,24.026666666666667,136.55849999999998,79.60516,7.073240000000001
