,cost,emission,grid,wood_supply,DHDC_small_heat,DHDC_medium_heat,DHDC_large_heat,wood_boiler_heat,wood_boiler_DHW,PV,SCFP,DHW_to_heat,ASHP,ASHP_DHW,GSHP_heat,GSHP_cooling,battery,DHW_storage,heat_storage,geothermal_boreholes,demand_electricity,demand_space_heating,demand_space_cooling,demand_hot_water
0,92647.62470319158,20877.752502459483,35.133342450139196,0.8161568033912585,,,,0.0,5.000000000000001,176.044800968931,0.0,0.0,0.0,20.664856904292787,55.1982,69.51635666666668,30.0544901787669,0.0,0.0,86.89544583333334,28.601273333333335,55.19820000000001,69.51635666666667,21.236166666666666
1,68128.58531445071,22482.423671401786,49.52565392748807,0.0,,,,0.0,0.0,130.8996942976889,0.0,0.0,0.0,21.236166666666666,55.1982,69.51635666666667,4.037275938393113,0.0,0.0,86.89544583333333,28.601273333333335,55.19820000000001,69.51635666666667,21.236166666666666
2,63146.95441354248,24087.09484034412,51.19389027777778,0.0,,,,0.0,0.0,83.079781482695,0.0,0.0,0.0,21.236166666666666,55.1982,69.51635666666667,0.0,0.0,0.0,86.89544583333333,28.601273333333335,55.19820000000001,69.51635666666667,21.236166666666666
3,59774.561976165074,25691.76600928644,51.19389027777778,0.0,,,,0.0,0.0,41.49614309977732,0.0,0.0,0.0,21.236166666666666,55.1982,69.51635666666667,0.0,0.0,0.0,86.89544583333333,28.601273333333335,55.19820000000001,69.51635666666667,21.236166666666666
4,56419.023586363575,27296.43717822875,52.0,0.8161568033912585,,,,0.0,0.0,0.0,0.0,0.0,0.0,21.236166666666666,55.1982,69.51635666666667,0.0,0.0,0.0,86.89544583333333,28.601273333333335,55.19820000000001,69.51635666666667,21.236166666666666
