,cost,emission,grid,wood_supply,DHDC_small_heat,DHDC_medium_heat,DHDC_large_heat,wood_boiler_heat,wood_boiler_DHW,PV,SCFP,DHW_to_heat,ASHP,ASHP_DHW,GSHP_heat,GSHP_cooling,battery,DHW_storage,heat_storage,geothermal_boreholes,demand_electricity,demand_space_heating,demand_space_cooling,demand_hot_water
0,35543.15710077996,3362.0702384145097,10.52883235539631,0.334934781498366,,,,0.0,5.0,38.55279471381885,0.0,0.0,21.60323333333333,3.143878986284477,0.0,0.0,9.02491153349258,0.0,0.0,0.0,3.8368333333333333,21.603233333333332,0.0,3.3783333333333334
1,14895.385283267571,3699.4088267070847,10.682309849932643,0.0,,,,0.0,0.0,28.776474818772662,0.0,1.0,21.600399999999997,3.378333333333333,0.0,0.0,4.019256900444043,0.0,0.0,0.0,3.8368333333333333,21.603233333333332,0.0,3.3783333333333334
2,13302.412975614665,4036.7474149996515,10.745326445525492,0.0,,,,0.0,0.0,17.733448121250568,0.0,1.0,21.600399999999997,3.378333333333333,0.0,0.0,1.0551220325330668,0.0,0.0,0.0,3.8368333333333333,21.603233333333332,0.0,3.3783333333333334
3,12363.219659824928,4374.086003292217,10.798908261947073,0.0,,,,0.0,0.0,8.343771899001526,0.0,1.0,21.600399999999997,3.378333333333333,0.0,0.0,0.0,0.0,0.0,0.0,3.8368333333333333,21.603233333333332,0.0,3.3783333333333334
4,11730.962974168824,4711.424591584783,11.0,0.334934781498366,,,,0.0,0.0,0.0,0.0,1.0,21.600399999999997,3.378333333333333,0.0,0.0,0.0,0.0,0.0,0.0,3.8368333333333333,21.603233333333332,0.0,3.3783333333333334
