,cost,emission,grid,wood_supply,DHDC_small_heat,DHDC_medium_heat,DHDC_large_heat,wood_boiler_heat,wood_boiler_DHW,PV,SCFP,DHW_to_heat,ASHP,ASHP_DHW,GSHP_heat,GSHP_cooling,battery,DHW_storage,heat_storage,geothermal_boreholes,demand_electricity,demand_space_heating,demand_space_cooling,demand_hot_water
0,56547.58179615465,7996.840747521836,20.069922630900827,0.4102734674552402,20.0,0.0,0.0,4.999999999999999,4.999999999999999,60.078133558640054,0.0,0.0,45.36193455936916,6.152475239447998,0.0,0.0,12.820510316896668,0.0,0.0,0.0,9.743333333333334,45.69015333333335,0.0,7.021666666666666
1,30223.117910283992,8568.600573268908,22.407563255836074,0.0,0.0,0.0,0.0,0.0,0.0,49.00219693348112,0.0,3.0,43.53482000000001,7.021666666666666,0.0,0.0,4.561763345104528,0.0,0.0,0.0,9.743333333333334,45.69015333333335,0.0,7.021666666666666
2,27747.48487916377,9140.360399015983,22.61806660843326,0.0,0.0,0.0,0.0,0.0,0.0,30.488367402462654,0.0,3.0,43.53482000000001,7.021666666666666,0.0,0.0,0.0,0.0,0.0,0.0,9.743333333333334,45.69015333333335,0.0,7.021666666666666
3,26416.25390648833,9712.120224763054,23.00565579016085,0.0,0.0,0.0,0.0,0.0,0.0,14.99903173125578,0.0,3.0,43.53482000000001,7.021666666666666,0.0,0.0,0.0,0.0,0.0,0.0,9.743333333333334,45.69015333333335,0.0,7.021666666666666
4,25179.492581658735,10283.880050510132,24.0,0.4102734674552402,0.0,0.0,0.0,0.0,0.0,0.0,0.0,3.0,43.53482000000001,7.021666666666666,0.0,0.0,0.0,0.0,0.0,0.0,9.743333333333334,45.69015333333335,0.0,7.021666666666666
