,cost,emission,grid,wood_supply,DHDC_small_heat,DHDC_medium_heat,DHDC_large_heat,wood_boiler_heat,wood_boiler_DHW,PV,SCFP,DHW_to_heat,ASHP,ASHP_DHW,GSHP_heat,GSHP_cooling,battery,DHW_storage,heat_storage,geothermal_boreholes,demand_electricity,demand_space_heating,demand_space_cooling,demand_hot_water
0,38242.653232061566,4680.121135918159,13.202390188464015,0.3224050681233658,,,,0.0,5.0,34.97287660667593,0.0,0.0,27.874079999999996,3.7391497856469775,0.0,0.0,7.3726875893137604,0.0,0.0,0.0,4.388333333333333,27.874079999999996,0.0,3.9648333333333334
1,17495.023242946707,4996.038523893223,13.345432990831029,0.0,,,,0.0,0.0,26.25787449104111,0.0,1.0,27.87141333333333,3.9648333333333334,0.0,0.0,2.7692424750936704,0.0,0.0,0.0,4.388333333333333,27.874079999999996,0.0,3.9648333333333334
2,16150.953589011035,5311.955911868292,13.401342780530754,0.0,,,,0.0,0.0,16.315538001513747,0.0,1.0,27.87141333333333,3.9648333333333334,0.0,0.0,0.0,0.0,0.0,0.0,4.388333333333333,27.874079999999996,0.0,3.9648333333333334
3,15452.306753885274,5627.873299843341,13.448393088041508,0.0,,,,0.0,0.0,7.948667159752358,0.0,1.0,27.87141333333333,3.9648333333333334,0.0,0.0,0.0,0.0,0.0,0.0,4.388333333333333,27.874079999999996,0.0,3.9648333333333334
4,14834.23771710413,5943.790687818401,14.0,0.3224050681233658,,,,0.0,0.0,0.0,0.0,1.0,27.87141333333333,3.9648333333333334,0.0,0.0,0.0,0.0,0.0,0.0,4.388333333333333,27.874079999999996,0.0,3.9648333333333334
