,cost,emission,grid,wood_supply,DHDC_small_heat,DHDC_medium_heat,DHDC_large_heat,wood_boiler_heat,wood_boiler_DHW,PV,SCFP,DHW_to_heat,ASHP,ASHP_DHW,GSHP_heat,GSHP_cooling,battery,DHW_storage,heat_storage,geothermal_boreholes,demand_electricity,demand_space_heating,demand_space_cooling,demand_hot_water
0,38249.913044638386,3567.8943038993866,9.914009668744324,0.25233874220877284,20.0,0.0,0.0,5.0,5.0,14.953926345363673,0.0,0.0,25.522695672899648,2.1003628804538588,,,2.769515466477558,0.0,0.0,,2.4664999999999995,25.724566666666664,8.551499999999999,2.2920000000000003
1,12363.673684707202,3728.213414289782,10.93199231015788,0.0,0.0,0.0,0.0,0.0,0.0,13.146147334553273,0.0,1.0,25.691399999999994,2.292,,,1.3041566322426186,0.0,0.0,,2.4664999999999995,25.724566666666664,8.551499999999999,2.2920000000000003
2,11738.417619047774,3888.532524680175,10.960226161874793,0.0,0.0,0.0,0.0,0.0,0.0,8.17900687548701,0.0,1.0,25.691399999999994,2.292,,,0.0,0.0,0.0,,2.4664999999999995,25.724566666666664,8.551499999999999,2.2920000000000003
3,11401.957113258853,4048.851635070569,10.983827225439322,0.0,0.0,0.0,0.0,0.0,0.0,4.0269060964725725,0.0,1.0,25.691399999999994,2.292,,,0.0,0.0,0.0,,2.4664999999999995,25.724566666666664,8.551499999999999,2.2920000000000003
4,11089.61572994534,4209.170745460963,12.0,0.25233874220877284,0.0,0.0,0.0,0.0,0.0,0.0,0.0,1.0,25.691399999999994,2.292,,,0.0,0.0,0.0,,2.4664999999999995,25.724566666666664,8.551499999999999,2.2920000000000003
