,cost,emission,grid,wood_supply,DHDC_small_heat,DHDC_medium_heat,DHDC_large_heat,wood_boiler_heat,wood_boiler_DHW,PV,SCFP,DHW_to_heat,ASHP,ASHP_DHW,GSHP_heat,GSHP_cooling,battery,DHW_storage,heat_storage,geothermal_boreholes,demand_electricity,demand_space_heating,demand_space_cooling,demand_hot_water
0,26501.945264818398,1585.297234670728,4.40677352171628,0.24381744935369737,,,,0.0,5.0,12.51927124391353,0.0,0.0,10.236239999999995,1.0878277854524117,0.0,0.0,3.083321756061495,0.0,0.0,0.0,1.2803333333333333,10.236239999999997,0.0,1.2585
1,6233.6088311734875,1700.5054301765722,4.494869001283263,0.0,,,,0.0,0.0,9.761809332087653,0.0,1.0,10.221876666666663,1.2585,0.0,0.0,1.4478843554473562,0.0,0.0,0.0,1.2803333333333333,10.236239999999997,0.0,1.2585
2,5706.983582933326,1815.7136256824222,4.516001842404401,0.0,,,,0.0,0.0,6.070166027668252,0.0,1.0,10.221876666666663,1.2585,0.0,0.0,0.41216498939573565,0.0,0.0,0.0,1.2803333333333333,10.236239999999997,0.0,1.2585
3,5375.379430028192,1930.921821188267,4.606542082892134,0.0,,,,0.0,0.0,2.833093274393242,0.0,1.0,10.221876666666663,1.2585,0.0,0.0,0.0,0.0,0.0,0.0,1.2803333333333333,10.236239999999997,0.0,1.2585
4,5162.6245368335385,2046.1300166941155,5.0,0.24381744935369737,,,,0.0,0.0,0.0,0.0,1.0,10.221876666666663,1.2585,0.0,0.0,0.0,0.0,0.0,0.0,1.2803333333333333,10.236239999999997,0.0,1.2585
