,cost,emission,grid,wood_supply,DHDC_small_heat,DHDC_medium_heat,DHDC_large_heat,wood_boiler_heat,wood_boiler_DHW,PV,SCFP,DHW_to_heat,ASHP,ASHP_DHW,GSHP_heat,GSHP_cooling,battery,DHW_storage,heat_storage,geothermal_boreholes,demand_electricity,demand_space_heating,demand_space_cooling,demand_hot_water
0,47306.374858799354,7022.114952578084,9.407669394616764,0.3337583857785319,20.0,0.0,0.0,4.999999999999998,5.000000000000001,38.216681651009104,0.0,0.0,18.75173033438793,0.03297960493827203,,,0.0,0.0,0.0,,3.6244604838709673,19.018737043010752,3.247500322580645,3.4646948924731187
1,21714.443976215924,7470.39273644209,11.001886843733924,0.0,0.0,0.0,0.0,0.0,0.0,32.494770056481826,0.0,1.0,19.01814564516129,3.4646948924731187,,,0.0,0.0,0.0,,3.6244604838709673,19.018737043010752,3.247500322580645,3.4646948924731187
2,20923.618052554553,7918.670520306095,11.130864678503,0.0,0.0,0.0,0.0,0.0,0.0,21.663172426903714,0.0,1.0,19.01814564516129,3.4646948924731187,,,0.0,0.0,0.0,,3.6244604838709673,19.018737043010752,3.247500322580645,3.4646948924731187
3,20132.79212889318,8366.948304170102,11.259842513272078,0.0,0.0,0.0,0.0,0.0,0.0,10.831574797325594,0.0,1.0,19.01814564516129,3.4646948924731187,,,0.0,0.0,0.0,,3.6244604838709673,19.018737043010752,3.247500322580645,3.4646948924731187
4,19341.967872237707,8815.226088034107,12.0,0.3337583857785319,0.0,0.0,0.0,0.0,0.0,0.0,0.0,1.0,19.01814564516129,3.4646948924731187,,,0.0,0.0,0.0,,3.6244604838709673,19.018737043010752,3.247500322580645,3.4646948924731187
