,cost,emission,grid,wood_supply,DHDC_small_heat,DHDC_medium_heat,DHDC_large_heat,wood_boiler_heat,wood_boiler_DHW,PV,SCFP,DHW_to_heat,ASHP,ASHP_DHW,GSHP_heat,GSHP_cooling,battery,DHW_storage,heat_storage,geothermal_boreholes,demand_electricity,demand_space_heating,demand_space_cooling,demand_hot_water
0,135853.02114062826,36021.258899378765,45.62720902830825,0.9890055927687936,20.0,0.0,0.0,4.999999999999997,5.000000000000001,225.43016936251243,0.0,0.0,59.51980402040862,0.0,0.0,0.0,0.0,0.0,0.0,0.0,28.554037634408598,60.31100849462366,0.0,14.583214569892473
1,108856.95296977548,38325.47345414406,45.0711722468191,0.0,20.0,0.0,0.0,0.0,0.0,171.12844479920034,0.0,6.0,54.893460967741945,0.0,0.0,0.0,0.0,0.0,0.0,0.0,28.554037634408598,60.31100849462366,0.0,14.583214569892473
2,104500.3715219839,40629.68800890934,45.657439459984715,0.0,20.0,0.0,0.0,0.0,0.0,113.93894646333169,0.0,6.0,54.893460967741945,0.0,0.0,0.0,0.0,0.0,0.0,0.0,28.554037634408598,60.31100849462366,0.0,14.583214569892473
3,100143.79007419234,42933.90256367462,46.24370667315033,0.0,20.0,0.0,0.0,0.0,0.0,56.74944812746344,0.0,6.0,54.893460967741945,0.0,0.0,0.0,0.0,0.0,0.0,0.0,28.554037634408598,60.31100849462366,0.0,14.583214569892473
4,95820.73076997291,45238.1171184399,47.0,0.9890055927687936,20.0,0.0,0.0,0.0,0.0,0.0,0.0,6.0,54.893460967741945,0.0,0.0,0.0,0.0,0.0,0.0,0.0,28.554037634408598,60.31100849462366,0.0,14.583214569892473
