,cost,emission,grid,wood_supply,DHDC_small_heat,DHDC_medium_heat,DHDC_large_heat,wood_boiler_heat,wood_boiler_DHW,PV,SCFP,DHW_to_heat,ASHP,ASHP_DHW,GSHP_heat,GSHP_cooling,battery,DHW_storage,heat_storage,geothermal_boreholes,demand_electricity,demand_space_heating,demand_space_cooling,demand_hot_water
0,41314.07071245138,4073.5762129172867,4.146352100192724,0.3553091941697616,20.0,0.0,0.0,4.999999999999998,5.000000000000001,44.37405547707473,0.0,0.0,4.951324946236559,2.353702836320193,,,0.0,0.0,0.0,,3.7263935215053765,4.0291494623655915,4.951324946236559,3.1987244623655915
1,15184.072603551273,4603.871934569282,5.660446999291446,0.003647616304587024,0.0,0.0,0.0,0.0,0.0025533314132109167,36.40186621602944,0.0,0.0,4.951324946236559,3.196171130952381,,,0.0,0.0,0.0,,3.7263935215053765,4.0291494623655915,4.951324946236559,3.1987244623655915
2,14379.368306401544,5134.167656221279,5.795715616152818,0.003647616304587024,0.0,0.0,0.0,0.0,0.0025533314132109167,24.267401325913937,0.0,0.0,4.951324946236559,3.196171130952381,,,0.0,0.0,0.0,,3.7263935215053765,4.0291494623655915,4.951324946236559,3.1987244623655915
3,13574.664033376588,5664.463377873274,5.946882322165851,0.003647616304587024,0.0,0.0,0.0,0.0,0.0025533314132109167,12.132936799585767,0.0,0.0,4.951324946236559,3.196171130952381,,,0.0,0.0,0.0,,3.7263935215053765,4.0291494623655915,4.951324946236559,3.1987244623655915
4,12770.000048699245,6194.759099525269,7.0,0.3553091941697616,0.0,0.0,0.0,0.0,0.0,0.0,0.0,0.0,4.951324946236559,3.198724462365592,,,0.0,0.0,0.0,,3.7263935215053765,4.0291494623655915,4.951324946236559,3.1987244623655915
