,cost,emission,grid,wood_supply,DHDC_small_heat,DHDC_medium_heat,DHDC_large_heat,wood_boiler_heat,wood_boiler_DHW,PV,SCFP,DHW_to_heat,ASHP,ASHP_DHW,GSHP_heat,GSHP_cooling,battery,DHW_storage,heat_storage,geothermal_boreholes,demand_electricity,demand_space_heating,demand_space_cooling,demand_hot_water
0,27007.385454878822,2242.5697646432686,3.8066598808002863,0.23322418748657536,,,,0.0,5.000000000000001,9.492624996164388,0.0,0.0,8.522085080645162,0.6422995203722929,,,0.0,0.0,0.0,,0.8174368279569892,8.522085080645162,0.6376586021505376,0.8055564516129031
1,6680.540782174498,2343.2470720322144,3.895740689122308,0.0,,,,0.0,0.0,7.641081788741954,0.0,0.0,8.522085080645162,0.8055564516129032,,,0.0,0.0,0.0,,0.8174368279569892,8.522085080645162,0.6376586021505376,0.8055564516129031
2,6480.888270735649,2443.9243794211607,3.924707443152959,0.0,,,,0.0,0.0,5.094043979645697,0.0,0.0,8.522085080645162,0.8055564516129032,,,0.0,0.0,0.0,,0.8174368279569892,8.522085080645162,0.6376586021505376,0.8055564516129031
3,6281.2357592968,2544.6016868101074,3.95367419718361,0.0,,,,0.0,0.0,2.5470061705494382,0.0,0.0,8.522085080645162,0.8055564516129032,,,0.0,0.0,0.0,,0.8174368279569892,8.522085080645162,0.6376586021505376,0.8055564516129031
4,6081.58572788212,2645.2789941990527,4.0,0.23322418748657536,,,,0.0,0.0,0.0,0.0,0.0,8.522085080645162,0.8055564516129032,,,0.0,1.0,0.0,,0.8174368279569892,8.522085080645162,0.6376586021505376,0.8055564516129031
