,cost,emission,grid,wood_supply,DHDC_small_heat,DHDC_medium_heat,DHDC_large_heat,wood_boiler_heat,wood_boiler_DHW,PV,SCFP,DHW_to_heat,ASHP,ASHP_DHW,GSHP_heat,GSHP_cooling,battery,DHW_storage,heat_storage,geothermal_boreholes,demand_electricity,demand_space_heating,demand_space_cooling,demand_hot_water
0,55486.28241823508,9409.822530112993,13.566662858869615,0.3851290641851806,20.0,0.0,0.0,4.999999999999996,5.0,52.89401833862301,0.0,0.0,28.42564083467336,2.497802466666667,0.0,0.0,0.0,0.0,0.0,0.0,4.704398333333333,28.733744086021503,0.0,4.578614247311827
1,29622.587473011954,10003.6691279408,15.674285153412628,0.0,0.0,0.0,0.0,0.0,0.0,44.4550051982862,0.0,1.0,28.73309758064516,4.578614247311828,0.0,0.0,0.0,0.0,0.0,0.0,4.704398333333333,28.733744086021503,0.0,4.578614247311827
2,28484.510098233302,10597.515725768608,15.845279310735831,0.0,0.0,0.0,0.0,0.0,0.0,29.636660168714712,0.0,1.0,28.73309758064516,4.578614247311828,0.0,0.0,0.0,0.0,0.0,0.0,4.704398333333333,28.733744086021503,0.0,4.578614247311827
3,27346.43272345465,11191.362323596413,16.016273468059037,0.0,0.0,0.0,0.0,0.0,0.0,14.818315139143145,0.0,1.0,28.73309758064516,4.578614247311828,0.0,0.0,0.0,0.0,0.0,0.0,4.704398333333333,28.733744086021503,0.0,4.578614247311827
4,26208.357644318334,11785.208921424224,17.0,0.3851290641851806,0.0,0.0,0.0,0.0,0.0,0.0,0.0,1.0,28.73309758064516,4.578614247311828,0.0,0.0,0.0,0.0,0.0,0.0,4.704398333333333,28.733744086021503,0.0,4.578614247311827
