,cost,emission,grid,wood_supply,DHDC_small_heat,DHDC_medium_heat,DHDC_large_heat,wood_boiler_heat,wood_boiler_DHW,PV,SCFP,DHW_to_heat,ASHP,ASHP_DHW,GSHP_heat,GSHP_cooling,battery,DHW_storage,heat_storage,geothermal_boreholes,demand_electricity,demand_space_heating,demand_space_cooling,demand_hot_water
0,36337.16146423852,3733.4578232209506,5.162333917321213,0.38895691641965513,,,,0.0,4.999999999999997,53.98769040561573,0.0,0.0,0.5943728872989587,3.071699352054616,3.9900638868945904,3.9175118279569903,0.4187262377191739,0.0,0.0,4.8968897849462385,3.7385624193548384,4.584436774193549,3.91751182795699,3.3439691935483866
1,15063.51002742985,4287.379978047,5.4516040495750655,0.006856926157560145,,,,0.0,0.004799848310292101,41.01470216041812,0.0,0.0,0.5943728872989585,3.339169345238095,3.9900638868945904,3.9175118279569903,0.0,0.0,0.0,4.896889784946238,3.7385624193548384,4.584436774193549,3.91751182795699,3.3439691935483866
2,14030.279050188656,4841.302132873053,5.585165092653957,0.006856926157560145,,,,0.0,0.004799848310292101,27.339644119297105,0.0,0.0,0.5943728872989584,3.339169345238095,3.9900638868945904,3.9175118279569903,0.0,0.0,0.0,4.896889784946238,3.7385624193548384,4.584436774193549,3.91751182795699,3.3439691935483866
3,12997.048087053023,5395.224287699108,5.726288221217708,0.006856926157560145,,,,0.0,0.004799848310292101,13.664586264866518,0.0,0.0,0.5943728872989581,3.339169345238095,3.9900638868945904,3.9175118279569903,0.0,0.0,0.0,4.896889784946238,3.7385624193548384,4.584436774193549,3.91751182795699,3.3439691935483866
4,11964.368053864411,5949.146442525157,7.0,0.38895691641965513,,,,0.0,0.0,0.0,0.0,1.0,0.5866995326026685,3.343969193548387,3.997364069547876,3.9175118279569903,0.0,1.0,0.0,4.8968897849462385,3.7385624193548384,4.584436774193549,3.91751182795699,3.3439691935483866
