,cost,emission,grid,wood_supply,DHDC_small_heat,DHDC_medium_heat,DHDC_large_heat,wood_boiler_heat,wood_boiler_DHW,PV,SCFP,DHW_to_heat,ASHP,ASHP_DHW,GSHP_heat,GSHP_cooling,battery,DHW_storage,heat_storage,geothermal_boreholes,demand_electricity,demand_space_heating,demand_space_cooling,demand_hot_water
0,33031.88331634157,2120.9257975543983,3.2391813779236474,0.2424774268723437,20.0,0.0,0.0,4.999999999999997,5.000000000000001,12.136407677812485,0.0,0.0,7.917249778932233,0.7922664678560261,0.0,0.0,0.04508341617110037,0.0,0.0,0.0,0.7323467741935483,8.111231720430109,0.0,1.0133272043010753
1,6941.297259320172,2243.43044825822,3.7440150726990407,0.0,0.0,0.0,0.0,0.0,0.0,10.432499655386529,0.0,0.0,8.111231720430109,1.0133272043010753,0.0,0.0,0.0,0.0,0.0,0.0,0.7323467741935483,8.111231720430109,0.0,1.0133272043010753
2,6625.476227506527,2365.9350989620416,3.7806560997480867,0.0,0.0,0.0,0.0,0.0,0.0,6.954996093806489,0.0,0.0,8.111231720430109,1.0133272043010753,0.0,0.0,0.0,0.0,0.0,0.0,0.7323467741935483,8.111231720430109,0.0,1.0133272043010753
3,6309.6551956928815,2488.439749665863,3.8172971267971323,0.0,0.0,0.0,0.0,0.0,0.0,3.4774925322264507,0.0,0.0,8.111231720430109,1.0133272043010753,0.0,0.0,0.0,0.0,0.0,0.0,0.7323467741935483,8.111231720430109,0.0,1.0133272043010753
4,5993.835165546601,2610.944400369685,4.0,0.2424774268723437,0.0,0.0,0.0,0.0,0.0,0.0,0.0,0.0,8.111231720430109,1.0133272043010753,0.0,0.0,0.0,0.0,0.0,0.0,0.7323467741935483,8.111231720430109,0.0,1.0133272043010753
