,cost,emission,grid,wood_supply,DHDC_small_heat,DHDC_medium_heat,DHDC_large_heat,wood_boiler_heat,wood_boiler_DHW,PV,SCFP,DHW_to_heat,ASHP,ASHP_DHW,GSHP_heat,GSHP_cooling,battery,DHW_storage,heat_storage,geothermal_boreholes,demand_electricity,demand_space_heating,demand_space_cooling,demand_hot_water
0,62547.47862397247,15590.27480485456,16.498435598695487,0.31606240542957686,20.0,0.0,0.0,4.999999999999999,5.0,33.16068726559339,0.0,0.0,12.878340129419781,0.0,,,0.0,0.0,0.0,,13.3776188172043,13.131190053763442,9.420006666666668,1.2694670430107526
1,36252.17205792977,15944.450984059067,17.178385478812576,0.0,0.0,0.0,0.0,0.0,0.0,26.589029611171913,0.0,1.0,13.131004247311829,1.2694670430107529,,,0.0,0.0,0.0,,13.3776188172043,13.131190053763442,9.420006666666668,1.2694670430107526
2,35568.554630716935,16298.62716326357,17.268371597893093,0.0,0.0,0.0,0.0,0.0,0.0,17.726012502757868,0.0,1.0,13.131004247311829,1.2694670430107529,,,0.0,0.0,0.0,,13.3776188172043,13.131190053763442,9.420006666666668,1.2694670430107526
3,34884.9372035041,16652.80334246808,17.358357716973607,0.0,0.0,0.0,0.0,0.0,0.0,8.862995394343729,0.0,1.0,13.131004247311829,1.2694670430107529,,,0.0,0.0,0.0,,13.3776188172043,13.131190053763442,9.420006666666668,1.2694670430107526
4,34201.32145112915,17006.97952167258,18.0,0.31606240542957686,0.0,0.0,0.0,0.0,0.0,0.0,0.0,1.0,13.131004247311829,1.2694670430107529,,,0.0,0.0,0.0,,13.3776188172043,13.131190053763442,9.420006666666668,1.2694670430107526
