,cost,emission,grid,wood_supply,DHDC_small_heat,DHDC_medium_heat,DHDC_large_heat,wood_boiler_heat,wood_boiler_DHW,PV,SCFP,DHW_to_heat,ASHP,ASHP_DHW,GSHP_heat,GSHP_cooling,battery,DHW_storage,heat_storage,geothermal_boreholes,demand_electricity,demand_space_heating,demand_space_cooling,demand_hot_water
0,48384.15425413422,6732.549464532188,10.180795725439804,0.35479502825664294,20.0,0.0,0.0,4.999999999999998,5.000000000000001,44.227150930469406,0.0,0.0,22.23459306341619,3.0926243135536837,0.0,0.0,0.6335267026859651,0.0,0.0,0.0,3.297248575268817,22.518429086021506,0.0,3.448301182795699
1,22063.542854894935,7246.047286876014,11.815187316658006,0.0,0.0,0.0,0.0,0.0,0.0,35.585372547658395,0.0,1.0,22.517894623655916,3.448301182795699,0.0,0.0,0.0,0.0,0.0,0.0,3.297248575268817,22.518429086021506,0.0,3.448301182795699
2,21262.803939788257,7759.545109219845,11.956793516686037,0.0,0.0,0.0,0.0,0.0,0.0,23.723573114560573,0.0,1.0,22.517894623655916,3.448301182795699,0.0,0.0,0.0,0.0,0.0,0.0,3.297248575268817,22.518429086021506,0.0,3.448301182795699
3,20462.06502468158,8273.042931563674,12.098399716714066,0.0,0.0,0.0,0.0,0.0,0.0,11.861773681462775,0.0,1.0,22.517894623655916,3.448301182795699,0.0,0.0,0.0,0.0,0.0,0.0,3.297248575268817,22.518429086021506,0.0,3.448301182795699
4,19661.327847956705,8786.540753907502,13.0,0.35479502825664294,0.0,0.0,0.0,0.0,0.0,0.0,0.0,1.0,22.517894623655916,3.448301182795699,0.0,0.0,0.0,0.0,0.0,0.0,3.297248575268817,22.518429086021506,0.0,3.448301182795699
