,cost,emission,grid,wood_supply,DHDC_small_heat,DHDC_medium_heat,DHDC_large_heat,wood_boiler_heat,wood_boiler_DHW,PV,SCFP,DHW_to_heat,ASHP,ASHP_DHW,GSHP_heat,GSHP_cooling,battery,DHW_storage,heat_storage,geothermal_boreholes,demand_electricity,demand_space_heating,demand_space_cooling,demand_hot_water
0,40259.42155868725,6565.306127126237,10.023386587686923,0.31729909567248266,,,,0.0,5.000000000000001,33.51402733499503,0.0,0.0,18.10825913978495,2.9059457943195723,,,0.0,0.0,0.0,,3.184477150537634,18.108259139784945,2.7409510752688173,3.1280551612903227
1,19497.083060844212,6929.146815142201,10.209849725064586,0.0,,,,0.0,0.0,25.798620105039696,0.0,1.0,18.107701586021506,3.1280551612903227,,,0.0,0.0,0.0,,3.184477150537634,18.108259139784945,2.7409510752688173,3.1280551612903227
2,18892.17716038294,7292.987503158168,10.314477891582396,0.0,,,,0.0,0.0,17.19907381793131,0.0,1.0,18.107701586021506,3.1280551612903227,,,0.0,0.0,0.0,,3.184477150537634,18.108259139784945,2.7409510752688173,3.1280551612903227
3,18287.27125992167,7656.828191174135,10.419106058100205,0.0,,,,0.0,0.0,8.599527530822922,0.0,1.0,18.107701586021506,3.1280551612903227,,,0.0,0.0,0.0,,3.184477150537634,18.108259139784945,2.7409510752688173,3.1280551612903227
4,17682.366678807644,8020.668879190102,11.0,0.31729909567248266,,,,0.0,0.0,0.0,0.0,1.0,18.107701586021506,3.1280551612903227,,,0.0,0.0,0.0,,3.184477150537634,18.108259139784945,2.7409510752688173,3.1280551612903227
