,cost,emission,grid,wood_supply,DHDC_small_heat,DHDC_medium_heat,DHDC_large_heat,wood_boiler_heat,wood_boiler_DHW,PV,SCFP,DHW_to_heat,ASHP,ASHP_DHW,GSHP_heat,GSHP_cooling,battery,DHW_storage,heat_storage,geothermal_boreholes,demand_electricity,demand_space_heating,demand_space_cooling,demand_hot_water
0,25731.533284869165,1623.8037331540997,2.9050359079621844,0.2361873938992393,,,,0.0,5.000000000000001,10.339255399782658,0.0,0.0,6.562823440860216,0.5293758135178368,,,0.3092080387555908,0.0,0.0,,0.6250456989247312,6.562823440860215,0.49162943548387095,0.6947069892473118
1,5345.439097910881,1731.2436785728087,3.0004397393013975,0.0,,,,0.0,0.0,8.067570788508622,0.0,0.0,6.562823440860216,0.6947069892473119,,,0.0,0.0,0.0,,0.6250456989247312,6.562823440860215,0.49162943548387095,0.6947069892473118
2,5137.947576790208,1838.683623991517,3.0309272997058994,0.0,,,,0.0,0.0,5.378362635274061,0.0,0.0,6.562823440860216,0.6947069892473119,,,0.0,0.0,0.0,,0.6250456989247312,6.562823440860215,0.49162943548387095,0.6947069892473118
3,4930.456056466996,1946.123569410226,3.0618277887352088,0.0,,,,0.0,0.0,2.6891544923750375,0.0,0.0,6.562823440860216,0.6947069892473119,,,0.0,0.0,0.0,,0.6250456989247312,6.562823440860215,0.49162943548387095,0.6947069892473118
4,4722.968675663002,2053.5635148289352,4.0,0.2361873938992393,,,,0.0,0.0,0.0,0.0,0.0,6.562823440860216,0.6947069892473119,,,0.0,1.0,0.0,,0.6250456989247312,6.562823440860215,0.49162943548387095,0.6947069892473118
