,cost,emission,grid,wood_supply,DHDC_small_heat,DHDC_medium_heat,DHDC_large_heat,wood_boiler_heat,wood_boiler_DHW,PV,SCFP,DHW_to_heat,ASHP,ASHP_DHW,GSHP_heat,GSHP_cooling,battery,DHW_storage,heat_storage,geothermal_boreholes,demand_electricity,demand_space_heating,demand_space_cooling,demand_hot_water
0,62337.11411346938,13801.360113717254,17.017146961172415,0.3684042047432318,20.0,0.0,0.0,5.000000000000001,5.0,48.11548706949479,0.0,0.0,21.38785217383983,0.0,,,0.0,0.0,0.0,,12.251323888888889,21.68257553763441,16.62320597222222,2.497453
1,35963.841174713496,14306.331168452452,18.064702434609387,0.0,0.0,0.0,0.0,0.0,0.0,38.57436117417158,0.0,1.0,21.08523140860215,2.497453,,,0.0,0.0,0.0,,12.251323888888889,21.68257553763441,16.62320597222222,2.497453
2,34946.470681023886,14811.302223187657,18.210011398703593,0.0,0.0,0.0,0.0,0.0,0.0,25.716224929654004,0.0,1.0,21.08523140860215,2.497453,,,0.0,0.0,0.0,,12.251323888888889,21.68257553763441,16.62320597222222,2.497453
3,33929.10018733426,15316.273277922859,18.355320362797798,0.0,0.0,0.0,0.0,0.0,0.0,12.858088685136495,0.0,1.0,21.08523140860215,2.497453,,,0.0,0.0,0.0,,12.251323888888889,21.68257553763441,16.62320597222222,2.497453
4,32911.73345667142,15821.244332658058,20.0,0.3684042047432318,0.0,0.0,0.0,0.0,0.0,0.0,0.0,1.0,21.08523140860215,2.497453,,,0.0,0.0,0.0,,12.251323888888889,21.68257553763441,16.62320597222222,2.497453
