,cost,emission,grid,wood_supply,DHDC_small_heat,DHDC_medium_heat,DHDC_large_heat,wood_boiler_heat,wood_boiler_DHW,PV,SCFP,DHW_to_heat,ASHP,ASHP_DHW,GSHP_heat,GSHP_cooling,battery,DHW_storage,heat_storage,geothermal_boreholes,demand_electricity,demand_space_heating,demand_space_cooling,demand_hot_water
0,54130.31808369096,8937.573540057065,12.759223920053676,0.3806869127019351,20.0,0.0,0.0,4.999999999999996,5.000000000000001,51.62483220055287,0.0,0.0,26.370883211773936,2.6757148000000006,0.0,0.0,0.0,0.0,0.0,0.0,4.602619462365592,26.67543274193548,0.0,4.55654440860215
1,28265.002354149103,9531.910856450477,14.858066106770025,0.0,0.0,0.0,0.0,0.0,0.0,43.27813819163828,0.0,1.0,26.67485771505376,4.556544408602151,0.0,0.0,0.0,0.0,0.0,0.0,4.602619462365592,26.67543274193548,0.0,4.55654440860215
2,27203.93117591288,10126.248172843882,15.029099293465132,0.0,0.0,0.0,0.0,0.0,0.0,28.852083959887416,0.0,1.0,26.67485771505376,4.556544408602151,0.0,0.0,0.0,0.0,0.0,0.0,4.602619462365592,26.67543274193548,0.0,4.55654440860215
3,26142.85999767666,10720.585489237294,15.200132480160239,0.0,0.0,0.0,0.0,0.0,0.0,14.426029728136537,0.0,1.0,26.67485771505376,4.556544408602151,0.0,0.0,0.0,0.0,0.0,0.0,4.602619462365592,26.67543274193548,0.0,4.55654440860215
4,25081.790621740533,11314.922805630702,16.0,0.3806869127019351,0.0,0.0,0.0,0.0,0.0,0.0,0.0,1.0,26.67485771505376,4.556544408602151,0.0,0.0,0.0,0.0,0.0,0.0,4.602619462365592,26.67543274193548,0.0,4.55654440860215
