,cost,emission,grid,wood_supply,DHDC_small_heat,DHDC_medium_heat,DHDC_large_heat,wood_boiler_heat,wood_boiler_DHW,PV,SCFP,DHW_to_heat,ASHP,ASHP_DHW,GSHP_heat,GSHP_cooling,battery,DHW_storage,heat_storage,geothermal_boreholes,demand_electricity,demand_space_heating,demand_space_cooling,demand_hot_water
0,44590.57219577586,6256.463364035673,8.557582223360392,0.30567721347380494,20.0,0.0,0.0,4.999999999999997,5.000000000000001,30.19348956394427,0.0,0.0,17.99844021846827,0.0,,,0.0,0.0,0.0,,2.9130940860215055,18.242981989247316,2.4953272043010752,2.916118387096774
1,18957.417252872343,6602.577237825328,9.90165726333361,0.0,0.0,0.0,0.0,0.0,0.0,26.026801644338327,0.0,1.0,18.242537580645166,2.916118387096774,,,0.0,0.0,0.0,,2.9130940860215055,18.242981989247316,2.4953272043010752,2.916118387096774
2,18286.597065879425,6948.691111614984,10.000891695265079,0.0,0.0,0.0,0.0,0.0,0.0,17.351191852664304,0.0,1.0,18.242537580645166,2.916118387096774,,,0.0,0.0,0.0,,2.9130940860215055,18.242981989247316,2.4953272043010752,2.916118387096774
3,17615.776878886514,7294.80498540464,10.100126127196548,0.0,0.0,0.0,0.0,0.0,0.0,8.675582060990303,0.0,1.0,18.242537580645166,2.916118387096774,,,0.0,0.0,0.0,,2.9130940860215055,18.242981989247316,2.4953272043010752,2.916118387096774
4,16944.9588361005,7640.918859194294,11.0,0.30567721347380494,0.0,0.0,0.0,0.0,0.0,0.0,0.0,1.0,18.242537580645166,2.916118387096774,,,0.0,0.0,0.0,,2.9130940860215055,18.242981989247316,2.4953272043010752,2.916118387096774
