,cost,emission,grid,wood_supply,DHDC_small_heat,DHDC_medium_heat,DHDC_large_heat,wood_boiler_heat,wood_boiler_DHW,PV,SCFP,DHW_to_heat,ASHP,ASHP_DHW,GSHP_heat,GSHP_cooling,battery,DHW_storage,heat_storage,geothermal_boreholes,demand_electricity,demand_space_heating,demand_space_cooling,demand_hot_water
0,27610.38821564554,2469.536639365103,3.5819114992437697,0.24204833899832023,,,,0.0,5.000000000000001,12.013811142377213,0.0,0.0,5.9593653763440875,0.7644882863570822,0.0,0.0,0.0,0.0,0.0,0.0,1.4993930555555557,5.959365376344087,0.0,0.9339221236559139
1,7214.726834189979,2586.647665024453,3.6747259900909537,0.0,,,,0.0,0.0,9.594732196167817,0.0,0.0,5.9593653763440875,0.933922123655914,0.0,0.0,0.0,0.0,0.0,0.0,1.4993930555555557,5.959365376344087,0.0,0.9339221236559139
2,6937.115394514912,2703.758690683804,3.704099101381383,0.0,,,,0.0,0.0,6.396474665284748,0.0,0.0,5.9593653763440875,0.933922123655914,0.0,0.0,0.0,0.0,0.0,0.0,1.4993930555555557,5.959365376344087,0.0,0.9339221236559139
3,6659.503957445855,2820.8697163431543,3.7345715641060186,0.0,,,,0.0,0.0,3.1982171644245705,0.0,0.0,5.9593653763440875,0.933922123655914,0.0,0.0,0.0,0.0,0.0,0.0,1.4993930555555557,5.959365376344087,0.0,0.9339221236559139
4,6381.8960216132855,2937.980742002505,4.0,0.24204833899832023,,,,0.0,0.0,0.0,0.0,0.0,5.9593653763440875,0.933922123655914,0.0,0.0,0.0,1.0,0.0,0.0,1.4993930555555557,5.959365376344087,0.0,0.9339221236559139
