,cost,emission,grid,wood_supply,DHDC_small_heat,DHDC_medium_heat,DHDC_large_heat,wood_boiler_heat,wood_boiler_DHW,PV,SCFP,DHW_to_heat,ASHP,ASHP_DHW,GSHP_heat,GSHP_cooling,battery,DHW_storage,heat_storage,geothermal_boreholes,demand_electricity,demand_space_heating,demand_space_cooling,demand_hot_water
0,35293.888520204804,2842.957126061831,3.0179588403713993,0.2754858674244563,20.0,0.0,0.0,5.000000000000001,5.000000000000001,21.5673906927018,0.0,0.0,4.2203623275658115,0.3573086021505372,,,0.0,0.0,0.0,,2.096313172043011,4.440751021505377,2.535717741935484,2.148327956989247
1,9513.265763333791,3094.1689360637047,4.016458191423583,0.0,0.0,0.0,0.0,0.0,0.0,18.665107669325085,0.0,1.0,4.44044994623656,2.148327956989247,,,0.0,0.0,0.0,,2.096313172043011,4.440751021505377,2.535717741935484,2.148327956989247
2,9040.851357463795,3345.380746065579,4.083163122879283,0.0,0.0,0.0,0.0,0.0,0.0,12.443396370921784,0.0,1.0,4.44044994623656,2.148327956989247,,,0.0,0.0,0.0,,2.096313172043011,4.440751021505377,2.535717741935484,2.148327956989247
3,8568.436962395765,3596.5925560674527,4.155612124663703,0.0,0.0,0.0,0.0,0.0,0.0,6.221685214780733,0.0,1.0,4.44044994623656,2.148327956989247,,,0.0,0.0,0.0,,2.096313172043011,4.440751021505377,2.535717741935484,2.148327956989247
4,8096.024537054672,3847.8043660693265,5.0,0.2754858674244563,0.0,0.0,0.0,0.0,0.0,0.0,0.0,1.0,4.44044994623656,2.148327956989247,,,0.0,0.0,0.0,,2.096313172043011,4.440751021505377,2.535717741935484,2.148327956989247
