,cost,emission,grid,wood_supply,DHDC_small_heat,DHDC_medium_heat,DHDC_large_heat,wood_boiler_heat,wood_boiler_DHW,PV,SCFP,DHW_to_heat,ASHP,ASHP_DHW,GSHP_heat,GSHP_cooling,battery,DHW_storage,heat_storage,geothermal_boreholes,demand_electricity,demand_space_heating,demand_space_cooling,demand_hot_water
0,33610.48294930414,2284.0379062560896,3.39284758392851,0.24951426860141904,20.000000000003904,0.0,0.0,4.999999999999998,4.999999999999997,14.146933886119715,0.0,0.0,7.835646380817789,0.7268289530864195,,,0.0,0.0,0.0,,0.92536061827957,8.035257795698923,0.8586905913978495,1.1220537634408603
1,7549.662764381949,2434.583493481858,3.947891726429039,0.0,0.0,0.0,0.0,0.0,0.0,12.090993885048547,0.0,0.0,8.035257795698925,1.1220537634408603,,,0.0,0.0,0.0,,0.92536061827957,8.035257795698923,0.8586905913978495,1.1220537634408603
2,7208.402141314641,2585.1290807076252,3.9890286865845668,0.0,0.0,0.0,0.0,0.0,0.0,8.06065207583729,0.0,0.0,8.035257795698925,1.1220537634408603,,,0.0,0.0,0.0,,0.92536061827957,8.035257795698923,0.8586905913978495,1.1220537634408603
3,6867.141518247334,2735.674667933393,4.030165646740095,0.0,0.0,0.0,0.0,0.0,0.0,4.030310266626028,0.0,0.0,8.035257795698925,1.1220537634408603,,,0.0,0.0,0.0,,0.92536061827957,8.035257795698923,0.8586905913978495,1.1220537634408603
4,6525.883565981362,2886.220255159161,5.0,0.24951426860141904,0.0,0.0,0.0,0.0,0.0,0.0,0.0,0.0,8.035257795698925,1.1220537634408603,,,0.0,0.0,0.0,,0.92536061827957,8.035257795698923,0.8586905913978495,1.1220537634408603
