,cost,emission,grid,wood_supply,DHDC_small_heat,DHDC_medium_heat,DHDC_large_heat,wood_boiler_heat,wood_boiler_DHW,PV,SCFP,DHW_to_heat,ASHP,ASHP_DHW,GSHP_heat,GSHP_cooling,battery,DHW_storage,heat_storage,geothermal_boreholes,demand_electricity,demand_space_heating,demand_space_cooling,demand_hot_water
0,38640.493927828524,5733.318376941372,9.144417019274359,0.31955140242646496,,,,0.0,5.000000000000001,34.15754355041855,0.0,0.0,17.233522849462368,2.5245882118498493,,,0.0,0.0,0.0,,2.7583454301075268,17.233522849462364,2.4077898924731187,2.748274193548387
1,17856.852016416007,6100.359480055274,9.332093744725421,0.0,,,,0.0,0.0,26.292824909998863,0.0,1.0,17.232913978494626,2.748274193548387,,,0.0,0.0,0.0,,2.7583454301075268,17.233522849462364,2.4077898924731187,2.748274193548387
2,17229.457562692867,6467.400583169177,9.437317435212632,0.0,,,,0.0,0.0,17.52853663356602,0.0,1.0,17.232913978494626,2.748274193548387,,,0.0,0.0,0.0,,2.7583454301075268,17.233522849462364,2.4077898924731187,2.748274193548387
3,16602.063108969724,6834.44168628308,9.542541125699845,0.0,,,,0.0,0.0,8.76424835713317,0.0,1.0,17.232913978494626,2.748274193548387,,,0.0,0.0,0.0,,2.7583454301075268,17.233522849462364,2.4077898924731187,2.748274193548387
4,15974.67151288276,7201.482789396982,10.0,0.31955140242646496,,,,0.0,0.0,0.0,0.0,1.0,17.232913978494626,2.748274193548387,,,0.0,1.0,0.0,,2.7583454301075268,17.233522849462364,2.4077898924731187,2.748274193548387
