,cost,emission,grid,wood_supply,DHDC_small_heat,DHDC_medium_heat,DHDC_large_heat,wood_boiler_heat,wood_boiler_DHW,PV,SCFP,DHW_to_heat,ASHP,ASHP_DHW,GSHP_heat,GSHP_cooling,battery,DHW_storage,heat_storage,geothermal_boreholes,demand_electricity,demand_space_heating,demand_space_cooling,demand_hot_water
0,38488.07878904581,4278.697882185581,6.100069163683006,0.26276818995216644,20.0,0.0,0.0,4.999999999999997,5.000000000000001,17.93376855776184,0.0,0.0,13.657925232984505,0.0,,,0.0,0.0,0.0,,1.749188172043011,13.868139784946237,1.707486021505376,1.9588441397849463
1,12763.650342791187,4485.865245443725,7.00976965006479,0.0,0.0,0.0,0.0,0.0,0.0,15.84658784703996,0.0,1.0,13.868027123655915,1.9588441397849463,,,0.0,0.0,0.0,,1.749188172043011,13.868139784946237,1.707486021505376,1.9588441397849463
2,12344.90416095572,4693.032608701868,7.06919618219594,0.0,0.0,0.0,0.0,0.0,0.0,10.564382763885996,0.0,1.0,13.868027123655915,1.9588441397849463,,,0.0,0.0,0.0,,1.749188172043011,13.868139784946237,1.707486021505376,1.9588441397849463
3,11926.157979120258,4900.199971960012,7.128622714327089,0.0,0.0,0.0,0.0,0.0,0.0,5.282177680732061,0.0,1.0,13.868027123655915,1.9588441397849463,,,0.0,0.0,0.0,,1.749188172043011,13.868139784946237,1.707486021505376,1.9588441397849463
4,11507.41396960854,5107.367335218157,8.0,0.26276818995216644,0.0,0.0,0.0,0.0,0.0,0.0,0.0,1.0,13.868027123655915,1.9588441397849463,,,0.0,0.0,0.0,,1.749188172043011,13.868139784946237,1.707486021505376,1.9588441397849463
