,cost,emission,grid,wood_supply,DHDC_small_heat,DHDC_medium_heat,DHDC_large_heat,wood_boiler_heat,wood_boiler_DHW,PV,SCFP,DHW_to_heat,ASHP,ASHP_DHW,GSHP_heat,GSHP_cooling,battery,DHW_storage,heat_storage,geothermal_boreholes,demand_electricity,demand_space_heating,demand_space_cooling,demand_hot_water
0,53772.04000753019,8954.194000398758,12.236527460808045,0.3808955098730541,20.0,0.0,0.0,4.999999999999997,5.000000000000001,51.68443139230116,0.0,0.0,23.830003484574675,1.7150775308641997,,,0.0,0.0,0.0,,4.931126344086021,24.134719892473118,3.2743068279569894,4.589876451612903
1,28087.66471369117,9553.430752470575,14.33532771712343,0.0,0.0,0.0,0.0,0.0,0.0,43.616203139628716,0.0,1.0,24.13425666666667,4.589876451612903,,,0.0,0.0,0.0,,4.931126344086021,24.134719892473118,3.2743068279569894,4.589876451612903
2,27019.048341142396,10152.667504542394,14.502522788312312,0.0,0.0,0.0,0.0,0.0,0.0,29.077464360365603,0.0,1.0,24.13425666666667,4.589876451612903,,,0.0,0.0,0.0,,4.931126344086021,24.134719892473118,3.2743068279569894,4.589876451612903
3,25950.4319781336,10751.904256614218,14.675067487958277,0.0,0.0,0.0,0.0,0.0,0.0,14.538725710895728,0.0,1.0,24.13425666666667,4.589876451612903,,,0.0,0.0,0.0,,4.931126344086021,24.134719892473118,3.2743068279569894,4.589876451612903
4,24881.81656612698,11351.141008686034,15.0,0.3808955098730541,0.0,0.0,0.0,0.0,0.0,0.0,0.0,1.0,24.13425666666667,4.589876451612903,,,0.0,0.0,0.0,,4.931126344086021,24.134719892473118,3.2743068279569894,4.589876451612903
