,cost,emission,grid,wood_supply,DHDC_small_heat,DHDC_medium_heat,DHDC_large_heat,wood_boiler_heat,wood_boiler_DHW,PV,SCFP,DHW_to_heat,ASHP,ASHP_DHW,GSHP_heat,GSHP_cooling,battery,DHW_storage,heat_storage,geothermal_boreholes,demand_electricity,demand_space_heating,demand_space_cooling,demand_hot_water
0,37380.498216285385,3246.3406075860626,4.930926075403655,0.28264308615655,20.0,0.0,0.0,5.000000000000001,5.000000000000001,23.61231033044286,0.0,0.0,11.10457136791712,1.468435950801525,0.5002795758816965,0.8779539516129035,0.5189631454993646,0.0,0.0,1.0974424395161293,1.4213951612903226,11.762704973118279,0.8779539516129033,1.7447459677419352
1,11110.351828319042,3501.8672092611005,5.8096343419229495,0.0,0.0,0.0,0.0,0.0,0.0,19.06982689163844,0.0,1.0,11.503984678926969,1.7447459677419355,0.25870954150313974,0.8779539516129033,0.0,0.0,0.0,1.0974424395161293,1.4213951612903226,11.762704973118279,0.8779539516129033,1.7447459677419352
2,10624.41959035199,3757.3938109361366,5.878933654697107,0.0,0.0,0.0,0.0,0.0,0.0,12.713207437226773,0.0,1.0,11.503984678926969,1.7447459677419355,0.25870954150313974,0.8779539516129033,0.0,0.0,0.0,1.0974424395161293,1.4213951612903226,11.762704973118279,0.8779539516129033,1.7447459677419352
3,10138.487352384935,4012.920412611174,5.948232967471266,0.0,0.0,0.0,0.0,0.0,0.0,6.356587982815078,0.0,1.0,11.503984678926969,1.7447459677419355,0.25870954150313974,0.8779539516129033,0.0,0.0,0.0,1.0974424395161293,1.4213951612903226,11.762704973118279,0.8779539516129033,1.7447459677419352
4,9652.55752026638,4268.447014286212,7.0,0.28264308615655,0.0,0.0,0.0,0.0,0.0,0.0,0.0,1.0,11.503984678926967,1.7447459677419355,0.2587095415031398,0.8779539516129035,0.0,0.0,0.0,1.0974424395161293,1.4213951612903226,11.762704973118279,0.8779539516129033,1.7447459677419352
