,cost,emission,grid,wood_supply,DHDC_small_heat,DHDC_medium_heat,DHDC_large_heat,wood_boiler_heat,wood_boiler_DHW,PV,SCFP,DHW_to_heat,ASHP,ASHP_DHW,GSHP_heat,GSHP_cooling,battery,DHW_storage,heat_storage,geothermal_boreholes,demand_electricity,demand_space_heating,demand_space_cooling,demand_hot_water
0,29428.183485651287,2362.9545928407515,4.332794293908014,0.27828970199279807,,,,0.0,5.000000000000001,22.368486283656594,0.0,0.0,9.555334623655913,1.0528091397849462,0.0,0.0,0.8036001285760207,0.0,0.0,0.0,1.0290174731182797,9.555334623655913,0.0,1.0898897849462366
1,8524.402212960933,2561.698974050758,4.4888361342520335,0.0,,,,0.0,0.0,15.782171998588009,0.0,0.0,9.555334623655913,1.0898897849462368,0.0,0.0,0.0,0.0,0.0,0.0,1.0290174731182797,9.555334623655913,0.0,1.0898897849462366
2,7992.736938320565,2760.443355260764,4.5512067680446675,0.011064140333550056,,,,0.0,0.0077448982334850395,10.03802949464683,0.0,1.0,9.551763736559142,1.085715773809524,0.0,0.0,0.0,0.0,0.0,0.0,1.0290174731182797,9.555334623655913,0.0,1.0898897849462366
3,7600.022766224723,2959.1877364707702,4.608282665641625,0.011064140333550056,,,,0.0,0.0077448982334850395,5.017331435560381,0.0,1.0,9.551763736559142,1.085715773809524,0.0,0.0,0.0,0.0,0.0,0.0,1.0290174731182797,9.555334623655913,0.0,1.0898897849462366
4,7207.509210491825,3157.932117680777,5.0,0.27828970199279807,,,,0.0,0.0,0.0,0.0,0.0,9.555334623655913,1.0898897849462368,0.0,0.0,0.0,1.0,0.0,0.0,1.0290174731182797,9.555334623655913,0.0,1.0898897849462366
