,cost,emission,grid,wood_supply,DHDC_small_heat,DHDC_medium_heat,DHDC_large_heat,wood_boiler_heat,wood_boiler_DHW,PV,SCFP,DHW_to_heat,ASHP,ASHP_DHW,GSHP_heat,GSHP_cooling,battery,DHW_storage,heat_storage,geothermal_boreholes,demand_electricity,demand_space_heating,demand_space_cooling,demand_hot_water
0,65516.827165773386,12853.980730793648,16.93446592376202,0.46174707352683375,20.0,0.0,0.0,5.000000000000001,5.000000000000001,74.78487815052392,0.0,0.0,32.20939543257638,0.0,,,0.0,0.0,0.0,,7.067023720238096,32.57879309139785,6.201356182795699,6.309630645161291
1,40182.81005723496,13694.609040490019,19.820473279110907,0.0,0.0,0.0,0.0,0.0,0.0,63.10499613099422,0.0,1.0,32.578317150537636,6.309630645161291,,,0.0,0.0,0.0,,7.067023720238096,32.57879309139785,6.201356182795699,6.309630645161291
2,38560.481379908444,14535.237350186391,20.061839233234277,0.0,0.0,0.0,0.0,0.0,0.0,42.06998977050916,0.0,1.0,32.578317150537636,6.309630645161291,,,0.0,0.0,0.0,,7.067023720238096,32.57879309139785,6.201356182795699,6.309630645161291
3,36938.152702581945,15375.865659882764,20.303205187357644,0.0,0.0,0.0,0.0,0.0,0.0,21.0349834100241,0.0,1.0,32.578317150537636,6.309630645161291,,,0.0,0.0,0.0,,7.067023720238096,32.57879309139785,6.201356182795699,6.309630645161291
4,35315.825795313904,16216.493969579127,21.0,0.46174707352683375,0.0,0.0,0.0,0.0,0.0,0.0,0.0,1.0,32.578317150537636,6.309630645161291,,,0.0,0.0,0.0,,7.067023720238096,32.57879309139785,6.201356182795699,6.309630645161291
