,cost,emission,grid,wood_supply,DHDC_small_heat,DHDC_medium_heat,DHDC_large_heat,wood_boiler_heat,wood_boiler_DHW,PV,SCFP,DHW_to_heat,ASHP,ASHP_DHW,GSHP_heat,GSHP_cooling,battery,DHW_storage,heat_storage,geothermal_boreholes,demand_electricity,demand_space_heating,demand_space_cooling,demand_hot_water
0,40841.62749693816,4939.6059016627005,7.472602003201732,0.27655875143436054,20.0,0.0,0.0,5.000000000000001,5.000000000000001,21.873928981245868,0.0,0.0,17.26628988057294,0.9539099999999994,0.0,0.0,0.0,0.0,0.0,0.0,1.979934722222222,17.487536881720427,0.0,2.223130376344086
1,14993.77927273327,5191.585991977923,8.50674908092028,0.0,0.0,0.0,0.0,0.0,0.0,18.900022354023932,0.0,1.0,17.48698446236559,2.2231303763440864,0.0,0.0,0.0,0.0,0.0,0.0,1.979934722222222,17.487536881720427,0.0,2.223130376344086
2,14508.499262288111,5443.566082293145,8.579364388031598,0.0,0.0,0.0,0.0,0.0,0.0,12.600010302611139,0.0,1.0,17.48698446236559,2.2231303763440864,0.0,0.0,0.0,0.0,0.0,0.0,1.979934722222222,17.487536881720427,0.0,2.223130376344086
3,14023.219251842957,5695.546172608369,8.651979695142915,0.0,0.0,0.0,0.0,0.0,0.0,6.299998251198365,0.0,1.0,17.48698446236559,2.2231303763440864,0.0,0.0,0.0,0.0,0.0,0.0,1.979934722222222,17.487536881720427,0.0,2.223130376344086
4,13537.94030440659,5947.52626292359,9.0,0.27655875143436054,0.0,0.0,0.0,0.0,0.0,0.0,0.0,1.0,17.48698446236559,2.2231303763440864,0.0,0.0,0.0,0.0,0.0,0.0,1.979934722222222,17.487536881720427,0.0,2.223130376344086
