,cost,emission,grid,wood_supply,DHDC_small_heat,DHDC_medium_heat,DHDC_large_heat,wood_boiler_heat,wood_boiler_DHW,PV,SCFP,DHW_to_heat,ASHP,ASHP_DHW,GSHP_heat,GSHP_cooling,battery,DHW_storage,heat_storage,geothermal_boreholes,demand_electricity,demand_space_heating,demand_space_cooling,demand_hot_water
0,39257.0073929336,4428.723856899521,6.550244578508841,0.2691281934950713,20.0,0.0,0.0,5.000000000000001,5.0,19.750912427163218,0.0,0.0,14.940495832300718,0.7089024691358027,,,0.0,0.0,0.0,,1.826967741935484,15.155798387096775,1.4538504301075266,2.010626397849462
1,13425.041083573418,4658.779387270047,7.489702228249249,0.0,0.0,0.0,0.0,0.0,0.0,17.155288664596522,0.0,1.0,15.155363145161292,2.0106263978494625,,,0.0,0.0,0.0,,1.826967741935484,15.155798387096775,1.4538504301075266,2.010626397849462
2,12988.424141213496,4888.834917640573,7.555958908327889,0.0,0.0,0.0,0.0,0.0,0.0,11.436854298655257,0.0,1.0,15.155363145161292,2.0106263978494625,,,0.0,0.0,0.0,,1.826967741935484,15.155798387096775,1.4538504301075266,2.010626397849462
3,12551.807198853574,5118.890448011098,7.6222155884065295,0.0,0.0,0.0,0.0,0.0,0.0,5.718419932714016,0.0,1.0,15.155363145161292,2.0106263978494625,,,0.0,0.0,0.0,,1.826967741935484,15.155798387096775,1.4538504301075266,2.010626397849462
4,12115.191358507092,5348.945978381625,8.0,0.2691281934950713,0.0,0.0,0.0,0.0,0.0,0.0,0.0,1.0,15.155363145161292,2.0106263978494625,,,0.0,0.0,0.0,,1.826967741935484,15.155798387096775,1.4538504301075266,2.010626397849462
