,cost,emission,grid,wood_supply,DHDC_small_heat,DHDC_medium_heat,DHDC_large_heat,wood_boiler_heat,wood_boiler_DHW,PV,SCFP,DHW_to_heat,ASHP,ASHP_DHW,GSHP_heat,GSHP_cooling,battery,DHW_storage,heat_storage,geothermal_boreholes,demand_electricity,demand_space_heating,demand_space_cooling,demand_hot_water
0,35264.6068264762,2892.2468869019363,4.216163244460022,0.2547858211950372,20.0,0.0,0.0,4.999999999999998,5.000000000000001,15.65309177001062,0.0,0.0,9.126429094697414,1.0695116666666669,0.9053349096368799,0.7189018817204302,0.0,0.0,0.0,0.8986273521505379,1.147779569892473,10.235592661290323,0.71890188172043,1.396504327956989
1,9227.416982182876,3064.031093236308,4.965456452992425,0.0,0.0,0.0,0.0,0.0,0.0,13.444818402053349,0.0,0.0,10.027285091627844,1.3965043279569893,0.20830756966248046,0.7189018817204301,0.0,0.0,0.0,0.8986273521505376,1.147779569892473,10.235592661290323,0.71890188172043,1.396504327956989
2,8860.616917766189,3235.8152995706805,5.0101575514995975,0.0,0.0,0.0,0.0,0.0,0.0,8.963202221940874,0.0,0.0,10.027285091627844,1.3965043279569893,0.20830756966248046,0.7189018817204301,0.0,0.0,0.0,0.8986273521505376,1.147779569892473,10.235592661290323,0.71890188172043,1.396504327956989
3,8493.816853349503,3407.5995059050524,5.054858650006769,0.0,0.0,0.0,0.0,0.0,0.0,4.481586041828412,0.0,0.0,10.027285091627844,1.3965043279569893,0.20830756966248046,0.7189018817204301,0.0,0.0,0.0,0.8986273521505376,1.147779569892473,10.235592661290323,0.71890188172043,1.396504327956989
4,8127.019255615391,3579.3837122394248,6.0,0.2547858211950372,0.0,0.0,0.0,0.0,0.0,0.0,0.0,0.0,10.027285091627844,1.3965043279569893,0.20830756966248046,0.7189018817204302,0.0,0.0,0.0,0.8986273521505379,1.147779569892473,10.235592661290323,0.71890188172043,1.396504327956989
