,cost,emission,grid,wood_supply,DHDC_small_heat,DHDC_medium_heat,DHDC_large_heat,wood_boiler_heat,wood_boiler_DHW,PV,SCFP,DHW_to_heat,ASHP,ASHP_DHW,GSHP_heat,GSHP_cooling,battery,DHW_storage,heat_storage,geothermal_boreholes,demand_electricity,demand_space_heating,demand_space_cooling,demand_hot_water
0,26674.553317754508,2022.7313832191917,3.585549164209683,0.23530161364667743,,,,0.0,5.000000000000001,10.086175327622117,0.0,0.0,8.357074677419355,0.6040001876516193,,,0.14993310310579513,0.0,0.0,,0.6588020833333333,8.357074677419355,0.5355983870967741,0.768711317204301
1,6312.09106353375,2124.5652776052775,3.6765157233615198,0.0,,,,0.0,0.0,8.038047055442986,0.0,0.0,8.357074677419355,0.7687113172043011,,,0.0,0.0,0.0,,0.6588020833333333,8.357074677419355,0.5355983870967741,0.768711317204301
2,6090.286466678058,2226.399171991363,3.7057368901280094,0.0,,,,0.0,0.0,5.358685134674829,0.0,0.0,8.357074677419355,0.7687113172043011,,,0.0,0.0,0.0,,0.6588020833333333,8.357074677419355,0.5355983870967741,0.768711317204301
3,5868.481869822367,2328.2330663774487,3.7349580568944987,0.0,,,,0.0,0.0,2.679323213906678,0.0,0.0,8.357074677419355,0.7687113172043011,,,0.0,0.0,0.0,,0.6588020833333333,8.357074677419355,0.5355983870967741,0.768711317204301
4,5646.680477222039,2430.066960763534,4.0,0.23530161364667743,,,,0.0,0.0,0.0,0.0,0.0,8.357074677419355,0.7687113172043011,,,0.0,1.0,0.0,,0.6588020833333333,8.357074677419355,0.5355983870967741,0.768711317204301
