,cost,emission,grid,wood_supply,DHDC_small_heat,DHDC_medium_heat,DHDC_large_heat,wood_boiler_heat,wood_boiler_DHW,PV,SCFP,DHW_to_heat,ASHP,ASHP_DHW,GSHP_heat,GSHP_cooling,battery,DHW_storage,heat_storage,geothermal_boreholes,demand_electricity,demand_space_heating,demand_space_cooling,demand_hot_water
0,37354.34626027086,5667.822752079961,8.54474005187586,0.29583658097247567,,,,0.0,5.000000000000001,27.381880277850183,0.0,0.0,15.485457204301076,2.54172218901818,,,0.0,0.0,0.0,,2.6237767857142855,15.485457204301076,2.266610887096774,2.7488077956989247
1,16652.97898001252,5944.349302189233,8.697445970550653,0.0,,,,0.0,0.0,21.205001803114566,0.0,1.0,15.485048602150538,2.748807795698925,,,0.0,0.0,0.0,,2.6237767857142855,15.485457204301076,2.266610887096774,2.7488077956989247
2,16090.632870981917,6220.875852298506,8.773413241171852,0.0,,,,0.0,0.0,14.136656191635089,0.0,1.0,15.485048602150538,2.748807795698925,,,0.0,0.0,0.0,,2.6237767857142855,15.485457204301076,2.266610887096774,2.7488077956989247
3,15528.286761951309,6497.402402407779,8.849380511793052,0.0,,,,0.0,0.0,7.0683105801556,0.0,1.0,15.485048602150538,2.748807795698925,,,0.0,0.0,0.0,,2.6237767857142855,15.485457204301076,2.266610887096774,2.7488077956989247
4,14965.943439955994,6773.9289525170525,9.0,0.29583658097247567,,,,0.0,0.0,0.0,0.0,1.0,15.485048602150538,2.748807795698925,,,0.0,1.0,0.0,,2.6237767857142855,15.485457204301076,2.266610887096774,2.7488077956989247
