,cost,emission,grid,wood_supply,DHDC_small_heat,DHDC_medium_heat,DHDC_large_heat,wood_boiler_heat,wood_boiler_DHW,PV,SCFP,DHW_to_heat,ASHP,ASHP_DHW,GSHP_heat,GSHP_cooling,battery,DHW_storage,heat_storage,geothermal_boreholes,demand_electricity,demand_space_heating,demand_space_cooling,demand_hot_water
0,24988.89499975977,1448.5783260392718,2.60231594490201,0.22838876494426116,,,,0.0,5.000000000000001,8.11107569836032,0.0,0.0,5.996149193548388,0.4410582677648161,0.0,0.0,0.17794296153466893,0.0,0.0,0.0,0.5081586021505377,5.996149193548387,0.0,0.6009304032258065
1,4649.4741297895125,1530.0427076673775,2.6871717928496577,0.0,,,,0.0,0.0,6.4359893682562195,0.0,0.0,5.996149193548388,0.6009304032258065,0.0,0.0,0.0,0.0,0.0,0.0,0.5081586021505377,5.996149193548387,0.0,0.6009304032258065
2,4471.6654758642,1611.5070892954832,2.710535558541693,0.0,,,,0.0,0.0,4.290646664933373,0.0,0.0,5.996149193548388,0.6009304032258065,0.0,0.0,0.0,0.0,0.0,0.0,0.5081586021505377,5.996149193548387,0.0,0.6009304032258065
3,4293.856821938889,1692.971470923589,2.733899324233728,0.0,,,,0.0,0.0,2.1453039616105243,0.0,0.0,5.996149193548388,0.6009304032258065,0.0,0.0,0.0,0.0,0.0,0.0,0.5081586021505377,5.996149193548387,0.0,0.6009304032258065
4,4116.051378974562,1774.4358525516948,3.0,0.22838876494426116,,,,0.0,0.0,0.0,0.0,0.0,5.996149193548388,0.6009304032258065,0.0,0.0,0.0,1.0,0.0,0.0,0.5081586021505377,5.996149193548387,0.0,0.6009304032258065
