,cost,emission,grid,wood_supply,DHDC_small_heat,DHDC_medium_heat,DHDC_large_heat,wood_boiler_heat,wood_boiler_DHW,PV,SCFP,DHW_to_heat,ASHP,ASHP_DHW,GSHP_heat,GSHP_cooling,battery,DHW_storage,heat_storage,geothermal_boreholes,demand_electricity,demand_space_heating,demand_space_cooling,demand_hot_water
0,44585.62789770628,5509.15714128321,7.270794797026485,0.34460452459154123,20.0,0.0,0.0,4.999999999999998,5.000000000000001,41.31557845472606,0.0,0.0,13.605336003982682,1.4779327901234562,,,0.0,0.0,0.0,,3.2078055555555562,13.881019623655915,2.7087720430107525,3.236936935483871
1,18622.54687064679,5966.336034769841,8.788319989162154,0.0,0.0,0.0,0.0,0.0,0.0,34.56337654376356,0.0,1.0,13.880447526881722,3.236936935483871,,,0.0,0.0,0.0,,3.2078055555555562,13.881019623655915,2.7087720430107525,3.236936935483871
2,17724.59781387191,6423.514928256471,8.919869995171874,0.0,0.0,0.0,0.0,0.0,0.0,23.042241271250553,0.0,1.0,13.880447526881722,3.236936935483871,,,0.0,0.0,0.0,,3.2078055555555562,13.881019623655915,2.7087720430107525,3.236936935483871
3,16826.64875709703,6880.6938217431,9.051420001181594,0.0,0.0,0.0,0.0,0.0,0.0,11.521105998737534,0.0,1.0,13.880447526881722,3.236936935483871,,,0.0,0.0,0.0,,3.2078055555555562,13.881019623655915,2.7087720430107525,3.236936935483871
4,15928.701981899312,7337.872715229729,10.0,0.34460452459154123,0.0,0.0,0.0,0.0,0.0,0.0,0.0,1.0,13.880447526881722,3.236936935483871,,,0.0,0.0,0.0,,3.2078055555555562,13.881019623655915,2.7087720430107525,3.236936935483871
