,cost,emission,grid,wood_supply,DHDC_small_heat,DHDC_medium_heat,DHDC_large_heat,wood_boiler_heat,wood_boiler_DHW,PV,SCFP,DHW_to_heat,ASHP,ASHP_DHW,GSHP_heat,GSHP_cooling,battery,DHW_storage,heat_storage,geothermal_boreholes,demand_electricity,demand_space_heating,demand_space_cooling,demand_hot_water
0,40745.85083761341,4258.476061696382,6.384670913817541,0.3104717075928205,20.0,0.0,0.0,4.999999999999998,5.000000000000001,31.56334502652014,0.0,0.0,13.237730483388107,1.7211243602405812,0.0,0.0,0.3692009610108691,0.0,0.0,0.0,2.348363888888889,13.486107849462364,0.0,2.037387150537634
1,14408.340373716688,4597.532850936067,7.3866970289990075,0.0,0.0,0.0,0.0,0.0,0.0,25.434287251217214,0.0,1.0,13.485587930107526,2.037387150537634,0.0,0.0,0.0,0.0,0.0,0.0,2.348363888888889,13.486107849462364,0.0,2.037387150537634
2,13755.170488341317,4936.589640175753,7.48421108313321,0.0,0.0,0.0,0.0,0.0,0.0,16.956186239495633,0.0,1.0,13.485587930107526,2.037387150537634,0.0,0.0,0.0,0.0,0.0,0.0,2.348363888888889,13.486107849462364,0.0,2.037387150537634
3,13102.000602965945,5275.646429415435,7.581725137267411,0.0,0.0,0.0,0.0,0.0,0.0,8.478085227774068,0.0,1.0,13.485587930107526,2.037387150537634,0.0,0.0,0.0,0.0,0.0,0.0,2.348363888888889,13.486107849462364,0.0,2.037387150537634
4,12448.831933617508,5614.703218655121,8.0,0.3104717075928205,0.0,0.0,0.0,0.0,0.0,0.0,0.0,1.0,13.485587930107526,2.037387150537634,0.0,0.0,0.0,0.0,0.0,0.0,2.348363888888889,13.486107849462364,0.0,2.037387150537634
