,cost,emission,grid,wood_supply,DHDC_small_heat,DHDC_medium_heat,DHDC_large_heat,wood_boiler_heat,wood_boiler_DHW,PV,SCFP,DHW_to_heat,ASHP,ASHP_DHW,GSHP_heat,GSHP_cooling,battery,DHW_storage,heat_storage,geothermal_boreholes,demand_electricity,demand_space_heating,demand_space_cooling,demand_hot_water
0,26003.542537299476,1687.7824839361097,2.885759080624085,0.24060187718439568,,,,0.0,5.000000000000001,11.600536338398754,0.0,0.0,5.967927204301075,0.643563901024679,,,0.23827134226520197,0.0,0.0,,0.7775188172043009,5.967927204301074,0.3828533870967742,0.8119852150537634
1,5604.988802417887,1807.758402629267,2.990916934433846,0.0,,,,0.0,0.0,9.108254984547477,0.0,0.0,5.967927204301075,0.8119852150537634,,,0.0,0.0,0.0,,0.7775188172043009,5.967927204301074,0.3828533870967742,0.8119852150537634
2,5366.905556850308,1927.7343213224249,3.021313850945805,0.0,,,,0.0,0.0,6.072151782120043,0.0,0.0,5.967927204301075,0.8119852150537634,,,0.0,0.0,0.0,,0.7775188172043009,5.967927204301074,0.3828533870967742,0.8119852150537634
3,5128.822313788128,2047.7102400155823,3.05297329759526,0.0,,,,0.0,0.0,3.0360486116421326,0.0,0.0,5.967927204301075,0.8119852150537634,,,0.0,0.0,0.0,,0.7775188172043009,5.967927204301074,0.3828533870967742,0.8119852150537634
4,4890.7433490866715,2167.6861587087405,4.0,0.24060187718439568,,,,0.0,0.0,0.0,0.0,0.0,5.967927204301075,0.8119852150537634,,,0.0,1.0,0.0,,0.7775188172043009,5.967927204301074,0.3828533870967742,0.8119852150537634
