,cost,emission,grid,wood_supply,DHDC_small_heat,DHDC_medium_heat,DHDC_large_heat,wood_boiler_heat,wood_boiler_DHW,PV,SCFP,DHW_to_heat,ASHP,ASHP_DHW,GSHP_heat,GSHP_cooling,battery,DHW_storage,heat_storage,geothermal_boreholes,demand_electricity,demand_space_heating,demand_space_cooling,demand_hot_water
0,24516.309183033696,1294.4745444279838,2.2416800622186006,0.22697749789259944,,,,0.0,5.000000000000001,7.7078565407427,0.0,0.0,5.0821129032258066,0.42271924609882877,0.0,0.0,0.18598973318163783,0.0,0.0,0.0,0.47313541666666675,5.082112903225806,0.0,0.5816034946236559
1,4188.96090128136,1375.128013806962,2.3314670893042293,0.0,,,,0.0,0.0,6.098068279769772,0.0,0.0,5.0821129032258066,0.5816034946236559,0.0,0.0,0.0,0.0,0.0,0.0,0.47313541666666675,5.082112903225806,0.0,0.5816034946236559
2,4030.5107029035166,1455.7814831859398,2.351703235389675,0.0,,,,0.0,0.0,4.065363439039116,0.0,0.0,5.0821129032258066,0.5816034946236559,0.0,0.0,0.0,0.0,0.0,0.0,0.47313541666666675,5.082112903225806,0.0,0.5816034946236559
3,3872.0605046451487,1536.434952564918,2.3720001967851094,0.0,,,,0.0,0.0,2.0326585998411817,0.0,0.0,5.0821129032258066,0.5816034946236559,0.0,0.0,0.0,0.0,0.0,0.0,0.47313541666666675,5.082112903225806,0.0,0.5816034946236559
4,3713.613910764114,1617.0884219438958,3.0,0.22697749789259944,,,,0.0,0.0,0.0,0.0,0.0,5.0821129032258066,0.5816034946236559,0.0,0.0,0.0,1.0,0.0,0.0,0.47313541666666675,5.082112903225806,0.0,0.5816034946236559
