,cost,emission,grid,wood_supply,DHDC_small_heat,DHDC_medium_heat,DHDC_large_heat,wood_boiler_heat,wood_boiler_DHW,PV,SCFP,DHW_to_heat,ASHP,ASHP_DHW,GSHP_heat,GSHP_cooling,battery,DHW_storage,heat_storage,geothermal_boreholes,demand_electricity,demand_space_heating,demand_space_cooling,demand_hot_water
0,30969.844591311885,1373.2785737132444,1.3789230832105364,0.24591101860565004,20.0,0.0,0.0,4.999999999999997,5.000000000000001,13.117433887328588,0.0,0.0,1.5848746797391362,0.3247792114695343,,,0.0,0.0,0.0,,1.092184139784946,1.781603494623656,1.458693010752688,1.086380376344086
1,4986.079487497516,1517.5094921382854,1.9144308575512454,0.0,0.0,0.0,0.0,0.0,0.0,11.337683411883992,0.0,0.0,1.7816034946236563,1.086380376344086,,,0.0,0.0,0.0,,1.092184139784946,1.781603494623656,1.458693010752688,1.086380376344086
2,4674.94261367939,1661.7404105633266,1.9538527831480779,0.0,0.0,0.0,0.0,0.0,0.0,7.55844501142529,0.0,0.0,1.7816034946236563,1.086380376344086,,,0.0,0.0,0.0,,1.092184139784946,1.781603494623656,1.458693010752688,1.086380376344086
3,4363.805744546172,1805.971328988367,1.9954464471550608,0.0,0.0,0.0,0.0,0.0,0.0,3.7792066678720073,0.0,0.0,1.7816034946236563,1.086380376344086,,,0.0,0.0,0.0,,1.092184139784946,1.781603494623656,1.458693010752688,1.086380376344086
4,4052.671483206217,1950.202247413408,3.0,0.24591101860565004,0.0,0.0,0.0,0.0,0.0,0.0,0.0,0.0,1.7816034946236563,1.086380376344086,,,0.0,0.0,0.0,,1.092184139784946,1.781603494623656,1.458693010752688,1.086380376344086
