,cost,emission,grid,wood_supply,DHDC_small_heat,DHDC_medium_heat,DHDC_large_heat,wood_boiler_heat,wood_boiler_DHW,PV,SCFP,DHW_to_heat,ASHP,ASHP_DHW,GSHP_heat,GSHP_cooling,battery,DHW_storage,heat_storage,geothermal_boreholes,demand_electricity,demand_space_heating,demand_space_cooling,demand_hot_water
0,26299.930991233625,1810.4184647893082,3.152549198295382,0.23953545991506528,,,,0.0,4.999999999999997,11.29584569001865,0.0,0.0,7.0639175000000005,0.6600647210701996,0.0,0.0,0.30240262256782,0.0,0.0,0.0,0.6942782258064516,7.0639175,0.0,0.8277395430107528
1,5884.673689434891,1928.3233742026068,3.2751390180116893,0.0,,,,0.0,0.0,8.70686427520118,0.0,0.0,7.0639175000000005,0.8277395430107529,0.0,0.0,0.0,0.0,0.0,0.0,0.6942782258064516,7.0639175,0.0,0.8277395430107528
2,5666.382742074762,2046.2282836159056,3.3052529606856376,0.0,,,,0.0,0.0,5.80456080645269,0.0,0.0,7.0639175000000005,0.8277395430107529,0.0,0.0,0.0,0.0,0.0,0.0,0.6942782258064516,7.0639175,0.0,0.8277395430107528
3,5448.091794714634,2164.1331930292035,3.3353669033595867,0.0,,,,0.0,0.0,2.9022573377042264,0.0,0.0,7.0639175000000005,0.8277395430107529,0.0,0.0,0.0,0.0,0.0,0.0,0.6942782258064516,7.0639175,0.0,0.8277395430107528
4,5229.804317008681,2282.038102442503,4.0,0.23953545991506528,,,,0.0,0.0,0.0,0.0,0.0,7.0639175000000005,0.8277395430107529,0.0,0.0,0.0,1.0,0.0,0.0,0.6942782258064516,7.0639175,0.0,0.8277395430107528
