,cost,emission,grid,wood_supply,DHDC_small_heat,DHDC_medium_heat,DHDC_large_heat,wood_boiler_heat,wood_boiler_DHW,PV,SCFP,DHW_to_heat,ASHP,ASHP_DHW,GSHP_heat,GSHP_cooling,battery,DHW_storage,heat_storage,geothermal_boreholes,demand_electricity,demand_space_heating,demand_space_cooling,demand_hot_water
0,31118.866977516376,1696.2583176199405,2.6777449901380797,0.23606246977789708,20.0,0.0,0.0,4.999999999999997,5.000000000000001,10.303562793684877,0.0,0.0,6.382303518801337,0.5349486044888053,,,0.17500706294447904,0.0,0.0,,0.6667559523809524,6.571153494623654,0.28140456989247314,0.7565973655913978
1,4976.73436751655,1801.6942155687505,3.075990494514191,0.0,0.0,0.0,0.0,0.0,0.0,8.673376699892273,0.0,0.0,6.571153494623655,0.7565973655913978,,,0.0,0.0,0.0,,0.6667559523809524,6.571153494623654,0.28140456989247314,0.7565973655913978
2,4724.373928211019,1907.130113517561,3.099622265728694,0.013396871479774222,0.0,0.0,0.0,0.0,0.009377810035841955,5.773189523158326,0.0,0.0,6.571153494623655,0.7472195555555556,,,0.0,0.0,0.0,,0.6667559523809524,6.571153494623654,0.28140456989247314,0.7565973655913978
3,4472.179901580497,2012.5660114663717,3.12998996083613,0.013396871479774222,0.0,0.0,0.0,0.0,0.009377810035841955,2.882054185868551,0.0,0.0,6.571153494623655,0.7472195555555556,,,0.0,0.0,0.0,,0.6667559523809524,6.571153494623654,0.28140456989247314,0.7565973655913978
4,4220.154844511693,2118.0019094151817,4.0,0.23606246977789708,0.0,0.0,0.0,0.0,0.0,0.0,0.0,0.0,6.571153494623655,0.7565973655913978,,,0.0,0.0,0.0,,0.6667559523809524,6.571153494623654,0.28140456989247314,0.7565973655913978
