,cost,emission,grid,wood_supply,DHDC_small_heat,DHDC_medium_heat,DHDC_large_heat,wood_boiler_heat,wood_boiler_DHW,PV,SCFP,DHW_to_heat,ASHP,ASHP_DHW,GSHP_heat,GSHP_cooling,battery,DHW_storage,heat_storage,geothermal_boreholes,demand_electricity,demand_space_heating,demand_space_cooling,demand_hot_water
0,61827.88929328405,10859.181217533138,16.311101528805555,0.43922524816195474,20.0,0.0,0.0,5.000000000000001,5.000000000000001,68.35007090341564,0.0,0.0,35.93813926383603,4.711944131842187,0.0,0.0,0.08166077839908989,0.0,0.0,0.0,5.09207123655914,36.28951946236559,0.0,5.157721935483871
1,35410.25780369489,11585.01844630601,18.71227582461297,0.0,0.0,0.0,0.0,0.0,0.0,56.193326707096205,0.0,1.0,36.28880244623656,5.157721935483871,0.0,0.0,0.0,0.0,0.0,0.0,5.09207123655914,36.28951946236559,0.0,5.157721935483871
2,33899.92021958777,12310.855675078883,18.920647163542498,0.0,0.0,0.0,0.0,0.0,0.0,37.46220832665752,0.0,1.0,36.28880244623656,5.157721935483871,0.0,0.0,0.0,0.0,0.0,0.0,5.09207123655914,36.28951946236559,0.0,5.157721935483871
3,32389.582635480652,13036.692903851754,19.12901850247202,0.0,0.0,0.0,0.0,0.0,0.0,18.731089946218823,0.0,1.0,36.28880244623656,5.157721935483871,0.0,0.0,0.0,0.0,0.0,0.0,5.09207123655914,36.28951946236559,0.0,5.157721935483871
4,30879.2473440968,13762.530132624628,20.0,0.43922524816195474,0.0,0.0,0.0,0.0,0.0,0.0,0.0,1.0,36.28880244623656,5.157721935483871,0.0,0.0,0.0,0.0,0.0,0.0,5.09207123655914,36.28951946236559,0.0,5.157721935483871
