,cost,emission,grid,wood_supply,DHDC_small_heat,DHDC_medium_heat,DHDC_large_heat,wood_boiler_heat,wood_boiler_DHW,PV,SCFP,DHW_to_heat,ASHP,ASHP_DHW,GSHP_heat,GSHP_cooling,battery,DHW_storage,heat_storage,geothermal_boreholes,demand_electricity,demand_space_heating,demand_space_cooling,demand_hot_water
0,35690.13763025256,3137.6085532227116,4.6776966586314535,0.2541884037879623,20.0,0.0,0.0,5.000000000000001,5.000000000000001,15.482401082274952,0.0,0.0,10.751412556539524,0.5579422962962964,,,0.0,0.0,0.0,,1.2726290322580645,10.954763279569892,1.3286825268817204,1.4115900537634407
1,9748.728096943101,3316.0244132353373,5.3582364695052656,0.0,0.0,0.0,0.0,0.0,0.0,13.352060495663395,0.0,0.0,10.954763279569894,1.411590053763441,,,0.0,0.0,0.0,,1.2726290322580645,10.954763279569892,1.3286825268817204,1.4115900537634407
2,9407.062209641477,3494.440273247964,5.409617489052084,0.0,0.0,0.0,0.0,0.0,0.0,8.901367495481447,0.0,0.0,10.954763279569894,1.411590053763441,,,0.0,0.0,0.0,,1.2726290322580645,10.954763279569892,1.3286825268817204,1.4115900537634407
3,9065.396322339851,3672.856133260591,5.460998508598902,0.0,0.0,0.0,0.0,0.0,0.0,4.450674495299502,0.0,0.0,10.954763279569894,1.411590053763441,,,0.0,0.0,0.0,,1.2726290322580645,10.954763279569892,1.3286825268817204,1.4115900537634407
4,8723.731855600618,3851.271993273218,6.0,0.2541884037879623,0.0,0.0,0.0,0.0,0.0,0.0,0.0,0.0,10.954763279569894,1.411590053763441,,,0.0,0.0,0.0,,1.2726290322580645,10.954763279569892,1.3286825268817204,1.4115900537634407
