,cost,emission,grid,wood_supply,DHDC_small_heat,DHDC_medium_heat,DHDC_large_heat,wood_boiler_heat,wood_boiler_DHW,PV,SCFP,DHW_to_heat,ASHP,ASHP_DHW,GSHP_heat,GSHP_cooling,battery,DHW_storage,heat_storage,geothermal_boreholes,demand_electricity,demand_space_heating,demand_space_cooling,demand_hot_water
0,33306.40746868409,2395.7434122799377,3.400731284301612,0.2407441758044377,20.0,0.0,0.0,4.999999999999997,5.000000000000001,11.6411930869822,0.0,0.0,7.646072885162902,0.09480160493827157,,,0.0,0.0,0.0,,0.9826854838709677,7.838668225806452,0.8746135752688172,1.1734787903225807
1,7420.746072406651,2529.7339261133066,3.968882205623207,0.0,0.0,0.0,0.0,0.0,0.0,10.304346260393109,0.0,0.0,7.838668225806453,1.173478790322581,,,0.0,0.0,0.0,,0.9826854838709677,7.838668225806452,0.8746135752688172,1.1734787903225807
2,7146.366911474969,2663.7244399466754,4.007429710772732,0.0,0.0,0.0,0.0,0.0,0.0,6.869554293855114,0.0,0.0,7.838668225806453,1.173478790322581,,,0.0,0.0,0.0,,0.9826854838709677,7.838668225806452,0.8746135752688172,1.1734787903225807
3,6871.987750543287,2797.7149537800447,4.045977215922258,0.0,0.0,0.0,0.0,0.0,0.0,3.4347623273171095,0.0,0.0,7.838668225806453,1.173478790322581,,,0.0,0.0,0.0,,0.9826854838709677,7.838668225806452,0.8746135752688172,1.1734787903225807
4,6597.610957261419,2931.7054676134135,5.0,0.2407441758044377,0.0,0.0,0.0,0.0,0.0,0.0,0.0,0.0,7.838668225806453,1.173478790322581,,,0.0,0.0,0.0,,0.9826854838709677,7.838668225806452,0.8746135752688172,1.1734787903225807
