,cost,emission,grid,wood_supply,DHDC_small_heat,DHDC_medium_heat,DHDC_large_heat,wood_boiler_heat,wood_boiler_DHW,PV,SCFP,DHW_to_heat,ASHP,ASHP_DHW,GSHP_heat,GSHP_cooling,battery,DHW_storage,heat_storage,geothermal_boreholes,demand_electricity,demand_space_heating,demand_space_cooling,demand_hot_water
0,35912.71214346394,3159.0590354940987,4.418471644924471,0.26108186916763854,20.0,0.0,0.0,5.000000000000001,5.000000000000001,17.451962619325304,0.0,0.0,9.633830848751911,0.34915772839506126,,,0.0,0.0,0.0,,1.4120967261904762,9.84269634408602,1.209988440860215,1.5830537634408601
1,10016.396474055931,3352.0081419744006,5.17304177999888,0.0,0.0,0.0,0.0,0.0,0.0,15.12725658403621,0.0,0.0,9.842696344086022,1.5830537634408601,,,0.0,0.0,0.0,,1.4120967261904762,9.84269634408602,1.209988440860215,1.5830537634408601
2,9602.738138581388,3544.957248454704,5.228777655259098,0.0,0.0,0.0,0.0,0.0,0.0,10.084829701177101,0.0,0.0,9.842696344086022,1.5830537634408601,,,0.0,0.0,0.0,,1.4120967261904762,9.84269634408602,1.209988440860215,1.5830537634408601
3,9189.07980310684,3737.906354935007,5.284513530519315,0.0,0.0,0.0,0.0,0.0,0.0,5.042402818317971,0.0,0.0,9.842696344086022,1.5830537634408601,,,0.0,0.0,0.0,,1.4120967261904762,9.84269634408602,1.209988440860215,1.5830537634408601
4,8775.423441780511,3930.85546141531,6.0,0.26108186916763854,0.0,0.0,0.0,0.0,0.0,0.0,0.0,0.0,9.842696344086022,1.5830537634408601,,,0.0,0.0,0.0,,1.4120967261904762,9.84269634408602,1.209988440860215,1.5830537634408601
