,cost,emission,grid,wood_supply,DHDC_small_heat,DHDC_medium_heat,DHDC_large_heat,wood_boiler_heat,wood_boiler_DHW,PV,SCFP,DHW_to_heat,ASHP,ASHP_DHW,GSHP_heat,GSHP_cooling,battery,DHW_storage,heat_storage,geothermal_boreholes,demand_electricity,demand_space_heating,demand_space_cooling,demand_hot_water
0,28757.151728101373,2339.5400379386433,3.044244266099854,0.2799601352766904,,,,0.0,5.000000000000001,22.84575293619725,0.0,0.0,2.738622903225807,1.5485346257364123,,,0.0,0.0,0.0,,1.8920486559139784,2.7386229032258065,2.4711096774193546,1.7445067204301075
1,8160.234119998907,2575.450591233591,3.1821612702714233,0.0,,,,0.0,0.0,17.755304663045067,0.0,1.0,2.7381793548387097,1.7445067204301077,,,0.0,0.0,0.0,,1.8920486559139784,2.7386229032258065,2.4711096774193546,1.7445067204301075
2,7702.007870692197,2811.3611445285374,3.250206648688256,0.0,,,,0.0,0.0,11.836853939484595,0.0,1.0,2.7381793548387097,1.7445067204301077,,,0.0,0.0,0.0,,1.8920486559139784,2.7386229032258065,2.4711096774193546,1.7445067204301075
3,7243.781621385487,3047.2716978234853,3.3182520271050886,0.0,,,,0.0,0.0,5.918403215924098,0.0,1.0,2.7381793548387097,1.7445067204301077,,,0.0,0.0,0.0,,1.8920486559139784,2.7386229032258065,2.4711096774193546,1.7445067204301075
4,6785.5590502788755,3283.1822511184328,4.0,0.2799601352766904,,,,0.0,0.0,0.0,0.0,1.0,2.7381793548387097,1.7445067204301077,,,0.0,1.0,0.0,,1.8920486559139784,2.7386229032258065,2.4711096774193546,1.7445067204301075
