,cost,emission,grid,wood_supply,DHDC_small_heat,DHDC_medium_heat,DHDC_large_heat,wood_boiler_heat,wood_boiler_DHW,PV,SCFP,DHW_to_heat,ASHP,ASHP_DHW,GSHP_heat,GSHP_cooling,battery,DHW_storage,heat_storage,geothermal_boreholes,demand_electricity,demand_space_heating,demand_space_cooling,demand_hot_water
0,52693.22336576508,8894.26825613557,12.030080605622159,0.35746520203518534,20.0,0.0,0.0,4.999999999999998,5.000000000000001,44.990057724338676,0.0,0.0,24.615221655576153,0.0,,,0.0,0.0,0.0,,4.3305631720430116,24.9011938172043,3.739588172043011,4.07043559139785
1,27149.627130593173,9380.360147659576,13.890074189181847,0.0,0.0,0.0,0.0,0.0,0.0,38.62315054893397,0.0,1.0,24.900627096774194,4.0704355913978505,,,0.0,0.0,0.0,,4.3305631720430116,24.9011938172043,3.739588172043011,4.07043559139785
2,26074.533965655424,9866.452039183581,14.029281438399321,0.0,0.0,0.0,0.0,0.0,0.0,25.748757764727735,0.0,1.0,24.900627096774194,4.0704355913978505,,,0.0,0.0,0.0,,4.3305631720430116,24.9011938172043,3.739588172043011,4.07043559139785
3,24999.440800717683,10352.543930707587,14.168488687616795,0.0,0.0,0.0,0.0,0.0,0.0,12.874364980521499,0.0,1.0,24.900627096774194,4.0704355913978505,,,0.0,0.0,0.0,,4.3305631720430116,24.9011938172043,3.739588172043011,4.07043559139785
4,23924.349957563332,10838.635822231592,15.0,0.35746520203518534,0.0,0.0,0.0,0.0,0.0,0.0,0.0,1.0,24.900627096774194,4.0704355913978505,,,0.0,0.0,0.0,,4.3305631720430116,24.9011938172043,3.739588172043011,4.07043559139785
