,cost,emission,grid,wood_supply,DHDC_small_heat,DHDC_medium_heat,DHDC_large_heat,wood_boiler_heat,wood_boiler_DHW,PV,SCFP,DHW_to_heat,ASHP,ASHP_DHW,GSHP_heat,GSHP_cooling,battery,DHW_storage,heat_storage,geothermal_boreholes,demand_electricity,demand_space_heating,demand_space_cooling,demand_hot_water
0,60801.01820928679,10700.782891392128,14.439792354984144,0.454540698379342,20.0,0.0,0.0,5.000000000000001,5.000000000000001,72.72591382266911,0.0,0.0,26.378848839145988,3.294949999999997,0.0,0.0,0.0,0.0,0.0,0.0,6.483482526881719,26.74248139784946,0.0,6.350744784946237
1,35027.89923632094,11520.656485744732,17.342811999837583,0.0,0.0,0.0,0.0,0.0,0.0,60.932886326902086,0.0,1.0,26.742475403225807,6.3507447849462375,0.0,0.0,0.0,0.0,0.0,0.0,6.483482526881719,26.74248139784946,0.0,6.350744784946237
2,33485.06476729298,12340.530080097338,17.576469685582577,0.0,0.0,0.0,0.0,0.0,0.0,40.62191256824094,0.0,1.0,26.742475403225807,6.3507447849462375,0.0,0.0,0.0,0.0,0.0,0.0,6.483482526881719,26.74248139784946,0.0,6.350744784946237
3,31942.230298265014,13160.403674449944,17.810127371327575,0.0,0.0,0.0,0.0,0.0,0.0,20.310938809579792,0.0,1.0,26.742475403225807,6.3507447849462375,0.0,0.0,0.0,0.0,0.0,0.0,6.483482526881719,26.74248139784946,0.0,6.350744784946237
4,30399.398483991477,13980.277268802552,19.0,0.454540698379342,0.0,0.0,0.0,0.0,0.0,0.0,0.0,1.0,26.742475403225807,6.3507447849462375,0.0,0.0,0.0,0.0,0.0,0.0,6.483482526881719,26.74248139784946,0.0,6.350744784946237
