,cost,emission,grid,wood_supply,DHDC_small_heat,DHDC_medium_heat,DHDC_large_heat,wood_boiler_heat,wood_boiler_DHW,PV,SCFP,DHW_to_heat,ASHP,ASHP_DHW,GSHP_heat,GSHP_cooling,battery,DHW_storage,heat_storage,geothermal_boreholes,demand_electricity,demand_space_heating,demand_space_cooling,demand_hot_water
0,33995.605784291976,2603.036324284987,3.6791579983538845,0.2457623448826101,20.0,0.0,0.0,4.999999999999998,5.000000000000001,13.074955680745742,0.0,0.0,8.261082866029398,0.12873155555555513,,,0.0,0.0,0.0,,1.0702755376344086,8.457692741935483,0.9198070430107526,1.2928575268817204
1,8117.51259921175,2751.6137512039304,4.300626332753229,0.0,0.0,0.0,0.0,0.0,0.0,11.518271622600368,0.0,0.0,8.457692741935485,1.2928575268817204,,,0.0,0.0,0.0,,1.0702755376344086,8.457692741935483,0.9198070430107526,1.2928575268817204
2,7807.345938420275,2900.1911781228746,4.343149995770559,0.0,0.0,0.0,0.0,0.0,0.0,7.678840706089279,0.0,0.0,8.457692741935485,1.2928575268817204,,,0.0,0.0,0.0,,1.0702755376344086,8.457692741935483,0.9198070430107526,1.2928575268817204
3,7497.179277628803,3048.768605041818,4.385673658787888,0.0,0.0,0.0,0.0,0.0,0.0,3.8394097895782098,0.0,0.0,8.457692741935485,1.2928575268817204,,,0.0,0.0,0.0,,1.0702755376344086,8.457692741935483,0.9198070430107526,1.2928575268817204
4,7187.014323566884,3197.346031960762,5.0,0.2457623448826101,0.0,0.0,0.0,0.0,0.0,0.0,0.0,0.0,8.457692741935485,1.2928575268817204,,,0.0,0.0,0.0,,1.0702755376344086,8.457692741935483,0.9198070430107526,1.2928575268817204
