,cost,emission,grid,wood_supply,DHDC_small_heat,DHDC_medium_heat,DHDC_large_heat,wood_boiler_heat,wood_boiler_DHW,PV,SCFP,DHW_to_heat,ASHP,ASHP_DHW,GSHP_heat,GSHP_cooling,battery,DHW_storage,heat_storage,geothermal_boreholes,demand_electricity,demand_space_heating,demand_space_cooling,demand_hot_water
0,28450.470707228364,2237.1978074051885,2.9291245450636803,0.282030958635336,,,,0.0,5.000000000000001,23.43741675295313,0.0,0.0,0.563539907205929,1.6197033827186935,2.3018864368800926,2.542150833333334,0.0,0.0,0.0,3.177688541666667,1.9702768817204301,2.8654263440860213,2.5421508333333334,1.8171250537634407
1,7869.808070704698,2491.165602251359,3.073953817216213,0.00264165843756862,,,,0.0,0.001849160906298034,18.171070769425054,0.0,0.0,0.555657353397981,1.8152758928571429,2.3097689906880405,2.5421508333333334,0.0,0.0,0.0,3.177688541666667,1.9702768817204301,2.8654263440860213,2.5421508333333334,1.8171250537634407
2,7436.850486441058,2745.133397097529,3.1475986006348773,0.00264165843756862,,,,0.0,0.001849160906298034,12.112777852435975,0.0,0.0,0.555657353397981,1.8152758928571429,2.3097689906880405,2.5421508333333334,0.0,0.0,0.0,3.177688541666667,1.9702768817204301,2.8654263440860213,2.5421508333333334,1.8171250537634407
3,7003.892902177415,2999.1011919437,3.221243384053542,0.00264165843756862,,,,0.0,0.001849160906298034,6.054484935446877,0.0,0.0,0.555657353397981,1.8152758928571429,2.3097689906880405,2.5421508333333334,0.0,0.0,0.0,3.177688541666667,1.9702768817204301,2.8654263440860213,2.5421508333333334,1.8171250537634407
4,6571.127818774595,3253.0689867898686,4.0,0.282030958635336,,,,0.0,0.0,0.0,0.0,1.0,0.5527018802084925,1.817125053763441,2.312247555275379,2.542150833333334,0.0,1.0,0.0,3.177688541666667,1.9702768817204301,2.8654263440860213,2.5421508333333334,1.8171250537634407
