,cost,emission,grid,wood_supply,DHDC_small_heat,DHDC_medium_heat,DHDC_large_heat,wood_boiler_heat,wood_boiler_DHW,PV,SCFP,DHW_to_heat,ASHP,ASHP_DHW,GSHP_heat,GSHP_cooling,battery,DHW_storage,heat_storage,geothermal_boreholes,demand_electricity,demand_space_heating,demand_space_cooling,demand_hot_water
0,38931.60834373751,4095.7846696397596,5.939376054724338,0.28031264424609525,20.0,0.0,0.0,5.000000000000001,5.000000000000001,22.946469784598637,0.0,0.0,13.147983002882695,0.9017676543209878,,,0.0,0.0,0.0,,1.832236607142857,13.37223311827957,1.6986497311827953,1.9237648387096773
1,12980.002348028705,4362.563119672973,6.857555620475769,0.0,0.0,0.0,0.0,0.0,0.0,19.39624416425192,0.0,1.0,13.371783091397852,1.9237648387096773,,,0.0,0.0,0.0,,1.832236607142857,13.37223311827957,1.6986497311827953,1.9237648387096773
2,12505.64084179033,4629.341569706185,6.934062869413201,0.0,0.0,0.0,0.0,0.0,0.0,12.930819803407053,0.0,1.0,13.371783091397852,1.9237648387096773,,,0.0,0.0,0.0,,1.832236607142857,13.37223311827957,1.6986497311827953,1.9237648387096773
3,12031.279335551953,4896.120019739398,7.010570118350633,0.0,0.0,0.0,0.0,0.0,0.0,6.465395442562171,0.0,1.0,13.371783091397852,1.9237648387096773,,,0.0,0.0,0.0,,1.832236607142857,13.37223311827957,1.6986497311827953,1.9237648387096773
4,11556.919951018106,5162.898469772611,8.0,0.28031264424609525,0.0,0.0,0.0,0.0,0.0,0.0,0.0,1.0,13.371783091397852,1.9237648387096773,,,0.0,0.0,0.0,,1.832236607142857,13.37223311827957,1.6986497311827953,1.9237648387096773
