,cost,emission,grid,wood_supply,DHDC_small_heat,DHDC_medium_heat,DHDC_large_heat,wood_boiler_heat,wood_boiler_DHW,PV,SCFP,DHW_to_heat,ASHP,ASHP_DHW,GSHP_heat,GSHP_cooling,battery,DHW_storage,heat_storage,geothermal_boreholes,demand_electricity,demand_space_heating,demand_space_cooling,demand_hot_water
0,42924.25030183218,5311.3517393318425,7.472227792122163,0.31085461690747845,20.0,0.0,0.0,5.000000000000001,5.000000000000001,31.672747687850965,0.0,0.0,15.877623564538535,1.0114728395061712,,,0.0,0.0,0.0,,2.551366935483871,16.126307258064518,2.244870430107527,2.61237376344086
1,17016.1145527184,5665.511153648482,8.691500183583655,0.0,0.0,0.0,0.0,0.0,0.0,26.761205989092506,0.0,1.0,16.12573112903226,2.6123737634408606,,,0.0,0.0,0.0,,2.551366935483871,16.126307258064518,2.244870430107527,2.61237376344086
2,16321.391082786064,6019.67056796512,8.789703190654524,0.0,0.0,0.0,0.0,0.0,0.0,17.84080126621479,0.0,1.0,16.12573112903226,2.6123737634408606,,,0.0,0.0,0.0,,2.551366935483871,16.126307258064518,2.244870430107527,2.61237376344086
3,15626.667613776532,6373.829982281761,8.88837663147479,0.0,0.0,0.0,0.0,0.0,0.0,8.920396555186144,0.0,1.0,16.12573112903226,2.6123737634408606,,,0.0,0.0,0.0,,2.551366935483871,16.126307258064518,2.244870430107527,2.61237376344086
4,14931.944779946161,6727.989396598399,9.0,0.31085461690747845,0.0,0.0,0.0,0.0,0.0,0.0,0.0,1.0,16.12573112903226,2.6123737634408606,,,0.0,0.0,0.0,,2.551366935483871,16.126307258064518,2.244870430107527,2.61237376344086
