,cost,emission,grid,wood_supply,DHDC_small_heat,DHDC_medium_heat,DHDC_large_heat,wood_boiler_heat,wood_boiler_DHW,PV,SCFP,DHW_to_heat,ASHP,ASHP_DHW,GSHP_heat,GSHP_cooling,battery,DHW_storage,heat_storage,geothermal_boreholes,demand_electricity,demand_space_heating,demand_space_cooling,demand_hot_water
0,54305.19052668416,9074.132876828522,12.25940632618909,0.3799898543576525,20.0,0.0,0.0,4.999999999999997,5.000000000000001,51.425672673614976,0.0,0.0,22.124596670416,1.5675883333333331,4.152721768678524,3.555402956989248,0.0,0.0,0.0,4.44425369623656,4.752794354838709,26.58131032258064,3.555402956989247,4.543731451612903
1,28606.99536277633,9653.75866642294,14.680942909637134,0.0,0.0,0.0,0.0,0.0,0.0,43.56573714163301,0.0,1.0,25.461664350447023,4.543731451612904,1.1190329344992127,3.5554029569892474,0.0,0.0,0.0,4.444253696236559,4.752794354838709,26.58131032258064,3.555402956989247,4.543731451612903
2,27484.91280328149,10233.38445601736,14.847433360204642,0.0,0.0,0.0,0.0,0.0,0.0,29.043814743045388,0.0,1.0,25.461664350447023,4.543731451612904,1.1190329344992127,3.5554029569892474,0.0,0.0,0.0,4.444253696236559,4.752794354838709,26.58131032258064,3.555402956989247,4.543731451612903
3,26362.83024378666,10813.010245611778,15.013923810772148,0.0,0.0,0.0,0.0,0.0,0.0,14.521892344457816,0.0,1.0,25.461664350447023,4.543731451612904,1.1190329344992127,3.5554029569892474,0.0,0.0,0.0,4.444253696236559,4.752794354838709,26.58131032258064,3.555402956989247,4.543731451612903
4,25240.750006519826,11392.636035206197,16.0,0.3799898543576525,0.0,0.0,0.0,0.0,0.0,0.0,0.0,1.0,25.461664350447023,4.543731451612904,1.1190329344992138,3.555402956989248,0.0,0.0,0.0,4.44425369623656,4.752794354838709,26.58131032258064,3.555402956989247,4.543731451612903
