,cost,emission,grid,wood_supply,DHDC_small_heat,DHDC_medium_heat,DHDC_large_heat,wood_boiler_heat,wood_boiler_DHW,PV,SCFP,DHW_to_heat,ASHP,ASHP_DHW,GSHP_heat,GSHP_cooling,battery,DHW_storage,heat_storage,geothermal_boreholes,demand_electricity,demand_space_heating,demand_space_cooling,demand_hot_water
0,48638.89037589914,8524.803671248705,13.63852955272252,0.4015824705427606,,,,0.0,4.999999999999998,57.594991583645886,0.0,0.0,23.944687903225812,4.05186813083511,,,0.0,0.0,0.0,,4.60545564516129,23.944687903225812,2.889638387096774,4.332975860215054
1,27324.701730211484,9106.413675150887,13.902473182378648,0.0,,,,0.0,0.0,44.0935379344939,0.0,1.0,23.944220403225813,4.332975860215054,,,0.0,0.0,0.0,,4.60545564516129,23.944687903225812,2.889638387096774,4.332975860215054
2,26174.456154401567,9688.023679053069,14.065738661152384,0.0,,,,0.0,0.0,29.395675030546915,0.0,1.0,23.944220403225813,4.332975860215054,,,0.0,0.0,0.0,,4.60545564516129,23.944687903225812,2.889638387096774,4.332975860215054
3,25024.21057859165,10269.633682955253,14.229004139926122,0.0,,,,0.0,0.0,14.697812126599834,0.0,1.0,23.944220403225813,4.332975860215054,,,0.0,0.0,0.0,,4.60545564516129,23.944687903225812,2.889638387096774,4.332975860215054
4,23873.968976585224,10851.243686857435,15.0,0.4015824705427606,,,,0.0,0.0,0.0,0.0,1.0,23.944220403225813,4.332975860215054,,,0.0,1.0,0.0,,4.60545564516129,23.944687903225812,2.889638387096774,4.332975860215054
