,cost,emission,grid,wood_supply,DHDC_small_heat,DHDC_medium_heat,DHDC_large_heat,wood_boiler_heat,wood_boiler_DHW,PV,SCFP,DHW_to_heat,ASHP,ASHP_DHW,GSHP_heat,GSHP_cooling,battery,DHW_storage,heat_storage,geothermal_boreholes,demand_electricity,demand_space_heating,demand_space_cooling,demand_hot_water
0,52022.58295558054,7735.657551668822,11.455543548230779,0.3845063849947962,20.0,0.0,0.0,4.9999999999999964,5.0,52.71610999851323,0.0,0.0,24.44086451566008,3.5444135860591985,0.0,0.0,0.23674850580866766,0.0,0.0,0.0,3.9274888888888895,24.748469623655915,0.0,3.9161814516129034
1,25655.57127474332,8309.470017020149,13.301005880448987,0.0,0.0,0.0,0.0,0.0,0.0,43.038413934294184,0.0,1.0,24.747802956989254,3.916181451612904,0.0,0.0,0.0,0.0,0.0,0.0,3.9274888888888895,24.748469623655915,0.0,3.9161814516129034
2,24550.548600677284,8883.282482371475,13.466155134122667,0.0,0.0,0.0,0.0,0.0,0.0,28.692271055471227,0.0,1.0,24.747802956989254,3.916181451612904,0.0,0.0,0.0,0.0,0.0,0.0,3.9274888888888895,24.748469623655915,0.0,3.9161814516129034
3,23445.525926611248,9457.0949477228,13.631304387796348,0.0,0.0,0.0,0.0,0.0,0.0,14.346128176648255,0.0,1.0,24.747802956989254,3.916181451612904,0.0,0.0,0.0,0.0,0.0,0.0,3.9274888888888895,24.748469623655915,0.0,3.9161814516129034
4,22340.504384991516,10030.907413074126,14.0,0.3845063849947962,0.0,0.0,0.0,0.0,0.0,0.0,0.0,1.0,24.747802956989254,3.916181451612904,0.0,0.0,0.0,0.0,0.0,0.0,3.9274888888888895,24.748469623655915,0.0,3.9161814516129034
