,cost,emission,grid,wood_supply,DHDC_small_heat,DHDC_medium_heat,DHDC_large_heat,wood_boiler_heat,wood_boiler_DHW,PV,SCFP,DHW_to_heat,ASHP,ASHP_DHW,GSHP_heat,GSHP_cooling,battery,DHW_storage,heat_storage,geothermal_boreholes,demand_electricity,demand_space_heating,demand_space_cooling,demand_hot_water
0,43840.68216332491,6113.350378791022,8.609390049228121,0.2922463207708836,20.0,0.0,0.0,4.9999999999999964,5.000000000000001,26.35609164882388,0.0,0.0,18.89888385736179,0.0,,,0.0,0.0,0.0,,2.6066169354838706,19.132680913978493,2.3986962365591395,2.6340202150537633
1,18184.945374846924,6414.935809240249,9.823774004896302,0.0,0.0,0.0,0.0,0.0,0.0,22.87516074861919,0.0,1.0,19.131890833333333,2.6340202150537637,,,0.0,0.0,0.0,,2.6066169354838706,19.132680913978493,2.3986962365591395,2.6340202150537633
2,17587.78925471961,6716.521239689473,9.909656885822645,0.0,0.0,0.0,0.0,0.0,0.0,15.25009696121873,0.0,1.0,19.131890833333333,2.6340202150537637,,,0.0,0.0,0.0,,2.6066169354838706,19.132680913978493,2.3986962365591395,2.6340202150537633
3,16990.633134592295,7018.106670138698,9.99553976674899,0.0,0.0,0.0,0.0,0.0,0.0,7.625033173818245,0.0,1.0,19.131890833333333,2.6340202150537637,,,0.0,0.0,0.0,,2.6066169354838706,19.132680913978493,2.3986962365591395,2.6340202150537633
4,16393.479411964665,7319.692100587925,11.0,0.2922463207708836,0.0,0.0,0.0,0.0,0.0,0.0,0.0,1.0,19.131890833333333,2.6340202150537637,,,0.0,0.0,0.0,,2.6066169354838706,19.132680913978493,2.3986962365591395,2.6340202150537633
