,cost,emission,grid,wood_supply,DHDC_small_heat,DHDC_medium_heat,DHDC_large_heat,wood_boiler_heat,wood_boiler_DHW,PV,SCFP,DHW_to_heat,ASHP,ASHP_DHW,GSHP_heat,GSHP_cooling,battery,DHW_storage,heat_storage,geothermal_boreholes,demand_electricity,demand_space_heating,demand_space_cooling,demand_hot_water
0,37156.11268207269,3221.0361962395054,4.75698222759436,0.2820245094243728,20.0,0.0,0.0,5.000000000000001,5.000000000000001,23.435574121249367,0.0,0.0,10.4914789408476,1.40821895451405,,,0.15011170105124474,0.0,0.0,,1.5185900537634407,10.717098548387096,1.3342043010752689,1.6801586021505377
1,10969.22149950694,3480.207222844951,5.583074816047407,0.0,0.0,0.0,0.0,0.0,0.0,19.254635350507023,0.0,0.0,10.717098548387098,1.6801586021505377,,,0.0,0.0,0.0,,1.5185900537634407,10.717098548387096,1.3342043010752689,1.6801586021505377
2,10481.958855491142,3739.378249450398,5.6483733803144585,0.0,0.0,0.0,0.0,0.0,0.0,12.836419414392845,0.0,0.0,10.717098548387098,1.6801586021505377,,,0.0,0.0,0.0,,1.5185900537634407,10.717098548387096,1.3342043010752689,1.6801586021505377
3,9994.696220905631,3998.549276055843,5.718687836786105,0.0,0.0,0.0,0.0,0.0,0.0,6.418203602494279,0.0,0.0,10.717098548387098,1.6801586021505377,,,0.0,0.0,0.0,,1.5185900537634407,10.717098548387096,1.3342043010752689,1.6801586021505377
4,9507.434513242286,4257.72030266129,6.0,0.2820245094243728,0.0,0.0,0.0,0.0,0.0,0.0,0.0,0.0,10.717098548387098,1.6801586021505377,,,0.0,0.0,0.0,,1.5185900537634407,10.717098548387096,1.3342043010752689,1.6801586021505377
