,cost,emission,grid,wood_supply,DHDC_small_heat,DHDC_medium_heat,DHDC_large_heat,wood_boiler_heat,wood_boiler_DHW,PV,SCFP,DHW_to_heat,ASHP,ASHP_DHW,GSHP_heat,GSHP_cooling,battery,DHW_storage,heat_storage,geothermal_boreholes,demand_electricity,demand_space_heating,demand_space_cooling,demand_hot_water
0,39372.891084035815,4055.1022002221675,3.8055458540310276,0.31572871942665504,20.0,0.0,0.0,5.000000000000001,5.000000000000001,33.065348407615716,0.0,0.0,4.575000537634408,0.0,,,0.0,0.0,0.0,,3.349293010752688,3.6095183333333334,4.575000537634408,2.8892877419354837
1,13639.30500628708,4430.490378052818,5.142649083127202,0.003402556506473806,0.0,0.0,0.0,0.0,0.002381789554531664,28.15176301640804,0.0,0.0,4.575000537634408,2.8869059523809524,,,0.0,0.0,0.0,,3.349293010752688,3.6095183333333334,4.575000537634408,2.8892877419354837
2,12916.555845453922,4805.87855588347,5.240895318749718,0.003402556506473806,0.0,0.0,0.0,0.0,0.002381789554531664,18.767328368593308,0.0,0.0,4.575000537634408,2.8869059523809524,,,0.0,0.0,0.0,,3.349293010752688,3.6095183333333334,4.575000537634408,2.8892877419354837
3,12193.806824849378,5181.266733714123,5.411974776530362,0.003402556506473806,0.0,0.0,0.0,0.0,0.002381789554531664,9.38289554155725,0.0,0.0,4.575000537634408,2.8869059523809524,,,0.0,0.0,0.0,,3.349293010752688,3.6095183333333334,4.575000537634408,2.8892877419354837
4,11471.12527338704,5556.654911544775,7.0,0.31572871942665504,0.0,0.0,0.0,0.0,0.0,0.0,0.0,0.0,4.575000537634408,2.889287741935484,,,0.0,0.0,0.0,,3.349293010752688,3.6095183333333334,4.575000537634408,2.8892877419354837
