,cost,emission,grid,wood_supply,DHDC_small_heat,DHDC_medium_heat,DHDC_large_heat,wood_boiler_heat,wood_boiler_DHW,PV,SCFP,DHW_to_heat,ASHP,ASHP_DHW,GSHP_heat,GSHP_cooling,battery,DHW_storage,heat_storage,geothermal_boreholes,demand_electricity,demand_space_heating,demand_space_cooling,demand_hot_water
0,33453.19322692843,4063.083680348749,6.68322285968415,0.2835088436021135,,,,0.0,5.000000000000001,23.859669600603844,0.0,0.0,13.350154408602153,1.7851595084032397,0.0,0.0,0.0,0.0,0.0,0.0,1.7597638888888891,13.350154408602151,0.0,1.983615698924731
1,12798.269367104727,4293.255688765896,6.822496677601375,0.0,,,,0.0,0.0,18.568806438597882,0.0,1.0,13.349809462365593,1.9836156989247313,0.0,0.0,0.0,0.0,0.0,0.0,1.7597638888888891,13.350154408602151,0.0,1.983615698924731
2,12271.199920095863,4523.427697183042,6.888658670908401,0.0,,,,0.0,0.0,12.379184011642845,0.0,1.0,13.349809462365593,1.9836156989247313,0.0,0.0,0.0,0.0,0.0,0.0,1.7597638888888891,13.350154408602151,0.0,1.983615698924731
3,11744.130473087002,4753.599705600191,6.954820664215427,0.0,,,,0.0,0.0,6.189561584687788,0.0,1.0,13.349809462365593,1.9836156989247313,0.0,0.0,0.0,0.0,0.0,0.0,1.7597638888888891,13.350154408602151,0.0,1.983615698924731
4,11217.066207024234,4983.771714017337,8.0,0.2835088436021135,,,,0.0,0.0,0.0,0.0,1.0,13.349809462365593,1.9836156989247313,0.0,0.0,0.0,1.0,0.0,0.0,1.7597638888888891,13.350154408602151,0.0,1.983615698924731
