,cost,emission,grid,wood_supply,DHDC_small_heat,DHDC_medium_heat,DHDC_large_heat,wood_boiler_heat,wood_boiler_DHW,PV,SCFP,DHW_to_heat,ASHP,ASHP_DHW,GSHP_heat,GSHP_cooling,battery,DHW_storage,heat_storage,geothermal_boreholes,demand_electricity,demand_space_heating,demand_space_cooling,demand_hot_water
0,31731.10415412696,3369.465009055711,5.533826946757614,0.2816749690276575,,,,0.0,5.000000000000001,23.33570543647356,0.0,0.0,11.059284408602151,1.4635842421107474,,,0.036416107221544376,0.0,0.0,,1.5073516666666664,11.05928440860215,1.294391129032258,1.6607567204301077
1,11099.873829667322,3601.3960114106226,5.675988361479582,0.0,,,,0.0,0.0,18.13296948893974,0.0,0.0,11.059284408602151,1.6607567204301077,,,0.0,0.0,0.0,,1.5073516666666664,11.05928440860215,1.294391129032258,1.6607567204301077
2,10605.884774177368,3833.327013765534,5.7386638207399585,0.0,,,,0.0,0.0,12.088634010779503,0.0,0.0,11.059284408602151,1.6607567204301077,,,0.0,0.0,0.0,,1.5073516666666664,11.05928440860215,1.294391129032258,1.6607567204301077
3,10111.895725621102,4065.258016120446,5.8045946893482965,0.0,,,,0.0,0.0,6.04429861745827,0.0,0.0,11.059284408602151,1.6607567204301077,,,0.0,0.0,0.0,,1.5073516666666664,11.05928440860215,1.294391129032258,1.6607567204301077
4,9617.909682667994,4297.189018475357,6.0,0.2816749690276575,,,,0.0,0.0,0.0,0.0,0.0,11.059284408602151,1.6607567204301077,,,0.0,1.0,0.0,,1.5073516666666664,11.05928440860215,1.294391129032258,1.6607567204301077
