,cost,emission,grid,wood_supply,DHDC_small_heat,DHDC_medium_heat,DHDC_large_heat,wood_boiler_heat,wood_boiler_DHW,PV,SCFP,DHW_to_heat,ASHP,ASHP_DHW,GSHP_heat,GSHP_cooling,battery,DHW_storage,heat_storage,geothermal_boreholes,demand_electricity,demand_space_heating,demand_space_cooling,demand_hot_water
0,38212.56709747804,5403.86703631292,8.29046632088026,0.329504105604758,,,,0.0,4.999999999999998,37.001173029930854,0.0,0.0,12.19485660330688,2.4076643303777323,2.5109723751877433,2.2023933333333336,0.0,0.0,0.0,2.752991666666667,3.2455595161290325,14.705828978494623,2.2023933333333336,2.638317204301075
1,17349.6052872856,5793.157312137376,8.686510107334682,0.0,,,,0.0,0.0,28.46094261857949,0.0,1.0,13.985393496826365,2.6383172043010754,0.7194395139263253,2.2023933333333336,0.0,0.0,0.0,2.752991666666667,3.2455595161290325,14.705828978494623,2.2023933333333336,2.638317204301075
2,16647.292533961,6182.447587961834,8.798480585543413,0.0,,,,0.0,0.0,18.97394300452228,0.0,1.0,13.985393496826365,2.6383172043010754,0.7194395139263253,2.2023933333333336,0.0,0.0,0.0,2.752991666666667,3.2455595161290325,14.705828978494623,2.2023933333333336,2.638317204301075
3,15944.979780636402,6571.73786378629,8.910451063752141,0.0,,,,0.0,0.0,9.486943390465086,0.0,1.0,13.985393496826365,2.6383172043010754,0.7194395139263253,2.2023933333333336,0.0,0.0,0.0,2.752991666666667,3.2455595161290325,14.705828978494623,2.2023933333333336,2.638317204301075
4,15242.671189486084,6961.028139610749,10.0,0.329504105604758,,,,0.0,0.0,0.0,0.0,1.0,13.985393496826363,2.6383172043010754,0.7194395139263253,2.2023933333333336,0.0,1.0,0.0,2.752991666666667,3.2455595161290325,14.705828978494623,2.2023933333333336,2.638317204301075
