,cost,emission,grid,wood_supply,DHDC_small_heat,DHDC_medium_heat,DHDC_large_heat,wood_boiler_heat,wood_boiler_DHW,PV,SCFP,DHW_to_heat,ASHP,ASHP_DHW,GSHP_heat,GSHP_cooling,battery,DHW_storage,heat_storage,geothermal_boreholes,demand_electricity,demand_space_heating,demand_space_cooling,demand_hot_water
0,67256.621432561,12693.291168097712,17.759516221491175,0.4909141022037839,20.0,0.0,0.0,5.000000000000001,5.000000000000001,83.11831491536682,0.0,0.0,36.18563543866708,1.996285377777781,,,0.0,0.0,0.0,,6.635419999999999,36.578366720430104,5.54853311827957,6.041201666666666
1,41366.057066557616,13594.526277118435,20.565834240959013,0.0,0.0,0.0,0.0,0.0,0.0,69.07850539573718,0.0,1.0,36.57787502688172,6.041201666666667,,,0.0,0.0,0.0,,6.635419999999999,36.578366720430104,5.54853311827957,6.041201666666666
2,39535.31456546627,14495.761386139164,20.825627060751078,0.0,0.0,0.0,0.0,0.0,0.0,46.05232717309219,0.0,1.0,36.57787502688172,6.041201666666667,,,0.0,0.0,0.0,,6.635419999999999,36.578366720430104,5.54853311827957,6.041201666666666
3,37704.572064374945,15396.996495159885,21.085419880543142,0.0,0.0,0.0,0.0,0.0,0.0,23.026148950447226,0.0,1.0,36.57787502688172,6.041201666666667,,,0.0,0.0,0.0,,6.635419999999999,36.578366720430104,5.54853311827957,6.041201666666666
4,35873.83189062842,16298.231604180608,22.0,0.4909141022037839,0.0,0.0,0.0,0.0,0.0,0.0,0.0,1.0,36.57787502688172,6.041201666666667,,,0.0,0.0,0.0,,6.635419999999999,36.578366720430104,5.54853311827957,6.041201666666666
