,cost,emission,grid,wood_supply,DHDC_small_heat,DHDC_medium_heat,DHDC_large_heat,wood_boiler_heat,wood_boiler_DHW,PV,SCFP,DHW_to_heat,ASHP,ASHP_DHW,GSHP_heat,GSHP_cooling,battery,DHW_storage,heat_storage,geothermal_boreholes,demand_electricity,demand_space_heating,demand_space_cooling,demand_hot_water
0,27045.11142638853,2111.4487794201323,3.4829297524909473,0.2417362787099912,,,,0.0,5.000000000000001,11.924651059997489,0.0,0.0,7.379385752688172,0.863555061892246,,,0.0,0.0,0.0,,0.8088458333333333,7.379385752688172,0.7612811827956989,1.0327704569892473
1,6664.7174682835885,2234.629989473406,3.5807659154981213,0.0,,,,0.0,0.0,9.492432196578548,0.0,0.0,7.379385752688172,1.0327704569892473,,,0.0,0.0,0.0,,0.8088458333333333,7.379385752688172,0.7612811827956989,1.0327704569892473
2,6411.228826785385,2357.8111995266804,3.616320127406689,0.0,,,,0.0,0.0,6.328274822540806,0.0,0.0,7.379385752688172,1.0327704569892473,,,0.0,0.0,0.0,,0.8088458333333333,7.379385752688172,0.7612811827956989,1.0327704569892473
3,6157.740185287179,2480.992409579954,3.651874339315257,0.0,,,,0.0,0.0,3.1641174485030654,0.0,0.0,7.379385752688172,1.0327704569892473,,,0.0,0.0,0.0,,0.8088458333333333,7.379385752688172,0.7612811827956989,1.0327704569892473
4,5904.25474232443,2604.1736196332286,4.0,0.2417362787099912,,,,0.0,0.0,0.0,0.0,0.0,7.379385752688172,1.0327704569892473,,,0.0,1.0,0.0,,0.8088458333333333,7.379385752688172,0.7612811827956989,1.0327704569892473
