,cost,emission,grid,wood_supply,DHDC_small_heat,DHDC_medium_heat,DHDC_large_heat,wood_boiler_heat,wood_boiler_DHW,PV,SCFP,DHW_to_heat,ASHP,ASHP_DHW,GSHP_heat,GSHP_cooling,battery,DHW_storage,heat_storage,geothermal_boreholes,demand_electricity,demand_space_heating,demand_space_cooling,demand_hot_water
0,34165.98669495231,2693.037605058987,3.8260419872597375,0.24619563917383347,20.0,0.0,0.0,4.999999999999997,5.000000000000001,13.198754049666698,0.0,0.0,8.236950451026525,0.0,,,0.0,0.0,0.0,,1.2391935483870968,8.43390696236559,0.9886236559139784,1.169420698924731
1,8258.834722856991,2844.849181151918,4.3962952018897,0.0,0.0,0.0,0.0,0.0,0.0,11.453721672452971,0.0,0.0,8.433906962365592,1.1694206989247313,,,0.0,0.0,0.0,,1.2391935483870968,8.43390696236559,0.9886236559139784,1.169420698924731
2,7962.1658650658,2996.660757244848,4.434630347287524,0.0,0.0,0.0,0.0,0.0,0.0,7.635808287669075,0.0,0.0,8.433906962365592,1.1694206989247313,,,0.0,0.0,0.0,,1.2391935483870968,8.43390696236559,0.9886236559139784,1.169420698924731
3,7665.497008786353,3148.4723333377783,4.473739082998782,0.0,0.0,0.0,0.0,0.0,0.0,3.8178949223402263,0.0,0.0,8.433906962365592,1.1694206989247313,,,0.0,0.0,0.0,,1.2391935483870968,8.43390696236559,0.9886236559139784,1.169420698924731
4,7368.829585609184,3300.283909430708,5.0,0.24619563917383347,0.0,0.0,0.0,0.0,0.0,0.0,0.0,0.0,8.433906962365592,1.1694206989247313,,,0.0,0.0,0.0,,1.2391935483870968,8.43390696236559,0.9886236559139784,1.169420698924731
