,cost,emission,grid,wood_supply,DHDC_small_heat,DHDC_medium_heat,DHDC_large_heat,wood_boiler_heat,wood_boiler_DHW,PV,SCFP,DHW_to_heat,ASHP,ASHP_DHW,GSHP_heat,GSHP_cooling,battery,DHW_storage,heat_storage,geothermal_boreholes,demand_electricity,demand_space_heating,demand_space_cooling,demand_hot_water
0,27120.33547351792,1987.0770272523396,3.5112670166657893,0.24948596590162408,,,,0.0,5.000000000000001,14.138847400464025,0.0,0.0,7.488153655913978,0.8851114636538095,0.0,0.0,0.46543925162871463,0.0,0.0,0.0,0.8308669354838709,7.488153655913977,0.0,1.0597516397849462
1,6624.3636362799725,2139.5876079120694,3.635154299765524,0.0,,,,0.0,0.0,10.597995702589122,0.0,0.0,7.488153655913978,1.0597516397849465,0.0,0.0,0.0,0.0,0.0,0.0,0.8308669354838709,7.488153655913977,0.0,1.0597516397849462
2,6384.675859432177,2292.0981885718,3.6732304838831036,0.0,,,,0.0,0.0,7.065318885850319,0.0,0.0,7.488153655913978,1.0597516397849465,0.0,0.0,0.0,0.0,0.0,0.0,0.8308669354838709,7.488153655913977,0.0,1.0597516397849462
3,6144.988087448955,2444.6087692315305,3.714401938880138,0.0,,,,0.0,0.0,3.5326421408087914,0.0,0.0,7.488153655913978,1.0597516397849465,0.0,0.0,0.0,0.0,0.0,0.0,0.8308669354838709,7.488153655913977,0.0,1.0597516397849462
4,5905.302663320362,2597.119349891261,4.0,0.24948596590162408,,,,0.0,0.0,0.0,0.0,0.0,7.488153655913978,1.0597516397849465,0.0,0.0,0.0,1.0,0.0,0.0,0.8308669354838709,7.488153655913977,0.0,1.0597516397849462
