,cost,emission,grid,wood_supply,DHDC_small_heat,DHDC_medium_heat,DHDC_large_heat,wood_boiler_heat,wood_boiler_DHW,PV,SCFP,DHW_to_heat,ASHP,ASHP_DHW,GSHP_heat,GSHP_cooling,battery,DHW_storage,heat_storage,geothermal_boreholes,demand_electricity,demand_space_heating,demand_space_cooling,demand_hot_water
0,27593.80202791201,2395.6882402577826,3.874643109472919,0.24083385453041517,,,,0.0,5.000000000000001,11.666815580118602,0.0,0.0,7.315102995871737,1.001665253441605,0.6562088320852536,0.5076879032258066,0.0,0.0,0.0,0.6346098790322583,0.994909946236559,7.971311827956989,0.5076879032258065,1.170248951612903
1,7207.924101169299,2512.046961243071,3.968407699014491,0.0040048798551680295,,,,0.0,0.0028034158986176205,9.316358558673409,0.0,0.0,7.28461933234127,1.1674455357142857,0.6866924956157201,0.5076879032258065,0.0,0.0,0.0,0.6346098790322582,0.994909946236559,7.971311827956989,0.5076879032258065,1.170248951612903
2,6945.849025335449,2628.4056822283615,3.993948751426598,0.0040048798551680295,,,,0.0,0.0028034158986176205,6.210023058163988,0.0,0.0,7.28461933234127,1.1674455357142857,0.6866924956157201,0.5076879032258065,0.0,0.0,0.0,0.6346098790322582,0.994909946236559,7.971311827956989,0.5076879032258065,1.170248951612903
3,6683.7739495015985,2744.764403213652,4.019489803838704,0.0040048798551680295,,,,0.0,0.0028034158986176205,3.1036875576545677,0.0,0.0,7.28461933234127,1.1674455357142857,0.6866924956157201,0.5076879032258065,0.0,0.0,0.0,0.6346098790322582,0.994909946236559,7.971311827956989,0.5076879032258065,1.170248951612903
4,6421.805797822148,2861.123124198945,5.0,0.24083385453041517,,,,0.0,0.0,0.0,0.0,1.0,7.283598464061701,1.1702489516129033,0.6877133638952909,0.5076879032258066,0.0,1.0,0.0,0.6346098790322583,0.994909946236559,7.971311827956989,0.5076879032258065,1.170248951612903
