,cost,emission,grid,wood_supply,DHDC_small_heat,DHDC_medium_heat,DHDC_large_heat,wood_boiler_heat,wood_boiler_DHW,PV,SCFP,DHW_to_heat,ASHP,ASHP_DHW,GSHP_heat,GSHP_cooling,battery,DHW_storage,heat_storage,geothermal_boreholes,demand_electricity,demand_space_heating,demand_space_cooling,demand_hot_water
0,37353.13401821847,3232.7582490111217,4.987992347615073,0.28282876364777426,20.0,0.0,0.0,4.999999999999998,4.999999999999997,23.665361042221214,0.0,0.0,11.55527946220006,1.4802236559139785,0.0,0.0,0.5983568268972671,0.0,0.0,0.0,1.4025887096774197,11.781542473118279,0.0,1.7447070430107527
1,11041.984578562857,3486.3806070998794,5.845193628708387,0.0,0.0,0.0,0.0,0.0,0.0,18.856976505164464,0.0,1.0,11.7815386827957,1.744707043010753,0.0,0.0,0.0,0.0,0.0,0.0,1.4025887096774197,11.781542473118279,0.0,1.7447070430107527
2,10564.216942965999,3740.002965188638,5.911703933877277,0.0,0.0,0.0,0.0,0.0,0.0,12.571307441890163,0.0,1.0,11.7815386827957,1.744707043010753,0.0,0.0,0.0,0.0,0.0,0.0,1.4025887096774197,11.781542473118279,0.0,1.7447070430107527
3,10086.449311575945,3993.625323277396,5.980447414143285,0.0,0.0,0.0,0.0,0.0,0.0,6.285638433961966,0.0,1.0,11.7815386827957,1.744707043010753,0.0,0.0,0.0,0.0,0.0,0.0,1.4025887096774197,11.781542473118279,0.0,1.7447070430107527
4,9608.68400408354,4247.247681366155,7.0,0.28282876364777426,0.0,0.0,0.0,0.0,0.0,0.0,0.0,1.0,11.7815386827957,1.744707043010753,0.0,0.0,0.0,0.0,0.0,0.0,1.4025887096774197,11.781542473118279,0.0,1.7447070430107527
