,cost,emission,grid,wood_supply,DHDC_small_heat,DHDC_medium_heat,DHDC_large_heat,wood_boiler_heat,wood_boiler_DHW,PV,SCFP,DHW_to_heat,ASHP,ASHP_DHW,GSHP_heat,GSHP_cooling,battery,DHW_storage,heat_storage,geothermal_boreholes,demand_electricity,demand_space_heating,demand_space_cooling,demand_hot_water
0,52322.231150760126,7824.854775946227,11.042899867877104,0.38880716530994014,20.0,0.0,0.0,4.9999999999999964,4.999999999999999,53.94490437426862,0.0,0.0,20.67020721087373,3.7116940953941526,3.6118252826847645,3.093072580645162,0.15431600191910239,0.0,0.0,3.866340725806453,4.135353494623656,24.59307822580645,3.0930725806451616,4.100328064516129
1,26061.98270403324,8432.719783304365,13.265158661521234,0.0,0.0,0.0,0.0,0.0,0.0,44.32314985675699,0.0,1.0,23.650617693447106,4.1003280645161295,0.941807790423862,3.0930725806451616,0.0,0.0,0.0,3.866340725806452,4.135353494623656,24.59307822580645,3.0930725806451616,4.100328064516129
2,24972.9101652172,9040.584790662502,13.439679357459875,0.0,0.0,0.0,0.0,0.0,0.0,29.548761709394416,0.0,1.0,23.650617693447106,4.1003280645161295,0.941807790423863,3.0930725806451616,0.0,0.0,0.0,3.866340725806452,4.135353494623656,24.59307822580645,3.0930725806451616,4.100328064516129
3,23883.837626401146,9648.449798020643,13.614200053398516,0.0,0.0,0.0,0.0,0.0,0.0,14.77437356203178,0.0,1.0,23.650617693447106,4.1003280645161295,0.941807790423863,3.0930725806451616,0.0,0.0,0.0,3.866340725806452,4.135353494623656,24.59307822580645,3.0930725806451616,4.100328064516129
4,22794.766162721557,10256.31480537878,14.0,0.38880716530994014,0.0,0.0,0.0,0.0,0.0,0.0,0.0,1.0,23.650617693447106,4.1003280645161295,0.9418077904238634,3.093072580645162,0.0,0.0,0.0,3.866340725806453,4.135353494623656,24.59307822580645,3.0930725806451616,4.100328064516129
