,cost,emission,grid,wood_supply,DHDC_small_heat,DHDC_medium_heat,DHDC_large_heat,wood_boiler_heat,wood_boiler_DHW,PV,SCFP,DHW_to_heat,ASHP,ASHP_DHW,GSHP_heat,GSHP_cooling,battery,DHW_storage,heat_storage,geothermal_boreholes,demand_electricity,demand_space_heating,demand_space_cooling,demand_hot_water
0,45984.97263835005,6052.150441290615,9.548001956665392,0.332985270031662,20.0,0.0,0.0,4.999999999999998,5.000000000000001,37.99579143761771,0.0,0.0,21.00232441838327,1.3003869382716036,,,0.0,0.0,0.0,,3.025901388888888,21.268712634408597,2.220660806451613,1.9340263888888887
1,19619.982253060167,6457.543566044766,10.519020050401304,0.0,0.0,0.0,0.0,0.0,0.0,30.678123667843806,0.0,1.0,21.24882796594982,1.9340263888888887,,,0.0,0.0,0.0,,3.025901388888888,21.268712634408597,2.220660806451613,1.9340263888888887
2,18821.831406461628,6862.936690798915,10.635016330782546,0.0,0.0,0.0,0.0,0.0,0.0,20.452078527141992,0.0,1.0,21.24882796594982,1.9340263888888887,,,0.0,0.0,0.0,,3.025901388888888,21.268712634408597,2.220660806451613,1.9340263888888887
3,18023.68055986309,7268.329815553066,10.751012611163791,0.0,0.0,0.0,0.0,0.0,0.0,10.226033386440202,0.0,1.0,21.24882796594982,1.9340263888888887,,,0.0,0.0,0.0,,3.025901388888888,21.268712634408597,2.220660806451613,1.9340263888888887
4,17225.530630693895,7673.722940307217,11.0,0.332985270031662,0.0,0.0,0.0,0.0,0.0,0.0,0.0,1.0,21.24882796594982,1.9340263888888887,,,0.0,0.0,0.0,,3.025901388888888,21.268712634408597,2.220660806451613,1.9340263888888887
