,cost,emission,grid,wood_supply,DHDC_small_heat,DHDC_medium_heat,DHDC_large_heat,wood_boiler_heat,wood_boiler_DHW,PV,SCFP,DHW_to_heat,ASHP,ASHP_DHW,GSHP_heat,GSHP_cooling,battery,DHW_storage,heat_storage,geothermal_boreholes,demand_electricity,demand_space_heating,demand_space_cooling,demand_hot_water
0,41949.0803981094,6476.714003378395,10.30851295109655,0.35644160238478995,,,,0.0,4.999999999999997,44.697600681368534,0.0,0.0,17.973199408602152,3.1186239428467633,,,0.0,0.0,0.0,,3.5353051075268813,17.97319940860215,2.2827534677419354,3.3681330645161287
1,20894.485123257065,6927.366576557774,10.518117728536934,0.0,,,,0.0,0.0,34.323316245220106,0.0,1.0,17.97272494623656,3.3681330645161287,,,0.0,0.0,0.0,,3.5353051075268813,17.97319940860215,2.2827534677419354,3.3681330645161287
2,19993.0826880316,7378.019149737153,10.637447645460227,0.0,,,,0.0,0.0,22.882198302623443,0.0,1.0,17.97272494623656,3.3681330645161287,,,0.0,0.0,0.0,,3.5353051075268813,17.97319940860215,2.2827534677419354,3.3681330645161287
3,19091.680277423566,7828.671722916533,10.76908494707906,0.0,,,,0.0,0.0,11.441080672485402,0.0,1.0,17.97272494623656,3.3681330645161287,,,0.0,0.0,0.0,,3.5353051075268813,17.97319940860215,2.2827534677419354,3.3681330645161287
4,18190.280778569286,8279.324296095909,11.0,0.35644160238478995,,,,0.0,0.0,0.0,0.0,1.0,17.97272494623656,3.3681330645161287,,,0.0,1.0,0.0,,3.5353051075268813,17.97319940860215,2.2827534677419354,3.3681330645161287
