,cost,emission,grid,wood_supply,DHDC_small_heat,DHDC_medium_heat,DHDC_large_heat,wood_boiler_heat,wood_boiler_DHW,PV,SCFP,DHW_to_heat,ASHP,ASHP_DHW,GSHP_heat,GSHP_cooling,battery,DHW_storage,heat_storage,geothermal_boreholes,demand_electricity,demand_space_heating,demand_space_cooling,demand_hot_water
0,40548.77498465001,4264.175824890479,6.432309562233016,0.30355285130360754,20.0,0.0,0.0,5.000000000000001,5.000000000000001,29.58652894388787,0.0,0.0,14.502069815731307,1.7520142818652524,,,0.206522341403881,0.0,0.0,,1.9456250000000002,14.744912096774193,1.8610959677419356,2.042020215053763
1,14320.296364895074,4594.049594658945,7.427500815732871,0.0,0.0,0.0,0.0,0.0,0.0,24.168352595701872,0.0,1.0,14.744294059139785,2.042020215053763,,,0.0,0.0,0.0,,1.9456250000000002,14.744912096774193,1.8610959677419356,2.042020215053763
2,13721.880736979765,4923.923364427414,7.522077747980143,0.0,0.0,0.0,0.0,0.0,0.0,16.112230241942914,0.0,1.0,14.744294059139785,2.042020215053763,,,0.0,0.0,0.0,,1.9456250000000002,14.744912096774193,1.8610959677419356,2.042020215053763
3,13123.465109064462,5253.797134195879,7.616654680227415,0.0,0.0,0.0,0.0,0.0,0.0,8.056107888184014,0.0,1.0,14.744294059139785,2.042020215053763,,,0.0,0.0,0.0,,1.9456250000000002,14.744912096774193,1.8610959677419356,2.042020215053763
4,12525.05055566438,5583.670903964347,8.0,0.30355285130360754,0.0,0.0,0.0,0.0,0.0,0.0,0.0,1.0,14.744294059139785,2.042020215053763,,,0.0,0.0,0.0,,1.9456250000000002,14.744912096774193,1.8610959677419356,2.042020215053763
