,cost,emission,grid,wood_supply,DHDC_small_heat,DHDC_medium_heat,DHDC_large_heat,wood_boiler_heat,wood_boiler_DHW,PV,SCFP,DHW_to_heat,ASHP,ASHP_DHW,GSHP_heat,GSHP_cooling,battery,DHW_storage,heat_storage,geothermal_boreholes,demand_electricity,demand_space_heating,demand_space_cooling,demand_hot_water
0,40657.616975325596,4184.240956895167,6.053047204702577,0.31379441723805934,20.0,0.0,0.0,4.999999999999998,5.000000000000001,32.512690639445516,0.0,0.0,11.13434322173204,1.707974463488914,1.5625040401764367,1.2590381182795702,0.49867834854628545,0.0,0.0,1.573797647849463,2.433173387096774,12.947882795698925,1.25903811827957,2.0290564516129033
1,14330.366189858481,4545.780990441396,7.191048918931131,0.0,0.0,0.0,0.0,0.0,0.0,26.151736782386415,0.0,1.0,12.583808503041602,2.0290564516129033,0.3636414969583987,1.25903811827957,0.0,0.0,0.0,1.5737976478494624,2.433173387096774,12.947882795698925,1.25903811827957,2.0290564516129033
2,13696.128035685357,4907.321023987626,7.292481072750989,0.0,0.0,0.0,0.0,0.0,0.0,17.43448461025982,0.0,1.0,12.583808503041602,2.0290564516129033,0.3636414969583987,1.25903811827957,0.0,0.0,0.0,1.5737976478494624,2.433173387096774,12.947882795698925,1.25903811827957,2.0290564516129033
3,13061.88988334346,5268.861057533856,7.394957096684933,0.0,0.0,0.0,0.0,0.0,0.0,8.717232463302429,0.0,1.0,12.583808503041602,2.0290564516129033,0.3636414969583987,1.25903811827957,0.0,0.0,0.0,1.5737976478494624,2.433173387096774,12.947882795698925,1.25903811827957,2.0290564516129033
4,12427.653163118555,5630.401091080086,8.0,0.31379441723805934,0.0,0.0,0.0,0.0,0.0,0.0,0.0,1.0,12.5838085030416,2.0290564516129033,0.36364149695839887,1.2590381182795702,0.0,0.0,0.0,1.573797647849463,2.433173387096774,12.947882795698925,1.25903811827957,2.0290564516129033
