,cost,emission,grid,wood_supply,DHDC_small_heat,DHDC_medium_heat,DHDC_large_heat,wood_boiler_heat,wood_boiler_DHW,PV,SCFP,DHW_to_heat,ASHP,ASHP_DHW,GSHP_heat,GSHP_cooling,battery,DHW_storage,heat_storage,geothermal_boreholes,demand_electricity,demand_space_heating,demand_space_cooling,demand_hot_water
0,49184.64100956124,6013.90522948642,6.287054224709751,0.4403689691663935,20.0,0.0,0.0,5.000000000000001,5.000000000000001,68.67684833325528,0.0,0.0,7.533847849462365,1.329750633213857,,,0.0,0.0,0.0,,6.093525053763441,5.055991129032257,7.533847849462365,3.3133153888888884
1,22654.49495118932,6742.979117007128,7.9096381874036865,0.0,0.0,0.0,0.0,0.0,0.0,55.360834965605434,0.0,0.0,7.533847849462365,3.313315388888889,,,0.0,0.0,0.0,,6.093525053763441,5.055991129032257,7.533847849462365,3.3133153888888884
2,21206.98212377739,7472.053004527834,8.119998964449051,0.0,0.0,0.0,0.0,0.0,0.0,36.90719884600033,0.0,0.0,7.533847849462365,3.313315388888889,,,0.0,0.0,0.0,,6.093525053763441,5.055991129032257,7.533847849462365,3.3133153888888884
3,19759.469913497098,8201.12689204854,8.641192516570447,0.0,0.0,0.0,0.0,0.0,0.0,18.45357059390588,0.0,0.0,7.533847849462365,3.313315388888889,,,0.0,0.0,0.0,,6.093525053763441,5.055991129032257,7.533847849462365,3.3133153888888884
4,18311.962225955143,8930.200779569244,11.0,0.4403689691663935,0.0,0.0,0.0,0.0,0.0,0.0,0.0,0.0,7.533847849462365,3.313315388888889,,,0.0,0.0,0.0,,6.093525053763441,5.055991129032257,7.533847849462365,3.3133153888888884
