,cost,emission,grid,wood_supply,DHDC_small_heat,DHDC_medium_heat,DHDC_large_heat,wood_boiler_heat,wood_boiler_DHW,PV,SCFP,DHW_to_heat,ASHP,ASHP_DHW,GSHP_heat,GSHP_cooling,battery,DHW_storage,heat_storage,geothermal_boreholes,demand_electricity,demand_space_heating,demand_space_cooling,demand_hot_water
0,28864.77624279495,2767.172519337347,4.407931524357927,0.25055669375285283,,,,0.0,5.000000000000001,14.444769643672242,0.0,0.0,8.767628118279571,1.161342841254716,,,0.0,0.0,0.0,,1.1679879032258065,8.767628118279571,1.0016402688172041,1.3367325268817205
1,8441.134502074043,2919.632172861974,4.516278480088412,0.0,,,,0.0,0.0,11.384939871796162,0.0,0.0,8.767628118279571,1.3367325268817205,,,0.0,0.0,0.0,,1.1679879032258065,8.767628118279571,1.0016402688172041,1.3367325268817205
2,8150.755876063242,3072.0918263866024,4.5600199718737935,0.0,,,,0.0,0.0,7.589946613569436,0.0,0.0,8.767628118279571,1.3367325268817205,,,0.0,0.0,0.0,,1.1679879032258065,8.767628118279571,1.0016402688172041,1.3367325268817205
3,7860.377250052441,3224.5514799112298,4.603761463659175,0.0,,,,0.0,0.0,3.794953355342698,0.0,0.0,8.767628118279571,1.3367325268817205,,,0.0,0.0,0.0,,1.1679879032258065,8.767628118279571,1.0016402688172041,1.3367325268817205
4,7570.001677260408,3377.0111334358567,5.0,0.25055669375285283,,,,0.0,0.0,0.0,0.0,0.0,8.767628118279571,1.3367325268817205,,,0.0,1.0,0.0,,1.1679879032258065,8.767628118279571,1.0016402688172041,1.3367325268817205
