,cost,emission,grid,wood_supply,DHDC_small_heat,DHDC_medium_heat,DHDC_large_heat,wood_boiler_heat,wood_boiler_DHW,PV,SCFP,DHW_to_heat,ASHP,ASHP_DHW,GSHP_heat,GSHP_cooling,battery,DHW_storage,heat_storage,geothermal_boreholes,demand_electricity,demand_space_heating,demand_space_cooling,demand_hot_water
0,48402.070706514525,6888.456629612854,9.79782066263083,0.3554889129838436,20.0,0.0,0.0,4.999999999999998,5.000000000000001,44.425403709669595,0.0,0.0,20.337168869612928,2.3747037530864192,,,0.0,0.0,0.0,,3.5285362903225805,20.621560000000002,3.1040158064516126,3.449752741935484
1,22369.49933974583,7412.179454025072,11.408591574616612,0.0,0.0,0.0,0.0,0.0,0.0,36.72987858354754,0.0,1.0,20.62107099462366,3.449752741935484,,,0.0,0.0,0.0,,3.5285362903225805,20.621560000000002,3.1040158064516126,3.449752741935484
2,21524.819089007724,7935.902278437289,11.533604519677903,0.0,0.0,0.0,0.0,0.0,0.0,24.486581266168603,0.0,1.0,20.62107099462366,3.449752741935484,,,0.0,0.0,0.0,,3.5285362903225805,20.621560000000002,3.1040158064516126,3.449752741935484
3,20680.13886386127,8459.625102849506,11.674484924939412,0.0,0.0,0.0,0.0,0.0,0.0,12.24328431973026,0.0,1.0,20.62107099462366,3.449752741935484,,,0.0,0.0,0.0,,3.5285362903225805,20.621560000000002,3.1040158064516126,3.449752741935484
4,19835.459509847045,8983.347927261724,12.0,0.3554889129838436,0.0,0.0,0.0,0.0,0.0,0.0,0.0,1.0,20.62107099462366,3.449752741935484,,,0.0,0.0,0.0,,3.5285362903225805,20.621560000000002,3.1040158064516126,3.449752741935484
