,cost,emission,grid,wood_supply,DHDC_small_heat,DHDC_medium_heat,DHDC_large_heat,wood_boiler_heat,wood_boiler_DHW,PV,SCFP,DHW_to_heat,ASHP,ASHP_DHW,GSHP_heat,GSHP_cooling,battery,DHW_storage,heat_storage,geothermal_boreholes,demand_electricity,demand_space_heating,demand_space_cooling,demand_hot_water
0,40884.71480964466,5049.193668646896,7.301233093748058,0.27470788769209287,20.0,0.0,0.0,5.000000000000001,5.000000000000001,21.3451107691694,0.0,0.0,16.56652186188934,0.21913493827160424,,,0.0,0.0,0.0,,2.0157068452380953,16.78628817204301,1.5071809139784946,2.2593294086021505
1,15164.815980579926,5277.080054633752,8.340684826326672,0.0,0.0,0.0,0.0,0.0,0.0,18.942296887957152,0.0,1.0,16.78577924731183,2.259329408602151,,,0.0,0.0,0.0,,2.0157068452380953,16.78628817204301,1.5071809139784946,2.2593294086021505
2,14607.151846170742,5504.966440620608,8.406323722909374,0.0,0.0,0.0,0.0,0.0,0.0,12.62819111757188,0.0,1.0,16.78577924731183,2.259329408602151,,,0.0,0.0,0.0,,2.0157068452380953,16.78628817204301,1.5071809139784946,2.2593294086021505
3,14049.487711761562,5732.8528266074645,8.471962619492075,0.0,0.0,0.0,0.0,0.0,0.0,6.314085347186617,0.0,1.0,16.78577924731183,2.259329408602151,,,0.0,0.0,0.0,,2.0157068452380953,16.78628817204301,1.5071809139784946,2.2593294086021505
4,13491.825381136763,5960.739212594321,9.0,0.27470788769209287,0.0,0.0,0.0,0.0,0.0,0.0,0.0,1.0,16.78577924731183,2.259329408602151,,,0.0,0.0,0.0,,2.0157068452380953,16.78628817204301,1.5071809139784946,2.2593294086021505
