,cost,emission,grid,wood_supply,DHDC_small_heat,DHDC_medium_heat,DHDC_large_heat,wood_boiler_heat,wood_boiler_DHW,PV,SCFP,DHW_to_heat,ASHP,ASHP_DHW,GSHP_heat,GSHP_cooling,battery,DHW_storage,heat_storage,geothermal_boreholes,demand_electricity,demand_space_heating,demand_space_cooling,demand_hot_water
0,44904.392987459025,5801.481038019984,8.603684531158903,0.3267848562723891,20.0,0.0,0.0,4.999999999999998,5.000000000000001,36.224244649254025,0.0,0.0,18.457788028960586,2.658426017275996,,,0.2980861615259487,0.0,0.0,,2.9071437634408603,18.719215913978495,1.7175294086021504,2.9947084946236555
1,18772.948101875132,6234.394720572225,10.019736171380927,0.0,0.0,0.0,0.0,0.0,0.0,29.74175937258799,0.0,1.0,18.718703198924732,2.994708494623656,,,0.0,0.0,0.0,,2.9071437634408603,18.719215913978495,1.7175294086021504,2.9947084946236555
2,18114.514211748454,6667.308403124469,10.144048167225064,0.0,0.0,0.0,0.0,0.0,0.0,19.82783245118326,0.0,1.0,18.718703198924732,2.994708494623656,,,0.0,0.0,0.0,,2.9071437634408603,18.719215913978495,1.7175294086021504,2.9947084946236555
3,17456.080321621776,7100.222085676714,10.2683601630692,0.0,0.0,0.0,0.0,0.0,0.0,9.913905529778507,0.0,1.0,18.718703198924732,2.994708494623656,,,0.0,0.0,0.0,,2.9071437634408603,18.719215913978495,1.7175294086021504,2.9947084946236555
4,16797.64785222089,7533.135768228957,11.0,0.3267848562723891,0.0,0.0,0.0,0.0,0.0,0.0,0.0,1.0,18.718703198924732,2.994708494623656,,,0.0,0.0,0.0,,2.9071437634408603,18.719215913978495,1.7175294086021504,2.9947084946236555
