,cost,emission,grid,wood_supply,DHDC_small_heat,DHDC_medium_heat,DHDC_large_heat,wood_boiler_heat,wood_boiler_DHW,PV,SCFP,DHW_to_heat,ASHP,ASHP_DHW,GSHP_heat,GSHP_cooling,battery,DHW_storage,heat_storage,geothermal_boreholes,demand_electricity,demand_space_heating,demand_space_cooling,demand_hot_water
0,35503.21170972998,4785.580129283424,8.031374727426693,0.2910786611115536,,,,0.0,5.000000000000001,26.02247460330102,0.0,0.0,16.58235430107527,2.1192032705552335,0.0,0.0,0.03956819745383263,0.0,0.0,0.0,1.9244099462365591,16.58235430107527,0.0,2.3229583333333332
1,14836.311250444007,5052.719769234788,8.18288905876585,0.0,,,,0.0,0.0,20.145174471757777,0.0,1.0,16.581718548387098,2.3229583333333332,0.0,0.0,0.0,0.0,0.0,0.0,1.9244099462365591,16.58235430107527,0.0,2.3229583333333332
2,14314.891254645234,5319.859409186149,8.258940681444486,0.0,,,,0.0,0.0,13.430100561725402,0.0,1.0,16.581718548387098,2.3229583333333332,0.0,0.0,0.0,0.0,0.0,0.0,1.9244099462365591,16.58235430107527,0.0,2.3229583333333332
3,13793.471258846463,5586.999049137512,8.334992304123121,0.0,,,,0.0,0.0,6.715026651692971,0.0,1.0,16.581718548387098,2.3229583333333332,0.0,0.0,0.0,0.0,0.0,0.0,1.9244099462365591,16.58235430107527,0.0,2.3229583333333332
4,13272.054932619085,5854.138689088875,9.0,0.2910786611115536,,,,0.0,0.0,0.0,0.0,1.0,16.581718548387098,2.3229583333333332,0.0,0.0,0.0,1.0,0.0,0.0,1.9244099462365591,16.58235430107527,0.0,2.3229583333333332
