,cost,emission,grid,wood_supply,DHDC_small_heat,DHDC_medium_heat,DHDC_large_heat,wood_boiler_heat,wood_boiler_DHW,PV,SCFP,DHW_to_heat,ASHP,ASHP_DHW,GSHP_heat,GSHP_cooling,battery,DHW_storage,heat_storage,geothermal_boreholes,demand_electricity,demand_space_heating,demand_space_cooling,demand_hot_water
0,37163.53050089787,4408.500968435362,4.736936201459677,0.24908050796706951,20.0,0.0,0.0,4.999999999999998,5.0,14.02300227630557,0.0,0.0,2.903633012981184,0.0,,,0.0,0.0,0.0,,3.978582741935484,3.1028974193548393,1.6675043548387096,0.34250145161290324
1,10898.98078729008,4535.416280399838,4.963652334508607,0.0,0.0,0.0,0.0,0.0,0.0,11.375471545630651,0.0,1.0,3.09086870967742,0.34250145161290324,,,0.0,0.0,0.0,,3.978582741935484,3.1028974193548393,1.6675043548387096,0.34250145161290324
2,10535.347424177853,4662.331592364311,4.988838892943658,0.0,0.0,0.0,0.0,0.0,0.0,7.583635648045243,0.0,1.0,3.09086870967742,0.34250145161290324,,,0.0,0.0,0.0,,3.978582741935484,3.1028974193548393,1.6675043548387096,0.34250145161290324
3,10171.714061065626,4789.246904328787,5.01402545137871,0.0,0.0,0.0,0.0,0.0,0.0,3.791799750459836,0.0,1.0,3.09086870967742,0.34250145161290324,,,0.0,0.0,0.0,,3.978582741935484,3.1028974193548393,1.6675043548387096,0.34250145161290324
4,9808.084164427475,4916.162216293263,6.0,0.24908050796706951,0.0,0.0,0.0,0.0,0.0,0.0,0.0,1.0,3.09086870967742,0.34250145161290324,,,0.0,0.0,0.0,,3.978582741935484,3.1028974193548393,1.6675043548387096,0.34250145161290324
