,cost,emission,grid,wood_supply,DHDC_small_heat,DHDC_medium_heat,DHDC_large_heat,wood_boiler_heat,wood_boiler_DHW,PV,SCFP,DHW_to_heat,ASHP,ASHP_DHW,GSHP_heat,GSHP_cooling,battery,DHW_storage,heat_storage,geothermal_boreholes,demand_electricity,demand_space_heating,demand_space_cooling,demand_hot_water
0,43354.75119498648,4761.917063498945,8.215787620631145,0.3789042855364295,19.99999999999792,0.0,0.0,4.999999999999998,0.0,51.115510153265575,0.0,0.0,14.482310442538601,1.3337323611111112,0.0,0.0,1.1060922982553252,0.0,0.0,0.0,4.590000055555555,14.785433870967744,0.0,1.359462861111111
1,18020.375996061062,5226.235782620767,8.917083430224189,0.0,0.0,0.0,0.0,0.0,0.0,39.62236782110522,0.0,1.0,14.500695472222224,1.3594628611111113,0.0,0.0,0.0,0.0,0.0,0.0,4.590000055555555,14.785433870967744,0.0,1.359462861111111
2,16621.240683571807,5690.554501742589,9.076454369896117,0.0,0.0,0.0,0.0,0.0,0.0,25.392975882352452,0.0,1.0,14.500695472222224,1.3594628611111113,0.0,0.0,0.0,0.0,0.0,0.0,4.590000055555555,14.785433870967744,0.0,1.359462861111111
3,15387.000500300343,6154.8732208644105,9.226240353795736,0.0,0.0,0.0,0.0,0.0,0.0,12.019374169098631,0.0,1.0,14.500695472222224,1.3594628611111113,0.0,0.0,0.0,0.0,0.0,0.0,4.590000055555555,14.785433870967744,0.0,1.359462861111111
4,14413.6893688306,6619.191939986231,10.0,0.3789042855364295,0.0,0.0,0.0,0.0,0.0,0.0,0.0,1.0,14.500695472222224,1.3594628611111113,0.0,0.0,0.0,1.0,0.0,0.0,4.590000055555555,14.785433870967744,0.0,1.359462861111111
