,cost,emission,grid,wood_supply,DHDC_small_heat,DHDC_medium_heat,DHDC_large_heat,wood_boiler_heat,wood_boiler_DHW,PV,SCFP,DHW_to_heat,ASHP,ASHP_DHW,GSHP_heat,GSHP_cooling,battery,DHW_storage,heat_storage,geothermal_boreholes,demand_electricity,demand_space_heating,demand_space_cooling,demand_hot_water
0,46135.4121637621,6654.492120166616,8.93803466260194,0.3303925286835912,20.0,0.0,0.0,4.999999999999999,5.000000000000001,37.25500819531176,0.0,0.0,14.376184632967108,0.0,,,0.0,0.0,0.0,,4.719390277777778,14.64049865591398,1.894137688172043,2.043822903225806
1,20034.41430317646,7059.986504451633,9.955507538907723,0.0,0.0,0.0,0.0,0.0,0.0,30.4528020442733,0.0,0.0,14.64049865591398,2.0438229032258066,,,0.0,0.0,0.0,,4.719390277777778,14.64049865591398,1.894137688172043,2.043822903225806
2,19251.02714248349,7465.480888736648,10.071571775627243,0.0,0.0,0.0,0.0,0.0,0.0,20.301859462280248,0.0,0.0,14.64049865591398,2.0438229032258066,,,0.0,0.0,0.0,,4.719390277777778,14.64049865591398,1.894137688172043,2.043822903225806
3,18467.63998179052,7870.975273021665,10.187636012346763,0.0,0.0,0.0,0.0,0.0,0.0,10.150916880287218,0.0,0.0,14.64049865591398,2.0438229032258066,,,0.0,0.0,0.0,,4.719390277777778,14.64049865591398,1.894137688172043,2.043822903225806
4,17684.25480459673,8276.469657306681,11.0,0.3303925286835912,0.0,0.0,0.0,0.0,0.0,0.0,0.0,0.0,14.64049865591398,2.0438229032258066,,,0.0,0.0,0.0,,4.719390277777778,14.64049865591398,1.894137688172043,2.043822903225806
