,cost,emission,grid,wood_supply,DHDC_small_heat,DHDC_medium_heat,DHDC_large_heat,wood_boiler_heat,wood_boiler_DHW,PV,SCFP,DHW_to_heat,ASHP,ASHP_DHW,GSHP_heat,GSHP_cooling,battery,DHW_storage,heat_storage,geothermal_boreholes,demand_electricity,demand_space_heating,demand_space_cooling,demand_hot_water
0,73230.32827421352,15979.19639134932,20.966880309682296,0.5098171182612764,20.0,0.0,0.0,5.000000000000001,5.0,88.51917664607895,0.0,0.0,24.632614047326463,0.0,,,1.5812776723592668,0.0,0.0,,16.361147916666667,25.040467741935483,13.95895,3.4280489999999997
1,46078.03704795344,16874.166299759243,22.491248403830806,0.0,0.0,0.0,0.0,0.0,0.0,69.13385476397022,0.0,1.0,24.177530301075272,3.428049,,,0.0,0.0,0.0,,16.361147916666667,25.040467741935483,13.95895,3.4280489999999997
2,43929.91578898643,17769.136208169162,22.77476151519362,0.0,0.0,0.0,0.0,0.0,0.0,44.554532304237355,0.0,1.0,24.177530301075272,3.428049,,,0.0,0.0,0.0,,16.361147916666667,25.040467741935483,13.95895,3.4280489999999997
3,42225.35336554118,18664.106116579078,23.031721603788295,0.0,0.0,0.0,0.0,0.0,0.0,22.27723850822813,0.0,1.0,24.177530301075272,3.428049,,,0.0,0.0,0.0,,16.361147916666667,25.040467741935483,13.95895,3.4280489999999997
4,40520.79517247846,19559.076024989005,24.0,0.5098171182612764,0.0,0.0,0.0,0.0,0.0,0.0,0.0,1.0,24.177530301075272,3.428049,,,0.0,1.0,0.0,,16.361147916666667,25.040467741935483,13.95895,3.4280489999999997
