,cost,emission,grid,wood_supply,DHDC_small_heat,DHDC_medium_heat,DHDC_large_heat,wood_boiler_heat,wood_boiler_DHW,PV,SCFP,DHW_to_heat,ASHP,ASHP_DHW,GSHP_heat,GSHP_cooling,battery,DHW_storage,heat_storage,geothermal_boreholes,demand_electricity,demand_space_heating,demand_space_cooling,demand_hot_water
0,58460.34279631339,10187.91680630725,12.409962301959995,0.5908716108939454,,,,0.0,5.000000000000001,111.6776031125558,0.0,0.0,0.0,7.176074012159172,8.804897096774194,12.722799462365595,0.0,0.0,0.0,15.903499327956995,9.441284946236559,8.804897096774194,12.722799462365591,7.589684139784946
1,35968.264538826676,11284.697302460012,12.841400402754564,0.005535165679176917,,,,0.0,0.003874615975423841,85.10687053399273,0.0,0.0,0.0,7.585809523809523,8.804897096774194,12.722799462365593,0.0,0.0,0.0,15.90349932795699,9.441284946236559,8.804897096774194,12.722799462365591,7.589684139784946
2,33673.32407511938,12381.477798612776,13.119768649506595,0.005535165679176917,,,,0.0,0.003874615975423841,56.737006631906425,0.0,0.0,0.0,7.585809523809523,8.804897096774194,12.722799462365593,0.0,0.0,0.0,15.90349932795699,9.441284946236559,8.804897096774194,12.722799462365591,7.589684139784946
3,31378.38365270078,13478.25829476554,13.417869279436667,0.005535165679176917,,,,0.0,0.003874615975423841,28.367143240227694,0.0,0.0,0.0,7.585809523809523,8.804897096774194,12.722799462365593,0.0,0.0,0.0,15.90349932795699,9.441284946236559,8.804897096774194,12.722799462365591,7.589684139784946
4,29083.562283954263,14575.038790918305,16.0,0.5908716108939454,,,,0.0,0.0,0.0,0.0,0.0,0.0,7.589684139784947,8.804897096774194,12.722799462365595,0.0,1.0,0.0,15.903499327956995,9.441284946236559,8.804897096774194,12.722799462365591,7.589684139784946
