,cost,emission,grid,wood_supply,DHDC_small_heat,DHDC_medium_heat,DHDC_large_heat,wood_boiler_heat,wood_boiler_DHW,PV,SCFP,DHW_to_heat,ASHP,ASHP_DHW,GSHP_heat,GSHP_cooling,battery,DHW_storage,heat_storage,geothermal_boreholes,demand_electricity,demand_space_heating,demand_space_cooling,demand_hot_water
0,42151.41712328939,4915.972386392356,6.616418103972677,0.3187678963927801,20.0,0.0,0.0,4.999999999999997,5.000000000000001,33.93368468365145,0.0,0.0,11.972409177509432,1.701343000000001,0.0,0.0,0.0,0.0,0.0,0.0,3.0148891369047615,12.227423494623656,0.0,2.9816223118279566
1,16209.585745691853,5297.6094074694665,8.003878219551206,0.0,0.0,0.0,0.0,0.0,0.0,28.62631783527938,0.0,1.0,12.226560591397849,2.981622311827957,0.0,0.0,0.0,0.0,0.0,0.0,3.0148891369047615,12.227423494623656,0.0,2.9816223118279566
2,15474.523541060666,5679.2464285465785,8.113099795803095,0.0,0.0,0.0,0.0,0.0,0.0,19.08420366228438,0.0,1.0,12.226560591397849,2.981622311827957,0.0,0.0,0.0,0.0,0.0,0.0,3.0148891369047615,12.227423494623656,0.0,2.9816223118279566
3,14739.461336429475,6060.88344962369,8.222321372054981,0.0,0.0,0.0,0.0,0.0,0.0,9.54208948928938,0.0,1.0,12.226560591397849,2.981622311827957,0.0,0.0,0.0,0.0,0.0,0.0,3.0148891369047615,12.227423494623656,0.0,2.9816223118279566
4,14004.401033269885,6442.520470700799,9.0,0.3187678963927801,0.0,0.0,0.0,0.0,0.0,0.0,0.0,1.0,12.226560591397849,2.981622311827957,0.0,0.0,0.0,0.0,0.0,0.0,3.0148891369047615,12.227423494623656,0.0,2.9816223118279566
