,cost,emission,grid,wood_supply,DHDC_small_heat,DHDC_medium_heat,DHDC_large_heat,wood_boiler_heat,wood_boiler_DHW,PV,SCFP,DHW_to_heat,ASHP,ASHP_DHW,GSHP_heat,GSHP_cooling,battery,DHW_storage,heat_storage,geothermal_boreholes,demand_electricity,demand_space_heating,demand_space_cooling,demand_hot_water
0,41923.0032655255,6030.523770173954,9.040255541510941,0.3912009082339184,,,,0.0,4.999999999999997,54.62883092397665,0.0,0.0,10.016651209325397,3.581128557784632,3.412278306803635,3.009994489247312,0.14629289453118874,0.0,0.0,3.7624931115591402,4.231106854838709,13.428929516129033,3.009994489247311,3.854969193548387
1,20665.649795556437,6586.005449812051,9.305244703938921,0.0035937458854511106,,,,0.0,0.0025156221198157774,41.76806030133051,0.0,0.0,10.015566387896827,3.8524535714285717,3.413363128232205,3.0099944892473114,0.0,0.0,0.0,3.7624931115591393,4.231106854838709,13.428929516129033,3.009994489247311,3.854969193548387
2,19588.991404371925,7141.4871294501445,9.461660163056823,0.0035937458854511106,,,,0.0,0.0025156221198157774,27.84421464176203,0.0,0.0,10.015566387896827,3.8524535714285717,3.413363128232205,3.0099944892473114,0.0,0.0,0.0,3.7624931115591393,4.231106854838709,13.428929516129033,3.009994489247311,3.854969193548387
3,18512.333020519127,7696.968809088243,9.62185828970471,0.0035937458854511106,,,,0.0,0.0025156221198157774,13.920369077010733,0.0,0.0,10.015566387896827,3.8524535714285717,3.413363128232205,3.0099944892473114,0.0,0.0,0.0,3.7624931115591393,4.231106854838709,13.428929516129033,3.009994489247311,3.854969193548387
4,17435.81606414023,8252.450488726336,10.0,0.3912009082339184,,,,0.0,0.0,0.0,0.0,1.0,10.013043513792882,3.8549691935483876,3.4151472388952913,3.009994489247312,0.0,1.0,0.0,3.7624931115591402,4.231106854838709,13.428929516129033,3.009994489247311,3.854969193548387
