,cost,emission,grid,wood_supply,DHDC_small_heat,DHDC_medium_heat,DHDC_large_heat,wood_boiler_heat,wood_boiler_DHW,PV,SCFP,DHW_to_heat,ASHP,ASHP_DHW,GSHP_heat,GSHP_cooling,battery,DHW_storage,heat_storage,geothermal_boreholes,demand_electricity,demand_space_heating,demand_space_cooling,demand_hot_water
0,89094.56516822225,20392.341858249285,23.407237745366917,0.8161568033912585,,,,0.0,5.000000000000001,176.044800968931,0.0,0.0,0.0,13.546074646228254,14.641198118279572,24.48680677419355,0.0,0.0,0.0,39.796407261894416,17.861354623655913,14.64119811827957,24.486806774193546,14.117384408602149
1,65242.16924501632,22118.325100219576,24.05794090501179,0.00842968235681589,,,,0.0,0.005900777649771123,133.89526265627072,0.0,0.0,0.0,14.11148363095238,14.641198118279572,24.48680677419355,0.0,0.0,0.0,38.24868158808483,17.861354623655913,14.64119811827957,24.486806774193546,14.117384408602149
2,61632.95643947348,23844.308342189877,24.49751787807824,0.00842968235681589,,,,0.0,0.005900777649771123,89.26204500744524,0.0,0.0,0.0,14.11148363095238,14.641198118279572,24.48680677419355,0.0,0.0,0.0,39.796407261894416,17.861354623655913,14.64119811827957,24.486806774193546,14.117384408602149
3,58023.74130501245,25570.291584160164,26.11124235129704,0.00842968235681589,,,,0.0,0.005900777649771123,44.62881769803078,0.0,0.0,0.0,14.11148363095238,14.641198118279572,24.48680677419355,0.0,0.0,0.0,39.796407261894416,17.861354623655913,14.64119811827957,24.486806774193546,14.117384408602149
4,54414.66621015978,27296.27482613047,30.0,0.8161568033912585,,,,0.0,0.0,0.0,0.0,0.0,0.0,14.11738440860215,14.641198118279572,24.48680677419355,0.0,1.0,0.0,38.248681588084814,17.861354623655913,14.64119811827957,24.486806774193546,14.117384408602149
