,cost,emission,grid,wood_supply,DHDC_small_heat,DHDC_medium_heat,DHDC_large_heat,wood_boiler_heat,wood_boiler_DHW,PV,SCFP,DHW_to_heat,ASHP,ASHP_DHW,GSHP_heat,GSHP_cooling,battery,DHW_storage,heat_storage,geothermal_boreholes,demand_electricity,demand_space_heating,demand_space_cooling,demand_hot_water
0,43412.05124153077,4889.473827711562,6.424736080263011,0.3488492947905018,20.0,0.0,0.0,4.999999999999998,5.000000000000001,42.52836994014337,0.0,0.0,9.866224454246963,2.73364110475776,2.2307418088453663,2.019962795698925,0.23042453968426696,0.0,0.0,2.5249534946236563,3.220361559139785,12.376045698924731,2.0199627956989246,3.037301129032257
1,17124.93988552387,5354.219867968948,7.903491447506431,0.0,0.0,0.0,0.0,0.0,0.0,34.858354871495344,0.0,1.0,10.14506786230159,3.0373011290322576,2.230292594687659,2.019962795698925,0.0,0.0,0.0,2.5249534946236563,3.220361559139785,12.376045698924731,2.0199627956989246,3.037301129032257
2,16229.852491644178,5818.965908226334,8.02101572254652,0.003178058481456777,0.0,0.0,0.0,0.0,0.002224640937019744,23.237285522579167,0.0,0.0,10.145303890079367,3.0350764880952377,2.230741808845365,2.019962795698925,0.0,0.0,0.0,2.5249534946236563,3.220361559139785,12.376045698924731,2.0199627956989246,3.037301129032257
3,15334.813862078245,6283.71194848372,8.139425635631547,0.003178058481456777,0.0,0.0,0.0,0.0,0.002224640937019744,11.617695032361995,0.0,0.0,10.145303890079367,3.0350764880952377,2.230741808845365,2.019962795698925,0.0,0.0,0.0,2.5249534946236563,3.220361559139785,12.376045698924731,2.0199627956989246,3.037301129032257
4,14439.828890079147,6748.45798874111,9.0,0.3488492947905018,0.0,0.0,0.0,0.0,0.0,0.0,0.0,1.0,10.144375751787848,3.0373011290322576,2.2309847052014016,2.019962795698925,0.0,0.0,0.0,2.5249534946236563,3.220361559139785,12.376045698924731,2.0199627956989246,3.037301129032257
