,cost,emission,grid,wood_supply,DHDC_small_heat,DHDC_medium_heat,DHDC_large_heat,wood_boiler_heat,wood_boiler_DHW,PV,SCFP,DHW_to_heat,ASHP,ASHP_DHW,GSHP_heat,GSHP_cooling,battery,DHW_storage,heat_storage,geothermal_boreholes,demand_electricity,demand_space_heating,demand_space_cooling,demand_hot_water
0,52323.35499694776,8565.73437685277,10.554512323360397,0.5244676665533948,,,,0.0,5.000000000000001,92.70504758668422,0.0,0.0,0.0,6.021774622659923,8.228024999999999,10.083625430107528,0.0,0.0,0.0,12.604531787634407,7.698005913978494,8.228024999999999,10.083625430107526,6.388901989247311
1,30150.01815270887,9445.728057631713,10.914955168210756,0.005136770353300536,,,,0.0,0.0035957392473103754,70.76935294999629,0.0,0.0,0.0,6.385306250000001,8.228024999999999,10.083625430107528,0.0,0.0,0.0,12.604531787634407,7.698005913978494,8.228024999999999,10.083625430107526,6.388901989247311
2,28149.09275935596,10325.721738410655,11.139692436705424,0.005136770353300536,,,,0.0,0.0035957392473103754,47.17871009200129,0.0,0.0,0.0,6.385306250000001,8.228024999999999,10.083625430107528,0.0,0.0,0.0,12.604531787634407,7.698005913978494,8.228024999999999,10.083625430107526,6.388901989247311
3,26148.167366003046,11205.715419189595,11.36442970520009,0.005136770353300536,,,,0.0,0.0035957392473103754,23.588067234006257,0.0,0.0,0.0,6.385306250000001,8.228024999999999,10.083625430107528,0.0,0.0,0.0,12.604531787634407,7.698005913978494,8.228024999999999,10.083625430107526,6.388901989247311
4,24147.370519754244,12085.70909996854,13.0,0.5244676665533948,,,,0.0,0.0,0.0,0.0,0.0,0.0,6.388901989247312,8.228024999999999,10.083625430107528,0.0,1.0,0.0,12.604531787634407,7.698005913978494,8.228024999999999,10.083625430107526,6.388901989247311
