,cost,emission,grid,wood_supply,DHDC_small_heat,DHDC_medium_heat,DHDC_large_heat,wood_boiler_heat,wood_boiler_DHW,PV,SCFP,DHW_to_heat,ASHP,ASHP_DHW,GSHP_heat,GSHP_cooling,battery,DHW_storage,heat_storage,geothermal_boreholes,demand_electricity,demand_space_heating,demand_space_cooling,demand_hot_water
0,38401.97340393278,5690.985405005645,8.583659123026552,0.3241220770519498,,,,0.0,4.999999999999997,35.463450586271364,0.0,0.0,12.539056806812171,2.852906374020612,2.0766864727577237,1.8477775268817205,0.0,0.0,0.0,2.3097219086021505,3.22762,14.615743279569894,1.8477775268817203,3.0797918279569894
1,17557.686646955164,6059.22533126256,8.771563003485333,0.003182203203862568,,,,0.0,0.0022275422427037975,27.30446964345053,0.0,0.0,12.490056621626984,3.0775642857142858,2.1256866579429046,1.8477775268817203,0.0,0.0,0.0,2.3097219086021505,3.22762,14.615743279569894,1.8477775268817203,3.0797918279569894
2,16868.66554887652,6427.465257519477,8.865199740681884,0.003182203203862568,,,,0.0,0.0022275422427037975,18.20235395558846,0.0,0.0,12.490056621626984,3.0775642857142858,2.1256866579429046,1.8477775268817203,0.0,0.0,0.0,2.3097219086021505,3.22762,14.615743279569894,1.8477775268817203,3.0797918279569894
3,16179.644450797874,6795.705183776393,8.958836477878434,0.003182203203862568,,,,0.0,0.0022275422427037975,9.100238267726388,0.0,0.0,12.490056621626985,3.0775642857142858,2.125686657942908,1.8477775268817203,0.0,0.0,0.0,2.3097219086021505,3.22762,14.615743279569894,1.8477775268817203,3.0797918279569894
4,15490.677379389454,7163.945110033305,10.0,0.3241220770519498,,,,0.0,0.0,0.0,0.0,1.0,12.489067562188515,3.0797918279569894,2.1258162281340702,1.8477775268817205,0.0,1.0,0.0,2.3097219086021505,3.22762,14.615743279569894,1.8477775268817203,3.0797918279569894
