,cost,emission,grid,wood_supply,DHDC_small_heat,DHDC_medium_heat,DHDC_large_heat,wood_boiler_heat,wood_boiler_DHW,PV,SCFP,DHW_to_heat,ASHP,ASHP_DHW,GSHP_heat,GSHP_cooling,battery,DHW_storage,heat_storage,geothermal_boreholes,demand_electricity,demand_space_heating,demand_space_cooling,demand_hot_water
0,37426.788073356016,3782.105029235746,4.609253406367457,0.2769015725039796,20.0,0.0,0.0,4.999999999999998,5.000000000000001,21.971877858279875,0.0,0.0,6.642488872238219,0.4604166666666667,1.7076852461026872,1.5313177956989252,0.0,0.0,0.0,1.914147244623657,2.346252688172043,8.571695376344087,1.531317795698925,2.2845094623655915
1,11689.39970266273,4050.573782787561,5.670499595863274,0.002531799978056229,0.0,0.0,0.0,0.0,0.00177225998463936,18.99986650218945,0.0,0.0,6.8637178311342595,2.2827372023809525,1.7079775452098271,1.5313177956989252,0.0,0.0,0.0,1.9141472446236563,2.346252688172043,8.571695376344087,1.531317795698925,2.2845094623655915
2,11245.295731984099,4319.042536339372,5.747854987885919,0.002531799978056229,0.0,0.0,0.0,0.0,0.00177225998463936,12.66610962991554,0.0,0.0,6.8637178311342595,2.2827372023809525,1.7079775452098271,1.5313177956989252,0.0,0.0,0.0,1.9141472446236563,2.346252688172043,8.571695376344087,1.531317795698925,2.2845094623655915
3,10801.191761305467,4587.511289891186,5.825210379908564,0.002531799978056229,0.0,0.0,0.0,0.0,0.00177225998463936,6.332352757641604,0.0,0.0,6.8637178311342595,2.2827372023809525,1.7079775452098271,1.5313177956989252,0.0,0.0,0.0,1.9141472446236563,2.346252688172043,8.571695376344087,1.531317795698925,2.2845094623655915
4,10357.114156398158,4855.980043442998,6.0,0.2769015725039796,0.0,0.0,0.0,0.0,0.0,0.0,0.0,1.0,6.862958211361261,2.2845094623655915,1.708132568208635,1.5313177956989252,0.0,0.0,0.0,1.914147244623657,2.346252688172043,8.571695376344087,1.531317795698925,2.2845094623655915
