,cost,emission,grid,wood_supply,DHDC_small_heat,DHDC_medium_heat,DHDC_large_heat,wood_boiler_heat,wood_boiler_DHW,PV,SCFP,DHW_to_heat,ASHP,ASHP_DHW,GSHP_heat,GSHP_cooling,battery,DHW_storage,heat_storage,geothermal_boreholes,demand_electricity,demand_space_heating,demand_space_cooling,demand_hot_water
0,45227.298708190996,5385.1051465338305,6.987713298042419,0.3641448886586666,20.0,0.0,0.0,4.999999999999997,5.000000000000001,46.898539616761894,0.0,0.0,10.682040536493703,2.9908652446055997,2.3575018590309806,2.1133129032258062,0.0753703841921104,0.0,0.0,2.6416411290322577,3.529715053763441,13.330858306451612,2.113312903225806,3.30592876344086
1,18906.999058741556,5876.892653939892,8.589172609265113,0.0,0.0,0.0,0.0,0.0,0.0,38.67723605918276,0.0,1.0,10.973099965939152,3.3059287634408605,2.3570137168565464,2.1133129032258062,0.0,0.0,0.0,2.6416411290322577,3.529715053763441,13.330858306451612,2.113312903225806,3.30592876344086
2,17844.809248939357,6368.680161345952,8.713693164197858,0.003327230085582262,0.0,0.0,0.0,0.0,0.0023290610599075836,25.78305933275116,0.0,0.0,10.973356447420638,3.3035997023809527,2.3575018590309744,2.1133129032258062,0.0,0.0,0.0,2.6416411290322577,3.529715053763441,13.330858306451612,2.113312903225806,3.30592876344086
3,16782.685275590902,6860.467668752012,8.83913991254354,0.003327230085582262,0.0,0.0,0.0,0.0,0.0023290610599075836,12.89050136087861,0.0,0.0,10.973356447420638,3.3035997023809527,2.3575018590309744,2.1133129032258062,0.0,0.0,0.0,2.6416411290322577,3.529715053763441,13.330858306451612,2.113312903225806,3.30592876344086
4,15720.634737221577,7352.255176158072,9.0,0.3641448886586666,0.0,0.0,0.0,0.0,0.0,0.0,0.0,1.0,10.97237536916496,3.3059287634408605,2.35773831363074,2.1133129032258062,0.0,0.0,0.0,2.6416411290322577,3.529715053763441,13.330858306451612,2.113312903225806,3.30592876344086
