,cost,emission,grid,wood_supply,DHDC_small_heat,DHDC_medium_heat,DHDC_large_heat,wood_boiler_heat,wood_boiler_DHW,PV,SCFP,DHW_to_heat,ASHP,ASHP_DHW,GSHP_heat,GSHP_cooling,battery,DHW_storage,heat_storage,geothermal_boreholes,demand_electricity,demand_space_heating,demand_space_cooling,demand_hot_water
0,55002.55753600138,7737.793064775342,10.12644518320388,0.4667519339531939,20.0,0.0,0.0,4.999999999999997,5.000000000000001,76.21483827234111,0.0,0.0,16.017892001224546,4.9473764240105425,0.0,0.0,0.13578898999560732,0.0,0.0,0.0,5.6344263888888895,16.391293548387097,0.0,5.38328629032258
1,28399.174543292636,8529.422884828764,12.647048785230512,0.0,0.0,0.0,0.0,0.0,0.0,62.224379787760085,0.0,1.0,16.390784139784948,5.383286290322581,0.0,0.0,0.0,0.0,0.0,0.0,5.6344263888888895,16.391293548387097,0.0,5.38328629032258
2,26691.722632683384,9321.052704882188,12.874278697187211,0.0,0.0,0.0,0.0,0.0,0.0,41.48290991948509,0.0,1.0,16.390784139784948,5.383286290322581,0.0,0.0,0.0,0.0,0.0,0.0,5.6344263888888895,16.391293548387097,0.0,5.38328629032258
3,24984.270722074143,10112.682524935606,13.10150860914391,0.0,0.0,0.0,0.0,0.0,0.0,20.741440051210216,0.0,1.0,16.390784139784948,5.383286290322581,0.0,0.0,0.0,0.0,0.0,0.0,5.6344263888888895,16.391293548387097,0.0,5.38328629032258
4,23276.821266025952,10904.312344989028,14.0,0.4667519339531939,0.0,0.0,0.0,0.0,0.0,0.0,0.0,1.0,16.390784139784948,5.383286290322581,0.0,0.0,0.0,0.0,0.0,0.0,5.6344263888888895,16.391293548387097,0.0,5.38328629032258
