,cost,emission,grid,wood_supply,DHDC_small_heat,DHDC_medium_heat,DHDC_large_heat,wood_boiler_heat,wood_boiler_DHW,PV,SCFP,DHW_to_heat,ASHP,ASHP_DHW,GSHP_heat,GSHP_cooling,battery,DHW_storage,heat_storage,geothermal_boreholes,demand_electricity,demand_space_heating,demand_space_cooling,demand_hot_water
0,34980.76686917634,4781.566815801482,6.790683858085495,0.29450493495660446,,,,0.0,5.000000000000001,27.001409987601292,0.0,0.0,9.069626050686445,2.5874111154228383,2.2955957935305693,1.912173924731183,0.0,0.0,0.0,2.390217405913979,2.8829758064516127,9.946097956989247,1.9121739247311829,2.793564569892473
1,14145.379048537867,5052.874865583877,6.796348596394522,0.0027678379416294415,,,,0.0,0.0019374865591406088,20.919043211938984,0.0,0.0,7.8219110318452385,2.7916270833333328,2.1241869251440098,1.912173924731183,0.0,0.0,0.0,2.3902174059139787,2.8829758064516127,9.946097956989247,1.9121739247311829,2.793564569892473
2,13586.20087910894,5324.182915366271,6.870167632590632,0.0027678379416294415,,,,0.0,0.0019374865591406088,13.945452704023355,0.0,0.0,7.8219110318452385,2.7916270833333328,2.1241869251440098,1.912173924731183,0.0,0.0,0.0,2.3902174059139787,2.8829758064516127,9.946097956989247,1.9121739247311829,2.793564569892473
3,13027.022716753825,5595.490965148663,6.94741881603998,0.0027678379416294415,,,,0.0,0.0019374865591406088,6.9718622843262725,0.0,0.0,7.8219110318452385,2.7916270833333328,2.1241869251440098,1.912173924731183,0.0,0.0,0.0,2.3902174059139787,2.8829758064516127,9.946097956989247,1.9121739247311829,2.793564569892473
4,12467.903133000014,5866.799014931058,8.0,0.29450493495660446,,,,0.0,0.0,0.0,0.0,1.0,7.821096767508321,2.7935645698924736,2.1243871841045836,1.912173924731183,0.0,1.0,0.0,2.390217405913979,2.8829758064516127,9.946097956989247,1.9121739247311829,2.793564569892473
