,cost,emission,grid,wood_supply,DHDC_small_heat,DHDC_medium_heat,DHDC_large_heat,wood_boiler_heat,wood_boiler_DHW,PV,SCFP,DHW_to_heat,ASHP,ASHP_DHW,GSHP_heat,GSHP_cooling,battery,DHW_storage,heat_storage,geothermal_boreholes,demand_electricity,demand_space_heating,demand_space_cooling,demand_hot_water
0,39829.12271895123,4267.172884357345,5.617463367088906,0.29923535728756806,20.0,0.0,0.0,5.000000000000001,5.0,28.35295922501945,0.0,0.0,10.138429724922634,0.936510000000001,0.0,0.0,0.0,0.0,0.0,0.0,2.5333319892473116,10.377818010752687,0.0,2.57987376344086
1,13968.312552808908,4574.209166202198,6.811680161399205,0.0,0.0,0.0,0.0,0.0,0.0,24.330073325221907,0.0,1.0,10.377210967741936,2.5798737634408604,0.0,0.0,0.0,0.0,0.0,0.0,2.5333319892473116,10.377818010752687,0.0,2.57987376344086
2,13293.472807330829,4881.24544804705,6.896903459330499,0.0,0.0,0.0,0.0,0.0,0.0,16.220038037166983,0.0,1.0,10.377210967741936,2.5798737634408604,0.0,0.0,0.0,0.0,0.0,0.0,2.5333319892473116,10.377818010752687,0.0,2.57987376344086
3,12618.633061852746,5188.281729891903,6.982126757261793,0.0,0.0,0.0,0.0,0.0,0.0,8.110002749112027,0.0,1.0,10.377210967741936,2.5798737634408604,0.0,0.0,0.0,0.0,0.0,0.0,2.5333319892473116,10.377818010752687,0.0,2.57987376344086
4,11943.796023954987,5495.318011736755,8.0,0.29923535728756806,0.0,0.0,0.0,0.0,0.0,0.0,0.0,1.0,10.377210967741936,2.5798737634408604,0.0,0.0,0.0,0.0,0.0,0.0,2.5333319892473116,10.377818010752687,0.0,2.57987376344086
