,cost,emission,grid,wood_supply,DHDC_small_heat,DHDC_medium_heat,DHDC_large_heat,wood_boiler_heat,wood_boiler_DHW,PV,SCFP,DHW_to_heat,ASHP,ASHP_DHW,GSHP_heat,GSHP_cooling,battery,DHW_storage,heat_storage,geothermal_boreholes,demand_electricity,demand_space_heating,demand_space_cooling,demand_hot_water
0,56309.71230103943,7352.736950641715,12.546239362840474,0.4991164350471361,20.0,0.0,0.0,5.000000000000001,4.9999999999999964,85.46183858489601,0.0,0.0,20.52627454013433,2.124272638888889,0.0,0.0,1.0330057301549638,0.0,0.0,0.0,7.671366388888888,20.92556768817204,0.0,2.159994805555556
1,28419.32715506283,8104.299559946279,13.641438181057463,0.0,0.0,0.0,0.0,0.0,0.0,65.4846780927361,0.0,1.0,20.464422344982076,2.159994805555556,0.0,0.0,0.0,0.0,0.0,0.0,7.671366388888888,20.92556768817204,0.0,2.159994805555556
2,26049.685476803344,8855.862169250844,13.8961453151503,0.0,0.0,0.0,0.0,0.0,0.0,41.907792408562074,0.0,1.0,20.464422344982076,2.159994805555556,0.0,0.0,0.0,0.0,0.0,0.0,7.671366388888888,20.92556768817204,0.0,2.159994805555556
3,23979.200842861017,9607.424778555407,14.134079346690084,0.0,0.0,0.0,0.0,0.0,0.0,19.88350368195141,0.0,1.0,20.464422344982076,2.159994805555556,0.0,0.0,0.0,0.0,0.0,0.0,7.671366388888888,20.92556768817204,0.0,2.159994805555556
4,22321.200125001706,10358.987387859972,15.0,0.4991164350471361,0.0,0.0,0.0,0.0,0.0,0.0,0.0,1.0,20.464422344982076,2.159994805555556,0.0,0.0,0.0,1.0,0.0,0.0,7.671366388888888,20.92556768817204,0.0,2.159994805555556
