,cost,emission,grid,wood_supply,DHDC_small_heat,DHDC_medium_heat,DHDC_large_heat,wood_boiler_heat,wood_boiler_DHW,PV,SCFP,DHW_to_heat,ASHP,ASHP_DHW,GSHP_heat,GSHP_cooling,battery,DHW_storage,heat_storage,geothermal_boreholes,demand_electricity,demand_space_heating,demand_space_cooling,demand_hot_water
0,30072.315292634994,3139.61147362525,4.849232173291829,0.26400497394068934,,,,0.0,5.000000000000001,18.287135411625545,0.0,0.0,7.65963123181217,1.5765514107146237,1.0597771015211637,0.9460208333333335,0.0,0.0,0.0,1.182526041666667,1.6413420967741932,8.719408333333332,0.9460208333333334,1.7613548924731182
1,9608.493943786127,3347.7328590412844,4.974955576487942,0.002697890607856756,,,,0.0,0.0018885234254997292,14.246814125477075,0.0,0.0,7.63861058366402,1.7594663690476187,1.0807977496693122,0.9460208333333334,0.0,0.0,0.0,1.1825260416666667,1.6413420967741932,8.719408333333332,0.9460208333333334,1.7613548924731182
2,9295.160764791164,3555.8542444573213,5.030443264584531,0.002697890607856756,,,,0.0,0.0018885234254997292,9.497375682189489,0.0,0.0,7.63861058366402,1.7594663690476187,1.0807977496693122,0.9460208333333334,0.0,0.0,0.0,1.1825260416666667,1.6413420967741932,8.719408333333332,0.9460208333333334,1.7613548924731182
3,8981.827592300104,3763.975629873358,5.090250957913091,0.002697890607856756,,,,0.0,0.0018885234254997292,4.747937337486701,0.0,0.0,7.63861058366402,1.7594663690476187,1.0807977496693122,0.9460208333333334,0.0,0.0,0.0,1.1825260416666667,1.6413420967741932,8.719408333333332,0.9460208333333334,1.7613548924731182
4,8668.514170255998,3972.097015289394,6.0,0.26400497394068934,,,,0.0,0.0,0.0,0.0,1.0,7.637834700450162,1.7613548924731184,1.081026831807904,0.9460208333333335,0.0,1.0,0.0,1.182526041666667,1.6413420967741932,8.719408333333332,0.9460208333333334,1.7613548924731182
