,cost,emission,grid,wood_supply,DHDC_small_heat,DHDC_medium_heat,DHDC_large_heat,wood_boiler_heat,wood_boiler_DHW,PV,SCFP,DHW_to_heat,ASHP,ASHP_DHW,GSHP_heat,GSHP_cooling,battery,DHW_storage,heat_storage,geothermal_boreholes,demand_electricity,demand_space_heating,demand_space_cooling,demand_hot_water
0,42807.17001000365,5216.019096895205,6.582768953900898,0.32559460709764804,20.0,0.0,0.0,4.999999999999997,5.000000000000001,35.884173456470855,0.0,0.0,9.67051873065786,1.4360625000000027,2.3448394546317632,2.1154758064516126,0.0,0.0,0.0,2.644344758064516,3.3213965053763435,12.275833870967743,2.1154758064516126,3.095885752688172
1,16930.75995538745,5620.705269621191,8.021462616260635,0.0030553269694981065,0.0,0.0,0.0,0.0,0.0021387288786486745,30.368589889216896,0.0,0.0,9.899405990410058,3.0937470238095237,2.376427880557684,2.1154758064516126,0.0,0.0,0.0,2.644344758064516,3.3213965053763435,12.275833870967743,2.1154758064516126,3.095885752688172
2,16150.329689201444,6025.391442347179,8.13078567382894,0.0030553269694981065,0.0,0.0,0.0,0.0,0.0021387288786486745,20.245122011581703,0.0,0.0,9.89940599041005,3.0937470238095237,2.3764278805576913,2.1154758064516126,0.0,0.0,0.0,2.644344758064516,3.3213965053763435,12.275833870967743,2.1154758064516126,3.095885752688172
3,15369.89943659552,6430.077615073168,8.247150574798358,0.0030553269694981065,0.0,0.0,0.0,0.0,0.0021387288786486745,10.121654310102526,0.0,0.0,9.89940599041005,3.0937470238095237,2.3764278805576913,2.1154758064516126,0.0,0.0,0.0,2.644344758064516,3.3213965053763435,12.275833870967743,2.1154758064516126,3.095885752688172
4,14589.521382964202,6834.763787799157,9.0,0.32559460709764804,0.0,0.0,0.0,0.0,0.0,0.0,0.0,1.0,9.898497552536696,3.0958857526881722,2.37663067326976,2.1154758064516126,0.0,0.0,0.0,2.644344758064516,3.3213965053763435,12.275833870967743,2.1154758064516126,3.095885752688172
