,cost,emission,grid,wood_supply,DHDC_small_heat,DHDC_medium_heat,DHDC_large_heat,wood_boiler_heat,wood_boiler_DHW,PV,SCFP,DHW_to_heat,ASHP,ASHP_DHW,GSHP_heat,GSHP_cooling,battery,DHW_storage,heat_storage,geothermal_boreholes,demand_electricity,demand_space_heating,demand_space_cooling,demand_hot_water
0,52199.40556985292,7742.912103163064,10.317529494700107,0.4102734674552402,20.0,0.0,0.0,4.999999999999997,5.000000000000001,60.078133558640054,0.0,0.0,16.606441763670215,1.8784633333333383,0.0,0.0,0.0,0.0,0.0,0.0,5.439725,16.934660537634407,0.0,4.341982795698925
1,26151.946805880954,8377.98899230207,12.334347527176968,0.0,0.0,0.0,0.0,0.0,0.0,49.98019800330042,0.0,1.0,16.93392115591398,4.341982795698925,0.0,0.0,0.0,0.0,0.0,0.0,5.439725,16.934660537634407,0.0,4.341982795698925
2,24778.222685214874,9013.065881441074,12.496448969120683,0.0,0.0,0.0,0.0,0.0,0.0,33.32012684632039,0.0,1.0,16.93392115591398,4.341982795698925,0.0,0.0,0.0,0.0,0.0,0.0,5.439725,16.934660537634407,0.0,4.341982795698925
3,23404.498564548794,9648.142770580078,12.6585504110644,0.0,0.0,0.0,0.0,0.0,0.0,16.660055689340314,0.0,1.0,16.93392115591398,4.341982795698925,0.0,0.0,0.0,0.0,0.0,0.0,5.439725,16.934660537634407,0.0,4.341982795698925
4,22030.775719283625,10283.219659719087,13.0,0.4102734674552402,0.0,0.0,0.0,0.0,0.0,0.0,0.0,1.0,16.93392115591398,4.341982795698925,0.0,0.0,0.0,0.0,0.0,0.0,5.439725,16.934660537634407,0.0,4.341982795698925
