,cost,emission,grid,wood_supply,DHDC_small_heat,DHDC_medium_heat,DHDC_large_heat,wood_boiler_heat,wood_boiler_DHW,PV,SCFP,DHW_to_heat,ASHP,ASHP_DHW,GSHP_heat,GSHP_cooling,battery,DHW_storage,heat_storage,geothermal_boreholes,demand_electricity,demand_space_heating,demand_space_cooling,demand_hot_water
0,45162.47553966407,5325.3641079249655,7.104789768208912,0.36402917495714626,20.0,0.0,0.0,4.999999999999997,5.000000000000001,46.86547855918464,0.0,0.0,12.026020998287931,2.98987957753,1.774427711383929,2.2384114247311833,0.275471189918056,0.0,0.0,2.798014280913979,3.5799274193548385,13.354489354838709,2.238411424731183,3.305723118279569
1,18693.76590862201,5836.368064096472,8.590713589301538,0.0,0.0,0.0,0.0,0.0,0.0,38.332085635410465,0.0,1.0,10.802100190310847,3.3057231182795697,2.551656637646141,2.2384114247311833,0.0,0.0,0.0,2.798014280913979,3.5799274193548385,13.354489354838709,2.238411424731183,3.305723118279569
2,17709.323789723687,6347.372020267984,8.736789632401134,0.0033416995830591253,0.0,0.0,0.0,0.0,0.0023391897081413877,25.553022966845838,0.0,0.0,10.802352505125665,3.303383928571428,2.5521368497130448,2.2384114247311833,0.0,0.0,0.0,2.798014280913979,3.5799274193548385,13.354489354838709,2.238411424731183,3.305723118279569
3,16724.93312937097,6858.375976439492,8.883631669388215,0.0033416995830591253,0.0,0.0,0.0,0.0,0.0023391897081413877,12.77551350117807,0.0,0.0,10.802352505125665,3.303383928571428,2.5521368497130448,2.2384114247311833,0.0,0.0,0.0,2.798014280913979,3.5799274193548385,13.354489354838709,2.238411424731183,3.305723118279569
4,15740.599441206685,7369.379932610999,10.0,0.36402917495714626,0.0,0.0,0.0,0.0,0.0,0.0,0.0,1.0,10.801372442401647,3.3057231182795697,2.5523843855553423,2.2384114247311833,0.0,0.0,0.0,2.798014280913979,3.5799274193548385,13.354489354838709,2.238411424731183,3.305723118279569
