,cost,emission,grid,wood_supply,DHDC_small_heat,DHDC_medium_heat,DHDC_large_heat,wood_boiler_heat,wood_boiler_DHW,PV,SCFP,DHW_to_heat,ASHP,ASHP_DHW,GSHP_heat,GSHP_cooling,battery,DHW_storage,heat_storage,geothermal_boreholes,demand_electricity,demand_space_heating,demand_space_cooling,demand_hot_water
0,33446.04676786373,4430.999031875332,6.406826070872307,0.27510645531424105,,,,0.0,5.000000000000001,21.458987232640293,0.0,0.0,9.285432402943123,2.1229349974090512,1.729997650820319,1.5540475806451615,0.0,0.0,0.0,1.942559475806452,2.3237594086021507,11.015430053763442,1.5540475806451612,2.315509516129032
1,12833.70190963181,4633.9217948196765,6.5344199449409714,0.0074816897081407385,,,,0.0,0.005237182795698517,16.758890599263154,0.0,0.0,9.285432402943123,2.3102723333333333,1.729997650820319,1.5540475806451612,0.0,0.0,0.0,1.9425594758064517,2.3237594086021507,11.015430053763442,1.5540475806451612,2.315509516129032
2,12343.731677483618,4836.844557764018,6.592872376558577,0.0074816897081407385,,,,0.0,0.005237182795698517,11.170737857068847,0.0,0.0,9.285432402943123,2.3102723333333333,1.729997650820319,1.5540475806451612,0.0,0.0,0.0,1.9425594758064517,2.3237594086021507,11.015430053763442,1.5540475806451612,2.315509516129032
3,11853.761445335427,5039.767320708361,6.6513248081761835,0.0074816897081407385,,,,0.0,0.005237182795698517,5.582585114874539,0.0,0.0,9.285432402943123,2.3102723333333333,1.729997650820319,1.5540475806451612,0.0,0.0,0.0,1.9425594758064517,2.3237594086021507,11.015430053763442,1.5540475806451612,2.315509516129032
4,11363.890557500168,5242.6900836527,7.0,0.27510645531424105,,,,0.0,0.0,0.0,0.0,1.0,9.284545720147424,2.315509516129032,1.729988312110645,1.5540475806451615,0.0,1.0,0.0,1.942559475806452,2.3237594086021507,11.015430053763442,1.5540475806451612,2.315509516129032
