,cost,emission,grid,wood_supply,DHDC_small_heat,DHDC_medium_heat,DHDC_large_heat,wood_boiler_heat,wood_boiler_DHW,PV,SCFP,DHW_to_heat,ASHP,ASHP_DHW,GSHP_heat,GSHP_cooling,battery,DHW_storage,heat_storage,geothermal_boreholes,demand_electricity,demand_space_heating,demand_space_cooling,demand_hot_water
0,117806.5103708129,37776.369065461644,25.5365723782972,0.6042704609444772,38.597892473118286,0.0,0.0,4.999999999999997,5.000000000000001,115.50584598413633,0.0,0.0,2.3821376905730633,0.0,20.044842741935486,24.037553198924734,0.0,0.0,0.0,30.046941498655922,23.07039252688172,20.044842741935486,24.03755319892473,38.60034811827957
1,93504.56171673225,38936.960200533125,25.97763791632931,0.0,38.60034811827957,0.0,0.0,0.0,0.0,87.39006288314592,0.0,1.0,2.84190539460099,0.0,20.044842741935486,24.03755319892473,0.0,0.0,0.0,30.046941498655915,23.07039252688172,20.044842741935486,24.03755319892473,38.60034811827957
2,91198.72361476797,40097.55133560463,26.27350802314995,0.0,38.60034811827957,0.0,0.0,0.0,0.0,58.00603782783227,0.0,1.0,2.8419053946009867,0.0,20.044842741935486,24.03755319892473,0.0,0.0,0.0,30.046941498655915,23.07039252688172,20.044842741935486,24.03755319892473,38.60034811827957
3,88892.88570690835,41258.1424706761,26.667076252341012,0.0,38.60034811827957,0.0,0.0,0.0,0.0,28.622015246055504,0.0,1.0,2.8419053946009867,0.0,20.044842741935486,24.03755319892473,0.0,0.0,0.0,30.046941498655915,23.07039252688172,20.044842741935486,24.03755319892473,38.60034811827957
4,86632.08743805742,42418.733605747606,30.0,0.6042704609444772,38.58366517857142,0.0,0.0,0.0,0.0,0.0,0.0,1.0,2.841905394600983,0.01668293970814991,17.202937347334505,24.037553198924734,0.0,0.0,0.0,31.642135506297333,23.07039252688172,20.044842741935486,24.03755319892473,38.60034811827957
