,cost,emission,grid,wood_supply,DHDC_small_heat,DHDC_medium_heat,DHDC_large_heat,wood_boiler_heat,wood_boiler_DHW,PV,SCFP,DHW_to_heat,ASHP,ASHP_DHW,GSHP_heat,GSHP_cooling,battery,DHW_storage,heat_storage,geothermal_boreholes,demand_electricity,demand_space_heating,demand_space_cooling,demand_hot_water
0,47431.0493577957,6646.457778602012,8.374125936287875,0.3609036820012727,20.0,0.0,0.0,5.000000000000001,5.000000000000001,45.9724805717922,0.0,0.0,12.302666548975704,1.9252308333333368,3.0879344301544642,2.878868172043011,0.0,0.0,0.0,3.5985852150537645,4.240224462365592,15.679323924731184,2.8788681720430107,3.9583897849462364
1,21587.715929750044,7163.723762974003,10.200740179904987,0.0038157642089104954,0.0,0.0,0.0,0.0,0.002671034946237347,38.78789447202276,0.0,0.0,12.54928935568784,3.9557187499999995,3.1300345690433438,2.8788681720430107,0.0,0.0,0.0,3.598585215053763,4.240224462365592,15.679323924731184,2.8788681720430107,3.9583897849462364
2,20592.04157507205,7680.989747345994,10.332575241583216,0.0038157642089104954,0.0,0.0,0.0,0.0,0.002671034946237347,25.85784945311908,0.0,0.0,12.549289355687833,3.9557187499999995,3.1300345690433513,2.8788681720430107,0.0,0.0,0.0,3.598585215053763,4.240224462365592,15.679323924731184,2.8788681720430107,3.9583897849462364
3,19596.36723649918,8198.255731717989,10.472777127396984,0.0038157642089104954,0.0,0.0,0.0,0.0,0.002671034946237347,12.927804643360048,0.0,0.0,12.54928935568784,3.9557187499999995,3.1300345690433438,2.8788681720430107,0.0,0.0,0.0,3.598585215053763,4.240224462365592,15.679323924731184,2.8788681720430107,3.9583897849462364
4,18600.757776823102,8715.521716089981,11.0,0.3609036820012727,0.0,0.0,0.0,0.0,0.0,0.0,0.0,1.0,12.548130589260113,3.958389784946237,3.130241722567848,2.878868172043011,0.0,0.0,0.0,3.5985852150537645,4.240224462365592,15.679323924731184,2.8788681720430107,3.9583897849462364
