,cost,emission,grid,wood_supply,DHDC_small_heat,DHDC_medium_heat,DHDC_large_heat,wood_boiler_heat,wood_boiler_DHW,PV,SCFP,DHW_to_heat,ASHP,ASHP_DHW,GSHP_heat,GSHP_cooling,battery,DHW_storage,heat_storage,geothermal_boreholes,demand_electricity,demand_space_heating,demand_space_cooling,demand_hot_water
0,52862.511760553374,8224.865567185514,9.89686211547695,0.4141766504064506,20.0,0.0,0.0,4.9999999999999964,5.000000000000001,61.1933286875573,0.0,0.0,12.431130389620272,2.063745833333337,4.45564361263521,4.105004731182795,0.0,0.0,0.0,5.131255913978494,5.66592876344086,17.218115322580644,4.105004731182795,5.154630483870967
1,27101.871600798095,8902.442946223575,12.266951157105234,0.004221694645600904,0.0,0.0,0.0,0.0,0.0029551862519206326,51.53694093516729,0.0,0.0,12.710179180803571,5.151675297619048,4.507936141777073,4.105004731182795,0.0,0.0,0.0,5.131255913978494,5.66592876344086,17.218115322580644,4.105004731182795,5.154630483870967
2,25750.78887139248,9580.02032526164,12.440023376465728,0.004221694645600904,0.0,0.0,0.0,0.0,0.0029551862519206326,34.356573515681994,0.0,0.0,12.710179180803571,5.151675297619048,4.507936141777073,4.105004731182795,0.0,0.0,0.0,5.131255913978494,5.66592876344086,17.218115322580644,4.105004731182795,5.154630483870967
3,24399.70617665198,10257.597704299707,12.630480390796679,0.004221694645600904,0.0,0.0,0.0,0.0,0.0029551862519206326,17.176206536998293,0.0,0.0,12.710179180803571,5.151675297619048,4.507936141777073,4.105004731182795,0.0,0.0,0.0,5.131255913978494,5.66592876344086,17.218115322580644,4.105004731182795,5.154630483870967
4,23048.796081709617,10935.175083337774,13.0,0.4141766504064506,0.0,0.0,0.0,0.0,0.0,0.0,0.0,1.0,12.707184946932603,5.154630483870968,4.510170106830839,4.105004731182795,0.0,0.0,0.0,5.131255913978494,5.66592876344086,17.218115322580644,4.105004731182795,5.154630483870967
