,cost,emission,grid,wood_supply,DHDC_small_heat,DHDC_medium_heat,DHDC_large_heat,wood_boiler_heat,wood_boiler_DHW,PV,SCFP,DHW_to_heat,ASHP,ASHP_DHW,GSHP_heat,GSHP_cooling,battery,DHW_storage,heat_storage,geothermal_boreholes,demand_electricity,demand_space_heating,demand_space_cooling,demand_hot_water
0,47648.58906143654,7060.685771932587,9.158163172202391,0.3450705975206018,19.999999999999996,0.0,0.0,4.999999999999998,5.0,41.44874214874338,0.0,0.0,16.03908225854266,0.45617999999999864,0.0,0.0,0.0,0.0,0.0,0.0,4.3172500000000005,16.31513873655914,0.0,4.115219086021505
1,22156.569942467802,7536.2367308451885,11.030890795841042,0.0,0.0,0.0,0.0,0.0,0.0,35.69128027754634,0.0,1.0,16.314376639784946,4.115219086021505,0.0,0.0,0.0,0.0,0.0,0.0,4.3172500000000005,16.31513873655914,0.0,4.115219086021505
2,21239.30321329193,8011.787689757789,11.167867392971045,0.0,0.0,0.0,0.0,0.0,0.0,23.794179319339936,0.0,1.0,16.314376639784946,4.115219086021505,0.0,0.0,0.0,0.0,0.0,0.0,4.3172500000000005,16.31513873655914,0.0,4.115219086021505
3,20322.036484116055,8487.33864867039,11.304843990101046,0.0,0.0,0.0,0.0,0.0,0.0,11.897078361133545,0.0,1.0,16.314376639784946,4.115219086021505,0.0,0.0,0.0,0.0,0.0,0.0,4.3172500000000005,16.31513873655914,0.0,4.115219086021505
4,19404.771497174966,8962.88960758299,12.0,0.3450705975206018,0.0,0.0,0.0,0.0,0.0,0.0,0.0,1.0,16.314376639784946,4.115219086021505,0.0,0.0,0.0,0.0,0.0,0.0,4.3172500000000005,16.31513873655914,0.0,4.115219086021505
