,cost,emission,grid,wood_supply,DHDC_small_heat,DHDC_medium_heat,DHDC_large_heat,wood_boiler_heat,wood_boiler_DHW,PV,SCFP,DHW_to_heat,ASHP,ASHP_DHW,GSHP_heat,GSHP_cooling,battery,DHW_storage,heat_storage,geothermal_boreholes,demand_electricity,demand_space_heating,demand_space_cooling,demand_hot_water
0,46409.7907626865,5726.653829328293,7.510980179142742,0.37602067706326053,20.0,0.0,0.0,4.999999999999998,5.000000000000001,50.29162201807446,0.0,0.0,11.152137760102038,3.2453466371668305,2.7379118272796155,2.4489196236559136,0.24993438729159925,0.0,0.0,3.0611495295698927,3.8637768817204297,14.19086612903226,2.448919623655913,3.5706975806451613
1,20077.51358085581,6275.573070265045,9.208470784287655,0.0,0.0,0.0,0.0,0.0,0.0,41.17030236655627,0.0,1.0,11.452705227678573,3.5706975806451617,2.737437783074117,2.448919623655913,0.0,0.0,0.0,3.0611495295698914,3.8637768817204297,14.19086612903226,2.448919623655913,3.5706975806451613
2,19020.41529691641,6824.492311201798,9.36094309499666,0.003394502962475687,0.0,0.0,0.0,0.0,0.002376152073732981,27.44514277523311,0.0,0.0,11.45295430175265,3.5683214285714286,2.737911827279612,2.448919623655913,0.0,0.0,0.0,3.0611495295698914,3.8637768817204297,14.19086612903226,2.448919623655913,3.5706975806451613
3,17963.368984837052,7373.411552138546,9.51885773211601,0.003394502962475687,0.0,0.0,0.0,0.0,0.002376152073732981,13.721564256131979,0.0,0.0,11.45295430175265,3.5683214285714286,2.737911827279612,2.448919623655913,0.0,0.0,0.0,3.0611495295698914,3.8637768817204297,14.19086612903226,2.448919623655913,3.5706975806451613
4,16906.378961770155,7922.330793075296,10.0,0.37602067706326053,0.0,0.0,0.0,0.0,0.0,0.0,0.0,1.0,11.451965980366746,3.5706975806451617,2.7381770303859514,2.4489196236559136,0.0,0.0,0.0,3.0611495295698927,3.8637768817204297,14.19086612903226,2.448919623655913,3.5706975806451613
