,cost,emission,grid,wood_supply,DHDC_small_heat,DHDC_medium_heat,DHDC_large_heat,wood_boiler_heat,wood_boiler_DHW,PV,SCFP,DHW_to_heat,ASHP,ASHP_DHW,GSHP_heat,GSHP_cooling,battery,DHW_storage,heat_storage,geothermal_boreholes,demand_electricity,demand_space_heating,demand_space_cooling,demand_hot_water
0,44158.79637750079,8819.480470916078,9.281712928185684,0.33667217248779147,,,,0.0,5.000000000000001,39.049192139368984,0.0,0.0,0.0,5.201707221194018,6.697637634408603,9.436996290322583,0.0,0.0,0.0,11.796245362903228,6.610872741935483,6.697637634408602,9.436996290322579,5.437377741935484
1,23161.78818432663,9190.216226051303,9.459893159351058,0.014857012288785805,,,,0.0,0.010399908602150064,30.081729321471794,0.0,0.0,0.0,5.426977833333333,6.697637634408603,9.43699629032258,0.0,0.0,0.0,11.796245362903226,6.610872741935483,6.697637634408602,9.436996290322579,5.437377741935484
2,22301.049609287358,9560.951981186528,9.598759461802567,0.014857012288785805,,,,0.0,0.010399908602150064,20.05096178994415,0.0,0.0,0.0,5.426977833333333,6.697637634408603,9.43699629032258,0.0,0.0,0.0,11.796245362903226,6.610872741935483,6.697637634408602,9.436996290322579,5.437377741935484
3,21440.31254925116,9931.687736321752,10.390164891550882,0.014857012288785805,,,,0.0,0.010399908602150064,10.020211913769804,0.0,0.0,0.0,5.426977833333333,6.697637634408603,9.43699629032258,0.0,0.0,0.0,11.796245362903226,6.610872741935483,6.697637634408602,9.436996290322579,5.437377741935484
4,20579.69392824588,10302.423491456979,12.0,0.33667217248779147,,,,0.0,0.0,0.0,0.0,0.0,0.0,5.437377741935484,6.697637634408603,9.436996290322583,0.0,1.0,0.0,11.796245362903228,6.610872741935483,6.697637634408602,9.436996290322579,5.437377741935484
