,cost,emission,grid,wood_supply,DHDC_small_heat,DHDC_medium_heat,DHDC_large_heat,wood_boiler_heat,wood_boiler_DHW,PV,SCFP,DHW_to_heat,ASHP,ASHP_DHW,GSHP_heat,GSHP_cooling,battery,DHW_storage,heat_storage,geothermal_boreholes,demand_electricity,demand_space_heating,demand_space_cooling,demand_hot_water
0,51990.42863474343,7632.02146283748,11.574942313080813,0.38964811358135687,20.0,0.0,0.0,4.999999999999996,4.999999999999999,54.1851753089591,0.0,0.0,24.727863229565024,3.4427314316041615,0.0,0.0,0.6924216257204892,0.0,0.0,0.0,3.998395161290323,25.039581720430107,0.0,3.776083387096774
1,25497.768866020484,8240.388540465548,13.38300281079226,0.0,0.0,0.0,0.0,0.0,0.0,43.3464087275529,0.0,1.0,25.03865991935484,3.7760833870967745,0.0,0.0,0.0,0.0,0.0,0.0,3.998395161290323,25.039581720430107,0.0,3.776083387096774
2,24472.88167202316,8848.755618093614,13.557759317003216,0.0,0.0,0.0,0.0,0.0,0.0,28.897601999535812,0.0,1.0,25.03865991935484,3.7760833870967745,0.0,0.0,0.0,0.0,0.0,0.0,3.998395161290323,25.039581720430107,0.0,3.776083387096774
3,23447.994478025834,9457.122695721684,13.732515823214172,0.0,0.0,0.0,0.0,0.0,0.0,14.448795271518724,0.0,1.0,25.03865991935484,3.7760833870967745,0.0,0.0,0.0,0.0,0.0,0.0,3.998395161290323,25.039581720430107,0.0,3.776083387096774
4,22423.10809666437,10065.489773349751,14.0,0.38964811358135687,0.0,0.0,0.0,0.0,0.0,0.0,0.0,1.0,25.03865991935484,3.7760833870967745,0.0,0.0,0.0,0.0,0.0,0.0,3.998395161290323,25.039581720430107,0.0,3.776083387096774
