,cost,emission,grid,wood_supply,DHDC_small_heat,DHDC_medium_heat,DHDC_large_heat,wood_boiler_heat,wood_boiler_DHW,PV,SCFP,DHW_to_heat,ASHP,ASHP_DHW,GSHP_heat,GSHP_cooling,battery,DHW_storage,heat_storage,geothermal_boreholes,demand_electricity,demand_space_heating,demand_space_cooling,demand_hot_water
0,41444.91812142283,4199.705653132097,5.430685608394227,0.3365613609947652,20.0,0.0,0.0,4.9999999999999964,5.000000000000001,39.01753171279004,0.0,0.0,8.844014083247197,2.3935366666666646,0.0,0.0,0.0,0.0,0.0,0.0,2.906139784946237,9.113263172043009,0.0,2.944238010752688
1,15206.36636108175,4599.664381555017,6.809166825975343,0.0,0.0,0.0,0.0,0.0,0.0,32.409624403490106,0.0,1.0,9.112691075268817,2.944238010752688,0.0,0.0,0.0,0.0,0.0,0.0,2.906139784946237,9.113263172043009,0.0,2.944238010752688
2,14281.290791332034,4999.623109977938,6.915395167993949,0.0,0.0,0.0,0.0,0.0,0.0,21.60640538623969,0.0,1.0,9.112691075268817,2.944238010752688,0.0,0.0,0.0,0.0,0.0,0.0,2.906139784946237,9.113263172043009,0.0,2.944238010752688
3,13356.215240800217,5399.581838400859,7.029932411946321,0.0,0.0,0.0,0.0,0.0,0.0,10.803186593419696,0.0,1.0,9.112691075268817,2.944238010752688,0.0,0.0,0.0,0.0,0.0,0.0,2.906139784946237,9.113263172043009,0.0,2.944238010752688
4,12431.142447490898,5799.54056682378,8.0,0.3365613609947652,0.0,0.0,0.0,0.0,0.0,0.0,0.0,1.0,9.112691075268817,2.944238010752688,0.0,0.0,0.0,0.0,0.0,0.0,2.906139784946237,9.113263172043009,0.0,2.944238010752688
