,cost,emission,grid,wood_supply,DHDC_small_heat,DHDC_medium_heat,DHDC_large_heat,wood_boiler_heat,wood_boiler_DHW,PV,SCFP,DHW_to_heat,ASHP,ASHP_DHW,GSHP_heat,GSHP_cooling,battery,DHW_storage,heat_storage,geothermal_boreholes,demand_electricity,demand_space_heating,demand_space_cooling,demand_hot_water
0,45528.43035402387,6056.0530544523135,7.450549861602193,0.34848875903560633,20.0,0.0,0.0,4.999999999999998,5.000000000000001,42.42535972445896,0.0,0.0,10.341198107586326,1.2215758333333346,3.179357659378735,2.831828763440861,0.0,0.0,0.0,3.539785954301076,3.895989247311828,13.799346774193546,2.83182876344086,3.671744623655914
1,19735.147843099065,6520.708105301789,9.14527448259405,0.0036020133860005486,0.0,0.0,0.0,0.0,0.002521409370200384,36.036375509051084,0.0,0.0,10.572166801653438,3.6692232142857137,3.2271799725401085,2.8318287634408605,0.0,0.0,0.0,3.5397859543010757,3.895989247311828,13.799346774193546,2.83182876344086,3.671744623655914
2,18764.07087182221,6985.363156151267,9.268175326146721,0.0036020133860005486,0.0,0.0,0.0,0.0,0.002521409370200384,24.023518646097187,0.0,0.0,10.572166801653438,3.6692232142857137,3.2271799725401085,2.8318287634408605,0.0,0.0,0.0,3.5397859543010757,3.895989247311828,13.799346774193546,2.83182876344086,3.671744623655914
3,17792.99392387445,7450.01820700074,9.40223901148483,0.0036020133860005486,0.0,0.0,0.0,0.0,0.002521409370200384,12.010662071739523,0.0,0.0,10.572166801653438,3.6692232142857137,3.2271799725401085,2.8318287634408605,0.0,0.0,0.0,3.5397859543010757,3.895989247311828,13.799346774193546,2.83182876344086,3.671744623655914
4,16821.99208629203,7914.673257850215,10.0,0.34848875903560633,0.0,0.0,0.0,0.0,0.0,0.0,0.0,1.0,10.57108236318271,3.671744623655914,3.227393443268902,2.831828763440861,0.0,0.0,0.0,3.539785954301076,3.895989247311828,13.799346774193546,2.83182876344086,3.671744623655914
