,cost,emission,grid,wood_supply,DHDC_small_heat,DHDC_medium_heat,DHDC_large_heat,wood_boiler_heat,wood_boiler_DHW,PV,SCFP,DHW_to_heat,ASHP,ASHP_DHW,GSHP_heat,GSHP_cooling,battery,DHW_storage,heat_storage,geothermal_boreholes,demand_electricity,demand_space_heating,demand_space_cooling,demand_hot_water
0,36557.123568197356,3304.1255493546023,4.229756517211293,0.27522673834992306,20.0,0.0,0.0,4.999999999999997,5.000000000000001,21.493353814263727,0.0,0.0,6.630483855616357,0.9266450000000008,1.5245313666069298,1.3893171505376345,0.0,0.0,0.0,1.7366464381720434,1.9949999999999999,8.375196612903226,1.3893171505376343,1.9615148924731183
1,10639.485470399515,3549.405131062431,5.155046040918382,0.0025663429888085846,0.0,0.0,0.0,0.0,0.0017964400921660093,18.409070383116347,0.0,0.0,6.8506652462962965,1.9597184523809523,1.5245313666069298,1.3893171505376345,0.0,0.0,0.0,1.736646438172043,1.9949999999999999,8.375196612903226,1.3893171505376343,1.9615148924731183
2,10166.267133790601,3794.6847127702604,5.225375405535763,0.0025663429888085846,0.0,0.0,0.0,0.0,0.0017964400921660093,12.272211524463238,0.0,0.0,6.8506652462962965,1.9597184523809523,1.5245313666069298,1.3893171505376345,0.0,0.0,0.0,1.736646438172043,1.9949999999999999,8.375196612903226,1.3893171505376343,1.9615148924731183
3,9693.048797181686,4039.9642944780885,5.295704770153143,0.0025663429888085846,0.0,0.0,0.0,0.0,0.0017964400921660093,6.13535266581015,0.0,0.0,6.8506652462962965,1.9597184523809523,1.5245313666069298,1.3893171505376345,0.0,0.0,0.0,1.736646438172043,1.9949999999999999,8.375196612903226,1.3893171505376343,1.9615148924731183
4,9219.876067551555,4285.243876185918,6.0,0.27522673834992306,0.0,0.0,0.0,0.0,0.0,0.0,0.0,1.0,6.849860687156511,1.9615148924731185,1.5246226999402637,1.3893171505376345,0.0,0.0,0.0,1.7366464381720434,1.9949999999999999,8.375196612903226,1.3893171505376343,1.9615148924731183
