,cost,emission,grid,wood_supply,DHDC_small_heat,DHDC_medium_heat,DHDC_large_heat,wood_boiler_heat,wood_boiler_DHW,PV,SCFP,DHW_to_heat,ASHP,ASHP_DHW,GSHP_heat,GSHP_cooling,battery,DHW_storage,heat_storage,geothermal_boreholes,demand_electricity,demand_space_heating,demand_space_cooling,demand_hot_water
0,29140.13189917907,2570.3745453648044,3.948360897947814,0.2715250163221449,,,,0.0,5.000000000000001,20.43571894918425,0.0,0.0,5.496450382440477,1.4626005530906154,1.1434251014304928,1.0116645161290323,0.06757926401988483,0.0,0.0,1.2645806451612904,1.5426344086021502,6.639875483870968,1.0116645161290323,1.652668064516129
1,8588.183463863666,2782.908428239889,4.109747666756238,0.0028944289005925807,,,,0.0,0.0020261002304148065,15.892176824423709,0.0,0.0,5.496450382440477,1.6506419642857144,1.143425101430491,1.0116645161290323,0.0,0.0,0.0,1.2645806451612904,1.5426344086021502,6.639875483870968,1.0116645161290323,1.652668064516129
2,8181.913426219368,2995.4423111149713,4.163692184041302,0.0028944289005925807,,,,0.0,0.0020261002304148065,10.594186542137594,0.0,0.0,5.496450382440477,1.6506419642857144,1.143425101430491,1.0116645161290323,0.0,0.0,0.0,1.2645806451612904,1.5426344086021502,6.639875483870968,1.0116645161290323,1.652668064516129
3,7775.643388575068,3207.976193990056,4.2176367013263665,0.0028944289005925807,,,,0.0,0.0020261002304148065,5.296196259851452,0.0,0.0,5.496450382440477,1.6506419642857144,1.143425101430491,1.0116645161290323,0.0,0.0,0.0,1.2645806451612904,1.5426344086021502,6.639875483870968,1.0116645161290323,1.652668064516129
4,7369.419440838232,3420.510076865139,5.0,0.2715250163221449,,,,0.0,0.0,0.0,0.0,1.0,5.495705771628048,1.6526680645161291,1.1438379649310935,1.0116645161290323,0.0,1.0,0.0,1.2645806451612904,1.5426344086021502,6.639875483870968,1.0116645161290323,1.652668064516129
