,cost,emission,grid,wood_supply,DHDC_small_heat,DHDC_medium_heat,DHDC_large_heat,wood_boiler_heat,wood_boiler_DHW,PV,SCFP,DHW_to_heat,ASHP,ASHP_DHW,GSHP_heat,GSHP_cooling,battery,DHW_storage,heat_storage,geothermal_boreholes,demand_electricity,demand_space_heating,demand_space_cooling,demand_hot_water
0,43802.045741805254,8672.244925549458,9.142296737135538,0.33643944349228266,,,,0.0,5.000000000000001,38.98269814065218,0.0,0.0,0.0,5.1187921745016265,6.545130806451614,9.317552795698926,0.0,0.0,0.0,11.646940994623659,6.60061814516129,6.545130806451613,9.317552795698925,5.354299784946237
1,22838.49243352153,9055.260570225273,9.33839034596059,0.003397226793944553,,,,0.0,0.002378058755761187,30.012482946564198,0.0,0.0,0.0,5.351921726190476,6.545130806451614,9.317552795698925,0.0,0.0,0.0,11.646940994623657,6.60061814516129,6.545130806451613,9.317552795698925,5.354299784946237
2,22018.288093176983,9438.276214901087,9.49006036449622,0.003397226793944553,,,,0.0,0.002378058755761187,20.007800703933846,0.0,0.0,0.0,5.351921726190476,6.545130806451614,9.317552795698925,0.0,0.0,0.0,11.646940994623657,6.60061814516129,6.545130806451613,9.317552795698925,5.354299784946237
3,21198.08517908033,9821.291859576899,10.307753487348304,0.003397226793944553,,,,0.0,0.002378058755761187,10.003135858379196,0.0,0.0,0.0,5.351921726190476,6.545130806451614,9.317552795698925,0.0,0.0,0.0,11.646940994623657,6.60061814516129,6.545130806451613,9.317552795698925,5.354299784946237
4,20377.971670709645,10204.307504252713,12.0,0.33643944349228266,,,,0.0,0.0,0.0,0.0,0.0,0.0,5.354299784946237,6.545130806451614,9.317552795698926,0.0,1.0,0.0,11.646940994623659,6.60061814516129,6.545130806451613,9.317552795698925,5.354299784946237
