,cost,emission,grid,wood_supply,DHDC_small_heat,DHDC_medium_heat,DHDC_large_heat,wood_boiler_heat,wood_boiler_DHW,PV,SCFP,DHW_to_heat,ASHP,ASHP_DHW,GSHP_heat,GSHP_cooling,battery,DHW_storage,heat_storage,geothermal_boreholes,demand_electricity,demand_space_heating,demand_space_cooling,demand_hot_water
0,45285.84621359948,5939.405863279739,7.511364826402881,0.3462125846427266,20.0,0.0,0.0,4.999999999999998,5.000000000000001,41.77502418363616,0.0,0.0,11.013259917140319,1.8020708333333333,2.702326036650879,2.497411344086022,0.0,0.0,0.0,3.1217641801075273,3.816737903225807,13.992556021505377,2.4974113440860215,3.4993897849462363
1,19381.160342019717,6408.375543024897,9.137031043708637,0.0032120227123104772,0.0,0.0,0.0,0.0,0.0022484158986173343,35.17428583167205,0.0,0.0,11.248168040410052,3.497141369047619,2.744387981095325,2.4974113440860215,0.0,0.0,0.0,3.121764180107527,3.816737903225807,13.992556021505377,2.4974113440860215,3.4993897849462363
2,18477.94802446417,6877.345222770055,9.256591479371602,0.0032120227123104772,0.0,0.0,0.0,0.0,0.0022484158986173343,23.448890691344943,0.0,0.0,11.248168040410052,3.497141369047619,2.744387981095325,2.4974113440860215,0.0,0.0,0.0,3.121764180107527,3.816737903225807,13.992556021505377,2.4974113440860215,3.4993897849462363
3,17574.735706908625,7346.314902515215,9.376151915034567,0.0032120227123104772,0.0,0.0,0.0,0.0,0.0022484158986173343,11.723495551017784,0.0,0.0,11.248168040410054,3.497141369047619,2.7443879810953224,2.4974113440860215,0.0,0.0,0.0,3.121764180107527,3.816737903225807,13.992556021505377,2.4974113440860215,3.4993897849462363
4,16671.577899371543,7815.284582260375,10.0,0.3462125846427266,0.0,0.0,0.0,0.0,0.0,0.0,0.0,1.0,11.247209273982333,3.4993897849462368,2.7445940593509963,2.497411344086022,0.0,0.0,0.0,3.1217641801075273,3.816737903225807,13.992556021505377,2.4974113440860215,3.4993897849462363
