,cost,emission,grid,wood_supply,DHDC_small_heat,DHDC_medium_heat,DHDC_large_heat,wood_boiler_heat,wood_boiler_DHW,PV,SCFP,DHW_to_heat,ASHP,ASHP_DHW,GSHP_heat,GSHP_cooling,battery,DHW_storage,heat_storage,geothermal_boreholes,demand_electricity,demand_space_heating,demand_space_cooling,demand_hot_water
0,44942.60014414308,5896.89208623033,7.414149619993482,0.3409939926785494,20.0,0.0,0.0,4.999999999999998,5.000000000000001,40.28399790815697,0.0,0.0,10.955411430592612,1.5899558333333328,2.845010579565624,2.5550223118279574,0.0,0.0,0.0,3.193777889784947,3.683090053763441,14.073217204301075,2.555022311827957,3.542470537634409
1,19111.82368742394,6351.295428804007,9.052786771669286,0.003500002743034462,0.0,0.0,0.0,0.0,0.002450001920124123,34.117556270904096,0.0,0.0,11.181006723941799,3.540020535714285,2.8922104803592763,2.5550223118279574,0.0,0.0,0.0,3.193777889784947,3.683090053763441,14.073217204301075,2.555022311827957,3.542470537634409
2,18234.35164683068,6805.698771377684,9.173630317047891,0.003500002743034462,0.0,0.0,0.0,0.0,0.002450001920124123,22.744347226093534,0.0,0.0,11.181006723941799,3.540020535714285,2.8922104803592763,2.5550223118279574,0.0,0.0,0.0,3.193777889784947,3.683090053763441,14.073217204301075,2.555022311827957,3.542470537634409
3,17356.879625030517,7260.102113951363,9.304205963550503,0.003500002743034462,0.0,0.0,0.0,0.0,0.002450001920124123,11.3711384248666,0.0,0.0,11.181006723941799,3.540020535714285,2.8922104803592763,2.5550223118279574,0.0,0.0,0.0,3.193777889784947,3.683090053763441,14.073217204301075,2.555022311827957,3.542470537634409
4,16479.46747416415,7714.505456525046,10.0,0.3409939926785494,0.0,0.0,0.0,0.0,0.0,0.0,0.0,1.0,11.179959482603692,3.5424705376344092,2.8924302485791036,2.555022311827958,0.0,0.0,0.0,3.1937778897849474,3.683090053763441,14.073217204301075,2.555022311827957,3.542470537634409
