,cost,emission,grid,wood_supply,DHDC_small_heat,DHDC_medium_heat,DHDC_large_heat,wood_boiler_heat,wood_boiler_DHW,PV,SCFP,DHW_to_heat,ASHP,ASHP_DHW,GSHP_heat,GSHP_cooling,battery,DHW_storage,heat_storage,geothermal_boreholes,demand_electricity,demand_space_heating,demand_space_cooling,demand_hot_water
0,44074.18228895037,8789.432057476395,9.19643030113993,0.3367051170338095,,,,0.0,5.000000000000001,39.05860486680271,0.0,0.0,0.0,5.28988571915159,6.310188172043012,9.515026209677421,0.0,0.0,0.0,12.18089482111511,6.653863037634408,6.310188172043012,9.51502620967742,5.525579301075269
1,23095.15720301869,9167.61634385305,9.3792079673566,0.004607334869432497,,,,0.0,0.0032251344086027473,30.08097331137789,0.0,0.0,0.0,5.522354166666666,6.310188172043012,9.51502620967742,0.0,0.0,0.0,11.893782762096775,6.653863037634408,6.310188172043012,9.51502620967742,5.525579301075269
2,22256.531389905187,9545.800630229702,9.620738953730578,0.004607334869432497,,,,0.0,0.0032251344086027473,20.053190687988053,0.0,0.0,0.0,5.522354166666666,6.310188172043012,9.51502620967742,0.0,0.0,0.0,11.893782762096775,6.653863037634408,6.310188172043012,9.51502620967742,5.525579301075269
3,21417.906832440294,9923.984916606354,10.428513267657982,0.004607334869432497,,,,0.0,0.0032251344086027473,10.02542307888845,0.0,0.0,0.0,5.522354166666666,6.310188172043012,9.51502620967742,0.0,0.0,0.0,11.893782762096775,6.653863037634408,6.310188172043012,9.51502620967742,5.525579301075269
4,20579.390350700025,10302.16920298301,12.0,0.3367051170338095,,,,0.0,0.0,0.0,0.0,0.0,0.0,5.525579301075269,6.310188172043012,9.515026209677421,0.0,1.0,0.0,12.815970318892866,6.653863037634408,6.310188172043012,9.51502620967742,5.525579301075269
