,cost,emission,grid,wood_supply,DHDC_small_heat,DHDC_medium_heat,DHDC_large_heat,wood_boiler_heat,wood_boiler_DHW,PV,SCFP,DHW_to_heat,ASHP,ASHP_DHW,GSHP_heat,GSHP_cooling,battery,DHW_storage,heat_storage,geothermal_boreholes,demand_electricity,demand_space_heating,demand_space_cooling,demand_hot_water
0,36940.20848360634,4693.661164382999,7.076841419807581,0.34396399362000407,,,,0.0,5.000000000000001,41.13256960571545,0.0,0.0,8.319710452380951,2.777487301240178,2.440577182027656,2.1735739247311825,0.11348938239842726,0.0,0.0,2.716967405913978,3.168454301075269,10.760287634408602,2.1735739247311825,3.018262096774193
1,15963.876935604014,5114.670159806101,7.297535347825829,0.0034972981127931167,,,,0.0,0.0024481086789551816,31.554433361381545,0.0,0.0,8.319710452380953,3.0158139880952377,2.4405771820276523,2.1735739247311825,0.0,0.0,0.0,2.716967405913978,3.168454301075269,10.760287634408602,2.1735739247311825,3.018262096774193
2,15154.462393241556,5535.679155229203,7.407488782476926,0.0034972981127931167,,,,0.0,0.0024481086789551816,21.035583855502367,0.0,0.0,8.319710452380953,3.0158139880952377,2.4405771820276523,2.1735739247311825,0.0,0.0,0.0,2.716967405913978,3.168454301075269,10.760287634408602,2.1735739247311825,3.018262096774193
3,14345.047872013058,5956.688150652307,7.528434833940621,0.0034972981127931167,,,,0.0,0.0024481086789551816,10.516734624272205,0.0,0.0,8.319710452380953,3.0158139880952377,2.4405771820276523,2.1735739247311825,0.0,0.0,0.0,2.716967405913978,3.168454301075269,10.760287634408602,2.1735739247311825,3.018262096774193
4,13535.691696137228,6377.697146075408,8.0,0.34396399362000407,,,,0.0,0.0,0.0,0.0,1.0,8.318726596347501,3.018262096774193,2.440915876770783,2.1735739247311825,0.0,1.0,0.0,2.716967405913978,3.168454301075269,10.760287634408602,2.1735739247311825,3.018262096774193
