,cost,emission,grid,wood_supply,DHDC_small_heat,DHDC_medium_heat,DHDC_large_heat,wood_boiler_heat,wood_boiler_DHW,PV,SCFP,DHW_to_heat,ASHP,ASHP_DHW,GSHP_heat,GSHP_cooling,battery,DHW_storage,heat_storage,geothermal_boreholes,demand_electricity,demand_space_heating,demand_space_cooling,demand_hot_water
0,41448.68086547923,4187.19420639373,5.40705099776404,0.3371298269332368,20.0,0.0,0.0,4.999999999999997,5.000000000000001,39.17995055235333,0.0,0.0,8.836185251356637,2.419086666666664,0.0,0.0,0.0,0.0,0.0,0.0,2.9153348214285715,9.105889112903226,0.0,2.945064569892473
1,15202.914906746226,4588.708794426115,6.794600143076741,0.0,0.0,0.0,0.0,0.0,0.0,32.52808460028275,0.0,1.0,9.105287204301076,2.9450645698924736,0.0,0.0,0.0,0.0,0.0,0.0,2.9153348214285715,9.105889112903226,0.0,2.945064569892473
2,14274.729833324627,4990.223382458499,6.909905247266312,0.0,0.0,0.0,0.0,0.0,0.0,21.685378962189567,0.0,1.0,9.105287204301076,2.9450645698924736,0.0,0.0,0.0,0.0,0.0,0.0,2.9153348214285715,9.105889112903226,0.0,2.945064569892473
3,13346.54475990303,5391.7379704908835,7.025210351455882,0.0,0.0,0.0,0.0,0.0,0.0,10.84267332409638,0.0,1.0,9.105287204301076,2.9450645698924736,0.0,0.0,0.0,0.0,0.0,0.0,2.9153348214285715,9.105889112903226,0.0,2.945064569892473
4,12418.36245270699,5793.252558523268,8.0,0.3371298269332368,0.0,0.0,0.0,0.0,0.0,0.0,0.0,1.0,9.105287204301076,2.9450645698924736,0.0,0.0,0.0,0.0,0.0,0.0,2.9153348214285715,9.105889112903226,0.0,2.945064569892473
