,cost,emission,grid,wood_supply,DHDC_small_heat,DHDC_medium_heat,DHDC_large_heat,wood_boiler_heat,wood_boiler_DHW,PV,SCFP,DHW_to_heat,ASHP,ASHP_DHW,GSHP_heat,GSHP_cooling,battery,DHW_storage,heat_storage,geothermal_boreholes,demand_electricity,demand_space_heating,demand_space_cooling,demand_hot_water
0,44061.301874504155,8785.115870580099,9.240225053030821,0.3367251689224944,,,,0.0,5.000000000000001,39.06433397785554,0.0,0.0,0.0,5.167532973152092,6.561267204301076,9.538324569892474,0.0,0.0,0.0,11.922905712365592,6.637701182795698,6.561267204301076,9.538324569892472,5.40324059139785
1,23081.359109325243,9163.031278686463,9.43462371965572,0.0037408108404675387,,,,0.0,0.002618567588327277,30.086580208366676,0.0,0.0,0.0,5.4006220238095235,6.561267204301076,9.538324569892474,0.0,0.0,0.0,11.922905712365592,6.637701182795698,6.561267204301076,9.538324569892472,5.40324059139785
2,22241.632824963788,9540.946686792828,9.619948383503875,0.0037408108404675387,,,,0.0,0.002618567588327277,20.057120443536327,0.0,0.0,0.0,5.4006220238095235,6.561267204301076,9.538324569892474,0.0,0.0,0.0,11.922905712365592,6.637701182795698,6.561267204301076,9.538324569892472,5.40324059139785
3,21401.9079225774,9918.862094899194,10.427225017108567,0.0037408108404675387,,,,0.0,0.002618567588327277,10.027677184636033,0.0,0.0,0.0,5.4006220238095235,6.561267204301076,9.538324569892474,0.0,0.0,0.0,11.922905712365592,6.637701182795698,6.561267204301076,9.538324569892472,5.40324059139785
4,20562.281306902023,10296.77750300556,12.0,0.3367251689224944,,,,0.0,0.0,0.0,0.0,0.0,0.0,5.40324059139785,6.561267204301076,9.538324569892474,0.0,1.0,0.0,12.070392469474967,6.637701182795698,6.561267204301076,9.538324569892472,5.40324059139785
