,cost,emission,grid,wood_supply,DHDC_small_heat,DHDC_medium_heat,DHDC_large_heat,wood_boiler_heat,wood_boiler_DHW,PV,SCFP,DHW_to_heat,ASHP,ASHP_DHW,GSHP_heat,GSHP_cooling,battery,DHW_storage,heat_storage,geothermal_boreholes,demand_electricity,demand_space_heating,demand_space_cooling,demand_hot_water
0,29447.814918598633,2881.2399793222876,4.152788755448438,0.2628469585577517,,,,0.0,5.000000000000001,17.956273873643344,0.0,0.0,5.638143221164022,1.514837774170852,1.0217893057176988,0.9339471505376344,0.0,0.0,0.0,1.167433938172043,1.622173387096774,6.65993252688172,0.9339471505376342,1.6988306451612905
1,8904.142452159509,3047.8640303684547,4.267808106118803,0.0070933819764461585,,,,0.0,0.0049653673835123105,14.118602081464516,0.0,0.0,5.610766517460317,1.693865277777778,1.0491660094214024,0.9339471505376343,0.0,0.0,0.0,1.1674339381720429,1.622173387096774,6.65993252688172,0.9339471505376342,1.6988306451612905
2,8478.792632267054,3214.488081414625,4.310298502165305,0.0070933819764461585,,,,0.0,0.0049653673835123105,9.410556330635448,0.0,0.0,5.610766517460317,1.693865277777778,1.0491660094214048,0.9339471505376343,0.0,0.0,0.0,1.1674339381720429,1.622173387096774,6.65993252688172,0.9339471505376342,1.6988306451612905
3,8053.442812374599,3381.1121324607957,4.3527888982118075,0.0070933819764461585,,,,0.0,0.0049653673835123105,4.702510579806382,0.0,0.0,5.610766517460317,1.693865277777778,1.0491660094214048,0.9339471505376343,0.0,0.0,0.0,1.1674339381720429,1.622173387096774,6.65993252688172,0.9339471505376342,1.6988306451612905
4,7628.207375529404,3547.7361835069646,5.0,0.2628469585577517,,,,0.0,0.0,0.0,0.0,1.0,5.610127076002739,1.6988306451612905,1.0494479239972605,0.9339471505376344,0.0,1.0,0.0,1.167433938172043,1.622173387096774,6.65993252688172,0.9339471505376342,1.6988306451612905
