,cost,emission,grid,wood_supply,DHDC_small_heat,DHDC_medium_heat,DHDC_large_heat,wood_boiler_heat,wood_boiler_DHW,PV,SCFP,DHW_to_heat,ASHP,ASHP_DHW,GSHP_heat,GSHP_cooling,battery,DHW_storage,heat_storage,geothermal_boreholes,demand_electricity,demand_space_heating,demand_space_cooling,demand_hot_water
0,34580.19535313288,4038.1397283748047,6.097018847087336,0.3248338035264352,,,,0.0,5.000000000000001,35.6668010075529,0.0,0.0,7.026646543526785,2.4585102622626662,2.3531205532474093,2.068272043010753,0.24200671121372924,0.0,0.0,2.585340053763441,2.801772849462366,9.379767096774193,2.0682720430107526,2.685893924731183
1,13749.440665211003,4421.9052036925805,6.341775472005417,0.003430946894887469,,,,0.0,0.0024016628264212285,27.32238634021484,0.0,0.0,7.026042659598215,2.6834922619047616,2.3537244371759796,2.068272043010753,0.0,0.0,0.0,2.585340053763441,2.801772849462366,9.379767096774193,2.0682720430107526,2.685893924731183
2,13104.079732217513,4805.670679010356,6.439515892505781,0.003430946894887469,,,,0.0,0.0024016628264212285,18.213871616718862,0.0,0.0,7.026042659598215,2.6834922619047616,2.3537244371759796,2.068272043010753,0.0,0.0,0.0,2.585340053763441,2.801772849462366,9.379767096774193,2.0682720430107526,2.685893924731183
3,12458.718799224029,5189.43615432813,6.537256313006145,0.003430946894887469,,,,0.0,0.0024016628264212285,9.10535689322291,0.0,0.0,7.026042659598215,2.6834922619047616,2.3537244371759796,2.068272043010753,0.0,0.0,0.0,2.585340053763441,2.801772849462366,9.379767096774193,2.0682720430107526,2.685893924731183
4,11813.458639940773,5573.201629645904,7.0,0.3248338035264352,,,,0.0,0.0,0.0,0.0,1.0,7.023634637644809,2.6858939247311833,2.355462244075621,2.068272043010753,0.0,1.0,0.0,2.585340053763441,2.801772849462366,9.379767096774193,2.0682720430107526,2.685893924731183
