,cost,emission,grid,wood_supply,DHDC_small_heat,DHDC_medium_heat,DHDC_large_heat,wood_boiler_heat,wood_boiler_DHW,PV,SCFP,DHW_to_heat,ASHP,ASHP_DHW,GSHP_heat,GSHP_cooling,battery,DHW_storage,heat_storage,geothermal_boreholes,demand_electricity,demand_space_heating,demand_space_cooling,demand_hot_water
0,44235.42617850873,7303.213263103141,10.434207300528096,0.3838230853373683,,,,0.0,4.999999999999998,52.52088152496236,0.0,0.0,11.148233333333334,4.214064539188562,3.874547284946236,3.6084487903225813,0.0,0.0,0.0,4.510560987903227,4.86747311827957,15.02278061827957,3.6084487903225804,4.482740698924732
1,23030.295407270965,7838.971991404358,10.674208519867438,0.003930590300638553,,,,0.0,0.0027514132104469874,40.23813855516055,0.0,0.0,11.056922520585317,4.479989285714286,3.9658580976942526,3.608448790322581,0.0,0.0,0.0,4.510560987903226,4.86747311827957,15.02278061827957,3.6084487903225804,4.482740698924732
2,21994.846223186167,8374.730719705563,10.818831778529177,0.003930590300638553,,,,0.0,0.0027514132104469874,26.824146203248844,0.0,0.0,11.056922520585317,4.479989285714286,3.9658580976942526,3.608448790322581,0.0,0.0,0.0,4.510560987903226,4.86747311827957,15.02278061827957,3.6084487903225804,4.482740698924732
3,20959.39705680651,8910.48944800678,10.972615982882065,0.003930590300638553,,,,0.0,0.0027514132104469874,13.410154080702869,0.0,0.0,11.056922520585317,4.479989285714286,3.9658580976942526,3.608448790322581,0.0,0.0,0.0,4.510560987903226,4.86747311827957,15.02278061827957,3.6084487903225804,4.482740698924732
4,19924.10320246338,9446.248176308007,12.0,0.3838230853373683,,,,0.0,0.0,0.0,0.0,1.0,11.05413890499392,4.482740698924732,3.967859939092101,3.6084487903225813,0.0,1.0,0.0,4.510560987903227,4.86747311827957,15.02278061827957,3.6084487903225804,4.482740698924732
