,cost,emission,grid,wood_supply,DHDC_small_heat,DHDC_medium_heat,DHDC_large_heat,wood_boiler_heat,wood_boiler_DHW,PV,SCFP,DHW_to_heat,ASHP,ASHP_DHW,GSHP_heat,GSHP_cooling,battery,DHW_storage,heat_storage,geothermal_boreholes,demand_electricity,demand_space_heating,demand_space_cooling,demand_hot_water
0,26490.721044269852,1846.8837834128822,2.843621052206606,0.24671573729303536,,,,0.0,5.000000000000001,13.34735351229582,0.0,0.0,4.30296518885582,0.902591994647556,0.7624184132947187,0.6410674193548388,0.0,0.0,0.0,0.8013342741935485,1.0123548387096775,5.065383602150538,0.6410674193548387,1.0752930107526881
1,6063.0382997465595,1975.3777744711863,2.942288847181642,0.006519777265744951,,,,0.0,0.004563844086021465,10.606244140032743,0.0,0.0,4.30296518885582,1.0707291666666667,0.7624184132947169,0.6410674193548388,0.0,0.0,0.0,0.8013342741935485,1.0123548387096775,5.065383602150538,0.6410674193548387,1.0752930107526881
2,5753.05759366588,2103.87176552949,2.979207464491059,0.006519777265744951,,,,0.0,0.004563844086021465,7.069169540013637,0.0,0.0,4.30296518885582,1.0707291666666667,0.7624184132947169,0.6410674193548388,0.0,0.0,0.0,0.8013342741935485,1.0123548387096775,5.065383602150538,0.6410674193548387,1.0752930107526881
3,5443.076887585198,2232.3657565877943,3.016126081800476,0.006519777265744951,,,,0.0,0.004563844086021465,3.532094939994533,0.0,0.0,4.30296518885582,1.0707291666666667,0.7624184132947169,0.6410674193548388,0.0,0.0,0.0,0.8013342741935485,1.0123548387096775,5.065383602150538,0.6410674193548387,1.0752930107526881
4,5133.183488744164,2360.8597476460977,4.0,0.24671573729303536,,,,0.0,0.0,0.0,0.0,1.0,4.30239671514017,1.0752930107526883,0.76298688701037,0.6410674193548388,0.0,1.0,0.0,0.8013342741935485,1.0123548387096775,5.065383602150538,0.6410674193548387,1.0752930107526881
