,cost,emission,grid,wood_supply,DHDC_small_heat,DHDC_medium_heat,DHDC_large_heat,wood_boiler_heat,wood_boiler_DHW,PV,SCFP,DHW_to_heat,ASHP,ASHP_DHW,GSHP_heat,GSHP_cooling,battery,DHW_storage,heat_storage,geothermal_boreholes,demand_electricity,demand_space_heating,demand_space_cooling,demand_hot_water
0,60290.6511878968,10951.443201897562,13.411561216248531,0.454981393369086,20.0,0.0,0.0,5.000000000000001,4.999999999999999,72.85182667688171,0.0,0.0,19.967749401433764,0.8054166666666738,0.0,0.0,0.0,0.0,0.0,0.0,7.598721774193549,20.33173451612903,0.0,6.956775913978494
1,35121.65433559333,11780.856875714562,16.539750733132333,0.0,0.0,0.0,0.0,0.0,0.0,62.20970179485517,0.0,1.0,20.331033252688172,6.956775913978495,0.0,0.0,0.0,0.0,0.0,0.0,7.598721774193549,20.33173451612903,0.0,6.956775913978494
2,33524.39957139992,12610.27054953156,16.750591272474843,0.0,0.0,0.0,0.0,0.0,0.0,41.47312384002149,0.0,1.0,20.331033252688172,6.956775913978495,0.0,0.0,0.0,0.0,0.0,0.0,7.598721774193549,20.33173451612903,0.0,6.956775913978494
3,31927.144807206507,13439.68422334856,16.961431811817356,0.0,0.0,0.0,0.0,0.0,0.0,20.736545885187816,0.0,1.0,20.331033252688172,6.956775913978495,0.0,0.0,0.0,0.0,0.0,0.0,7.598721774193549,20.33173451612903,0.0,6.956775913978494
4,30329.892513208255,14269.09789716556,18.0,0.454981393369086,0.0,0.0,0.0,0.0,0.0,0.0,0.0,1.0,20.331033252688172,6.956775913978495,0.0,0.0,0.0,0.0,0.0,0.0,7.598721774193549,20.33173451612903,0.0,6.956775913978494
