,cost,emission,grid,wood_supply,DHDC_small_heat,DHDC_medium_heat,DHDC_large_heat,wood_boiler_heat,wood_boiler_DHW,PV,SCFP,DHW_to_heat,ASHP,ASHP_DHW,GSHP_heat,GSHP_cooling,battery,DHW_storage,heat_storage,geothermal_boreholes,demand_electricity,demand_space_heating,demand_space_cooling,demand_hot_water
0,41487.068636459815,4206.638997380615,5.4439294295893905,0.3370646054376309,20.0,0.0,0.0,4.999999999999998,5.000000000000001,39.16131583932312,0.0,0.0,8.83440296618753,2.4574633333333322,0.0,0.0,0.0,0.0,0.0,0.0,2.919833333333333,9.104054650537634,0.0,2.9455270430107525
1,15239.050222789067,4607.919488767446,6.8278389714984185,0.0,0.0,0.0,0.0,0.0,0.0,32.521416186453216,0.0,1.0,9.103461290322581,2.945527043010753,0.0,0.0,0.0,0.0,0.0,0.0,2.919833333333333,9.104054650537634,0.0,2.9455270430107525
2,14310.616594159907,5009.199980154277,6.943152966681291,0.0,0.0,0.0,0.0,0.0,0.0,21.680933649036096,0.0,1.0,9.103461290322581,2.945527043010753,0.0,0.0,0.0,0.0,0.0,0.0,2.919833333333333,9.104054650537634,0.0,2.9455270430107525
3,13382.18296553075,5410.480471541107,7.058466961864163,0.0,0.0,0.0,0.0,0.0,0.0,10.840451111619013,0.0,1.0,9.103461290322581,2.945527043010753,0.0,0.0,0.0,0.0,0.0,0.0,2.919833333333333,9.104054650537634,0.0,2.9455270430107525
4,12453.752028365523,5811.760962927938,8.0,0.3370646054376309,0.0,0.0,0.0,0.0,0.0,0.0,0.0,1.0,9.10346129032258,2.945527043010753,0.0,0.0,0.0,0.0,0.0,0.0,2.919833333333333,9.104054650537634,0.0,2.9455270430107525
