,cost,emission,grid,wood_supply,DHDC_small_heat,DHDC_medium_heat,DHDC_large_heat,wood_boiler_heat,wood_boiler_DHW,PV,SCFP,DHW_to_heat,ASHP,ASHP_DHW,GSHP_heat,GSHP_cooling,battery,DHW_storage,heat_storage,geothermal_boreholes,demand_electricity,demand_space_heating,demand_space_cooling,demand_hot_water
0,25772.34672946843,1529.8239625344554,2.656312932558576,0.24381744935369737,,,,0.0,5.000000000000001,12.51927124391353,0.0,0.0,5.332050537634409,0.7191977048072431,0.0,0.0,0.3409478555985321,0.0,0.0,0.0,0.7266895161290322,5.332050537634408,0.0,0.8898699193548387
1,5312.44219190906,1658.8980137519848,2.762711321932414,0.0,,,,0.0,0.0,9.522224929919085,0.0,0.0,5.332050537634409,0.8898699193548388,0.0,0.0,0.0,0.0,0.0,0.0,0.7266895161290322,5.332050537634408,0.0,0.8898699193548387
2,5074.079983280813,1787.9720649695143,2.800080622873337,0.0,,,,0.0,0.0,6.3481387315050455,0.0,0.0,5.332050537634409,0.8898699193548388,0.0,0.0,0.0,0.0,0.0,0.0,0.7266895161290322,5.332050537634408,0.0,0.8898699193548387
3,4835.717774652567,1917.0461161870435,2.837449923814259,0.0,,,,0.0,0.0,3.1740525330910163,0.0,0.0,5.332050537634409,0.8898699193548388,0.0,0.0,0.0,0.0,0.0,0.0,0.7266895161290322,5.332050537634408,0.0,0.8898699193548387
4,4597.358094166357,2046.1201674045726,3.0,0.24381744935369737,,,,0.0,0.0,0.0,0.0,0.0,5.332050537634409,0.8898699193548388,0.0,0.0,0.0,1.0,0.0,0.0,0.7266895161290322,5.332050537634408,0.0,0.8898699193548387
