,cost,emission,grid,wood_supply,DHDC_small_heat,DHDC_medium_heat,DHDC_large_heat,wood_boiler_heat,wood_boiler_DHW,PV,SCFP,DHW_to_heat,ASHP,ASHP_DHW,GSHP_heat,GSHP_cooling,battery,DHW_storage,heat_storage,geothermal_boreholes,demand_electricity,demand_space_heating,demand_space_cooling,demand_hot_water
0,36372.097999543,3509.86532447963,5.097159758350061,0.25233874220877284,20.0,0.0,0.0,4.999999999999998,5.000000000000001,14.953926345363673,0.0,0.0,11.37513250085664,0.5096651851851852,,,0.0,0.0,0.0,,1.4894435483870967,11.577003494623657,0.7561301612903225,1.6048521505376343
1,10520.294570582537,3684.6863412935118,5.853554982250488,0.0,0.0,0.0,0.0,0.0,0.0,13.17356694473731,0.0,1.0,11.576905376344087,1.6048521505376345,,,0.0,0.0,0.0,,1.4894435483870967,11.577003494623657,0.7561301612903225,1.6048521505376343
2,10179.697280659442,3859.507358107392,5.903992285555016,0.0,0.0,0.0,0.0,0.0,0.0,8.782367518381898,0.0,1.0,11.576905376344087,1.6048521505376345,,,0.0,0.0,0.0,,1.4894435483870967,11.577003494623657,0.7561301612903225,1.6048521505376343
3,9839.099990736346,4034.3283749212746,5.9544295888595435,0.0,0.0,0.0,0.0,0.0,0.0,4.391168092026465,0.0,1.0,11.576905376344087,1.6048521505376345,,,0.0,0.0,0.0,,1.4894435483870967,11.577003494623657,0.7561301612903225,1.6048521505376343
4,9498.505131216993,4209.149391735156,7.0,0.25233874220877284,0.0,0.0,0.0,0.0,0.0,0.0,0.0,1.0,11.576905376344087,1.6048521505376345,,,0.0,0.0,0.0,,1.4894435483870967,11.577003494623657,0.7561301612903225,1.6048521505376343
