,cost,emission,grid,wood_supply,DHDC_small_heat,DHDC_medium_heat,DHDC_large_heat,wood_boiler_heat,wood_boiler_DHW,PV,SCFP,DHW_to_heat,ASHP,ASHP_DHW,GSHP_heat,GSHP_cooling,battery,DHW_storage,heat_storage,geothermal_boreholes,demand_electricity,demand_space_heating,demand_space_cooling,demand_hot_water
0,44795.95267968791,5989.449188766433,8.53221246573234,0.31803530995533497,20.0,0.0,0.0,4.999999999999998,5.000000000000001,33.72437427295284,0.0,0.0,18.533359171390572,0.8751430864197522,,,0.0,0.0,0.0,,2.7410255376344086,18.78778741935484,2.5567529569892473,2.891861612903226
1,18964.344097646892,6368.275551993059,9.88050991175716,0.0,0.0,0.0,0.0,0.0,0.0,28.601961831275762,0.0,1.0,18.787262123655918,2.891861612903226,,,0.0,0.0,0.0,,2.7410255376344086,18.78778741935484,2.5567529569892473,2.891861612903226
2,18222.718799717393,6747.101915219685,9.989802909293818,0.0,0.0,0.0,0.0,0.0,0.0,19.067965245285674,0.0,1.0,18.787262123655918,2.891861612903226,,,0.0,0.0,0.0,,2.7410255376344086,18.78778741935484,2.5567529569892473,2.891861612903226
3,17481.093501787895,7125.928278446311,10.099095906830476,0.0,0.0,0.0,0.0,0.0,0.0,9.53396865929558,0.0,1.0,18.787262123655918,2.891861612903226,,,0.0,0.0,0.0,,2.7410255376344086,18.78778741935484,2.5567529569892473,2.891861612903226
4,16739.470376204798,7504.754641672936,11.0,0.31803530995533497,0.0,0.0,0.0,0.0,0.0,0.0,0.0,1.0,18.787262123655918,2.891861612903226,,,0.0,0.0,0.0,,2.7410255376344086,18.78778741935484,2.5567529569892473,2.891861612903226
