,cost,emission,grid,wood_supply,DHDC_small_heat,DHDC_medium_heat,DHDC_large_heat,wood_boiler_heat,wood_boiler_DHW,PV,SCFP,DHW_to_heat,ASHP,ASHP_DHW,GSHP_heat,GSHP_cooling,battery,DHW_storage,heat_storage,geothermal_boreholes,demand_electricity,demand_space_heating,demand_space_cooling,demand_hot_water
0,34140.300018522175,2156.523850189246,3.260201318003677,0.26758679135717695,20.0,0.0,0.0,4.999999999999997,5.000000000000001,19.310511816336266,0.0,0.0,6.849257179817484,0.8806408589532021,,,0.34409063821991726,0.0,0.0,,1.181563095238095,7.063326612903226,0.5868081720430107,1.1035994623655914
1,7836.639905566072,2344.4453500895947,3.829986614235002,0.0,0.0,0.0,0.0,0.0,0.0,15.59647727662517,0.0,0.0,7.063326612903226,1.1035994623655914,,,0.0,0.0,0.0,,1.181563095238095,7.063326612903226,0.5868081720430107,1.1035994623655914
2,7378.308229142995,2532.3668499899445,3.8840120852363023,0.0,0.0,0.0,0.0,0.0,0.0,10.397648976970848,0.0,0.0,7.063326612903226,1.1035994623655914,,,0.0,0.0,0.0,,1.181563095238095,7.063326612903226,0.5868081720430107,1.1035994623655914
3,6919.976552719914,2720.2883498902947,3.938037556237603,0.0,0.0,0.0,0.0,0.0,0.0,5.198820677316514,0.0,0.0,7.063326612903226,1.1035994623655914,,,0.0,0.0,0.0,,1.181563095238095,7.063326612903226,0.5868081720430107,1.1035994623655914
4,6461.645548286497,2908.209849790644,4.0,0.26758679135717695,0.0,0.0,0.0,0.0,0.0,0.0,0.0,0.0,7.063326612903226,1.1035994623655914,,,0.0,0.0,0.0,,1.181563095238095,7.063326612903226,0.5868081720430107,1.1035994623655914
