,cost,emission,grid,wood_supply,DHDC_small_heat,DHDC_medium_heat,DHDC_large_heat,wood_boiler_heat,wood_boiler_DHW,PV,SCFP,DHW_to_heat,ASHP,ASHP_DHW,GSHP_heat,GSHP_cooling,battery,DHW_storage,heat_storage,geothermal_boreholes,demand_electricity,demand_space_heating,demand_space_cooling,demand_hot_water
0,59666.83227373957,10859.171217533138,16.311101528805555,0.43922524816195474,10.0,0.0,0.0,5.000000000000001,5.000000000000001,68.35007090341564,0.0,0.0,35.93813926383603,4.711944131842187,0.0,0.0,0.08166077839908989,0.0,0.0,0.0,5.09207123655914,36.28951946236559,0.0,5.157721935483871
1,35036.21287839707,11585.010946306009,15.053658193769255,0.0,10.0,0.0,0.0,0.0,0.0,50.343148851801686,0.0,6.0,30.973166462184064,0.47335791953636175,0.0,0.0,0.0,0.0,0.0,0.0,5.09207123655914,36.28951946236559,0.0,5.157721935483871
2,33489.803093417395,12310.850675078875,15.231007763067767,0.0,10.0,0.0,0.0,0.0,0.0,31.368571534946234,0.0,5.0,31.446524381720426,0.0,0.0,0.0,0.0,0.0,0.0,0.0,5.09207123655914,36.28951946236559,0.0,5.157721935483871
3,31979.460295362136,13036.690403851753,15.433663417775753,0.0,10.0,0.0,0.0,0.0,0.0,12.637388491427687,0.0,5.0,31.446524381720426,0.0,0.0,0.0,0.0,0.0,0.0,0.0,5.09207123655914,36.28951946236559,0.0,5.157721935483871
4,30879.2473440968,13762.530132624628,20.0,0.43922524816195474,0.0,0.0,0.0,0.0,0.0,0.0,0.0,1.0,36.28880244623656,5.157721935483871,0.0,0.0,0.0,0.0,0.0,0.0,5.09207123655914,36.28951946236559,0.0,5.157721935483871
