,cost,emission,grid,wood_supply,DHDC_small_heat,DHDC_medium_heat,DHDC_large_heat,wood_boiler_heat,wood_boiler_DHW,PV,SCFP,DHW_to_heat,ASHP,ASHP_DHW,GSHP_heat,GSHP_cooling,battery,DHW_storage,heat_storage,geothermal_boreholes,demand_electricity,demand_space_heating,demand_space_cooling,demand_hot_water
0,50809.43329027596,8937.558096601477,12.759223920053676,0.3806869127019351,4.556544408602151,0.0,0.0,4.999999999999996,5.000000000000001,51.62483220055287,0.0,0.0,26.370883211773936,2.6757148000000006,0.0,0.0,0.0,0.0,0.0,0.0,4.602619462365592,26.67543274193548,0.0,4.55654440860215
1,27553.13460062303,9471.984000549144,13.011306622639298,0.0,4.556544408602151,0.0,0.0,0.0,0.0,38.908930544565806,0.0,1.0,26.67485771505376,0.0,0.0,0.0,0.0,0.0,0.0,0.0,4.602619462365592,26.67543274193548,0.0,4.55654440860215
2,26599.023344370788,10006.409904496804,13.165099027866766,0.0,4.556544408602151,0.0,0.0,0.0,0.0,25.9370762447456,0.0,1.0,26.67485771505376,0.0,0.0,0.0,0.0,0.0,0.0,0.0,4.602619462365592,26.67543274193548,0.0,4.55654440860215
3,25644.912088118537,10540.835808444466,13.318891433094237,0.0,4.556544408602151,0.0,0.0,0.0,0.0,12.965221944925355,0.0,1.0,26.67485771505376,0.0,0.0,0.0,0.0,0.0,0.0,0.0,4.602619462365592,26.67543274193548,0.0,4.55654440860215
4,24691.238628280422,11075.26171239213,14.0,0.3806869127019351,4.551999107142857,0.0,0.0,0.0,0.0,0.0,0.0,1.0,26.67485771505376,0.0045453014592936524,0.0,0.0,0.0,0.0,0.0,0.0,4.602619462365592,26.67543274193548,0.0,4.55654440860215
