,cost,emission,grid,wood_supply,DHDC_small_heat,DHDC_medium_heat,DHDC_large_heat,wood_boiler_heat,wood_boiler_DHW,PV,SCFP,DHW_to_heat,ASHP,ASHP_DHW,GSHP_heat,GSHP_cooling,battery,DHW_storage,heat_storage,geothermal_boreholes,demand_electricity,demand_space_heating,demand_space_cooling,demand_hot_water
0,34638.186251586725,2707.223860691095,3.8247402951081595,0.25473424280676804,20.0,0.0,0.0,4.999999999999998,5.000000000000001,15.638355087647998,0.0,0.0,8.392406369195445,0.5464853086419756,,,0.0,0.0,0.0,,1.2179642857142856,8.59619376344086,1.1110924731182796,1.4029425000000002
1,8689.01411047081,2886.069217446595,4.502184687879548,0.0,0.0,0.0,0.0,0.0,0.0,13.463698517843207,0.0,0.0,8.59619376344086,1.4029425000000002,,,0.0,0.0,0.0,,1.2179642857142856,8.59619376344086,1.1110924731182796,1.4029425000000002
2,8341.42016506957,3064.914574202096,4.553686905030885,0.0,0.0,0.0,0.0,0.0,0.0,8.97579400951006,0.0,0.0,8.59619376344086,1.4029425000000002,,,0.0,0.0,0.0,,1.2179642857142856,8.59619376344086,1.1110924731182796,1.4029425000000002
3,7993.826219668331,3243.759930957597,4.605189122182223,0.0,0.0,0.0,0.0,0.0,0.0,4.487889501176904,0.0,0.0,8.59619376344086,1.4029425000000002,,,0.0,0.0,0.0,,1.2179642857142856,8.59619376344086,1.1110924731182796,1.4029425000000002
4,7646.23343659054,3422.6052877130983,5.0,0.25473424280676804,0.0,0.0,0.0,0.0,0.0,0.0,0.0,0.0,8.59619376344086,1.4029425000000002,,,0.0,0.0,0.0,,1.2179642857142856,8.59619376344086,1.1110924731182796,1.4029425000000002
