,cost,emission,grid,wood_supply,DHDC_small_heat,DHDC_medium_heat,DHDC_large_heat,wood_boiler_heat,wood_boiler_DHW,PV,SCFP,DHW_to_heat,ASHP,ASHP_DHW,GSHP_heat,GSHP_cooling,battery,DHW_storage,heat_storage,geothermal_boreholes,demand_electricity,demand_space_heating,demand_space_cooling,demand_hot_water
0,45312.53959378659,6912.986572807535,10.284787902566105,0.35518548634484026,3.4496909139784946,0.0,0.0,4.999999999999999,5.000000000000001,44.33871038424005,0.0,0.0,22.438214514149934,3.0938911317808317,0.0,0.0,0.11950091731354068,0.0,0.0,0.0,3.3009194444444443,22.722362903225804,0.0,3.449690913978494
1,22064.09343142436,7344.334182416054,10.55957115261293,0.0,3.431241747311828,0.0,0.0,0.0,0.0,33.405067246254205,0.0,1.0,22.09238266855627,0.647885288432974,0.0,0.0,0.0,0.0,0.0,0.0,3.3009194444444443,22.722362903225804,0.0,3.449690913978494
2,21130.960006965932,7775.681792024575,10.624139427688629,0.0,3.4496909139784946,0.0,0.0,0.0,0.0,22.052669160413533,0.0,1.0,22.72181879032258,0.0,0.0,0.0,0.0,0.0,0.0,0.0,3.3009194444444443,22.722362903225804,0.0,3.449690913978494
3,20252.75209894668,8207.029401633095,10.74531758919839,0.0,3.4496909139784946,0.0,0.0,0.0,0.0,11.021637493079387,0.0,1.0,22.72181879032258,0.0,0.0,0.0,0.0,0.0,0.0,0.0,3.3009194444444443,22.722362903225804,0.0,3.449690913978494
4,19375.247816014995,8638.377011241617,11.0,0.35518548634484026,3.44512113095238,0.0,0.0,0.0,0.0,0.0,0.0,1.0,22.72181879032258,0.004569783026113939,0.0,0.0,0.0,0.0,0.0,0.0,3.3009194444444443,22.722362903225804,0.0,3.449690913978494
