,cost,emission,grid,wood_supply,DHDC_small_heat,DHDC_medium_heat,DHDC_large_heat,wood_boiler_heat,wood_boiler_DHW,PV,SCFP,DHW_to_heat,ASHP,ASHP_DHW,GSHP_heat,GSHP_cooling,battery,DHW_storage,heat_storage,geothermal_boreholes,demand_electricity,demand_space_heating,demand_space_cooling,demand_hot_water
0,52287.112481842334,9409.807530112992,13.566662858869615,0.3851290641851806,5.0,0.0,0.0,4.999999999999996,5.0,52.89401833862301,0.0,0.0,28.42564083467336,2.497802466666667,0.0,0.0,0.0,0.0,0.0,0.0,4.704398333333333,28.733744086021503,0.0,4.578614247311827
1,28957.00704627247,9944.223583314968,13.67784937908816,0.0,5.0,0.0,0.0,0.0,0.0,39.96757279624995,0.0,1.0,28.31171182795699,0.0,0.0,0.0,0.0,0.0,0.0,0.0,4.704398333333333,28.733744086021503,0.0,4.578614247311827
2,27932.82534498397,10478.639636516942,13.831730908445277,0.0,5.0,0.0,0.0,0.0,0.0,26.632207241145835,0.0,1.0,28.31171182795699,0.0,0.0,0.0,0.0,0.0,0.0,0.0,4.704398333333333,28.733744086021503,0.0,4.578614247311827
3,26908.64364369547,11013.055689718916,13.985612437802395,0.0,5.0,0.0,0.0,0.0,0.0,13.29684168604174,0.0,1.0,28.31171182795699,0.0,0.0,0.0,0.0,0.0,0.0,0.0,4.704398333333333,28.733744086021503,0.0,4.578614247311827
4,25887.420649582524,11547.471742920892,15.0,0.3851290641851806,5.0,0.0,0.0,0.0,0.0,0.0,0.0,1.0,28.31171182795699,0.0,0.0,0.0,0.0,0.0,0.0,0.0,4.704398333333333,28.733744086021503,0.0,4.578614247311827
