,cost,emission,grid,wood_supply,DHDC_small_heat,DHDC_medium_heat,DHDC_large_heat,wood_boiler_heat,wood_boiler_DHW,PV,SCFP,DHW_to_heat,ASHP,ASHP_DHW,GSHP_heat,GSHP_cooling,battery,DHW_storage,heat_storage,geothermal_boreholes,demand_electricity,demand_space_heating,demand_space_cooling,demand_hot_water
0,65095.56441301654,12693.281168097721,17.759516221491175,0.4909141022037839,10.0,0.0,0.0,5.000000000000001,5.000000000000001,83.11831491536682,0.0,0.0,36.18563543866708,1.996285377777781,,,0.0,0.0,0.0,,6.635419999999999,36.578366720430104,5.54853311827957,6.041201666666666
1,40840.611058385926,13524.563693608448,16.869904100302556,0.0,10.0,0.0,0.0,0.0,0.0,63.404038731227885,0.0,4.0,32.61907669354839,0.0,,,0.0,0.0,0.0,,6.635419999999999,36.578366720430104,5.54853311827957,6.041201666666666
2,39151.96812283519,14355.846219119188,17.08208370403437,0.0,10.0,0.0,0.0,0.0,0.0,42.165118913054236,0.0,4.0,32.61907669354839,0.0,,,0.0,0.0,0.0,,6.635419999999999,36.578366720430104,5.54853311827957,6.041201666666666
3,37463.325187284456,15187.128744629928,17.294263307766187,0.0,10.0,0.0,0.0,0.0,0.0,20.926199094880573,0.0,4.0,32.61907669354839,0.0,,,0.0,0.0,0.0,,6.635419999999999,36.578366720430104,5.54853311827957,6.041201666666666
4,35799.545740306115,16018.411270140663,18.0,0.4909141022037839,10.0,0.0,0.0,0.0,0.0,0.0,0.0,4.0,32.61907669354839,0.0,,,0.0,0.0,0.0,,6.635419999999999,36.578366720430104,5.54853311827957,6.041201666666666
