,cost,emission,grid,wood_supply,DHDC_small_heat,DHDC_medium_heat,DHDC_large_heat,wood_boiler_heat,wood_boiler_DHW,PV,SCFP,DHW_to_heat,ASHP,ASHP_DHW,GSHP_heat,GSHP_cooling,battery,DHW_storage,heat_storage,geothermal_boreholes,demand_electricity,demand_space_heating,demand_space_cooling,demand_hot_water
0,35293.28353327874,4655.28932174216,7.794940504049427,0.29386245001794026,,,,0.0,5.000000000000001,26.81784286226864,0.0,0.0,15.837942419354839,2.0217008548799025,0.0,0.0,0.06596358495893592,0.0,0.0,0.0,2.015922222222222,15.837942419354839,0.0,2.2274045698924727
1,14603.898531764407,4928.819689408375,7.9516295878236365,0.0,,,,0.0,0.0,20.738814879592105,0.0,1.0,15.837390000000001,2.227404569892473,0.0,0.0,0.0,0.0,0.0,0.0,2.015922222222222,15.837942419354839,0.0,2.2274045698924727
2,14062.829477303392,5202.350057074589,8.029079681580441,0.0,,,,0.0,0.0,13.825858811976197,0.0,1.0,15.837390000000001,2.227404569892473,0.0,0.0,0.0,0.0,0.0,0.0,2.015922222222222,15.837942419354839,0.0,2.2274045698924727
3,13521.76042581692,5475.880424740804,8.108033516278109,0.0,,,,0.0,0.0,6.912902782364462,0.0,1.0,15.837390000000001,2.227404569892473,0.0,0.0,0.0,0.0,0.0,0.0,2.015922222222222,15.837942419354839,0.0,2.2274045698924727
4,12980.69554193074,5749.41079240702,9.0,0.29386245001794026,,,,0.0,0.0,0.0,0.0,1.0,15.837390000000001,2.227404569892473,0.0,0.0,0.0,1.0,0.0,0.0,2.015922222222222,15.837942419354839,0.0,2.2274045698924727
