,cost,emission,grid,wood_supply,DHDC_small_heat,DHDC_medium_heat,DHDC_large_heat,wood_boiler_heat,wood_boiler_DHW,PV,SCFP,DHW_to_heat,ASHP,ASHP_DHW,GSHP_heat,GSHP_cooling,battery,DHW_storage,heat_storage,geothermal_boreholes,demand_electricity,demand_space_heating,demand_space_cooling,demand_hot_water
0,60386.42160442801,15590.264804854573,16.498435598695487,0.31606240542957686,10.0,0.0,0.0,4.999999999999999,5.0,33.16068726559339,0.0,0.0,12.878340129419781,0.0,,,0.0,0.0,0.0,,13.3776188172043,13.131190053763442,9.420006666666668,1.2694670430107526
1,36252.18653414527,15944.443484059075,17.178383573275354,0.0,0.0,0.0,0.0,0.0,0.0,26.589217293551847,0.0,1.0,13.131004247311829,1.2694670430107529,,,0.0,0.0,0.0,,13.3776188172043,13.131190053763442,9.420006666666668,1.2694670430107526
2,35568.56428152727,16298.622163263579,17.268370327534946,0.0,0.0,0.0,0.0,0.0,0.0,17.72613762434449,0.0,1.0,13.131004247311829,1.2694670430107529,,,0.0,0.0,0.0,,13.3776188172043,13.131190053763442,9.420006666666668,1.2694670430107526
3,34884.94202890927,16652.800842468077,17.358357081794534,0.0,0.0,0.0,0.0,0.0,0.0,8.863057955137085,0.0,1.0,13.131004247311829,1.2694670430107529,,,0.0,0.0,0.0,,13.3776188172043,13.131190053763442,9.420006666666668,1.2694670430107526
4,34201.32145112915,17006.97952167258,18.0,0.31606240542957686,0.0,0.0,0.0,0.0,0.0,0.0,0.0,1.0,13.131004247311829,1.2694670430107529,,,0.0,0.0,0.0,,13.3776188172043,13.131190053763442,9.420006666666668,1.2694670430107526
