,cost,emission,grid,wood_supply,DHDC_small_heat,DHDC_medium_heat,DHDC_large_heat,wood_boiler_heat,wood_boiler_DHW,PV,SCFP,DHW_to_heat,ASHP,ASHP_DHW,GSHP_heat,GSHP_cooling,battery,DHW_storage,heat_storage,geothermal_boreholes,demand_electricity,demand_space_heating,demand_space_cooling,demand_hot_water
0,39187.679196469064,5311.334351705606,7.472227792122163,0.31085461690747845,2.6123737634408606,0.0,0.0,5.000000000000001,5.000000000000001,31.672747687850965,0.0,0.0,15.877623564538535,1.0114728395061712,,,0.0,0.0,0.0,,2.551366935483871,16.126307258064518,2.244870430107527,2.61237376344086
1,16555.96046127688,5631.312422751721,7.631166915221183,0.0,2.6123737634408606,0.0,0.0,0.0,0.0,24.17329999224697,0.0,1.0,16.12573112903226,0.0,,,0.0,0.0,0.0,,2.551366935483871,16.126307258064518,2.244870430107527,2.61237376344086
2,15928.287536209898,5951.2904937978365,7.720316987140274,0.0,2.6123737634408606,0.0,0.0,0.0,0.0,16.113839260719782,0.0,1.0,16.12573112903226,0.0,,,0.0,0.0,0.0,,2.551366935483871,16.126307258064518,2.244870430107527,2.61237376344086
3,15300.61461114291,6271.268564843951,7.809467059059365,0.0,2.6123737634408606,0.0,0.0,0.0,0.0,8.05437852919259,0.0,1.0,16.12573112903226,0.0,,,0.0,0.0,0.0,,2.551366935483871,16.126307258064518,2.244870430107527,2.61237376344086
4,14673.300306396914,6591.246635890065,8.0,0.31085461690747845,2.6085354166666663,0.0,0.0,0.0,0.0,0.0,0.0,1.0,16.12573112903226,0.0038383467741938465,,,0.0,0.0,0.0,,2.551366935483871,16.126307258064518,2.244870430107527,2.61237376344086
