,cost,emission,grid,wood_supply,DHDC_small_heat,DHDC_medium_heat,DHDC_large_heat,wood_boiler_heat,wood_boiler_DHW,PV,SCFP,DHW_to_heat,ASHP,ASHP_DHW,GSHP_heat,GSHP_cooling,battery,DHW_storage,heat_storage,geothermal_boreholes,demand_electricity,demand_space_heating,demand_space_cooling,demand_hot_water
0,51429.61924444844,7438.664363005942,10.272185837368466,0.3992287819112629,20.0,0.0,0.0,4.999999999999997,5.0,56.92250911750368,0.0,0.0,18.420791383073144,2.4814166666666693,0.0,0.0,0.0,0.0,0.0,0.0,4.792021505376344,18.74017440860215,0.0,3.8742016129032257
1,25168.685222708224,8032.59687632266,12.100925059138417,0.0,0.0,0.0,0.0,0.0,0.0,46.95036417317232,0.0,1.0,18.73909241935484,3.874201612903226,0.0,0.0,0.0,0.0,0.0,0.0,4.792021505376344,18.74017440860215,0.0,3.8742016129032257
2,23870.5868774887,8626.529389639378,12.271027811785762,0.0,0.0,0.0,0.0,0.0,0.0,31.300235860883156,0.0,1.0,18.73909241935484,3.874201612903226,0.0,0.0,0.0,0.0,0.0,0.0,4.792021505376344,18.74017440860215,0.0,3.8742016129032257
3,22572.48853226917,9220.461902956094,12.441130564433106,0.0,0.0,0.0,0.0,0.0,0.0,15.650107548594008,0.0,1.0,18.73909241935484,3.874201612903226,0.0,0.0,0.0,0.0,0.0,0.0,4.792021505376344,18.74017440860215,0.0,3.8742016129032257
4,21274.391909292284,9814.394416272815,13.0,0.3992287819112629,0.0,0.0,0.0,0.0,0.0,0.0,0.0,1.0,18.73909241935484,3.874201612903226,0.0,0.0,0.0,0.0,0.0,0.0,4.792021505376344,18.74017440860215,0.0,3.8742016129032257
