,cost,emission,grid,wood_supply,DHDC_small_heat,DHDC_medium_heat,DHDC_large_heat,wood_boiler_heat,wood_boiler_DHW,PV,SCFP,DHW_to_heat,ASHP,ASHP_DHW,GSHP_heat,GSHP_cooling,battery,DHW_storage,heat_storage,geothermal_boreholes,demand_electricity,demand_space_heating,demand_space_cooling,demand_hot_water
0,34665.70055021694,2774.158500258314,4.036551281115905,0.24750405207504383,20.0,0.0,0.0,4.999999999999998,5.000000000000001,13.57258630715539,0.0,0.0,8.932893819814831,0.7709091666666663,0.8762327772348106,0.6719653763440862,0.0,0.0,0.0,0.8399567204301078,1.0251841397849464,10.007129838709677,0.6719653763440859,1.311018817204301
1,8691.091678105995,2922.447445326275,4.742232825149081,0.0,0.0,0.0,0.0,0.0,0.0,11.893311850707283,0.0,0.0,9.810762783274042,1.3110188172043011,0.19636705543563582,0.671965376344086,0.0,0.0,0.0,0.8399567204301075,1.0251841397849464,10.007129838709677,0.6719653763440859,1.311018817204301
2,8356.00376641431,3070.736390394238,4.784448721968758,0.0,0.0,0.0,0.0,0.0,0.0,7.928871193025188,0.0,0.0,9.810762783274042,1.3110188172043011,0.19636705543563582,0.671965376344086,0.0,0.0,0.0,0.8399567204301075,1.0251841397849464,10.007129838709677,0.6719653763440859,1.311018817204301
3,8020.915854722622,3219.0253354622,4.826664618788434,0.0,0.0,0.0,0.0,0.0,0.0,3.9644305353430953,0.0,0.0,9.810762783274042,1.3110188172043011,0.19636705543563582,0.671965376344086,0.0,0.0,0.0,0.8399567204301075,1.0251841397849464,10.007129838709677,0.6719653763440859,1.311018817204301
4,7685.828798605209,3367.314280530162,5.0,0.24750405207504383,0.0,0.0,0.0,0.0,0.0,0.0,0.0,0.0,9.810762783274042,1.3110188172043011,0.19636705543563643,0.6719653763440862,0.0,0.0,0.0,0.8399567204301078,1.0251841397849464,10.007129838709677,0.6719653763440859,1.311018817204301
