,cost,emission,grid,wood_supply,DHDC_small_heat,DHDC_medium_heat,DHDC_large_heat,wood_boiler_heat,wood_boiler_DHW,PV,SCFP,DHW_to_heat,ASHP,ASHP_DHW,GSHP_heat,GSHP_cooling,battery,DHW_storage,heat_storage,geothermal_boreholes,demand_electricity,demand_space_heating,demand_space_cooling,demand_hot_water
0,48852.47642553822,7423.597261908068,10.69133962296743,0.3351309837646005,20.0,0.0,0.0,4.999999999999998,5.000000000000001,38.60885250417156,0.0,0.0,23.015938223741003,1.6660700000000008,0.0,0.0,0.0,0.0,0.0,0.0,3.4638556547619053,23.284043010752686,0.0,3.5945309677419357
1,23046.659079577974,7855.820940878521,12.343156754880594,0.0,0.0,0.0,0.0,0.0,0.0,32.87345948866488,0.0,1.0,23.28333626344086,3.5945309677419357,0.0,0.0,0.0,0.0,0.0,0.0,3.4638556547619053,23.284043010752686,0.0,3.5945309677419357
2,22185.089946904696,8288.044619848974,12.467273018358277,0.0,0.0,0.0,0.0,0.0,0.0,21.915634422817195,0.0,1.0,23.28333626344086,3.5945309677419357,0.0,0.0,0.0,0.0,0.0,0.0,3.4638556547619053,23.284043010752686,0.0,3.5945309677419357
3,21323.520814231415,8720.268298819428,12.591389281835962,0.0,0.0,0.0,0.0,0.0,0.0,10.957809356969491,0.0,1.0,23.28333626344086,3.5945309677419357,0.0,0.0,0.0,0.0,0.0,0.0,3.4638556547619053,23.284043010752686,0.0,3.5945309677419357
4,20461.952916683218,9152.491977789881,13.0,0.3351309837646005,0.0,0.0,0.0,0.0,0.0,0.0,0.0,1.0,23.28333626344086,3.5945309677419357,0.0,0.0,0.0,0.0,0.0,0.0,3.4638556547619053,23.284043010752686,0.0,3.5945309677419357
