,cost,emission,grid,wood_supply,DHDC_small_heat,DHDC_medium_heat,DHDC_large_heat,wood_boiler_heat,wood_boiler_DHW,PV,SCFP,DHW_to_heat,ASHP,ASHP_DHW,GSHP_heat,GSHP_cooling,battery,DHW_storage,heat_storage,geothermal_boreholes,demand_electricity,demand_space_heating,demand_space_cooling,demand_hot_water
0,62455.85873314511,12853.967040424295,16.93446592376202,0.46174707352683375,6.309630645161291,0.0,0.0,5.000000000000001,5.000000000000001,74.78487815052392,0.0,0.0,32.20939543257638,0.0,,,0.0,0.0,0.0,,7.067023720238096,32.57879309139785,6.201356182795699,6.309630645161291
1,39074.4624251178,13611.404869826694,17.26325276142007,0.0,6.309630645161291,0.0,0.0,0.0,0.0,56.84831231425009,0.0,1.0,32.578317150537636,0.0,,,0.0,0.0,0.0,,7.067023720238096,32.57879309139785,6.201356182795699,6.309630645161291
2,37612.68306584867,14368.842699229092,17.480732594390336,0.0,6.309630645161291,0.0,0.0,0.0,0.0,37.894977796041715,0.0,1.0,32.578317150537636,0.0,,,0.0,0.0,0.0,,7.067023720238096,32.57879309139785,6.201356182795699,6.309630645161291
3,36150.90370657954,15126.28052863149,17.698212427360602,0.0,6.309630645161291,0.0,0.0,0.0,0.0,18.94164327783324,0.0,1.0,32.578317150537636,0.0,,,0.0,0.0,0.0,,7.067023720238096,32.57879309139785,6.201356182795699,6.309630645161291
4,34689.96794269873,15883.71835803389,18.0,0.46174707352683375,6.304352678571426,0.0,0.0,0.0,0.0,0.0,0.0,1.0,32.578317150537636,0.005277966589863853,,,0.0,0.0,0.0,,7.067023720238096,32.57879309139785,6.201356182795699,6.309630645161291
