,cost,emission,grid,wood_supply,DHDC_small_heat,DHDC_medium_heat,DHDC_large_heat,wood_boiler_heat,wood_boiler_DHW,PV,SCFP,DHW_to_heat,ASHP,ASHP_DHW,GSHP_heat,GSHP_cooling,battery,DHW_storage,heat_storage,geothermal_boreholes,demand_electricity,demand_space_heating,demand_space_cooling,demand_hot_water
0,28566.53672356827,2641.311846186802,4.389523112729305,0.24750881319230728,,,,0.0,5.000000000000001,13.573946626373505,0.0,0.0,9.255287096774195,1.076035793130969,0.0,0.0,0.0,0.0,0.0,0.0,1.0060481451612904,9.255287096774193,0.0,1.2492919623655916
1,8141.14489586105,2775.606149016236,4.491698194787032,0.0,,,,0.0,0.0,10.765124438892435,0.0,0.0,9.255287096774195,1.2492919623655916,0.0,0.0,0.0,0.0,0.0,0.0,1.0060481451612904,9.255287096774193,0.0,1.2492919623655916
2,7838.048744156451,2909.90045184567,4.5300053182853635,0.0,,,,0.0,0.0,7.176735010884611,0.0,0.0,9.255287096774195,1.2492919623655916,0.0,0.0,0.0,0.0,0.0,0.0,1.0060481451612904,9.255287096774193,0.0,1.2492919623655916
3,7534.952592451854,3044.194754675104,4.568312441783694,0.0,,,,0.0,0.0,3.588345582876787,0.0,0.0,9.255287096774195,1.2492919623655916,0.0,0.0,0.0,0.0,0.0,0.0,1.0060481451612904,9.255287096774193,0.0,1.2492919623655916
4,7231.860144160933,3178.4890575045383,5.0,0.24750881319230728,,,,0.0,0.0,0.0,0.0,0.0,9.255287096774195,1.2492919623655916,0.0,0.0,0.0,1.0,0.0,0.0,1.0060481451612904,9.255287096774193,0.0,1.2492919623655916
