,cost,emission,grid,wood_supply,DHDC_small_heat,DHDC_medium_heat,DHDC_large_heat,wood_boiler_heat,wood_boiler_DHW,PV,SCFP,DHW_to_heat,ASHP,ASHP_DHW,GSHP_heat,GSHP_cooling,battery,DHW_storage,heat_storage,geothermal_boreholes,demand_electricity,demand_space_heating,demand_space_cooling,demand_hot_water
0,39831.02966488924,4835.607665088962,7.270941490322232,0.2609546935496899,20.0,0.0,0.0,4.999999999999998,5.000000000000001,17.41562672848284,0.0,0.0,16.96472769677315,0.20486666666666717,0.0,0.0,0.0,0.0,0.0,0.0,1.832173611111111,17.173491451612904,0.0,2.0725538709677416
1,14133.523865081848,5042.861644083984,8.225965791445967,0.0,0.0,0.0,0.0,0.0,0.0,15.499964380088203,0.0,1.0,17.172977150537637,2.072553870967742,0.0,0.0,0.0,0.0,0.0,0.0,1.832173611111111,17.173491451612904,0.0,2.0725538709677416
2,13737.291191121152,5250.1156230790075,8.285419047415427,0.0,0.0,0.0,0.0,0.0,0.0,10.333302468382998,0.0,1.0,17.172977150537637,2.072553870967742,0.0,0.0,0.0,0.0,0.0,0.0,1.832173611111111,17.173491451612904,0.0,2.0725538709677416
3,13341.05851716046,5457.369602074027,8.344872303384886,0.0,0.0,0.0,0.0,0.0,0.0,5.166640556677826,0.0,1.0,17.172977150537637,2.072553870967742,0.0,0.0,0.0,0.0,0.0,0.0,1.832173611111111,17.173491451612904,0.0,2.0725538709677416
4,12944.827480922484,5664.623581069049,9.0,0.2609546935496899,0.0,0.0,0.0,0.0,0.0,0.0,0.0,1.0,17.172977150537637,2.072553870967742,0.0,0.0,0.0,0.0,0.0,0.0,1.832173611111111,17.173491451612904,0.0,2.0725538709677416
