,cost,emission,grid,wood_supply,DHDC_small_heat,DHDC_medium_heat,DHDC_large_heat,wood_boiler_heat,wood_boiler_DHW,PV,SCFP,DHW_to_heat,ASHP,ASHP_DHW,GSHP_heat,GSHP_cooling,battery,DHW_storage,heat_storage,geothermal_boreholes,demand_electricity,demand_space_heating,demand_space_cooling,demand_hot_water
0,33898.37808750598,2190.2219894286723,2.184711463076351,0.2751234785174453,20.0,0.0,0.0,5.000000000000001,5.000000000000001,21.463851004984374,0.0,0.0,2.187267480626904,0.6147375866188771,,,0.0,0.0,0.0,,1.8340043548387097,2.40736626344086,1.8118818279569893,1.8212352688172042
1,7960.438470911709,2425.748274167169,3.0479764230409643,0.0,0.0,0.0,0.0,0.0,0.0,18.34607296316733,0.0,1.0,2.4073248387096777,1.8212352688172044,,,0.0,0.0,0.0,,1.8340043548387097,2.40736626344086,1.8118818279569893,1.8212352688172042
2,7463.159003563984,2661.2745589056653,3.1088807699029415,0.0,0.0,0.0,0.0,0.0,0.0,12.23070626930784,0.0,1.0,2.4073248387096777,1.8212352688172044,,,0.0,0.0,0.0,,1.8340043548387097,2.40736626344086,1.8118818279569893,1.8212352688172042
3,6965.879536216256,2896.800843644163,3.1697851167649187,0.0,0.0,0.0,0.0,0.0,0.0,6.115339575448319,0.0,1.0,2.4073248387096777,1.8212352688172044,,,0.0,0.0,0.0,,1.8340043548387097,2.40736626344086,1.8118818279569893,1.8212352688172042
4,6468.602274039494,3132.32712838266,4.0,0.2751234785174453,0.0,0.0,0.0,0.0,0.0,0.0,0.0,1.0,2.4073248387096773,1.8212352688172044,,,0.0,0.0,0.0,,1.8340043548387097,2.40736626344086,1.8118818279569893,1.8212352688172042
