,cost,emission,grid,wood_supply,DHDC_small_heat,DHDC_medium_heat,DHDC_large_heat,wood_boiler_heat,wood_boiler_DHW,PV,SCFP,DHW_to_heat,ASHP,ASHP_DHW,GSHP_heat,GSHP_cooling,battery,DHW_storage,heat_storage,geothermal_boreholes,demand_electricity,demand_space_heating,demand_space_cooling,demand_hot_water
0,23907.296777452488,949.3457852039306,1.3557009509843858,0.23603123464782305,,,,0.0,5.000000000000001,10.294638470806582,0.0,0.0,1.6703799462365594,0.5145025981121077,,,0.004362170805203568,0.0,0.0,,0.7801559139784945,1.6703799462365592,0.7656526344086022,0.6797244623655914
1,3560.0024796198013,1056.1467444877844,1.4479415326690748,0.0,,,,0.0,0.0,8.25648606256373,0.0,0.0,1.6703799462365594,0.6797244623655914,,,0.0,0.0,0.0,,0.7801559139784945,1.6703799462365592,0.7656526344086022,0.6797244623655914
2,3338.530415880651,1162.9477037716388,1.4752469437661675,0.0,,,,0.0,0.0,5.50430938612285,0.0,0.0,1.6703799462365594,0.6797244623655914,,,0.0,0.0,0.0,,0.7801559139784945,1.6703799462365592,0.7656526344086022,0.6797244623655914
3,3117.058352141502,1269.748663055493,1.5025523548632604,0.0,,,,0.0,0.0,2.7521327096819763,0.0,0.0,1.6703799462365594,0.6797244623655914,,,0.0,0.0,0.0,,0.7801559139784945,1.6703799462365592,0.7656526344086022,0.6797244623655914
4,2895.589826477837,1376.5496223393468,2.0,0.23603123464782305,,,,0.0,0.0,0.0,0.0,0.0,1.6703799462365594,0.6797244623655914,,,0.0,1.0,0.0,,0.7801559139784945,1.6703799462365592,0.7656526344086022,0.6797244623655914
