,cost,emission,grid,wood_supply,DHDC_small_heat,DHDC_medium_heat,DHDC_large_heat,wood_boiler_heat,wood_boiler_DHW,PV,SCFP,DHW_to_heat,ASHP,ASHP_DHW,GSHP_heat,GSHP_cooling,battery,DHW_storage,heat_storage,geothermal_boreholes,demand_electricity,demand_space_heating,demand_space_cooling,demand_hot_water
0,27913.95194111827,2316.407100467384,4.019594577236473,0.2490457889526752,,,,0.0,5.000000000000001,14.01308255790719,0.0,0.0,8.700740430107528,0.9452152864427974,,,0.24905396082107348,0.0,0.0,,0.905133064516129,8.700740430107526,0.6730403225806451,1.1195473387096775
1,7468.676491462617,2461.022621271891,4.136248444965707,0.0,,,,0.0,0.0,10.947658621138505,0.0,0.0,8.700740430107528,1.1195473387096777,,,0.0,0.0,0.0,,0.905133064516129,8.700740430107526,0.6730403225806451,1.1195473387096775
2,7183.700735826995,2605.638142076397,4.172937754241402,0.0,,,,0.0,0.0,7.298422235091563,0.0,0.0,8.700740430107528,1.1195473387096777,,,0.0,0.0,0.0,,0.905133064516129,8.700740430107526,0.6730403225806451,1.1195473387096775
3,6898.724981083511,2750.2536628809034,4.210079792959037,0.0,,,,0.0,0.0,3.649185860468824,0.0,0.0,8.700740430107528,1.1195473387096777,,,0.0,0.0,0.0,,0.905133064516129,8.700740430107526,0.6730403225806451,1.1195473387096775
4,6613.753171085627,2894.86918368541,5.0,0.2490457889526752,,,,0.0,0.0,0.0,0.0,0.0,8.700740430107528,1.1195473387096777,,,0.0,1.0,0.0,,0.905133064516129,8.700740430107526,0.6730403225806451,1.1195473387096775
