,cost,emission,grid,wood_supply,DHDC_small_heat,DHDC_medium_heat,DHDC_large_heat,wood_boiler_heat,wood_boiler_DHW,PV,SCFP,DHW_to_heat,ASHP,ASHP_DHW,GSHP_heat,GSHP_cooling,battery,DHW_storage,heat_storage,geothermal_boreholes,demand_electricity,demand_space_heating,demand_space_cooling,demand_hot_water
0,37775.88993602243,4968.2293581267195,7.169708822431259,0.27610213093654423,6.666666666666667,0.0,0.0,4.999999999999997,5.000000000000001,21.74346598186977,0.0,0.0,16.00495711245507,0.0,,,0.0,0.0,0.0,,2.089807795698925,16.225838817204302,1.8834852150537629,2.1593696774193547
1,14903.113262461135,5219.97858033636,8.175904033424276,0.0,0.0,0.0,0.0,0.0,0.0,18.88246294253662,0.0,1.0,16.22535922043011,2.159369677419355,,,0.0,0.0,0.0,,2.089807795698925,16.225838817204302,1.8834852150537629,2.1593696774193547
2,14418.292943318684,5471.727802546003,8.24848256168638,0.0,0.0,0.0,0.0,0.0,0.0,12.588301273997619,0.0,1.0,16.22535922043011,2.159369677419355,,,0.0,0.0,0.0,,2.089807795698925,16.225838817204302,1.8834852150537629,2.1593696774193547
3,13933.472624176236,5723.477024755644,8.321061089948486,0.0,0.0,0.0,0.0,0.0,0.0,6.294139605458655,0.0,1.0,16.22535922043011,2.159369677419355,,,0.0,0.0,0.0,,2.089807795698925,16.225838817204302,1.8834852150537629,2.1593696774193547
4,13448.654004486423,5975.226246965287,9.0,0.27610213093654423,0.0,0.0,0.0,0.0,0.0,0.0,0.0,1.0,16.22535922043011,2.159369677419355,,,0.0,0.0,0.0,,2.089807795698925,16.225838817204302,1.8834852150537629,2.1593696774193547
