,cost,emission,grid,wood_supply,DHDC_small_heat,DHDC_medium_heat,DHDC_large_heat,wood_boiler_heat,wood_boiler_DHW,PV,SCFP,DHW_to_heat,ASHP,ASHP_DHW,GSHP_heat,GSHP_cooling,battery,DHW_storage,heat_storage,geothermal_boreholes,demand_electricity,demand_space_heating,demand_space_cooling,demand_hot_water
0,38727.822047350965,4279.930713396866,5.990067125170316,0.2704389892135581,20.0,0.0,0.0,5.000000000000001,5.000000000000001,20.125425489588007,0.0,0.0,11.734000541532591,0.48593916666666753,1.5021943961288218,1.2182918279569896,0.0,0.0,0.0,1.5228647849462371,1.969831989247312,13.452546129032259,1.2182918279569892,2.0849691397849464
1,12940.439284329192,4507.326192460867,6.957568321430402,0.004353447992100889,0.0,0.0,0.0,0.0,0.003047413594470622,17.627479489566593,0.0,0.0,11.95035173290344,2.0819217261904757,1.5021943961288193,1.2182918279569894,0.0,0.0,0.0,1.522864784946237,1.969831989247312,13.452546129032259,1.2182918279569892,2.0849691397849464
2,12465.627448844349,4734.721671524871,7.023246100607599,0.004353447992100889,0.0,0.0,0.0,0.0,0.003047413594470622,11.750736458269097,0.0,0.0,11.95035173290344,2.0819217261904757,1.5021943961288193,1.2182918279569894,0.0,0.0,0.0,1.522864784946237,1.969831989247312,13.452546129032259,1.2182918279569892,2.0849691397849464
3,11990.815613359513,4962.1171505888715,7.088923879784797,0.004353447992100889,0.0,0.0,0.0,0.0,0.003047413594470622,5.8739934269716585,0.0,0.0,11.95035173290344,2.0819217261904757,1.5021943961288193,1.2182918279569894,0.0,0.0,0.0,1.522864784946237,1.969831989247312,13.452546129032259,1.2182918279569892,2.0849691397849464
4,11516.088185590601,5189.512629652874,8.0,0.2704389892135581,0.0,0.0,0.0,0.0,0.0,0.0,0.0,1.0,11.949233824599975,2.0849691397849464,1.502819266797876,1.2182918279569896,0.0,0.0,0.0,1.5228647849462371,1.969831989247312,13.452546129032259,1.2182918279569892,2.0849691397849464
