,cost,emission,grid,wood_supply,DHDC_small_heat,DHDC_medium_heat,DHDC_large_heat,wood_boiler_heat,wood_boiler_DHW,PV,SCFP,DHW_to_heat,ASHP,ASHP_DHW,GSHP_heat,GSHP_cooling,battery,DHW_storage,heat_storage,geothermal_boreholes,demand_electricity,demand_space_heating,demand_space_cooling,demand_hot_water
0,24778.03526655348,1093.941578466879,1.5556477173856174,0.24877080613717653,,,,0.0,5.000000000000001,13.93451603919329,0.0,0.0,1.6487083333333332,0.7832717260265496,,,0.11289678679598329,0.0,0.0,,0.8995201612903225,1.6487083333333332,1.1478222849462365,0.9574112903225805
1,4338.660471916006,1237.498043024156,1.6768360140283183,0.0,,,,0.0,0.0,10.903730026439682,0.0,0.0,1.6487083333333332,0.9574112903225807,,,0.0,0.0,0.0,,0.8995201612903225,1.6487083333333332,1.1478222849462365,0.9574112903225805
2,4053.444662137287,1381.0545075814323,1.7118276739421872,0.0,,,,0.0,0.0,7.2691409707037105,0.0,0.0,1.6487083333333332,0.9574112903225807,,,0.0,0.0,0.0,,0.8995201612903225,1.6487083333333332,1.1478222849462365,0.9574112903225805
3,3768.228852358569,1524.6109721387083,1.7468193338560563,0.0,,,,0.0,0.0,3.6345519149677457,0.0,0.0,1.6487083333333332,0.9574112903225807,,,0.0,0.0,0.0,,0.8995201612903225,1.6487083333333332,1.1478222849462365,0.9574112903225805
4,3483.0159571140985,1668.1674366959855,2.0,0.24877080613717653,,,,0.0,0.0,0.0,0.0,0.0,1.6487083333333332,0.9574112903225807,,,0.0,1.0,0.0,,0.8995201612903225,1.6487083333333332,1.1478222849462365,0.9574112903225805
