,cost,emission,grid,wood_supply,DHDC_small_heat,DHDC_medium_heat,DHDC_large_heat,wood_boiler_heat,wood_boiler_DHW,PV,SCFP,DHW_to_heat,ASHP,ASHP_DHW,GSHP_heat,GSHP_cooling,battery,DHW_storage,heat_storage,geothermal_boreholes,demand_electricity,demand_space_heating,demand_space_cooling,demand_hot_water
0,35181.61035707319,2849.884646534943,4.283737451832589,0.2546797841224166,20.0,0.0,0.0,4.999999999999998,5.000000000000001,15.622795463547599,0.0,0.0,10.020345420013896,1.1529449844476418,0.0,0.0,0.01190486759126025,0.0,0.0,0.0,1.128294642857143,10.224089247311829,0.0,1.395587365591398
1,9113.268015452391,3021.4189094278063,4.9588939374492815,0.0,0.0,0.0,0.0,0.0,0.0,13.302166721213759,0.0,0.0,10.224089247311829,1.395587365591398,0.0,0.0,0.0,0.0,0.0,0.0,1.128294642857143,10.224089247311829,0.0,1.395587365591398
2,8754.907361443044,3192.9531723206696,5.008089444709021,0.0,0.0,0.0,0.0,0.0,0.0,8.86810125403462,0.0,0.0,10.224089247311829,1.395587365591398,0.0,0.0,0.0,0.0,0.0,0.0,1.128294642857143,10.224089247311829,0.0,1.395587365591398
3,8396.546707433696,3364.4874352135334,5.057284951968761,0.0,0.0,0.0,0.0,0.0,0.0,4.434035786855506,0.0,0.0,10.224089247311829,1.395587365591398,0.0,0.0,0.0,0.0,0.0,0.0,1.128294642857143,10.224089247311829,0.0,1.395587365591398
4,8038.188452184642,3536.0216981063963,6.0,0.2546797841224166,0.0,0.0,0.0,0.0,0.0,0.0,0.0,0.0,10.224089247311829,1.395587365591398,0.0,0.0,0.0,0.0,0.0,0.0,1.128294642857143,10.224089247311829,0.0,1.395587365591398
