,cost,emission,grid,wood_supply,DHDC_small_heat,DHDC_medium_heat,DHDC_large_heat,wood_boiler_heat,wood_boiler_DHW,PV,SCFP,DHW_to_heat,ASHP,ASHP_DHW,GSHP_heat,GSHP_cooling,battery,DHW_storage,heat_storage,geothermal_boreholes,demand_electricity,demand_space_heating,demand_space_cooling,demand_hot_water
0,34742.11473766259,2892.8930325210144,4.0826005083400085,0.24798320797228235,20.0,0.0,0.0,4.999999999999997,5.000000000000001,13.70948799208067,0.0,0.0,9.185942734697445,0.0,,,0.0,0.0,0.0,,1.1710497043010752,9.38432930107527,1.0264175268817204,1.369735510752688
1,8894.620544668367,3046.0739708634137,4.736816579903166,0.0,0.0,0.0,0.0,0.0,0.0,12.127007323993052,0.0,0.0,9.38432930107527,1.3697355107526883,,,0.0,0.0,0.0,,1.1710497043010752,9.38432930107527,1.0264175268817204,1.369735510752688
2,8558.668546375755,3199.2549092058134,4.781171956698782,0.0,0.0,0.0,0.0,0.0,0.0,8.08466822339079,0.0,0.0,9.38432930107527,1.3697355107526883,,,0.0,0.0,0.0,,1.1710497043010752,9.38432930107527,1.0264175268817204,1.369735510752688
3,8222.716548083139,3352.4358475482127,4.825527333494398,0.0,0.0,0.0,0.0,0.0,0.0,4.042329122788528,0.0,0.0,9.38432930107527,1.3697355107526883,,,0.0,0.0,0.0,,1.1710497043010752,9.38432930107527,1.0264175268817204,1.369735510752688
4,7886.765379029829,3505.616785890612,5.0,0.24798320797228235,0.0,0.0,0.0,0.0,0.0,0.0,0.0,0.0,9.38432930107527,1.3697355107526883,,,0.0,0.0,0.0,,1.1710497043010752,9.38432930107527,1.0264175268817204,1.369735510752688
