,cost,emission,grid,wood_supply,DHDC_small_heat,DHDC_medium_heat,DHDC_large_heat,wood_boiler_heat,wood_boiler_DHW,PV,SCFP,DHW_to_heat,ASHP,ASHP_DHW,GSHP_heat,GSHP_cooling,battery,DHW_storage,heat_storage,geothermal_boreholes,demand_electricity,demand_space_heating,demand_space_cooling,demand_hot_water
0,33489.06573615239,3232.7399937181654,4.987992347615073,0.28282876364777426,1.744707043010753,0.0,0.0,5.000000000000001,5.000000000000001,23.665361042221214,0.0,0.0,11.55527946220006,1.4802236559139785,0.0,0.0,0.5983568268972671,0.0,0.0,0.0,1.4025887096774197,11.781542473118279,0.0,1.7447070430107527
1,10943.716952258965,3463.692599268496,5.221334407477262,0.0,1.7154938611111112,0.0,0.0,0.0,0.0,17.896075438165237,0.0,1.0,10.78968913690476,1.398871975961723,0.0,0.0,0.0,0.0,0.0,0.0,1.4025887096774197,11.781542473118279,0.0,1.7447070430107527
2,10337.057128880726,3694.645204818828,5.197082079012922,0.0,1.744707043010753,0.0,0.0,0.0,0.0,11.443033663388315,0.0,1.0,11.7815386827957,0.0,0.0,0.0,0.0,0.0,0.0,0.0,1.4025887096774197,11.781542473118279,0.0,1.7447070430107527
3,9901.994226112005,3925.597810369159,5.259680999714054,0.0,1.744707043010753,0.0,0.0,0.0,0.0,5.719202192268785,0.0,1.0,11.7815386827957,0.0,0.0,0.0,0.0,0.0,0.0,0.0,1.4025887096774197,11.781542473118279,0.0,1.7447070430107527
4,9467.249923197587,4156.55041591949,6.0,0.28282876364777426,1.7412729166666667,0.0,0.0,0.0,0.0,0.0,0.0,1.0,11.7815386827957,0.003434126344086141,0.0,0.0,0.0,0.0,0.0,0.0,1.4025887096774197,11.781542473118279,0.0,1.7447070430107527
