,cost,emission,grid,wood_supply,DHDC_small_heat,DHDC_medium_heat,DHDC_large_heat,wood_boiler_heat,wood_boiler_DHW,PV,SCFP,DHW_to_heat,ASHP,ASHP_DHW,GSHP_heat,GSHP_cooling,battery,DHW_storage,heat_storage,geothermal_boreholes,demand_electricity,demand_space_heating,demand_space_cooling,demand_hot_water
0,32379.5124842227,3510.547155963394,5.693128923651861,0.28942725626032595,,,,0.0,5.000000000000001,25.550644645807402,0.0,0.0,10.792764784946238,1.6368687163166842,,,0.015289471090331514,0.0,0.0,,1.6362311827956992,10.792764784946238,1.3981222043010753,1.8394677956989247
1,11680.315041275378,3754.3202700565466,5.830340881362817,0.0,,,,0.0,0.0,19.849720923581177,0.0,1.0,10.792723360215057,1.839467795698925,,,0.0,0.0,0.0,,1.6362311827956992,10.792764784946238,1.3981222043010753,1.8394677956989247
2,11110.30617944138,3998.0933841496994,5.880769987458543,0.0,,,,0.0,0.0,13.233135450120026,0.0,1.0,10.792723360215057,1.839467795698925,,,0.0,0.0,0.0,,1.6362311827956992,10.792764784946238,1.3981222043010753,1.8394677956989247
3,10540.29733902471,4241.866498242852,5.940358545148518,0.0,,,,0.0,0.0,6.616550225268342,0.0,1.0,10.792723360215057,1.839467795698925,,,0.0,0.0,0.0,,1.6362311827956992,10.792764784946238,1.3981222043010753,1.8394677956989247
4,9970.291513769373,4485.6396123360055,6.0,0.28942725626032595,,,,0.0,0.0,0.0,0.0,1.0,10.792723360215057,1.839467795698925,,,0.0,1.0,0.0,,1.6362311827956992,10.792764784946238,1.3981222043010753,1.8394677956989247
