,cost,emission,grid,wood_supply,DHDC_small_heat,DHDC_medium_heat,DHDC_large_heat,wood_boiler_heat,wood_boiler_DHW,PV,SCFP,DHW_to_heat,ASHP,ASHP_DHW,GSHP_heat,GSHP_cooling,battery,DHW_storage,heat_storage,geothermal_boreholes,demand_electricity,demand_space_heating,demand_space_cooling,demand_hot_water
0,36118.23156788782,3224.230194226922,4.967557784423944,0.2546366350231122,20.0,0.0,0.0,5.000000000000001,5.000000000000001,15.610467149460613,0.0,0.0,12.045803702734199,1.1652964666666665,0.0,0.0,0.0,0.0,0.0,0.0,1.1394188440860213,12.249513010752688,0.0,1.4299811827956987
1,10066.12902906313,3395.177915765398,5.6555811101204165,0.0,0.0,0.0,0.0,0.0,0.0,13.365064782431055,0.0,0.0,12.24951301075269,1.429981182795699,0.0,0.0,0.0,0.0,0.0,0.0,1.1394188440860213,12.249513010752688,0.0,1.4299811827956987
2,9702.033734399869,3566.1256373038746,5.704795036684813,0.0,0.0,0.0,0.0,0.0,0.0,8.910039266892932,0.0,0.0,12.24951301075269,1.429981182795699,0.0,0.0,0.0,0.0,0.0,0.0,1.1394188440860213,12.249513010752688,0.0,1.4299811827956987
3,9337.938439736612,3737.073358842351,5.754008963249211,0.0,0.0,0.0,0.0,0.0,0.0,4.455013751354829,0.0,0.0,12.24951301075269,1.429981182795699,0.0,0.0,0.0,0.0,0.0,0.0,1.1394188440860213,12.249513010752688,0.0,1.4299811827956987
4,8973.84410652324,3908.0210803808272,6.0,0.2546366350231122,0.0,0.0,0.0,0.0,0.0,0.0,0.0,0.0,12.24951301075269,1.429981182795699,0.0,0.0,0.0,0.0,0.0,0.0,1.1394188440860213,12.249513010752688,0.0,1.4299811827956987
