,cost,emission,grid,wood_supply,DHDC_small_heat,DHDC_medium_heat,DHDC_large_heat,wood_boiler_heat,wood_boiler_DHW,PV,SCFP,DHW_to_heat,ASHP,ASHP_DHW,GSHP_heat,GSHP_cooling,battery,DHW_storage,heat_storage,geothermal_boreholes,demand_electricity,demand_space_heating,demand_space_cooling,demand_hot_water
0,37564.42010104232,3616.8647746179913,3.418936925120456,0.2937581033789361,20.0,0.0,0.0,4.999999999999998,5.000000000000001,26.788029536838888,0.0,0.0,3.6481505376344088,0.0,,,0.0,0.0,0.0,,3.3422113440860213,2.188379569892473,3.6481505376344088,1.6586276881720434
1,11510.852294455754,3906.223467370724,4.231563419151684,0.0030140443274088973,0.0,0.0,0.0,0.0,0.002109831029186228,22.231845870034647,0.0,0.0,3.6481505376344088,1.6565178571428572,,,0.0,0.0,0.0,,3.3422113440860213,2.188379569892473,3.6481505376344088,1.6586276881720434
2,10919.573903845838,4195.5821601234575,4.303256032949646,0.0030140443274088973,0.0,0.0,0.0,0.0,0.002109831029186228,14.820772898775454,0.0,0.0,3.6481505376344088,1.6565178571428572,,,0.0,0.0,0.0,,3.3422113440860213,2.188379569892473,3.6481505376344088,1.6586276881720434
3,10328.29625201476,4484.94085287619,4.736490738391725,0.0030140443274088973,0.0,0.0,0.0,0.0,0.002109831029186228,7.409709187357298,0.0,0.0,3.6481505376344088,1.6565178571428572,,,0.0,0.0,0.0,,3.3422113440860213,2.188379569892473,3.6481505376344088,1.6586276881720434
4,9737.086794491346,4774.299545628921,6.0,0.2937581033789361,0.0,0.0,0.0,0.0,0.0,0.0,0.0,0.0,3.6481505376344088,1.6586276881720434,,,0.0,0.0,0.0,,3.3422113440860213,2.188379569892473,3.6481505376344088,1.6586276881720434
