,cost,emission,grid,wood_supply,DHDC_small_heat,DHDC_medium_heat,DHDC_large_heat,wood_boiler_heat,wood_boiler_DHW,PV,SCFP,DHW_to_heat,ASHP,ASHP_DHW,GSHP_heat,GSHP_cooling,battery,DHW_storage,heat_storage,geothermal_boreholes,demand_electricity,demand_space_heating,demand_space_cooling,demand_hot_water
0,51051.83253632883,9136.84237531494,11.622724155432131,0.3297978579897182,20.0,0.0,0.0,4.999999999999997,5.0,37.08510228277664,0.0,0.0,15.513745046941558,0.0,,,0.3478426622859415,0.0,0.0,,8.077387944444444,15.777583333333332,10.928880111111113,1.6910862222222225
1,24662.064095208156,9525.998519145758,12.369599398869855,0.0,0.0,0.0,0.0,0.0,0.0,29.434326457713887,0.0,1.0,15.379605982078852,1.6910862222222225,,,0.0,0.0,0.0,,8.077387944444444,15.777583333333332,10.928880111111113,1.6910862222222225
2,23896.84834398974,9915.154662976576,12.481129503297067,0.0,0.0,0.0,0.0,0.0,0.0,19.622879047507308,0.0,1.0,15.379605982078852,1.6910862222222225,,,0.0,0.0,0.0,,8.077387944444444,15.777583333333332,10.928880111111113,1.6910862222222225
3,23131.63259277133,10304.310806807394,12.59265960772428,0.0,0.0,0.0,0.0,0.0,0.0,9.811431637300775,0.0,1.0,15.379605982078852,1.6910862222222225,,,0.0,0.0,0.0,,8.077387944444444,15.777583333333332,10.928880111111113,1.6910862222222225
4,22366.418071715543,10693.46695063821,13.0,0.3297978579897182,0.0,0.0,0.0,0.0,0.0,0.0,0.0,1.0,15.379605982078852,1.6910862222222225,,,0.0,0.0,0.0,,8.077387944444444,15.777583333333332,10.928880111111113,1.6910862222222225
