,cost,emission,grid,wood_supply,DHDC_small_heat,DHDC_medium_heat,DHDC_large_heat,wood_boiler_heat,wood_boiler_DHW,PV,SCFP,DHW_to_heat,ASHP,ASHP_DHW,GSHP_heat,GSHP_cooling,battery,DHW_storage,heat_storage,geothermal_boreholes,demand_electricity,demand_space_heating,demand_space_cooling,demand_hot_water
0,34900.32995528929,2627.385224862576,3.9147472173416773,0.25997179249559216,20.0,0.0,0.0,5.000000000000001,5.000000000000001,17.134797855883463,0.0,0.0,8.825205361702452,1.1309128008086415,,,0.05462475892232506,0.0,0.0,,1.1535362903225808,9.033182795698925,0.6512810752688173,1.3827755376344086
1,8790.707042728613,2803.70758687715,4.587551518620535,0.0,0.0,0.0,0.0,0.0,0.0,14.541476646054585,0.0,0.0,9.033182795698925,1.3827755376344089,,,0.0,0.0,0.0,,1.1535362903225808,9.033182795698925,0.6512810752688173,1.3827755376344086
2,8366.595037777148,2980.0299488917212,4.638618961285467,0.0,0.0,0.0,0.0,0.0,0.0,9.694313006207146,0.0,0.0,9.033182795698925,1.3827755376344089,,,0.0,0.0,0.0,,1.1535362903225808,9.033182795698925,0.6512810752688173,1.3827755376344086
3,7942.483032825684,3156.352310906294,4.689686403950399,0.0,0.0,0.0,0.0,0.0,0.0,4.847149366359688,0.0,0.0,9.033182795698925,1.3827755376344089,,,0.0,0.0,0.0,,1.1535362903225808,9.033182795698925,0.6512810752688173,1.3827755376344086
4,7518.372276760776,3332.674672920866,5.0,0.25997179249559216,0.0,0.0,0.0,0.0,0.0,0.0,0.0,0.0,9.033182795698925,1.3827755376344089,,,0.0,0.0,0.0,,1.1535362903225808,9.033182795698925,0.6512810752688173,1.3827755376344086
