,cost,emission,grid,wood_supply,DHDC_small_heat,DHDC_medium_heat,DHDC_large_heat,wood_boiler_heat,wood_boiler_DHW,PV,SCFP,DHW_to_heat,ASHP,ASHP_DHW,GSHP_heat,GSHP_cooling,battery,DHW_storage,heat_storage,geothermal_boreholes,demand_electricity,demand_space_heating,demand_space_cooling,demand_hot_water
0,48553.32442690008,7919.92432722758,11.646321391658411,0.3560349501619784,6.666666666666667,0.0,0.0,4.999999999999998,5.000000000000001,44.581414331993805,0.0,0.0,24.477508364539716,2.679311599999998,2.916481578556506,2.355666774193549,0.0,0.0,0.0,2.9445834677419365,3.408826827956989,27.678817903225806,2.355666774193548,3.5019409139784945
1,24973.923215890034,8395.835875248711,11.087748172589595,0.0,6.666666666666667,0.0,0.0,0.0,0.0,33.09273039362778,0.0,4.0,23.814391815746273,0.0,0.6988255767268458,2.3556667741935486,0.0,0.0,0.0,2.944583467741936,3.408826827956989,27.678817903225806,2.355666774193548,3.5019409139784945
2,23953.009408021153,8871.747423269839,11.209119798518598,0.0,6.666666666666667,0.0,0.0,0.0,0.0,20.652299165863724,0.0,4.0,23.814391815746273,0.0,0.6988255767268448,2.3556667741935486,0.0,0.0,0.0,2.944583467741936,3.408826827956989,27.678817903225806,2.355666774193548,3.5019409139784945
3,22932.095606125702,9347.658971290974,11.333276021605098,0.0,6.666666666666667,0.0,0.0,0.0,0.0,8.211868010889473,0.0,4.0,23.814391815746273,0.0,0.6988255767268448,2.3556667741935486,0.0,0.0,0.0,2.944583467741936,3.408826827956989,27.678817903225806,2.355666774193548,3.5019409139784945
4,22226.806355703433,9823.570519312107,14.0,0.3560349501619784,0.0,0.0,0.0,0.0,0.0,0.0,0.0,1.0,26.979117568434447,3.5019409139784945,0.6988255767268466,2.355666774193549,0.0,0.0,0.0,2.9445834677419365,3.408826827956989,27.678817903225806,2.355666774193548,3.5019409139784945
