,cost,emission,grid,wood_supply,DHDC_small_heat,DHDC_medium_heat,DHDC_large_heat,wood_boiler_heat,wood_boiler_DHW,PV,SCFP,DHW_to_heat,ASHP,ASHP_DHW,GSHP_heat,GSHP_cooling,battery,DHW_storage,heat_storage,geothermal_boreholes,demand_electricity,demand_space_heating,demand_space_cooling,demand_hot_water
0,48402.10522693173,8363.31049091812,14.0969351452159,0.4009057617175199,,,,0.0,4.9999999999999964,57.40164620500568,0.0,0.0,26.56189731182796,4.007062257120305,0.0,0.0,0.8222163795750179,0.0,0.0,0.0,4.262328575268817,26.561897311827956,0.0,4.287696290322581
1,27095.45776239903,8983.225512924042,14.395781527707628,0.0,,,,0.0,0.0,43.275951051466706,0.0,1.0,26.561381424731184,4.2876962903225815,0.0,0.0,0.0,0.0,0.0,0.0,4.262328575268817,26.561897311827956,0.0,4.287696290322581
2,26108.486007296902,9603.140534929964,14.55087087981156,0.0,,,,0.0,0.0,28.850622090234577,0.0,1.0,26.561381424731184,4.2876962903225815,0.0,0.0,0.0,0.0,0.0,0.0,4.262328575268817,26.561897311827956,0.0,4.287696290322581
3,25121.514276330738,10223.055556935884,14.721119977387232,0.0,,,,0.0,0.0,14.42529348176754,0.0,1.0,26.561381424731184,4.2876962903225815,0.0,0.0,0.0,0.0,0.0,0.0,4.262328575268817,26.561897311827956,0.0,4.287696290322581
4,24134.544948710827,10842.970578941808,15.0,0.4009057617175199,,,,0.0,0.0,0.0,0.0,1.0,26.561381424731184,4.2876962903225815,0.0,0.0,0.0,1.0,0.0,0.0,4.262328575268817,26.561897311827956,0.0,4.287696290322581
