,cost,emission,grid,wood_supply,DHDC_small_heat,DHDC_medium_heat,DHDC_large_heat,wood_boiler_heat,wood_boiler_DHW,PV,SCFP,DHW_to_heat,ASHP,ASHP_DHW,GSHP_heat,GSHP_cooling,battery,DHW_storage,heat_storage,geothermal_boreholes,demand_electricity,demand_space_heating,demand_space_cooling,demand_hot_water
0,24847.006359921626,1326.6702814176585,1.7899649576177397,0.23919969216160544,,,,0.0,5.000000000000001,11.199912046172978,0.0,0.0,1.9709118279569895,0.9304328230137505,,,0.0,0.0,0.0,,0.9406276075268816,1.9709118279569893,1.0065077688172042,1.0978726075268816
1,4483.308586229037,1443.4970527352016,1.885189787541197,0.0,,,,0.0,0.0,8.939289017310726,0.0,0.0,1.9709118279569895,1.0978726075268819,,,0.0,0.0,0.0,,0.9406276075268816,1.9709118279569893,1.0065077688172042,1.0978726075268816
2,4246.973033970096,1560.323824052745,1.9187468339482807,0.0,,,,0.0,0.0,5.959515355686883,0.0,0.0,1.9709118279569895,1.0978726075268819,,,0.0,0.0,0.0,,0.9406276075268816,1.9709118279569893,1.0065077688172042,1.0978726075268816
3,4010.6374817111546,1677.1505953702886,1.9523038803553647,0.0,,,,0.0,0.0,2.9797416940630392,0.0,0.0,1.9709118279569895,1.0978726075268819,,,0.0,0.0,0.0,,0.9406276075268816,1.9709118279569893,1.0065077688172042,1.0978726075268816
4,3774.3044649035583,1793.9773666878311,2.0,0.23919969216160544,,,,0.0,0.0,0.0,0.0,0.0,1.9709118279569895,1.0978726075268819,,,0.0,1.0,0.0,,0.9406276075268816,1.9709118279569893,1.0065077688172042,1.0978726075268816
