,cost,emission,grid,wood_supply,DHDC_small_heat,DHDC_medium_heat,DHDC_large_heat,wood_boiler_heat,wood_boiler_DHW,PV,SCFP,DHW_to_heat,ASHP,ASHP_DHW,GSHP_heat,GSHP_cooling,battery,DHW_storage,heat_storage,geothermal_boreholes,demand_electricity,demand_space_heating,demand_space_cooling,demand_hot_water
0,27053.731172133845,1578.613648436056,2.1946175114926634,0.2798656082155817,,,,0.0,5.000000000000001,22.81874520445191,0.0,0.0,0.46815486532245276,1.2755552032813389,1.7645725540323858,1.897466612903226,0.28532300147028555,0.0,0.0,2.3718332661290327,1.5047387634408602,2.2327274193548385,1.8974666129032258,1.4714611290322581
1,6422.120076558174,1817.1548563534832,2.370594135968645,0.0027829054202329166,,,,0.0,0.0019480337941630416,17.469395212077593,0.0,0.0,0.4681548653224531,1.469513095238095,1.7645725540323858,1.8974666129032258,0.0,0.0,0.0,2.3718332661290322,1.5047387634408602,2.2327274193548385,1.8974666129032258,1.4714611290322581
2,5989.594714625213,2055.6960642709123,2.4318924957479937,0.0027829054202329166,,,,0.0,0.0019480337941630416,11.644851472097148,0.0,0.0,0.4681548653224531,1.469513095238095,1.7645725540323858,1.8974666129032258,0.0,0.0,0.0,2.3718332661290322,1.5047387634408602,2.2327274193548385,1.8974666129032258,1.4714611290322581
3,5557.069352692255,2294.23727218834,2.493190855527342,0.0027829054202329166,,,,0.0,0.0019480337941630416,5.820307732116751,0.0,0.0,0.4681548653224531,1.469513095238095,1.7645725540323858,1.8974666129032258,0.0,0.0,0.0,2.3718332661290322,1.5047387634408602,2.2327274193548385,1.8974666129032258,1.4714611290322581
4,5124.757769701781,2532.7784801057683,3.0,0.2798656082155817,,,,0.0,0.0,0.0,0.0,1.0,0.4650574559369941,1.4714611290322583,1.7676072752458014,1.897466612903226,0.0,1.0,0.0,2.3718332661290327,1.5047387634408602,2.2327274193548385,1.8974666129032258,1.4714611290322581
