,cost,emission,grid,wood_supply,DHDC_small_heat,DHDC_medium_heat,DHDC_large_heat,wood_boiler_heat,wood_boiler_DHW,PV,SCFP,DHW_to_heat,ASHP,ASHP_DHW,GSHP_heat,GSHP_cooling,battery,DHW_storage,heat_storage,geothermal_boreholes,demand_electricity,demand_space_heating,demand_space_cooling,demand_hot_water
0,23811.31212261039,982.2865002973928,1.402160339712927,0.2325866616908555,,,,0.0,5.000000000000001,9.310474768815856,0.0,0.0,1.7345960215053764,0.5052837185368236,,,0.0,0.0,0.0,,0.7612554838709676,1.7345960215053764,0.8072351612903226,0.6680943817204301
1,3489.5552525606213,1082.0244068332076,1.490204438476646,0.013264411893790259,,,,0.0,0.009285088325653182,7.495744887141525,0.0,1.0,1.726565,0.6664529761904762,,,0.0,0.0,0.0,,0.7612554838709676,1.7345960215053764,0.8072351612903226,0.6680943817204301
2,3296.364160862222,1181.7623133690222,1.518976321948048,0.013264411893790259,,,,0.0,0.009285088325653182,4.996338792795166,0.0,1.0,1.726565,0.6664529761904762,,,0.0,0.0,0.0,,0.7612554838709676,1.7345960215053764,0.8072351612903226,0.6680943817204301
3,3103.1730691638227,1281.5002199048374,1.5477482054194502,0.013264411893790259,,,,0.0,0.009285088325653182,2.4969326984488043,0.0,1.0,1.726565,0.6664529761904762,,,0.0,0.0,0.0,,0.7612554838709676,1.7345960215053764,0.8072351612903226,0.6680943817204301
4,2910.2027731101034,1381.2381264406522,2.0,0.2325866616908555,,,,0.0,0.0,0.0,0.0,1.0,1.734208682795699,0.6680943817204301,,,0.0,1.0,0.0,,0.7612554838709676,1.7345960215053764,0.8072351612903226,0.6680943817204301
