,cost,emission,grid,wood_supply,DHDC_small_heat,DHDC_medium_heat,DHDC_large_heat,wood_boiler_heat,wood_boiler_DHW,PV,SCFP,DHW_to_heat,ASHP,ASHP_DHW,GSHP_heat,GSHP_cooling,battery,DHW_storage,heat_storage,geothermal_boreholes,demand_electricity,demand_space_heating,demand_space_cooling,demand_hot_water
0,33576.69435973835,3262.348918073325,4.88577657190047,0.2832231497942992,1.7461034946236562,0.0,0.0,5.000000000000001,5.000000000000001,23.778042798371178,0.0,0.0,10.492323659893396,1.486430451612903,1.1015440030668624,0.874735483870968,0.524575506652967,0.0,0.0,1.0934193548387101,1.4247496505376342,11.820446182795699,0.8747354838709678,1.746103494623656
1,11026.23648779669,3496.60033996325,5.2088126601268785,0.0,1.7168222222222225,0.0,0.0,0.0,0.0,18.090458178238702,0.0,1.0,10.541439260564246,1.254344456861169,0.2870100846738489,0.8747354838709679,0.0,0.0,0.0,1.09341935483871,1.4247496505376342,11.820446182795699,0.8747354838709678,1.746103494623656
2,10450.644711799736,3730.851761853174,5.187865794384022,0.0,1.7460927419354841,0.0,0.0,0.0,0.0,11.656433656399836,0.0,0.0,11.566026986857711,1.0752688172094354e-05,0.2544191959379906,0.8747354838709679,0.0,0.0,0.0,1.09341935483871,1.4247496505376342,11.820446182795699,0.8747354838709678,1.746103494623656
3,10004.56551366901,3965.1031837431,5.2515665284268955,0.0,1.7460927419354841,0.0,0.0,0.0,0.0,5.825923450547332,0.0,0.0,11.566026986857711,1.0752688172094354e-05,0.2544191959379906,0.8747354838709679,0.0,0.0,0.0,1.09341935483871,1.4247496505376342,11.820446182795699,0.8747354838709678,1.746103494623656
4,9558.804336993624,4199.354605633022,6.0,0.2832231497942992,1.7426964285714286,0.0,0.0,0.0,0.0,0.0,0.0,1.0,11.566026986857707,0.0034070660522273703,0.2544191959379906,0.874735483870968,0.0,0.0,0.0,1.0934193548387101,1.4247496505376342,11.820446182795699,0.8747354838709678,1.746103494623656
