,cost,emission,grid,wood_supply,DHDC_small_heat,DHDC_medium_heat,DHDC_large_heat,wood_boiler_heat,wood_boiler_DHW,PV,SCFP,DHW_to_heat,ASHP,ASHP_DHW,GSHP_heat,GSHP_cooling,battery,DHW_storage,heat_storage,geothermal_boreholes,demand_electricity,demand_space_heating,demand_space_cooling,demand_hot_water
0,42096.77560705553,6058.744333177918,8.318796777700992,0.35257008093310527,3.3333333333333335,0.0,0.0,4.999999999999998,5.0,43.591451695172935,0.0,0.0,9.855838558909431,0.6850389784946237,,,1.5812776723592668,0.0,0.0,,5.968031499999999,10.137894623655914,3.2981644999999995,1.7442319444444445
1,19134.77667312876,6507.095508004663,8.008650198254507,0.0,3.3333333333333335,0.0,0.0,0.0,0.0,33.49564180220137,0.0,3.0,7.725061021505378,0.6850389784946237,,,0.0,0.0,0.0,,5.968031499999999,10.137894623655914,3.2981644999999995,1.7442319444444445
2,18019.43487377723,6955.446682831407,8.094654986633811,0.0,3.3333333333333335,0.0,0.0,0.0,0.0,20.89861400177907,0.0,2.0,8.410100000000002,0.0,,,0.0,0.0,0.0,,5.968031499999999,10.137894623655914,3.2981644999999995,1.7442319444444445
3,17147.831510564058,7403.797857658152,8.22246716504977,0.0,3.3333333333333335,0.0,0.0,0.0,0.0,9.646687588378587,0.0,2.0,8.410100000000002,0.0,,,0.0,0.0,0.0,,5.968031499999999,10.137894623655914,3.2981644999999995,1.7442319444444445
4,16338.448099607478,7852.149032484896,10.0,0.35257008093310527,0.0,0.0,0.0,0.0,0.0,0.0,0.0,1.0,9.99920138888889,1.7442319444444445,,,0.0,0.0,0.0,,5.968031499999999,10.137894623655914,3.2981644999999995,1.7442319444444445
