,cost,emission,grid,wood_supply,DHDC_small_heat,DHDC_medium_heat,DHDC_large_heat,wood_boiler_heat,wood_boiler_DHW,PV,SCFP,DHW_to_heat,ASHP,ASHP_DHW,GSHP_heat,GSHP_cooling,battery,DHW_storage,heat_storage,geothermal_boreholes,demand_electricity,demand_space_heating,demand_space_cooling,demand_hot_water
0,50982.40605652642,9074.117420559964,12.25940632618909,0.3799898543576525,4.543731451612904,0.0,0.0,4.999999999999997,5.000000000000001,51.425672673614976,0.0,0.0,22.124596670416,1.5675883333333331,4.152721768678524,3.555402956989248,0.0,0.0,0.0,4.44425369623656,4.752794354838709,26.58131032258064,3.555402956989247,4.543731451612903
1,27869.994062112837,9593.899250671519,12.839301249437144,0.0,4.543731451612904,0.0,0.0,0.0,0.0,39.066755185050354,0.0,1.0,25.461664350447023,0.0,1.1190329344992127,3.5554029569892474,0.0,0.0,0.0,4.444253696236559,4.752794354838709,26.58131032258064,3.555402956989247,4.543731451612903
2,26863.761874413583,10113.681080783086,12.988602251300142,0.0,4.543731451612904,0.0,0.0,0.0,0.0,26.044161062111588,0.0,1.0,25.461664350447023,0.0,1.1190329344992131,3.5554029569892474,0.0,0.0,0.0,4.444253696236559,4.752794354838709,26.58131032258064,3.555402956989247,4.543731451612903
3,25857.52968671436,10633.46291089464,13.137903253163136,0.0,4.543731451612904,0.0,0.0,0.0,0.0,13.02156693917318,0.0,1.0,25.461664350447023,0.0,1.1190329344992131,3.5554029569892474,0.0,0.0,0.0,4.444253696236559,4.752794354838709,26.58131032258064,3.555402956989247,4.543731451612903
4,24851.32834367446,11153.244741006196,14.0,0.3799898543576525,4.539322916666666,0.0,0.0,0.0,0.0,0.0,0.0,1.0,25.461664350447023,0.004408534946236693,1.1190329344992131,3.555402956989248,0.0,0.0,0.0,4.44425369623656,4.752794354838709,26.58131032258064,3.555402956989247,4.543731451612903
