,cost,emission,grid,wood_supply,DHDC_small_heat,DHDC_medium_heat,DHDC_large_heat,wood_boiler_heat,wood_boiler_DHW,PV,SCFP,DHW_to_heat,ASHP,ASHP_DHW,GSHP_heat,GSHP_cooling,battery,DHW_storage,heat_storage,geothermal_boreholes,demand_electricity,demand_space_heating,demand_space_cooling,demand_hot_water
0,29583.356277641662,905.2162053896105,1.0276682341278538,0.2348160306226995,20.0,0.0,0.0,4.999999999999998,5.000000000000001,9.947437320771291,0.0,0.0,1.282097444319045,0.48074087533830384,,,0.01722365956881696,0.0,0.0,,0.7570470430107527,1.4699502688172044,0.8068138172043011,0.6713873924731182
1,3487.050385231824,1013.6922296778531,1.3904712424808683,0.0,0.0,0.0,0.0,0.0,0.0,8.442724535977076,0.0,0.0,1.4699502688172044,0.6713873924731183,,,0.0,0.0,0.0,,0.7570470430107527,1.4699502688172044,0.8068138172043011,0.6713873924731182
2,3258.461855492108,1122.1682539660956,1.4177623513431645,0.0,0.0,0.0,0.0,0.0,0.0,5.628476430256075,0.0,0.0,1.4699502688172044,0.6713873924731183,,,0.0,0.0,0.0,,0.7570470430107527,1.4699502688172044,0.8068138172043011,0.6713873924731182
3,3029.873331910107,1230.644278254338,1.4479755853650587,0.0,0.0,0.0,0.0,0.0,0.0,2.814228400345254,0.0,0.0,1.4699502688172044,0.6713873924731183,,,0.0,0.0,0.0,,0.7570470430107527,1.4699502688172044,0.8068138172043011,0.6713873924731182
4,2801.2864027481305,1339.1203025425807,2.0,0.2348160306226995,0.0,0.0,0.0,0.0,0.0,0.0,0.0,0.0,1.4699502688172044,0.6713873924731183,,,0.0,0.0,0.0,,0.7570470430107527,1.4699502688172044,0.8068138172043011,0.6713873924731182
