,cost,emission,grid,wood_supply,DHDC_small_heat,DHDC_medium_heat,DHDC_large_heat,wood_boiler_heat,wood_boiler_DHW,PV,SCFP,DHW_to_heat,ASHP,ASHP_DHW,GSHP_heat,GSHP_cooling,battery,DHW_storage,heat_storage,geothermal_boreholes,demand_electricity,demand_space_heating,demand_space_cooling,demand_hot_water
0,57755.08885497765,9876.728805754694,13.769407330621947,0.420955037049414,20.0,0.0,0.0,5.000000000000001,5.000000000000001,63.13001058554683,0.0,0.0,26.733076830575524,3.475553333333331,0.0,0.0,0.0,0.0,0.0,0.0,5.619201612903225,27.069840860215052,0.0,5.480959677419355
1,31865.329751443547,10609.867939809683,16.292262824440233,0.0,0.0,0.0,0.0,0.0,0.0,52.586017215138405,0.0,1.0,27.06922661290323,5.480959677419355,0.0,0.0,0.0,0.0,0.0,0.0,5.619201612903225,27.069840860215052,0.0,5.480959677419355
2,30607.79465699505,11343.007073864675,16.50351204698596,0.0,0.0,0.0,0.0,0.0,0.0,35.05734086553625,0.0,1.0,27.06922661290323,5.480959677419355,0.0,0.0,0.0,0.0,0.0,0.0,5.619201612903225,27.069840860215052,0.0,5.480959677419355
3,29350.259562546555,12076.146207919668,16.714761269531692,0.0,0.0,0.0,0.0,0.0,0.0,17.528664515934025,0.0,1.0,27.06922661290323,5.480959677419355,0.0,0.0,0.0,0.0,0.0,0.0,5.619201612903225,27.069840860215052,0.0,5.480959677419355
4,28092.725317064214,12809.285341974659,17.0,0.420955037049414,0.0,0.0,0.0,0.0,0.0,0.0,0.0,1.0,27.06922661290323,5.480959677419355,0.0,0.0,0.0,0.0,0.0,0.0,5.619201612903225,27.069840860215052,0.0,5.480959677419355
