,cost,emission,grid,wood_supply,DHDC_small_heat,DHDC_medium_heat,DHDC_large_heat,wood_boiler_heat,wood_boiler_DHW,PV,SCFP,DHW_to_heat,ASHP,ASHP_DHW,GSHP_heat,GSHP_cooling,battery,DHW_storage,heat_storage,geothermal_boreholes,demand_electricity,demand_space_heating,demand_space_cooling,demand_hot_water
0,47715.097097699094,7868.718296854769,11.331604971980148,0.3517815902894962,6.666666666666667,0.0,0.0,4.999999999999997,5.000000000000001,43.366168654141774,0.0,0.0,24.81889193206948,0.4426439012345693,,,0.0,0.0,0.0,,3.5339770161290325,25.100317204301074,3.0755567204301073,3.4287674731182793
1,24476.089915185607,8333.931601483873,10.47913187988611,0.0,6.666666666666667,0.0,0.0,0.0,0.0,32.52454358673609,0.0,4.0,21.861645161290323,0.0,,,0.0,0.0,0.0,,3.5339770161290325,25.100317204301074,3.0755567204301073,3.4287674731182793
2,23467.766119662985,8799.144906112979,10.598574403265518,0.0,6.666666666666667,0.0,0.0,0.0,0.0,20.31000142964502,0.0,4.0,21.861645161290323,0.0,,,0.0,0.0,0.0,,3.5339770161290325,25.100317204301074,3.0755567204301073,3.4287674731182793
3,22459.44235544023,9264.358210742086,10.732457839903391,0.0,6.666666666666667,0.0,0.0,0.0,0.0,8.095459651711547,0.0,4.0,21.861645161290323,0.0,,,0.0,0.0,0.0,,3.5339770161290325,25.100317204301074,3.0755567204301073,3.4287674731182793
4,21747.355614278284,9729.571515371194,14.0,0.3517815902894962,0.0,0.0,0.0,0.0,0.0,0.0,0.0,1.0,25.09954435483871,3.4287674731182793,,,0.0,0.0,0.0,,3.5339770161290325,25.100317204301074,3.0755567204301073,3.4287674731182793
