,cost,emission,grid,wood_supply,DHDC_small_heat,DHDC_medium_heat,DHDC_large_heat,wood_boiler_heat,wood_boiler_DHW,PV,SCFP,DHW_to_heat,ASHP,ASHP_DHW,GSHP_heat,GSHP_cooling,battery,DHW_storage,heat_storage,geothermal_boreholes,demand_electricity,demand_space_heating,demand_space_cooling,demand_hot_water
0,44788.54621925328,6888.440079365592,9.79782066263083,0.3554889129838436,3.449752741935484,0.0,0.0,4.999999999999998,5.000000000000001,44.425403709669595,0.0,0.0,20.337168869612928,2.3747037530864192,,,0.0,0.0,0.0,,3.5285362903225805,20.621560000000002,3.1040158064516126,3.449752741935484
1,21779.154949679418,7366.956803971764,10.00365064816566,0.0,3.449752741935484,0.0,0.0,0.0,0.0,33.55125526728145,0.0,1.0,20.62107099462366,0.0,,,0.0,0.0,0.0,,3.5285362903225805,20.621560000000002,3.1040158064516126,3.449752741935484
2,21007.384829937648,7845.473528577944,10.117890168699141,0.0,3.449752741935484,0.0,0.0,0.0,0.0,22.364760699176184,0.0,1.0,20.62107099462366,0.0,,,0.0,0.0,0.0,,3.5285362903225805,20.621560000000002,3.1040158064516126,3.449752741935484
3,20235.61473842164,8323.990253184124,10.249630363963005,0.0,3.449752741935484,0.0,0.0,0.0,0.0,11.178266540191942,0.0,1.0,20.62107099462366,0.0,,,0.0,0.0,0.0,,3.5285362903225805,20.621560000000002,3.1040158064516126,3.449752741935484
4,19464.367528377774,8802.506977790294,11.0,0.3554889129838436,3.4451330357142846,0.0,0.0,0.0,0.0,0.0,0.0,1.0,20.62107099462366,0.004619706221199165,,,0.0,0.0,0.0,,3.5285362903225805,20.621560000000002,3.1040158064516126,3.449752741935484
