,cost,emission,grid,wood_supply,DHDC_small_heat,DHDC_medium_heat,DHDC_large_heat,wood_boiler_heat,wood_boiler_DHW,PV,SCFP,DHW_to_heat,ASHP,ASHP_DHW,GSHP_heat,GSHP_cooling,battery,DHW_storage,heat_storage,geothermal_boreholes,demand_electricity,demand_space_heating,demand_space_cooling,demand_hot_water
0,25300.79247734726,1567.7292598067381,2.8051454155859963,0.2294568854255848,,,,0.0,5.000000000000001,8.416252978738518,0.0,0.0,6.525004032258064,0.4532941586967068,,,0.2545073966236146,0.0,0.0,,0.5491964285714286,6.525004032258064,0.38601080645161295,0.6139139784946237
1,4970.925628224893,1658.8675769487775,2.8928236105114973,0.0,,,,0.0,0.0,6.664661264490138,0.0,0.0,6.525004032258064,0.6139139784946237,,,0.0,0.0,0.0,,0.5491964285714286,6.525004032258064,0.38601080645161295,0.6139139784946237
2,4806.40334862294,1750.0058940908173,2.919145222228989,0.0,,,,0.0,0.0,4.443097290790601,0.0,0.0,6.525004032258064,0.6139139784946237,,,0.0,0.0,0.0,,0.5491964285714286,6.525004032258064,0.38601080645161295,0.6139139784946237
3,4641.88106902099,1841.1442112328566,2.9454668339464805,0.0,,,,0.0,0.0,2.221533317091075,0.0,0.0,6.525004032258064,0.6139139784946237,,,0.0,0.0,0.0,,0.5491964285714286,6.525004032258064,0.38601080645161295,0.6139139784946237
4,4477.3610597543375,1932.2825283748957,3.0,0.2294568854255848,,,,0.0,0.0,0.0,0.0,0.0,6.525004032258064,0.6139139784946237,,,0.0,1.0,0.0,,0.5491964285714286,6.525004032258064,0.38601080645161295,0.6139139784946237
