,cost,emission,grid,wood_supply,DHDC_small_heat,DHDC_medium_heat,DHDC_large_heat,wood_boiler_heat,wood_boiler_DHW,PV,SCFP,DHW_to_heat,ASHP,ASHP_DHW,GSHP_heat,GSHP_cooling,battery,DHW_storage,heat_storage,geothermal_boreholes,demand_electricity,demand_space_heating,demand_space_cooling,demand_hot_water
0,40107.29184316571,6113.333012811229,8.609390049228121,0.2922463207708836,2.6340202150537637,0.0,0.0,4.9999999999999964,5.000000000000001,26.35609164882388,0.0,0.0,18.89888385736179,0.0,,,0.0,0.0,0.0,,2.6066169354838706,19.132680913978493,2.3986962365591395,2.6340202150537633
1,17717.716455428395,6380.416481608022,8.755793748773362,0.0,2.6340202150537637,0.0,0.0,0.0,0.0,20.25351889090038,0.0,1.0,19.131890833333333,0.0,,,0.0,0.0,0.0,,2.6066169354838706,19.132680913978493,2.3986962365591395,2.6340202150537633
2,17188.876160526655,6647.4999504048155,8.831851460559715,0.0,2.6340202150537637,0.0,0.0,0.0,0.0,13.500777277679102,0.0,1.0,19.131890833333333,0.0,,,0.0,0.0,0.0,,2.6066169354838706,19.132680913978493,2.3986962365591395,2.6340202150537633
3,16660.03586562491,6914.58341920161,8.907909172346066,0.0,2.6340202150537637,0.0,0.0,0.0,0.0,6.748035664457848,0.0,1.0,19.131890833333333,0.0,,,0.0,0.0,0.0,,2.6066169354838706,19.132680913978493,2.3986962365591395,2.6340202150537633
4,16131.529286090721,7181.666887998401,9.0,0.2922463207708836,2.630424702380952,0.0,0.0,0.0,0.0,0.0,0.0,1.0,19.131890833333333,0.0035955126728112272,,,0.0,0.0,0.0,,2.6066169354838706,19.132680913978493,2.3986962365591395,2.6340202150537633
