,cost,emission,grid,wood_supply,DHDC_small_heat,DHDC_medium_heat,DHDC_large_heat,wood_boiler_heat,wood_boiler_DHW,PV,SCFP,DHW_to_heat,ASHP,ASHP_DHW,GSHP_heat,GSHP_cooling,battery,DHW_storage,heat_storage,geothermal_boreholes,demand_electricity,demand_space_heating,demand_space_cooling,demand_hot_water
0,33901.068403028716,2298.335059301749,3.5395077733147815,0.2550076444244088,20.00000000000295,0.0,0.0,4.999999999999998,5.000000000000001,15.716469835545357,0.0,0.0,8.092362029621764,0.7753390933473583,,,0.1958673530805763,0.0,0.0,,1.0371949404761902,8.29636814516129,0.7634529569892473,1.0146733870967741
1,7730.440719984012,2469.464120907587,4.062798224917959,0.0,0.0,0.0,0.0,0.0,0.0,12.907247625409855,0.0,0.0,8.296368145161292,1.0146733870967743,,,0.0,0.0,0.0,,1.0371949404761902,8.29636814516129,0.7634529569892473,1.0146733870967741
2,7396.2731789858135,2640.5931825134257,4.112585140862956,0.0,0.0,0.0,0.0,0.0,0.0,8.604823010711291,0.0,0.0,8.296368145161292,1.0146733870967743,,,0.0,0.0,0.0,,1.0371949404761902,8.29636814516129,0.7634529569892473,1.0146733870967741
3,7062.105637987619,2811.7222441192644,4.162372056807954,0.0,0.0,0.0,0.0,0.0,0.0,4.302398396012728,0.0,0.0,8.296368145161292,1.0146733870967743,,,0.0,0.0,0.0,,1.0371949404761902,8.29636814516129,0.7634529569892473,1.0146733870967741
4,6727.940133383911,2982.8513057251025,5.0,0.2550076444244088,0.0,0.0,0.0,0.0,0.0,0.0,0.0,0.0,8.296368145161292,1.0146733870967743,,,0.0,0.0,0.0,,1.0371949404761902,8.29636814516129,0.7634529569892473,1.0146733870967741
