,cost,emission,grid,wood_supply,DHDC_small_heat,DHDC_medium_heat,DHDC_large_heat,wood_boiler_heat,wood_boiler_DHW,PV,SCFP,DHW_to_heat,ASHP,ASHP_DHW,GSHP_heat,GSHP_cooling,battery,DHW_storage,heat_storage,geothermal_boreholes,demand_electricity,demand_space_heating,demand_space_cooling,demand_hot_water
0,34944.18317439943,4442.689912828737,7.175479016243729,0.3035557000675827,,,,0.0,5.000000000000001,29.587342876452187,0.0,0.0,12.832874193548388,2.185552730382787,,,0.043202942097901265,0.0,0.0,,2.361162202380952,12.832874193548388,1.5429796236559141,2.398041720430107
1,14244.753499367293,4761.923109278085,7.346029249324369,0.0,,,,0.0,0.0,22.81048306319184,0.0,1.0,12.832468521505376,2.3980417204301077,,,0.0,0.0,0.0,,2.361162202380952,12.832874193548388,1.5429796236559141,2.398041720430107
2,13702.780508659405,5081.156305727432,7.438008517086011,0.0,,,,0.0,0.0,15.20697535807783,0.0,1.0,12.832468521505376,2.3980417204301077,,,0.0,0.0,0.0,,2.361162202380952,12.832874193548388,1.5429796236559141,2.398041720430107
3,13160.807517951522,5400.389502176779,7.529987784847654,0.0,,,,0.0,0.0,7.603467652963844,0.0,1.0,12.832468521505376,2.3980417204301077,,,0.0,0.0,0.0,,2.361162202380952,12.832874193548388,1.5429796236559141,2.398041720430107
4,12618.837382134358,5719.622698626128,8.0,0.3035557000675827,,,,0.0,0.0,0.0,0.0,1.0,12.832468521505376,2.3980417204301077,,,0.0,1.0,0.0,,2.361162202380952,12.832874193548388,1.5429796236559141,2.398041720430107
