,cost,emission,grid,wood_supply,DHDC_small_heat,DHDC_medium_heat,DHDC_large_heat,wood_boiler_heat,wood_boiler_DHW,PV,SCFP,DHW_to_heat,ASHP,ASHP_DHW,GSHP_heat,GSHP_cooling,battery,DHW_storage,heat_storage,geothermal_boreholes,demand_electricity,demand_space_heating,demand_space_cooling,demand_hot_water
0,41391.402259383125,6256.448364035678,8.557582223360392,0.30567721347380494,5.0,0.0,0.0,4.999999999999997,5.000000000000001,30.19348956394427,0.0,0.0,17.99844021846827,0.0,,,0.0,0.0,0.0,,2.9130940860215055,18.242981989247316,2.4953272043010752,2.916118387096774
1,18723.007595946758,6568.897526999983,8.062426557141343,0.0,5.0,0.0,0.0,0.0,0.0,23.39180134523624,0.0,3.0,16.15865596774194,0.0,,,0.0,0.0,0.0,,2.9130940860215055,18.242981989247316,2.4953272043010752,2.916118387096774
2,18117.434607726198,6881.346689964286,8.141738109125399,0.0,5.0,0.0,0.0,0.0,0.0,15.560023101158048,0.0,3.0,16.158655967741936,0.0,,,0.0,0.0,0.0,,2.9130940860215055,18.242981989247316,2.4953272043010752,2.916118387096774
3,17511.86161950564,7193.795852928591,8.221049661109456,0.0,5.0,0.0,0.0,0.0,0.0,7.728244857079847,0.0,3.0,16.158655967741936,0.0,,,0.0,0.0,0.0,,2.9130940860215055,18.242981989247316,2.4953272043010752,2.916118387096774
4,16914.294095764693,7506.245015892894,9.0,0.30567721347380494,5.0,0.0,0.0,0.0,0.0,0.0,0.0,3.0,16.15865596774194,0.0,,,0.0,0.0,0.0,,2.9130940860215055,18.242981989247316,2.4953272043010752,2.916118387096774
