,cost,emission,grid,wood_supply,DHDC_small_heat,DHDC_medium_heat,DHDC_large_heat,wood_boiler_heat,wood_boiler_DHW,PV,SCFP,DHW_to_heat,ASHP,ASHP_DHW,GSHP_heat,GSHP_cooling,battery,DHW_storage,heat_storage,geothermal_boreholes,demand_electricity,demand_space_heating,demand_space_cooling,demand_hot_water
0,44770.41647104432,6732.532912833371,10.180795725439804,0.35479502825664294,3.448301182795699,0.0,0.0,4.999999999999998,5.000000000000001,44.227150930469406,0.0,0.0,22.23459306341619,3.0926243135536837,0.0,0.0,0.6335267026859651,0.0,0.0,0.0,3.297248575268817,22.518429086021506,0.0,3.448301182795699
1,21619.479429339728,7200.930344882202,10.543481738488891,0.0,3.4298652150537636,0.0,0.0,0.0,0.0,33.25891547458798,0.0,2.0,20.962314511242965,1.574016080154884,0.0,0.0,0.0,0.0,0.0,0.0,3.297248575268817,22.518429086021506,0.0,3.448301182795699
2,20751.04601254731,7669.327776931032,10.545020429669387,0.0,3.448301182795699,0.0,0.0,0.0,0.0,21.62782293046114,0.0,1.0,22.517894623655916,0.0,0.0,0.0,0.0,0.0,0.0,0.0,3.297248575268817,22.518429086021506,0.0,3.448301182795699
3,20020.635803862147,8137.725208979862,10.674189391190144,0.0,3.448301182795699,0.0,0.0,0.0,0.0,10.807842490074652,0.0,1.0,22.517894623655916,0.0,0.0,0.0,0.0,0.0,0.0,0.0,3.297248575268817,22.518429086021506,0.0,3.448301182795699
4,19291.000855792663,8606.122641028693,11.0,0.35479502825664294,3.4437467261904757,0.0,0.0,0.0,0.0,0.0,0.0,1.0,22.517894623655916,0.004554456605222929,0.0,0.0,0.0,0.0,0.0,0.0,3.297248575268817,22.518429086021506,0.0,3.448301182795699
