,cost,emission,grid,wood_supply,DHDC_small_heat,DHDC_medium_heat,DHDC_large_heat,wood_boiler_heat,wood_boiler_DHW,PV,SCFP,DHW_to_heat,ASHP,ASHP_DHW,GSHP_heat,GSHP_cooling,battery,DHW_storage,heat_storage,geothermal_boreholes,demand_electricity,demand_space_heating,demand_space_cooling,demand_hot_water
0,28021.107662496237,2378.81266330555,4.061037407839477,0.24874245883608023,,,,0.0,5.000000000000001,13.926416810308641,0.0,0.0,8.754938924731183,0.9425418648362417,,,0.0705516520885068,0.0,0.0,,0.9092594086021506,8.754938924731182,0.9048790322580645,1.1166615860215052
1,7596.948721924089,2523.9187935024042,4.167448666980443,0.0,,,,0.0,0.0,10.965438550251896,0.0,0.0,8.754938924731183,1.1166615860215054,,,0.0,0.0,0.0,,0.9092594086021506,8.754938924731182,0.9048790322580645,1.1166615860215052
2,7312.249707014121,2669.0249236992595,4.209248647246739,0.0,,,,0.0,0.0,7.310275944114409,0.0,0.0,8.754938924731183,1.1166615860215054,,,0.0,0.0,0.0,,0.9092594086021506,8.754938924731182,0.9048790322580645,1.1166615860215052
3,7027.550692104151,2814.1310538961134,4.251048627513035,0.0,,,,0.0,0.0,3.6551133379769176,0.0,0.0,8.754938924731183,1.1166615860215054,,,0.0,0.0,0.0,,0.9092594086021506,8.754938924731182,0.9048790322580645,1.1166615860215052
4,6742.855514669636,2959.237184092969,5.0,0.24874245883608023,,,,0.0,0.0,0.0,0.0,0.0,8.754938924731183,1.1166615860215054,,,0.0,1.0,0.0,,0.9092594086021506,8.754938924731182,0.9048790322580645,1.1166615860215052
