,cost,emission,grid,wood_supply,DHDC_small_heat,DHDC_medium_heat,DHDC_large_heat,wood_boiler_heat,wood_boiler_DHW,PV,SCFP,DHW_to_heat,ASHP,ASHP_DHW,GSHP_heat,GSHP_cooling,battery,DHW_storage,heat_storage,geothermal_boreholes,demand_electricity,demand_space_heating,demand_space_cooling,demand_hot_water
0,39746.434845620875,4138.872887481475,6.037825257286734,0.29350602442205914,20.0,0.0,0.0,4.999999999999998,5.000000000000001,26.71600697773117,0.0,0.0,13.11478625573117,1.923352866237891,0.0,0.0,0.0977404724008783,0.0,0.0,0.0,1.9954970238095238,13.349591075268817,0.0,2.2153763978494627
1,13603.249170381498,4434.680090804809,7.090752805622684,0.0,0.0,0.0,0.0,0.0,0.0,22.20126373957723,0.0,1.0,13.349184059139786,2.2153763978494627,0.0,0.0,0.0,0.0,0.0,0.0,1.9954970238095238,13.349591075268817,0.0,2.2153763978494627
2,13032.667905880087,4730.487294128143,7.175533022850121,0.0,0.0,0.0,0.0,0.0,0.0,14.800834584001343,0.0,1.0,13.349184059139786,2.2153763978494627,0.0,0.0,0.0,0.0,0.0,0.0,1.9954970238095238,13.349591075268817,0.0,2.2153763978494627
3,12462.086641378672,5026.2944974514785,7.260313240077557,0.0,0.0,0.0,0.0,0.0,0.0,7.400405428425423,0.0,1.0,13.349184059139786,2.2153763978494627,0.0,0.0,0.0,0.0,0.0,0.0,1.9954970238095238,13.349591075268817,0.0,2.2153763978494627
4,11891.507206266777,5322.101700774814,8.0,0.29350602442205914,0.0,0.0,0.0,0.0,0.0,0.0,0.0,1.0,13.349184059139786,2.2153763978494627,0.0,0.0,0.0,0.0,0.0,0.0,1.9954970238095238,13.349591075268817,0.0,2.2153763978494627
