,cost,emission,grid,wood_supply,DHDC_small_heat,DHDC_medium_heat,DHDC_large_heat,wood_boiler_heat,wood_boiler_DHW,PV,SCFP,DHW_to_heat,ASHP,ASHP_DHW,GSHP_heat,GSHP_cooling,battery,DHW_storage,heat_storage,geothermal_boreholes,demand_electricity,demand_space_heating,demand_space_cooling,demand_hot_water
0,78141.46905856923,15298.570373681609,22.539999639795873,0.5852955375934342,20.0,0.0,0.0,4.999999999999997,5.000000000000001,110.08443931240976,0.0,0.0,46.92862795164569,7.247936568129035,0.0,0.0,0.6100625410573445,0.0,0.0,0.0,8.182147849462366,47.39686438172043,0.0,7.812122365591398
1,51302.872009225866,16484.174760669877,26.191235804272466,0.0,0.0,0.0,0.0,0.0,0.0,89.13363811970729,0.0,1.0,47.39650844086022,7.8121223655913985,0.0,0.0,0.0,0.0,0.0,0.0,8.182147849462366,47.39686438172043,0.0,7.812122365591398
2,49006.3159772739,17669.779147658144,26.531909138325123,0.0,0.0,0.0,0.0,0.0,0.0,59.42241395203805,0.0,1.0,47.39650844086022,7.8121223655913985,0.0,0.0,0.0,0.0,0.0,0.0,8.182147849462366,47.39686438172043,0.0,7.812122365591398
3,46709.75994532197,18855.383534646407,26.87258247237778,0.0,0.0,0.0,0.0,0.0,0.0,29.711189784369,0.0,1.0,47.39650844086022,7.8121223655913985,0.0,0.0,0.0,0.0,0.0,0.0,8.182147849462366,47.39686438172043,0.0,7.812122365591398
4,44413.206571058385,20040.98792163467,28.0,0.5852955375934342,0.0,0.0,0.0,0.0,0.0,0.0,0.0,1.0,47.39650844086021,7.8121223655913985,0.0,0.0,0.0,0.0,0.0,0.0,8.182147849462366,47.39686438172043,0.0,7.812122365591398
