,cost,emission,grid,wood_supply,DHDC_small_heat,DHDC_medium_heat,DHDC_large_heat,wood_boiler_heat,wood_boiler_DHW,PV,SCFP,DHW_to_heat,ASHP,ASHP_DHW,GSHP_heat,GSHP_cooling,battery,DHW_storage,heat_storage,geothermal_boreholes,demand_electricity,demand_space_heating,demand_space_cooling,demand_hot_water
0,42259.26625590977,5019.885709206146,7.641894533493331,0.3014952977871046,20.0,0.0,0.0,4.999999999999997,5.000000000000001,28.998656510601325,0.0,0.0,17.5329215037058,2.106525652660138,0.0,0.0,0.17466014472494276,0.0,0.0,0.0,2.142501488095238,17.774117741935484,0.0,2.405407311827957
1,16098.580443034785,5345.561973879515,8.783555973813376,0.0,0.0,0.0,0.0,0.0,0.0,23.952914927512527,0.0,1.0,17.7732886827957,2.405407311827957,0.0,0.0,0.0,0.0,0.0,0.0,2.142501488095238,17.774117741935484,0.0,2.405407311827957
2,15501.863399495973,5671.238238552885,8.877369361126403,0.0,0.0,0.0,0.0,0.0,0.0,15.968599846955689,0.0,1.0,17.7732886827957,2.405407311827957,0.0,0.0,0.0,0.0,0.0,0.0,2.142501488095238,17.774117741935484,0.0,2.405407311827957
3,14905.14635595716,5996.914503226255,8.971182748439432,0.0,0.0,0.0,0.0,0.0,0.0,7.984284766398851,0.0,1.0,17.7732886827957,2.405407311827957,0.0,0.0,0.0,0.0,0.0,0.0,2.142501488095238,17.774117741935484,0.0,2.405407311827957
4,14308.431577982092,6322.5907678996255,10.0,0.3014952977871046,0.0,0.0,0.0,0.0,0.0,0.0,0.0,1.0,17.7732886827957,2.405407311827957,0.0,0.0,0.0,0.0,0.0,0.0,2.142501488095238,17.774117741935484,0.0,2.405407311827957
