,cost,emission,grid,wood_supply,DHDC_small_heat,DHDC_medium_heat,DHDC_large_heat,wood_boiler_heat,wood_boiler_DHW,PV,SCFP,DHW_to_heat,ASHP,ASHP_DHW,GSHP_heat,GSHP_cooling,battery,DHW_storage,heat_storage,geothermal_boreholes,demand_electricity,demand_space_heating,demand_space_cooling,demand_hot_water
0,34972.53479440682,2935.904108580016,4.226465229206283,0.2497628837560081,20.0,0.0,0.0,5.000000000000001,5.000000000000001,14.217966787430898,0.0,0.0,9.66245743493068,0.07516348148148053,,,0.0,0.0,0.0,,1.1721105107526881,9.862267741935485,1.0539260752688173,1.3496105107526881
1,9096.446209564252,3092.0422148892776,4.871664176918081,0.0,0.0,0.0,0.0,0.0,0.0,12.505732339035507,0.0,0.0,9.862267741935485,1.3496105107526883,,,0.0,0.0,0.0,,1.1721105107526881,9.862267741935485,1.0539260752688173,1.3496105107526881
2,8744.71910713583,3248.180321198538,4.916305033814814,0.0,0.0,0.0,0.0,0.0,0.0,8.33714382031355,0.0,0.0,9.862267741935485,1.3496105107526883,,,0.0,0.0,0.0,,1.1721105107526881,9.862267741935485,1.0539260752688173,1.3496105107526881
3,8392.992005657106,3404.3184275078,4.961367480150507,0.0,0.0,0.0,0.0,0.0,0.0,4.168555312847196,0.0,0.0,9.862267741935485,1.3496105107526883,,,0.0,0.0,0.0,,1.1721105107526881,9.862267741935485,1.0539260752688173,1.3496105107526881
4,8041.267704993853,3560.4565338170623,6.0,0.2497628837560081,0.0,0.0,0.0,0.0,0.0,0.0,0.0,0.0,9.862267741935485,1.3496105107526883,,,0.0,0.0,0.0,,1.1721105107526881,9.862267741935485,1.0539260752688173,1.3496105107526881
