,cost,emission,grid,wood_supply,DHDC_small_heat,DHDC_medium_heat,DHDC_large_heat,wood_boiler_heat,wood_boiler_DHW,PV,SCFP,DHW_to_heat,ASHP,ASHP_DHW,GSHP_heat,GSHP_cooling,battery,DHW_storage,heat_storage,geothermal_boreholes,demand_electricity,demand_space_heating,demand_space_cooling,demand_hot_water
0,50456.097094974364,8954.178590275207,12.236527460808045,0.3808955098730541,4.589876451612903,0.0,0.0,4.999999999999997,5.000000000000001,51.68443139230116,0.0,0.0,23.830003484574675,1.7150775308641997,,,0.0,0.0,0.0,,4.931126344086021,24.134719892473118,3.2743068279569894,4.589876451612903
1,27369.040423521714,9493.122143015351,12.469770815909685,0.0,4.589876451612903,0.0,0.0,0.0,0.0,39.214318374503655,0.0,1.0,24.13425666666667,0.0,,,0.0,0.0,0.0,,4.931126344086021,24.134719892473118,3.2743068279569894,4.589876451612903
2,26407.94466762057,10032.065695755498,12.624954644525278,0.0,4.589876451612903,0.0,0.0,0.0,0.0,26.138419019173977,0.0,1.0,24.13425666666667,0.0,,,0.0,0.0,0.0,,4.931126344086021,24.134719892473118,3.2743068279569894,4.589876451612903
3,25446.848911719426,10571.009248495644,12.78013847314087,0.0,4.589876451612903,0.0,0.0,0.0,0.0,13.062519663844355,0.0,1.0,24.13425666666667,0.0,,,0.0,0.0,0.0,,4.931126344086021,24.134719892473118,3.2743068279569894,4.589876451612903
4,24486.683198004117,11109.952801235799,13.0,0.3808955098730541,4.585026488095238,0.0,0.0,0.0,0.0,0.0,0.0,1.0,24.13425666666667,0.004849963517664668,,,0.0,0.0,0.0,,4.931126344086021,24.134719892473118,3.2743068279569894,4.589876451612903
