,cost,emission,grid,wood_supply,DHDC_small_heat,DHDC_medium_heat,DHDC_large_heat,wood_boiler_heat,wood_boiler_DHW,PV,SCFP,DHW_to_heat,ASHP,ASHP_DHW,GSHP_heat,GSHP_cooling,battery,DHW_storage,heat_storage,geothermal_boreholes,demand_electricity,demand_space_heating,demand_space_cooling,demand_hot_water
0,38584.79381806893,4258.466061696382,6.384670913817541,0.3104717075928205,10.0,0.0,0.0,4.999999999999998,5.000000000000001,31.56334502652014,0.0,0.0,13.237730483388107,1.7211243602405812,0.0,0.0,0.3692009610108691,0.0,0.0,0.0,2.348363888888889,13.486107849462364,0.0,2.037387150537634
1,14408.354821957502,4597.525350936066,7.386694871969774,0.0,0.0,0.0,0.0,0.0,0.0,25.434474788407478,0.0,1.0,13.485587930107526,2.037387150537634,0.0,0.0,0.0,0.0,0.0,0.0,2.348363888888889,13.486107849462364,0.0,2.037387150537634
2,13755.18012050186,4936.584640175751,7.4842096451137206,0.0,0.0,0.0,0.0,0.0,0.0,16.956311264289134,0.0,1.0,13.485587930107526,2.037387150537634,0.0,0.0,0.0,0.0,0.0,0.0,2.348363888888889,13.486107849462364,0.0,2.037387150537634
3,13102.005419046214,5275.643929415436,7.581724418257667,0.0,0.0,0.0,0.0,0.0,0.0,8.478147740170806,0.0,1.0,13.485587930107526,2.037387150537634,0.0,0.0,0.0,0.0,0.0,0.0,2.348363888888889,13.486107849462364,0.0,2.037387150537634
4,12448.831933617508,5614.703218655121,8.0,0.3104717075928205,0.0,0.0,0.0,0.0,0.0,0.0,0.0,1.0,13.485587930107526,2.037387150537634,0.0,0.0,0.0,0.0,0.0,0.0,2.348363888888889,13.486107849462364,0.0,2.037387150537634
