,cost,emission,grid,wood_supply,DHDC_small_heat,DHDC_medium_heat,DHDC_large_heat,wood_boiler_heat,wood_boiler_DHW,PV,SCFP,DHW_to_heat,ASHP,ASHP_DHW,GSHP_heat,GSHP_cooling,battery,DHW_storage,heat_storage,geothermal_boreholes,demand_electricity,demand_space_heating,demand_space_cooling,demand_hot_water
0,24824.383959291255,1422.6218328027733,2.4620490939173583,0.22701124789010227,,,,0.0,5.000000000000001,7.71749939717207,0.0,0.0,5.5768029569892485,0.4234173952941252,,,0.0912120769309096,0.0,0.0,,0.5378080357142858,5.576802956989248,0.3894361827956989,0.5823252688172043
1,4520.893256163918,1502.924577201763,2.547349915534315,0.0,,,,0.0,0.0,6.265638992421058,0.0,0.0,5.5768029569892485,0.5823252688172044,,,0.0,0.0,0.0,,0.5378080357142858,5.576802956989248,0.3894361827956989,0.5823252688172043
2,4350.6665766739225,1583.227321600753,2.5676469080311537,0.0,,,,0.0,0.0,4.177078627637647,0.0,0.0,5.5768029569892485,0.5823252688172044,,,0.0,0.0,0.0,,0.5378080357142858,5.576802956989248,0.3894361827956989,0.5823252688172043
3,4180.439901902166,1663.5300659997429,2.5901696814760613,0.0,,,,0.0,0.0,2.0885183207436513,0.0,0.0,5.5768029569892485,0.5823252688172044,,,0.0,0.0,0.0,,0.5378080357142858,5.576802956989248,0.3894361827956989,0.5823252688172043
4,4010.2166491827847,1743.8328103987326,3.0,0.22701124789010227,,,,0.0,0.0,0.0,0.0,0.0,5.5768029569892485,0.5823252688172044,,,0.0,1.0,0.0,,0.5378080357142858,5.576802956989248,0.3894361827956989,0.5823252688172043
