,cost,emission,grid,wood_supply,DHDC_small_heat,DHDC_medium_heat,DHDC_large_heat,wood_boiler_heat,wood_boiler_DHW,PV,SCFP,DHW_to_heat,ASHP,ASHP_DHW,GSHP_heat,GSHP_cooling,battery,DHW_storage,heat_storage,geothermal_boreholes,demand_electricity,demand_space_heating,demand_space_cooling,demand_hot_water
0,33516.435653919296,3246.3223523320303,4.930926075403655,0.28264308615655,1.7447459677419355,0.0,0.0,5.000000000000001,5.000000000000001,23.61231033044286,0.0,0.0,11.10457136791712,1.468435950801525,0.5002795758816965,0.8779539516129035,0.5189631454993646,0.0,0.0,1.0974424395161293,1.4213951612903226,11.762704973118279,0.8779539516129033,1.7447459677419352
1,10965.90190223602,3479.1645319485515,5.185517921576458,0.0,1.7155555555555557,0.0,0.0,0.0,0.0,17.96290100366599,0.0,1.0,10.483087480039844,1.2470711213608094,0.29185001996015486,0.8779539516129033,0.0,0.0,0.0,1.0974424395161293,1.4213951612903226,11.762704973118279,0.8779539516129033,1.7447459677419352
2,10396.207302822662,3712.006711565074,5.1643100756251945,0.0,1.7447459677419355,0.0,0.0,0.0,0.0,11.580020317071117,0.0,1.0,11.503984678926967,0.0,0.25870954150314096,0.8779539516129033,0.0,0.0,0.0,1.0974424395161293,1.4213951612903226,11.762704973118279,0.8779539516129033,1.7447459677419352
3,9953.413790552364,3944.8488911815953,5.227457328891539,0.0,1.7447459677419355,0.0,0.0,0.0,0.0,5.787710948670073,0.0,1.0,11.503984678926969,0.0,0.25870954150313974,0.8779539516129033,0.0,0.0,0.0,1.0974424395161293,1.4213951612903226,11.762704973118279,0.8779539516129033,1.7447459677419352
4,9510.938774681412,4177.691070798118,6.0,0.28264308615655,1.7413363095238092,0.0,0.0,0.0,0.0,0.0,0.0,1.0,11.503984678926967,0.0034096582181260353,0.2587095415031398,0.8779539516129035,0.0,0.0,0.0,1.0974424395161293,1.4213951612903226,11.762704973118279,0.8779539516129033,1.7447459677419352
