,cost,emission,grid,wood_supply,DHDC_small_heat,DHDC_medium_heat,DHDC_large_heat,wood_boiler_heat,wood_boiler_DHW,PV,SCFP,DHW_to_heat,ASHP,ASHP_DHW,GSHP_heat,GSHP_cooling,battery,DHW_storage,heat_storage,geothermal_boreholes,demand_electricity,demand_space_heating,demand_space_cooling,demand_hot_water
0,33282.55948629899,3221.017876398108,4.75698222759436,0.2820245094243728,1.6801586021505377,0.0,0.0,4.999999999999997,5.000000000000001,23.435574121249367,0.0,0.0,10.4914789408476,1.40821895451405,,,0.15011170105124474,0.0,0.0,,1.5185900537634407,10.717098548387096,1.3342043010752689,1.6801586021505377
1,10733.55172913459,3458.376734076999,4.922922806075802,0.0,1.6666666666666667,0.0,0.0,0.0,0.0,17.753862483596347,0.0,1.0,10.44269835662371,0.2878921272472597,,,0.0,0.0,0.0,,1.5185900537634407,10.717098548387096,1.3342043010752689,1.6801586021505377
2,10266.421498830161,3695.7355917558884,4.960263507698375,0.0,1.6800524193548385,0.0,0.0,0.0,0.0,11.74910977392365,0.0,0.0,10.717098548387098,0.00010618279569916433,,,0.0,0.0,0.0,,1.5185900537634407,10.717098548387096,1.3342043010752689,1.6801586021505377
3,9820.167518014261,3933.094449434779,5.024660208537278,0.0,1.6800524193548385,0.0,0.0,0.0,0.0,5.871059308938432,0.0,0.0,10.717098548387098,0.00010618279569916433,,,0.0,0.0,0.0,,1.5185900537634407,10.717098548387096,1.3342043010752689,1.6801586021505377
4,9374.410633228617,4170.45330711367,6.0,0.2820245094243728,1.676577380952381,0.0,0.0,0.0,0.0,0.0,0.0,1.0,10.717098548387098,0.0035812211981566078,,,0.0,0.0,0.0,,1.5185900537634407,10.717098548387096,1.3342043010752689,1.6801586021505377
