,cost,emission,grid,wood_supply,DHDC_small_heat,DHDC_medium_heat,DHDC_large_heat,wood_boiler_heat,wood_boiler_DHW,PV,SCFP,DHW_to_heat,ASHP,ASHP_DHW,GSHP_heat,GSHP_cooling,battery,DHW_storage,heat_storage,geothermal_boreholes,demand_electricity,demand_space_heating,demand_space_cooling,demand_hot_water
0,25944.49153086939,1624.83472461183,2.197642003887453,0.2498527915871049,,,,0.0,5.000000000000001,14.243654739172841,0.0,0.0,2.3119663978494627,1.1807582071793417,,,0.0,0.0,0.0,,1.1979652419354838,2.3119663978494627,1.219353494623656,1.3556551612903225
1,5526.956554956246,1776.2098817279232,2.301652462549761,0.0,,,,0.0,0.0,11.228902839837964,0.0,0.0,2.3119663978494627,1.3556551612903227,,,0.0,0.0,0.0,,1.1979652419354838,2.3119663978494627,1.219353494623656,1.3556551612903225
2,5243.463537271381,1927.5850388440163,2.344467084521251,0.0,,,,0.0,0.0,7.4859202277991495,0.0,0.0,2.3119663978494627,1.3556551612903227,,,0.0,0.0,0.0,,1.1979652419354838,2.3119663978494627,1.219353494623656,1.3556551612903225
3,4959.970521188312,2078.9601959601096,2.3881370079079685,0.0,,,,0.0,0.0,3.742937636908974,0.0,0.0,2.3119663978494627,1.3556551612903227,,,0.0,0.0,0.0,,1.1979652419354838,2.3119663978494627,1.219353494623656,1.3556551612903225
4,4676.480909913948,2230.335353076203,3.0,0.2498527915871049,,,,0.0,0.0,0.0,0.0,0.0,2.3119663978494627,1.3556551612903227,,,0.0,1.0,0.0,,1.1979652419354838,2.3119663978494627,1.219353494623656,1.3556551612903225
