,cost,emission,grid,wood_supply,DHDC_small_heat,DHDC_medium_heat,DHDC_large_heat,wood_boiler_heat,wood_boiler_DHW,PV,SCFP,DHW_to_heat,ASHP,ASHP_DHW,GSHP_heat,GSHP_cooling,battery,DHW_storage,heat_storage,geothermal_boreholes,demand_electricity,demand_space_heating,demand_space_cooling,demand_hot_water
0,34073.38728626586,4584.494872270185,7.5790608789876845,0.27190830117120185,,,,0.0,5.000000000000001,20.545228906057677,0.0,0.0,14.589743592592592,1.7046080332661804,2.324482213859023,1.6017354838709683,0.0,0.0,0.0,2.0021693548387103,1.7272069892473116,16.914225806451615,1.601735483870968,1.8949438440860216
1,13496.627438772144,4795.473241009492,7.668768993238521,0.005692736449419027,,,,0.0,0.003984915514593319,16.06419826604438,0.0,0.0,14.230727967592593,1.8909589285714286,2.683497838859022,1.601735483870968,0.0,0.0,0.0,2.0871649857792387,1.7272069892473116,16.914225806451615,1.601735483870968,1.8949438440860216
2,13074.692651797912,5006.4516097488,7.730865180942562,0.005692736449419027,,,,0.0,0.003984915514593319,10.708253053391537,0.0,0.0,14.230727967592593,1.8909589285714286,2.683497838859022,1.601735483870968,0.0,0.0,0.0,2.0871649857792387,1.7272069892473116,16.914225806451615,1.601735483870968,1.8949438440860216
3,12652.757864823674,5217.4299784881105,7.792961368646602,0.005692736449419027,,,,0.0,0.003984915514593319,5.352307840738646,0.0,0.0,14.230727967592593,1.8909589285714286,2.683497838859022,1.601735483870968,0.0,0.0,0.0,2.0871649857792387,1.7272069892473116,16.914225806451615,1.601735483870968,1.8949438440860216
4,12230.913448009103,5428.408347227419,8.0,0.27190830117120185,,,,0.0,0.0,0.0,0.0,1.0,14.229486743876942,1.8949438440860218,2.6847390625746725,1.6017354838709683,0.0,1.0,0.0,2.088130382002523,1.7272069892473116,16.914225806451615,1.601735483870968,1.8949438440860216
