,cost,emission,grid,wood_supply,DHDC_small_heat,DHDC_medium_heat,DHDC_large_heat,wood_boiler_heat,wood_boiler_DHW,PV,SCFP,DHW_to_heat,ASHP,ASHP_DHW,GSHP_heat,GSHP_cooling,battery,DHW_storage,heat_storage,geothermal_boreholes,demand_electricity,demand_space_heating,demand_space_cooling,demand_hot_water
0,69246.07362586871,12468.512146394041,18.195074764875876,0.5339209085971759,20.0,0.0,0.0,4.999999999999996,5.000000000000001,95.4059738849074,0.0,0.0,36.62843800430506,6.360594641759755,0.0,0.0,0.5296175103778805,0.0,0.0,0.0,7.086173387096775,37.055574731182794,0.0,6.875677473118279
1,42524.730266753424,13500.732180313335,21.411187534372665,0.0,0.0,0.0,0.0,0.0,0.0,77.27636691434856,0.0,1.0,37.05476448924732,6.87567747311828,0.0,0.0,0.0,0.0,0.0,0.0,7.086173387096775,37.055574731182794,0.0,6.875677473118279
2,40546.2132343867,14532.952214232624,21.70833419572604,0.0,0.0,0.0,0.0,0.0,0.0,51.517567700687295,0.0,1.0,37.05476448924732,6.87567747311828,0.0,0.0,0.0,0.0,0.0,0.0,7.086173387096775,37.055574731182794,0.0,6.875677473118279
3,38567.69620201998,15565.172248151914,22.005480857079412,0.0,0.0,0.0,0.0,0.0,0.0,25.758768487026064,0.0,1.0,37.05476448924732,6.87567747311828,0.0,0.0,0.0,0.0,0.0,0.0,7.086173387096775,37.055574731182794,0.0,6.875677473118279
4,36589.18152974662,16597.392282071203,23.0,0.5339209085971759,0.0,0.0,0.0,0.0,0.0,0.0,0.0,1.0,37.05476448924732,6.87567747311828,0.0,0.0,0.0,0.0,0.0,0.0,7.086173387096775,37.055574731182794,0.0,6.875677473118279
