,cost,emission,grid,wood_supply,DHDC_small_heat,DHDC_medium_heat,DHDC_large_heat,wood_boiler_heat,wood_boiler_DHW,PV,SCFP,DHW_to_heat,ASHP,ASHP_DHW,GSHP_heat,GSHP_cooling,battery,DHW_storage,heat_storage,geothermal_boreholes,demand_electricity,demand_space_heating,demand_space_cooling,demand_hot_water
0,32437.614326989333,2842.9437927284985,3.0179588403713993,0.2754858674244563,6.666666666666667,0.0,0.0,4.999999999999997,5.000000000000001,21.5673906927018,0.0,0.0,4.2203623275658115,0.3573086021505374,,,0.0,0.0,0.0,,2.096313172043011,4.440751021505377,2.535717741935484,2.148327956989247
1,9513.284568755826,3094.1589360637054,4.016455639907022,0.0,0.0,0.0,0.0,0.0,0.0,18.6653553372736,0.0,1.0,4.44044994623656,2.148327956989247,,,0.0,0.0,0.0,,2.096313172043011,4.440751021505377,2.535717741935484,2.148327956989247
2,9040.8638944114,3345.3740793989123,4.083161200225466,0.0,0.0,0.0,0.0,0.0,0.0,12.44356148288197,0.0,1.0,4.44044994623656,2.148327956989247,,,0.0,0.0,0.0,,2.096313172043011,4.440751021505377,2.535717741935484,2.148327956989247
3,8568.443230869569,3596.589222734119,4.155611163336795,0.0,0.0,0.0,0.0,0.0,0.0,6.221767770760826,0.0,1.0,4.44044994623656,2.148327956989247,,,0.0,0.0,0.0,,2.096313172043011,4.440751021505377,2.535717741935484,2.148327956989247
4,8096.024537054672,3847.8043660693265,5.0,0.2754858674244563,0.0,0.0,0.0,0.0,0.0,0.0,0.0,1.0,4.44044994623656,2.148327956989247,,,0.0,0.0,0.0,,2.096313172043011,4.440751021505377,2.535717741935484,2.148327956989247
