,cost,emission,grid,wood_supply,DHDC_small_heat,DHDC_medium_heat,DHDC_large_heat,wood_boiler_heat,wood_boiler_DHW,PV,SCFP,DHW_to_heat,ASHP,ASHP_DHW,GSHP_heat,GSHP_cooling,battery,DHW_storage,heat_storage,geothermal_boreholes,demand_electricity,demand_space_heating,demand_space_cooling,demand_hot_water
0,32517.495269863528,3378.0112887352593,4.352046165394317,0.3172813039015098,,,,0.0,5.000000000000001,33.50894397185995,0.0,0.0,3.156129569892473,2.4956947539355974,,,0.0,0.0,0.0,,2.875690860215054,3.1561295698924727,2.9651200537634406,2.7177916666666664
1,11735.925258862084,3734.1274667016914,4.528238734589822,0.0,,,,0.0,0.0,25.809380345125152,0.0,1.0,3.1558983870967747,2.717791666666667,,,0.0,0.0,0.0,,2.875690860215054,3.1561295698924727,2.9651200537634406,2.7177916666666664
2,11107.989669822255,4090.2436446681236,4.621707937700269,0.0,,,,0.0,0.0,17.206233361993483,0.0,1.0,3.1558983870967747,2.717791666666667,,,0.0,0.0,0.0,,2.875690860215054,3.1561295698924727,2.9651200537634406,2.7177916666666664
3,10480.054083035931,4446.359822634555,4.716455153818192,0.0,,,,0.0,0.0,8.603086409736392,0.0,1.0,3.1558983870967747,2.717791666666667,,,0.0,0.0,0.0,,2.875690860215054,3.1561295698924727,2.9651200537634406,2.7177916666666664
4,9852.122915191128,4802.476000600987,6.0,0.3172813039015098,,,,0.0,0.0,0.0,0.0,1.0,3.1558983870967743,2.717791666666667,,,0.0,1.0,0.0,,2.875690860215054,3.1561295698924727,2.9651200537634406,2.7177916666666664
