,cost,emission,grid,wood_supply,DHDC_small_heat,DHDC_medium_heat,DHDC_large_heat,wood_boiler_heat,wood_boiler_DHW,PV,SCFP,DHW_to_heat,ASHP,ASHP_DHW,GSHP_heat,GSHP_cooling,battery,DHW_storage,heat_storage,geothermal_boreholes,demand_electricity,demand_space_heating,demand_space_cooling,demand_hot_water
0,28867.95400753438,2741.5933093536314,4.231186838624964,0.2526536500600274,,,,0.0,5.000000000000001,15.043900017150683,0.0,0.0,7.936890833333332,1.25790722990421,,,0.0,0.0,0.0,,1.2210790860215055,7.936890833333331,1.0969362903225806,1.4347647849462368
1,8411.626414446077,2890.4634928147634,4.33848654717001,0.0,,,,0.0,0.0,11.876911950639288,0.0,0.0,7.936890833333332,1.4347647849462368,,,0.0,0.0,0.0,,1.2210790860215055,7.936890833333331,1.0969362903225806,1.4347647849462368
2,8079.270108744488,3039.3336762758945,4.380500541058863,0.0,,,,0.0,0.0,7.917925449557439,0.0,0.0,7.936890833333332,1.4347647849462368,,,0.0,0.0,0.0,,1.2210790860215055,7.936890833333331,1.0969362903225806,1.4347647849462368
3,7746.913803042901,3188.2038597370256,4.422514534947716,0.0,,,,0.0,0.0,3.9589389484755877,0.0,0.0,7.936890833333332,1.4347647849462368,,,0.0,0.0,0.0,,1.2210790860215055,7.936890833333331,1.0969362903225806,1.4347647849462368
4,7414.561489375271,3337.0740431981567,5.0,0.2526536500600274,,,,0.0,0.0,0.0,0.0,0.0,7.936890833333332,1.4347647849462368,,,0.0,1.0,0.0,,1.2210790860215055,7.936890833333331,1.0969362903225806,1.4347647849462368
