,cost,emission,grid,wood_supply,DHDC_small_heat,DHDC_medium_heat,DHDC_large_heat,wood_boiler_heat,wood_boiler_DHW,PV,SCFP,DHW_to_heat,ASHP,ASHP_DHW,GSHP_heat,GSHP_cooling,battery,DHW_storage,heat_storage,geothermal_boreholes,demand_electricity,demand_space_heating,demand_space_cooling,demand_hot_water
0,37377.550548134255,3399.9320422032097,4.594539534526021,0.2797829742833932,20.0,0.0,0.0,4.999999999999998,5.000000000000001,22.7951355095409,0.0,0.0,8.568740290017725,1.4094033333333331,1.403297309050186,1.1973743548387101,0.0,0.0,0.0,1.4967179435483877,1.7456102150537636,10.195863978494625,1.1973743548387097,1.9895928494623658
1,11347.667818848537,3644.2888488286308,5.651540586895369,0.0,0.0,0.0,0.0,0.0,0.0,19.44131021798225,0.0,1.0,9.849363324813387,1.9895928494623658,0.3462067827134987,1.19737435483871,0.0,0.0,0.0,1.4967179435483873,1.7456102150537636,10.195863978494625,1.1973743548387097,1.9895928494623658
2,10805.579340165954,3888.645655454053,5.721176474688328,0.0,0.0,0.0,0.0,0.0,0.0,12.960869771678796,0.0,1.0,9.849363324813387,1.9895928494623658,0.3462067827134987,1.19737435483871,0.0,0.0,0.0,1.4967179435483873,1.7456102150537636,10.195863978494625,1.1973743548387097,1.9895928494623658
3,10263.490861483371,4133.002462079475,5.790812362481286,0.0,0.0,0.0,0.0,0.0,0.0,6.480429325375333,0.0,1.0,9.849363324813387,1.9895928494623658,0.3462067827134987,1.19737435483871,0.0,0.0,0.0,1.4967179435483873,1.7456102150537636,10.195863978494625,1.1973743548387097,1.9895928494623658
4,9721.4033130658,4377.359268704897,6.0,0.2797829742833932,0.0,0.0,0.0,0.0,0.0,0.0,0.0,1.0,9.849363324813385,1.9895928494623658,0.34620678271349875,1.1973743548387101,0.0,0.0,0.0,1.4967179435483877,1.7456102150537636,10.195863978494625,1.1973743548387097,1.9895928494623658
