,cost,emission,grid,wood_supply,DHDC_small_heat,DHDC_medium_heat,DHDC_large_heat,wood_boiler_heat,wood_boiler_DHW,PV,SCFP,DHW_to_heat,ASHP,ASHP_DHW,GSHP_heat,GSHP_cooling,battery,DHW_storage,heat_storage,geothermal_boreholes,demand_electricity,demand_space_heating,demand_space_cooling,demand_hot_water
0,37448.97259149805,3635.5200701170083,5.3828165186387436,0.2690865430079382,20.0,0.0,0.0,4.999999999999998,5.000000000000001,19.739012287982348,0.0,0.0,12.08218447527107,0.9009410148148138,,,0.0,0.0,0.0,,1.5909996505376343,12.29745370967742,1.5121545698924728,1.6934825268817204
1,11479.704872347309,3866.677979005488,6.195981245068613,0.0,0.0,0.0,0.0,0.0,0.0,16.740128131088426,0.0,0.0,12.297453709677422,1.6934825268817206,,,0.0,0.0,0.0,,1.5909996505376343,12.29745370967742,1.5121545698924728,1.6934825268817204
2,11072.93971273383,4097.835887893968,6.262577116122739,0.0,0.0,0.0,0.0,0.0,0.0,11.160078393555967,0.0,0.0,12.297453709677422,1.6934825268817206,,,0.0,0.0,0.0,,1.5909996505376343,12.29745370967742,1.5121545698924728,1.6934825268817204
3,10666.174553120352,4328.993796782448,6.329172987176865,0.0,0.0,0.0,0.0,0.0,0.0,5.580028656023512,0.0,0.0,12.297453709677422,1.6934825268817206,,,0.0,0.0,0.0,,1.5909996505376343,12.29745370967742,1.5121545698924728,1.6934825268817204
4,10259.410930271555,4560.151705670928,7.0,0.2690865430079382,0.0,0.0,0.0,0.0,0.0,0.0,0.0,0.0,12.297453709677422,1.6934825268817206,,,0.0,0.0,0.0,,1.5909996505376343,12.29745370967742,1.5121545698924728,1.6934825268817204
