,cost,emission,grid,wood_supply,DHDC_small_heat,DHDC_medium_heat,DHDC_large_heat,wood_boiler_heat,wood_boiler_DHW,PV,SCFP,DHW_to_heat,ASHP,ASHP_DHW,GSHP_heat,GSHP_cooling,battery,DHW_storage,heat_storage,geothermal_boreholes,demand_electricity,demand_space_heating,demand_space_cooling,demand_hot_water
0,33572.065671972974,2136.0447650730703,2.293052703971635,0.2669646248913158,20.0,0.0,0.0,4.999999999999998,5.000000000000001,19.13274996894737,0.0,0.0,3.4087992409471632,0.9142376344086033,,,0.0,0.0,0.0,,1.552872311827957,3.6223709408602156,1.8717313440860217,1.8600110483870966
1,7652.604857160733,2353.481524694697,3.1692694894170703,0.0,0.0,0.0,0.0,0.0,0.0,16.495434070213786,0.0,0.0,3.622370940860216,1.8600110483870966,,,0.0,0.0,0.0,,1.552872311827957,3.6223709408602156,1.8717313440860217,1.8600110483870966
2,7221.879994145898,2570.9182843163235,3.2318609379310397,0.0,0.0,0.0,0.0,0.0,0.0,10.996948376858178,0.0,0.0,3.622370940860216,1.8600110483870966,,,0.0,0.0,0.0,,1.552872311827957,3.6223709408602156,1.8717313440860217,1.8600110483870966
3,6791.155131131063,2788.3550439379505,3.2944523864450095,0.0,0.0,0.0,0.0,0.0,0.0,5.498462683502559,0.0,0.0,3.622370940860216,1.8600110483870966,,,0.0,0.0,0.0,,1.552872311827957,3.6223709408602156,1.8717313440860217,1.8600110483870966
4,6360.432070597193,3005.791803559577,4.0,0.2669646248913158,0.0,0.0,0.0,0.0,0.0,0.0,0.0,0.0,3.622370940860216,1.8600110483870966,,,0.0,0.0,0.0,,1.552872311827957,3.6223709408602156,1.8717313440860217,1.8600110483870966
