,cost,emission,grid,wood_supply,DHDC_small_heat,DHDC_medium_heat,DHDC_large_heat,wood_boiler_heat,wood_boiler_DHW,PV,SCFP,DHW_to_heat,ASHP,ASHP_DHW,GSHP_heat,GSHP_cooling,battery,DHW_storage,heat_storage,geothermal_boreholes,demand_electricity,demand_space_heating,demand_space_cooling,demand_hot_water
0,42300.373692833564,5029.836224043702,7.306491671310928,0.30671557398186694,20.0,0.0,0.0,5.000000000000001,5.000000000000001,30.490163994819124,0.0,0.0,15.587734368771496,2.0969076543209875,,,0.0,0.0,0.0,,2.460244623655914,15.83310682795699,1.4592685483870966,2.5579045698924734
1,16234.404060227396,5369.197809052968,8.50326421414381,0.0,0.0,0.0,0.0,0.0,0.0,25.62694226342895,0.0,1.0,15.832562473118282,2.5579045698924734,,,0.0,0.0,0.0,,2.460244623655914,15.83310682795699,1.4592685483870966,2.5579045698924734
2,15569.74199943545,5708.559394062234,8.5992587860776,0.0,0.0,0.0,0.0,0.0,0.0,17.084623850547178,0.0,1.0,15.832562473118282,2.5579045698924734,,,0.0,0.0,0.0,,2.460244623655914,15.83310682795699,1.4592685483870966,2.5579045698924734
3,14905.07994188877,6047.9209790714995,8.696910320219741,0.0,0.0,0.0,0.0,0.0,0.0,8.542305479374024,0.0,1.0,15.832562473118282,2.5579045698924734,,,0.0,0.0,0.0,,2.460244623655914,15.83310682795699,1.4592685483870966,2.5579045698924734
4,14240.41888742923,6387.282564080765,9.0,0.30671557398186694,0.0,0.0,0.0,0.0,0.0,0.0,0.0,1.0,15.832562473118282,2.5579045698924734,,,0.0,0.0,0.0,,2.460244623655914,15.83310682795699,1.4592685483870966,2.5579045698924734
