,cost,emission,grid,wood_supply,DHDC_small_heat,DHDC_medium_heat,DHDC_large_heat,wood_boiler_heat,wood_boiler_DHW,PV,SCFP,DHW_to_heat,ASHP,ASHP_DHW,GSHP_heat,GSHP_cooling,battery,DHW_storage,heat_storage,geothermal_boreholes,demand_electricity,demand_space_heating,demand_space_cooling,demand_hot_water
0,45551.06806717239,6013.88854280181,6.287054224709751,0.4403689691663935,3.313315388888889,0.0,0.0,4.999999999999998,5.000000000000001,68.67684833325528,0.0,0.0,7.533847849462365,1.329750633213857,,,0.0,0.0,0.0,,6.093525053763441,5.055991129032257,7.533847849462365,3.3133153888888884
1,22054.13195610026,6700.152888752942,6.575682165319526,0.0,3.3126770430107535,0.0,0.0,0.0,0.0,52.10251045073739,0.0,0.0,7.533847849856141,0.0006383458781354218,,,0.0,0.0,0.0,,6.093525053763441,5.055991129032257,7.533847849462365,3.3133153888888884
2,20691.61375212417,7386.417234704075,6.773691041434581,0.0,3.3126770430107535,0.0,0.0,0.0,0.0,34.73242939474659,0.0,0.0,7.533847849462365,0.0006383458781354218,,,0.0,0.0,0.0,,6.093525053763441,5.055991129032257,7.533847849462365,3.3133153888888884
3,19329.09643864446,8072.681580655206,7.4201979220197956,0.0,3.3126770430107535,0.0,0.0,0.0,0.0,17.362359690720933,0.0,0.0,7.533847849462365,0.0006383458781354218,,,0.0,0.0,0.0,,6.093525053763441,5.055991129032257,7.533847849462365,3.3133153888888884
4,17966.959823504287,8758.94592660634,9.0,0.4403689691663935,3.2906376881720427,0.0,0.0,0.0,0.0,0.0,0.0,1.0,7.533847849462365,0.02267770071684557,,,0.0,0.0,0.0,,6.093525053763441,5.055991129032257,7.533847849462365,3.3133153888888884
