,cost,emission,grid,wood_supply,DHDC_small_heat,DHDC_medium_heat,DHDC_large_heat,wood_boiler_heat,wood_boiler_DHW,PV,SCFP,DHW_to_heat,ASHP,ASHP_DHW,GSHP_heat,GSHP_cooling,battery,DHW_storage,heat_storage,geothermal_boreholes,demand_electricity,demand_space_heating,demand_space_cooling,demand_hot_water
0,27620.887447796973,2373.7942385345173,3.7318944347189795,0.2428283743582769,,,,0.0,5.000000000000001,12.23667838807911,0.0,0.0,7.333401344086021,0.8232139820352203,,,0.0,0.0,0.0,,1.0725336021505378,7.333401344086021,0.6842112096774194,0.9931938440860215
1,7217.932113361627,2491.7558791850192,3.82680311419648,0.0,,,,0.0,0.0,9.770182632036196,0.0,0.0,7.333401344086021,0.9931938440860216,,,0.0,0.0,0.0,,1.0725336021505378,7.333401344086021,0.6842112096774194,0.9931938440860215
2,6931.511835453593,2609.717519835521,3.8592199500706283,0.0,,,,0.0,0.0,6.513442951572482,0.0,0.0,7.333401344086021,0.9931938440860216,,,0.0,0.0,0.0,,1.0725336021505378,7.333401344086021,0.6842112096774194,0.9931938440860215
3,6645.091557545562,2727.6791604860227,3.8916367859447774,0.0,,,,0.0,0.0,3.2567032711087633,0.0,0.0,7.333401344086021,0.9931938440860216,,,0.0,0.0,0.0,,1.0725336021505378,7.333401344086021,0.6842112096774194,0.9931938440860215
4,6358.674481728757,2845.6408011365247,4.0,0.2428283743582769,,,,0.0,0.0,0.0,0.0,0.0,7.333401344086021,0.9931938440860216,,,0.0,1.0,0.0,,1.0725336021505378,7.333401344086021,0.6842112096774194,0.9931938440860215
