,cost,emission,grid,wood_supply,DHDC_small_heat,DHDC_medium_heat,DHDC_large_heat,wood_boiler_heat,wood_boiler_DHW,PV,SCFP,DHW_to_heat,ASHP,ASHP_DHW,GSHP_heat,GSHP_cooling,battery,DHW_storage,heat_storage,geothermal_boreholes,demand_electricity,demand_space_heating,demand_space_cooling,demand_hot_water
0,50316.949524685064,8954.441066099998,12.156365013795941,0.3071476633189816,20.0,0.0,0.0,4.999999999999997,5.000000000000001,30.613618091137596,0.0,0.0,22.182885363968474,0.0,,,0.0,0.0,0.0,,5.379444892473118,22.42860349462366,3.380383064516129,2.2113448387096772
1,24423.727918611847,9300.810695922415,13.21772317910095,0.0,0.0,0.0,0.0,0.0,0.0,25.572873700514577,0.0,1.0,22.4258323655914,2.2113448387096772,,,0.0,0.0,0.0,,5.379444892473118,22.42860349462366,3.380383064516129,2.2113448387096772
2,23782.802331192193,9647.180325744835,13.317466660603388,0.0,0.0,0.0,0.0,0.0,0.0,17.048575984675455,0.0,1.0,22.4258323655914,2.2113448387096772,,,0.0,0.0,0.0,,5.379444892473118,22.42860349462366,3.380383064516129,2.2113448387096772
3,23141.876743772536,9993.549955567256,13.417210142105827,0.0,0.0,0.0,0.0,0.0,0.0,8.524278268836342,0.0,1.0,22.4258323655914,2.2113448387096772,,,0.0,0.0,0.0,,5.379444892473118,22.42860349462366,3.380383064516129,2.2113448387096772
4,22500.952618535703,10339.91958538968,14.0,0.3071476633189816,0.0,0.0,0.0,0.0,0.0,0.0,0.0,1.0,22.4258323655914,2.2113448387096772,,,0.0,0.0,0.0,,5.379444892473118,22.42860349462366,3.380383064516129,2.2113448387096772
