,cost,emission,grid,wood_supply,DHDC_small_heat,DHDC_medium_heat,DHDC_large_heat,wood_boiler_heat,wood_boiler_DHW,PV,SCFP,DHW_to_heat,ASHP,ASHP_DHW,GSHP_heat,GSHP_cooling,battery,DHW_storage,heat_storage,geothermal_boreholes,demand_electricity,demand_space_heating,demand_space_cooling,demand_hot_water
0,34809.84759028976,2890.403290410335,4.101728865086682,0.2488458553873047,20.0,0.0,0.0,4.999999999999998,5.000000000000001,13.955958682087054,0.0,0.0,9.26765288558263,0.0,,,0.0,0.0,0.0,,1.1439019354838709,9.466729569892472,1.0145382795698925,1.3477970430107526
1,8948.45642123105,3039.7071873429986,4.741634835113856,0.0,0.0,0.0,0.0,0.0,0.0,12.377474619493224,0.0,0.0,9.466729569892472,1.3477970430107526,,,0.0,0.0,0.0,,1.1439019354838709,9.466729569892472,1.0145382795698925,1.3477970430107526
2,8585.20684115547,3189.011084275661,4.779262357560935,0.0,0.0,0.0,0.0,0.0,0.0,8.251646114068231,0.0,0.0,9.466729569892472,1.3477970430107526,,,0.0,0.0,0.0,,1.1439019354838709,9.466729569892472,1.0145382795698925,1.3477970430107526
3,8221.957262438165,3338.314981208324,4.817448162307933,0.0,0.0,0.0,0.0,0.0,0.0,4.125817624070677,0.0,0.0,9.466729569892472,1.3477970430107526,,,0.0,0.0,0.0,,1.1439019354838709,9.466729569892472,1.0145382795698925,1.3477970430107526
4,7858.708640387711,3487.618878140987,5.0,0.2488458553873047,0.0,0.0,0.0,0.0,0.0,0.0,0.0,0.0,9.466729569892472,1.3477970430107526,,,0.0,0.0,0.0,,1.1439019354838709,9.466729569892472,1.0145382795698925,1.3477970430107526
