,cost,emission,grid,wood_supply,DHDC_small_heat,DHDC_medium_heat,DHDC_large_heat,wood_boiler_heat,wood_boiler_DHW,PV,SCFP,DHW_to_heat,ASHP,ASHP_DHW,GSHP_heat,GSHP_cooling,battery,DHW_storage,heat_storage,geothermal_boreholes,demand_electricity,demand_space_heating,demand_space_cooling,demand_hot_water
0,49836.949172549605,8894.254922802236,12.030080605622159,0.35746520203518534,6.666666666666667,0.0,0.0,4.999999999999998,5.000000000000001,44.990057724338676,0.0,0.0,24.615221655576153,0.0,,,0.0,0.0,0.0,,4.3305631720430116,24.9011938172043,3.739588172043011,4.07043559139785
1,26752.122154029385,9331.906933795917,11.433394305134948,0.0,6.666666666666667,0.0,0.0,0.0,0.0,34.68107890935735,0.0,3.0,22.304396021505376,0.0,,,0.0,0.0,0.0,,4.3305631720430116,24.9011938172043,3.739588172043011,4.07043559139785
2,25784.163812599232,9769.558944789605,11.54434763544715,0.0,6.666666666666667,0.0,0.0,0.0,0.0,23.089640797068558,0.0,3.0,22.304396021505376,0.0,,,0.0,0.0,0.0,,4.3305631720430116,24.9011938172043,3.739588172043011,4.07043559139785
3,24816.20547116908,10207.210955783286,11.655300965759347,0.0,6.666666666666667,0.0,0.0,0.0,0.0,11.498202684779784,0.0,3.0,22.304396021505376,0.0,,,0.0,0.0,0.0,,4.3305631720430116,24.9011938172043,3.739588172043011,4.07043559139785
4,23856.032877193204,10644.86296677697,12.0,0.35746520203518534,6.666666666666667,0.0,0.0,0.0,0.0,0.0,0.0,3.0,22.304396021505376,0.0,,,0.0,0.0,0.0,,4.3305631720430116,24.9011938172043,3.739588172043011,4.07043559139785
