,cost,emission,grid,wood_supply,DHDC_small_heat,DHDC_medium_heat,DHDC_large_heat,wood_boiler_heat,wood_boiler_DHW,PV,SCFP,DHW_to_heat,ASHP,ASHP_DHW,GSHP_heat,GSHP_cooling,battery,DHW_storage,heat_storage,geothermal_boreholes,demand_electricity,demand_space_heating,demand_space_cooling,demand_hot_water
0,32896.58805950317,2238.612188531225,3.2537560538749055,0.23818079259275865,20.0,0.0,0.0,4.999999999999998,5.000000000000001,10.908797883645315,0.0,0.0,7.461219774527944,0.33079103703703683,,,0.0,0.0,0.0,,0.8921129032258064,7.651764408602151,0.7880693548387095,1.0645500268817205
1,6957.306675511448,2365.7021240384297,3.774520630982273,0.005288742593814355,0.0,0.0,0.0,0.0,0.0037021198156700487,9.592906612962315,0.0,1.0,7.65057005376344,1.0620422619047618,,,0.0,0.0,0.0,,0.8921129032258064,7.651764408602151,0.7880693548387095,1.0645500268817205
2,6708.549023912287,2492.7920595456344,3.8112944676929534,0.005288742593814355,0.0,0.0,0.0,0.0,0.0037021198156700487,6.3946445689230424,0.0,1.0,7.65057005376344,1.0620422619047618,,,0.0,0.0,0.0,,0.8921129032258064,7.651764408602151,0.7880693548387095,1.0645500268817205
3,6459.791372313127,2619.8819950528386,3.848068304403634,0.005288742593814355,0.0,0.0,0.0,0.0,0.0037021198156700487,3.19638252488378,0.0,1.0,7.65057005376344,1.0620422619047618,,,0.0,0.0,0.0,,0.8921129032258064,7.651764408602151,0.7880693548387095,1.0645500268817205
4,6211.124434629612,2746.971930560042,4.0,0.23818079259275865,0.0,0.0,0.0,0.0,0.0,0.0,0.0,0.0,7.651764408602151,1.0645500268817205,,,0.0,0.0,0.0,,0.8921129032258064,7.651764408602151,0.7880693548387095,1.0645500268817205
