,cost,emission,grid,wood_supply,DHDC_small_heat,DHDC_medium_heat,DHDC_large_heat,wood_boiler_heat,wood_boiler_DHW,PV,SCFP,DHW_to_heat,ASHP,ASHP_DHW,GSHP_heat,GSHP_cooling,battery,DHW_storage,heat_storage,geothermal_boreholes,demand_electricity,demand_space_heating,demand_space_cooling,demand_hot_water
0,31199.185218378207,1572.9621312248453,2.3884371145032635,0.23196801147297705,20.0,0.0,0.0,4.999999999999998,5.000000000000001,9.133717563707723,0.0,0.0,5.622053278993662,0.519876558635583,,,0.043196361885379675,0.0,0.0,,0.6169865591397848,5.807627688172043,0.47607591397849464,0.7330739247311827
1,5132.157405777221,1675.2485617827992,2.7702639890740897,0.0,0.0,0.0,0.0,0.0,0.0,7.840583217802502,0.0,0.0,5.807627688172044,0.7330739247311827,,,0.0,0.0,0.0,,0.6169865591397848,5.807627688172043,0.47607591397849464,0.7330739247311827
2,4924.345774613057,1777.534992340753,2.7996126697318955,0.0,0.0,0.0,0.0,0.0,0.0,5.2270522960764865,0.0,0.0,5.807627688172044,0.7330739247311827,,,0.0,0.0,0.0,,0.6169865591397848,5.807627688172043,0.47607591397849464,0.7330739247311827
3,4716.534143448891,1879.8214228987072,2.8289613503897013,0.0,0.0,0.0,0.0,0.0,0.0,2.613521374350464,0.0,0.0,5.807627688172044,0.7330739247311827,,,0.0,0.0,0.0,,0.6169865591397848,5.807627688172043,0.47607591397849464,0.7330739247311827
4,4508.723271432311,1982.1078534566614,3.0,0.23196801147297705,0.0,0.0,0.0,0.0,0.0,0.0,0.0,0.0,5.807627688172044,0.7330739247311827,,,0.0,0.0,0.0,,0.6169865591397848,5.807627688172043,0.47607591397849464,0.7330739247311827
