,cost,emission,grid,wood_supply,DHDC_small_heat,DHDC_medium_heat,DHDC_large_heat,wood_boiler_heat,wood_boiler_DHW,PV,SCFP,DHW_to_heat,ASHP,ASHP_DHW,GSHP_heat,GSHP_cooling,battery,DHW_storage,heat_storage,geothermal_boreholes,demand_electricity,demand_space_heating,demand_space_cooling,demand_hot_water
0,45924.8435651419,6669.404218409073,9.044690720729307,0.31648348678122246,20.0,0.0,0.0,4.999999999999998,5.000000000000001,33.28099622320642,0.0,0.0,18.73190920519868,0.0,,,0.0,0.0,0.0,,3.2110403225806445,18.985095994623656,2.910078548387097,3.1741586559139785
1,20321.129194569832,7050.5322564384205,10.49875492456797,0.0,0.0,0.0,0.0,0.0,0.0,28.612403224843156,0.0,1.0,18.984537096774197,3.1741586559139785,,,0.0,0.0,0.0,,3.2110403225806445,18.985095994623656,2.910078548387097,3.1741586559139785
2,19585.48972318211,7431.660294467766,10.606362325610323,0.0,0.0,0.0,0.0,0.0,0.0,19.0749313549951,0.0,1.0,18.984537096774197,3.1741586559139785,,,0.0,0.0,0.0,,3.2110403225806445,18.985095994623656,2.910078548387097,3.1741586559139785
3,18849.850254605462,7812.788332497113,10.715426114472148,0.0,0.0,0.0,0.0,0.0,0.0,9.537459521592186,0.0,1.0,18.984537096774197,3.1741586559139785,,,0.0,0.0,0.0,,3.2110403225806445,18.985095994623656,2.910078548387097,3.1741586559139785
4,18114.211735657187,8193.916370526462,11.0,0.31648348678122246,0.0,0.0,0.0,0.0,0.0,0.0,0.0,1.0,18.984537096774197,3.1741586559139785,,,0.0,0.0,0.0,,3.2110403225806445,18.985095994623656,2.910078548387097,3.1741586559139785
