,cost,emission,grid,wood_supply,DHDC_small_heat,DHDC_medium_heat,DHDC_large_heat,wood_boiler_heat,wood_boiler_DHW,PV,SCFP,DHW_to_heat,ASHP,ASHP_DHW,GSHP_heat,GSHP_cooling,battery,DHW_storage,heat_storage,geothermal_boreholes,demand_electricity,demand_space_heating,demand_space_cooling,demand_hot_water
0,35211.67282381925,4158.108125947062,7.059241317910117,0.31996816194257777,,,,0.0,5.000000000000001,34.27661769787935,0.0,0.0,13.28496924731183,2.126085512446635,,,0.6617938581900423,0.0,0.0,,2.180333333333333,13.284969247311828,1.325837688172043,2.3500632258064518
1,14315.583800906068,4512.628111452525,7.264624051912934,0.0,,,,0.0,0.0,25.970539826198042,0.0,1.0,13.284581048387098,2.3500632258064518,,,0.0,0.0,0.0,,2.180333333333333,13.284969247311828,1.325837688172043,2.3500632258064518
2,13672.682996191303,4867.148096957989,7.357302627282052,0.0,,,,0.0,0.0,17.31367875103524,0.0,1.0,13.284581048387098,2.3500632258064518,,,0.0,0.0,0.0,,2.180333333333333,13.284969247311828,1.325837688172043,2.3500632258064518
3,13029.782212857848,5221.668082463453,7.461771666119074,0.0,,,,0.0,0.0,8.656817963778465,0.0,1.0,13.284581048387098,2.3500632258064518,,,0.0,0.0,0.0,,2.180333333333333,13.284969247311828,1.325837688172043,2.3500632258064518
4,12386.884609805145,5576.1880679689175,8.0,0.31996816194257777,,,,0.0,0.0,0.0,0.0,1.0,13.284581048387098,2.3500632258064518,,,0.0,1.0,0.0,,2.180333333333333,13.284969247311828,1.325837688172043,2.3500632258064518
