,cost,emission,grid,wood_supply,DHDC_small_heat,DHDC_medium_heat,DHDC_large_heat,wood_boiler_heat,wood_boiler_DHW,PV,SCFP,DHW_to_heat,ASHP,ASHP_DHW,GSHP_heat,GSHP_cooling,battery,DHW_storage,heat_storage,geothermal_boreholes,demand_electricity,demand_space_heating,demand_space_cooling,demand_hot_water
0,31198.02382514313,1564.44296900491,2.378325604879432,0.2322139615408381,20.0,0.0,0.0,4.999999999999997,5.000000000000001,9.203989011668014,0.0,0.0,5.58208568560604,0.503001254699191,,,0.05968095869015192,0.0,0.0,,0.6285833333333334,5.767856854838709,0.4834557795698924,0.7142704569892474
1,5124.509029943613,1664.7950127464085,2.7518430470970543,0.0,0.0,0.0,0.0,0.0,0.0,7.908470220345843,0.0,0.0,5.76785685483871,0.7142704569892474,,,0.0,0.0,0.0,,0.6285833333333334,5.767856854838709,0.4834557795698924,0.7142704569892474
2,4906.743746455913,1765.1470564879066,2.780292060512906,0.0,0.0,0.0,0.0,0.0,0.0,5.272310021252645,0.0,0.0,5.76785685483871,0.7142704569892474,,,0.0,0.0,0.0,,0.6285833333333334,5.767856854838709,0.4834557795698924,0.7142704569892474
3,4688.978462968213,1865.4991002294046,2.8087410739287577,0.0,0.0,0.0,0.0,0.0,0.0,2.6361498221594495,0.0,0.0,5.76785685483871,0.7142704569892474,,,0.0,0.0,0.0,,0.6285833333333334,5.767856854838709,0.4834557795698924,0.7142704569892474
4,4471.214036687871,1965.8511439709025,3.0,0.2322139615408381,0.0,0.0,0.0,0.0,0.0,0.0,0.0,0.0,5.76785685483871,0.7142704569892474,,,0.0,0.0,0.0,,0.6285833333333334,5.767856854838709,0.4834557795698924,0.7142704569892474
