,cost,emission,grid,wood_supply,DHDC_small_heat,DHDC_medium_heat,DHDC_large_heat,wood_boiler_heat,wood_boiler_DHW,PV,SCFP,DHW_to_heat,ASHP,ASHP_DHW,GSHP_heat,GSHP_cooling,battery,DHW_storage,heat_storage,geothermal_boreholes,demand_electricity,demand_space_heating,demand_space_cooling,demand_hot_water
0,35974.45398649913,3194.220851780834,4.404596765122702,0.26307722067339456,20.0,0.0,0.0,4.999999999999997,5.000000000000001,18.022063049541288,0.0,0.0,8.224903713375303,0.6495998666666664,1.7821885423440469,1.3397567204301077,0.0,0.0,0.0,1.6746959005376347,1.4736138440860216,10.217554032258064,1.3397567204301075,1.6707704569892474
1,10034.690157240453,3400.6721912775092,5.161627416609749,0.004611707263550935,0.0,0.0,0.0,0.0,0.0032281950844856547,15.559537092044359,0.0,0.0,8.085357081679893,1.667542261904762,2.1321969505781713,1.3397567204301077,0.0,0.0,0.0,1.6746959005376347,1.4736138440860216,10.217554032258064,1.3397567204301075,1.6707704569892474
2,9632.125820278485,3607.1235307741863,5.218407399481903,0.004611707263550935,0.0,0.0,0.0,0.0,0.0032281950844856547,10.372059577326047,0.0,0.0,8.085357081679893,1.667542261904762,2.1321969505781713,1.3397567204301077,0.0,0.0,0.0,1.6746959005376347,1.4736138440860216,10.217554032258064,1.3397567204301075,1.6707704569892474
3,9229.561488610107,3813.5748702708634,5.277902148648446,0.004611707263550935,0.0,0.0,0.0,0.0,0.0032281950844856547,5.184582130821376,0.0,0.0,8.085357081679893,1.667542261904762,2.1321969505781713,1.3397567204301077,0.0,0.0,0.0,1.6746959005376347,1.4736138440860216,10.217554032258064,1.3397567204301075,1.6707704569892474
4,8827.067684787493,4020.0262097675404,6.0,0.26307722067339456,0.0,0.0,0.0,0.0,0.0,0.0,0.0,1.0,8.084318874690645,1.6707704569892474,2.1332351575674156,1.3397567204301077,0.0,0.0,0.0,1.6746959005376347,1.4736138440860216,10.217554032258064,1.3397567204301075,1.6707704569892474
