,cost,emission,grid,wood_supply,DHDC_small_heat,DHDC_medium_heat,DHDC_large_heat,wood_boiler_heat,wood_boiler_DHW,PV,SCFP,DHW_to_heat,ASHP,ASHP_DHW,GSHP_heat,GSHP_cooling,battery,DHW_storage,heat_storage,geothermal_boreholes,demand_electricity,demand_space_heating,demand_space_cooling,demand_hot_water
0,37636.87408221844,3647.9813702333363,5.329496310115765,0.27156928061426766,20.0,0.0,0.0,5.000000000000001,5.000000000000001,20.44836588979076,0.0,0.0,11.714977102390307,1.1857651851851858,,,0.0,0.0,0.0,,1.6478172043010755,11.932232526881721,0.9653631451612903,1.8078777956989247
1,11637.001844864943,3869.997894194151,6.1853558225582885,0.0,0.0,0.0,0.0,0.0,0.0,17.525155967061515,0.0,1.0,11.932046182795702,1.8078777956989247,,,0.0,0.0,0.0,,1.6478172043010755,11.932232526881721,0.9653631451612903,1.8078777956989247
2,11153.383447743781,4092.0144181549645,6.246669901145253,0.0,0.0,0.0,0.0,0.0,0.0,11.683429397814365,0.0,1.0,11.932046182795702,1.8078777956989247,,,0.0,0.0,0.0,,1.6478172043010755,11.932232526881721,0.9653631451612903,1.8078777956989247
3,10669.765050622624,4314.030942115779,6.307983979732218,0.0,0.0,0.0,0.0,0.0,0.0,5.841702828567241,0.0,1.0,11.932046182795702,1.8078777956989247,,,0.0,0.0,0.0,,1.6478172043010755,11.932232526881721,0.9653631451612903,1.8078777956989247
4,10186.14861891861,4536.047466076591,7.0,0.27156928061426766,0.0,0.0,0.0,0.0,0.0,0.0,0.0,1.0,11.932046182795702,1.8078777956989247,,,0.0,0.0,0.0,,1.6478172043010755,11.932232526881721,0.9653631451612903,1.8078777956989247
