,cost,emission,grid,wood_supply,DHDC_small_heat,DHDC_medium_heat,DHDC_large_heat,wood_boiler_heat,wood_boiler_DHW,PV,SCFP,DHW_to_heat,ASHP,ASHP_DHW,GSHP_heat,GSHP_cooling,battery,DHW_storage,heat_storage,geothermal_boreholes,demand_electricity,demand_space_heating,demand_space_cooling,demand_hot_water
0,38161.98285506276,4002.6254694947456,5.860513266491031,0.266343059798416,20.0,0.0,0.0,4.999999999999998,5.000000000000001,18.955159942404563,0.0,0.0,13.192888589795677,0.8767366666666666,0.0,0.0,0.0,0.0,0.0,0.0,1.6873897849462367,13.40596303763441,0.0,1.9007298924731182
1,12270.866869120644,4221.116298463787,6.750948314471235,0.0,0.0,0.0,0.0,0.0,0.0,16.388907712206635,0.0,1.0,13.405589623655915,1.9007298924731184,0.0,0.0,0.0,0.0,0.0,0.0,1.6873897849462367,13.40596303763441,0.0,1.9007298924731182
2,11850.032761933404,4439.607127432827,6.813567049779078,0.0,0.0,0.0,0.0,0.0,0.0,10.925935744965418,0.0,1.0,13.405589623655915,1.9007298924731184,0.0,0.0,0.0,0.0,0.0,0.0,1.6873897849462367,13.40596303763441,0.0,1.9007298924731182
3,11429.198654746166,4658.097956401867,6.876185785086921,0.0,0.0,0.0,0.0,0.0,0.0,5.462963777724203,0.0,1.0,13.405589623655915,1.9007298924731184,0.0,0.0,0.0,0.0,0.0,0.0,1.6873897849462367,13.40596303763441,0.0,1.9007298924731182
4,11008.36517842947,4876.588785370908,7.0,0.266343059798416,0.0,0.0,0.0,0.0,0.0,0.0,0.0,1.0,13.405589623655914,1.9007298924731184,0.0,0.0,0.0,0.0,0.0,0.0,1.6873897849462367,13.40596303763441,0.0,1.9007298924731182
