,cost,emission,grid,wood_supply,DHDC_small_heat,DHDC_medium_heat,DHDC_large_heat,wood_boiler_heat,wood_boiler_DHW,PV,SCFP,DHW_to_heat,ASHP,ASHP_DHW,GSHP_heat,GSHP_cooling,battery,DHW_storage,heat_storage,geothermal_boreholes,demand_electricity,demand_space_heating,demand_space_cooling,demand_hot_water
0,28073.73374357591,2293.536183793935,3.8619051905682156,0.25529625906565795,,,,0.0,5.000000000000001,15.798931161616553,0.0,0.0,8.03452553763441,0.8571326724174801,,,0.1722663754579362,0.0,0.0,,1.0412366071428572,8.03452553763441,0.7542068279569892,1.035840053763441
1,7596.250853059247,2454.8844076289693,3.983099280710893,0.0,,,,0.0,0.0,12.342403405262925,0.0,0.0,8.03452553763441,1.035840053763441,,,0.0,0.0,0.0,,1.0412366071428572,8.03452553763441,0.7542068279569892,1.035840053763441
2,7270.077939782912,2616.232631464004,4.024200890218504,0.0,,,,0.0,0.0,8.228250672261659,0.0,0.0,8.03452553763441,1.035840053763441,,,0.0,0.0,0.0,,1.0412366071428572,8.03452553763441,0.7542068279569892,1.035840053763441
3,6943.905032628598,2777.5808552990384,4.0683308825110736,0.0,,,,0.0,0.0,4.114098016479923,0.0,0.0,8.03452553763441,1.035840053763441,,,0.0,0.0,0.0,,1.0412366071428572,8.03452553763441,0.7542068279569892,1.035840053763441
4,6617.7364573164405,2938.9290791340723,5.0,0.25529625906565795,,,,0.0,0.0,0.0,0.0,0.0,8.03452553763441,1.035840053763441,,,0.0,1.0,0.0,,1.0412366071428572,8.03452553763441,0.7542068279569892,1.035840053763441
