,cost,emission,grid,wood_supply,DHDC_small_heat,DHDC_medium_heat,DHDC_large_heat,wood_boiler_heat,wood_boiler_DHW,PV,SCFP,DHW_to_heat,ASHP,ASHP_DHW,GSHP_heat,GSHP_cooling,battery,DHW_storage,heat_storage,geothermal_boreholes,demand_electricity,demand_space_heating,demand_space_cooling,demand_hot_water
0,69691.40449041563,15979.17972468265,20.966880309682296,0.5098171182612764,3.3333333333333335,0.0,0.0,5.000000000000001,5.0,88.51917664607895,0.0,0.0,24.632614047326463,0.0,,,1.5812776723592668,0.0,0.0,,16.361147916666667,25.040467741935483,13.95895,3.4280489999999997
1,45658.71307234197,16843.037595597598,21.098296427301296,0.0,3.428049,0.0,0.0,0.0,0.0,66.06467887437928,0.0,1.0,24.177530301075272,0.0,,,0.0,0.0,0.0,,16.361147916666667,25.040467741935483,13.95895,3.4280489999999997
2,43662.317723367254,17706.895466512553,21.367341202518222,0.0,3.428049,0.0,0.0,0.0,0.0,42.739696638547066,0.0,1.0,24.177530301075272,0.0,,,0.0,0.0,0.0,,16.361147916666667,25.040467741935483,13.95895,3.4280489999999997
3,42017.0113816432,18570.753337427508,21.61536853054079,0.0,3.428049,0.0,0.0,0.0,0.0,21.23683334947993,0.0,1.0,24.177530301075272,0.0,,,0.0,0.0,0.0,,16.361147916666667,25.040467741935483,13.95895,3.4280489999999997
4,40391.90531120322,19434.61120834246,22.0,0.5098171182612764,3.4140800555555555,0.0,0.0,0.0,0.0,0.0,0.0,2.0,24.177530301075272,0.013968944444444435,,,0.0,1.0,0.0,,16.361147916666667,25.040467741935483,13.95895,3.4280489999999997
