,cost,emission,grid,wood_supply,DHDC_small_heat,DHDC_medium_heat,DHDC_large_heat,wood_boiler_heat,wood_boiler_DHW,PV,SCFP,DHW_to_heat,ASHP,ASHP_DHW,GSHP_heat,GSHP_cooling,battery,DHW_storage,heat_storage,geothermal_boreholes,demand_electricity,demand_space_heating,demand_space_cooling,demand_hot_water
0,39815.82741118816,4761.9003968322895,8.215787620631145,0.3789042855364295,3.3333333333333335,0.0,0.0,4.999999999999998,0.0,51.115510153265575,0.0,0.0,14.482310442538601,1.3337323611111112,0.0,0.0,1.1060922982553252,0.0,0.0,0.0,4.590000055555555,14.785433870967744,0.0,1.359462861111111
1,18020.41366241108,5226.223282620775,8.91707913977312,0.0,0.0,0.0,0.0,0.0,0.0,39.62275089288715,0.0,1.0,14.500695472222224,1.3594628611111113,0.0,0.0,0.0,0.0,0.0,0.0,4.590000055555555,14.785433870967744,0.0,1.359462861111111
2,16621.26579447182,5690.546168409262,9.076451509595405,0.0,0.0,0.0,0.0,0.0,0.0,25.393231263540404,0.0,1.0,14.500695472222224,1.3594628611111113,0.0,0.0,0.0,0.0,0.0,0.0,4.590000055555555,14.785433870967744,0.0,1.359462861111111
3,15387.009234560892,6154.869054197746,9.226239145761898,0.0,0.0,0.0,0.0,0.0,0.0,12.019482028078407,0.0,1.0,14.500695472222224,1.3594628611111113,0.0,0.0,0.0,0.0,0.0,0.0,4.590000055555555,14.785433870967744,0.0,1.359462861111111
4,14413.6893688306,6619.191939986231,10.0,0.3789042855364295,0.0,0.0,0.0,0.0,0.0,0.0,0.0,1.0,14.500695472222224,1.3594628611111113,0.0,0.0,0.0,1.0,0.0,0.0,4.590000055555555,14.785433870967744,0.0,1.359462861111111
