,cost,emission,grid,wood_supply,DHDC_small_heat,DHDC_medium_heat,DHDC_large_heat,wood_boiler_heat,wood_boiler_DHW,PV,SCFP,DHW_to_heat,ASHP,ASHP_DHW,GSHP_heat,GSHP_cooling,battery,DHW_storage,heat_storage,geothermal_boreholes,demand_electricity,demand_space_heating,demand_space_cooling,demand_hot_water
0,40099.17432474171,5453.297260681988,6.895751644264854,0.33354475771035863,3.2317459677419356,0.0,0.0,4.999999999999997,5.000000000000001,38.155645060102465,0.0,0.0,10.127022163408435,1.5856925000000022,2.5217060089179033,2.247904569892474,0.0,0.0,0.0,2.809880712365592,3.476766129032258,12.915563978494623,2.2479045698924733,3.231745967741935
1,17255.77614374485,5840.059434424941,7.085529586550404,0.0010368663594451885,3.2310201612903238,0.0,0.0,0.0,0.0007258064516116319,28.99093033850588,0.0,1.0,10.356912808286392,0.0,2.5586511702082313,2.247904569892474,0.0,0.0,0.0,2.809880712365592,3.476766129032258,12.915563978494623,2.2479045698924733,3.231745967741935
2,16511.62790355532,6226.8216081678975,7.183792470272679,0.0010368663594451885,3.2310201612903238,0.0,0.0,0.0,0.0007258064516116319,19.324747362784834,0.0,1.0,10.356912808286392,0.0,2.5586511702082313,2.247904569892474,0.0,0.0,0.0,2.809880712365592,3.476766129032258,12.915563978494623,2.2479045698924733,3.231745967741935
3,15767.479687553394,6613.583781910854,7.294626570944723,0.0010368663594451885,3.2310201612903238,0.0,0.0,0.0,0.0007258064516116319,9.65856470125097,0.0,1.0,10.356912808286392,0.0,2.5586511702082313,2.247904569892474,0.0,0.0,0.0,2.809880712365592,3.476766129032258,12.915563978494623,2.2479045698924733,3.231745967741935
4,15023.898248800142,7000.34595565381,8.0,0.33354475771035863,3.2317459677419356,0.0,0.0,0.0,0.0,0.0,0.0,1.0,10.356437001834783,0.0,2.5584011702082288,2.247904569892474,0.0,0.0,0.0,2.809880712365592,3.476766129032258,12.915563978494623,2.2479045698924733,3.231745967741935
