,cost,emission,grid,wood_supply,DHDC_small_heat,DHDC_medium_heat,DHDC_large_heat,wood_boiler_heat,wood_boiler_DHW,PV,SCFP,DHW_to_heat,ASHP,ASHP_DHW,GSHP_heat,GSHP_cooling,battery,DHW_storage,heat_storage,geothermal_boreholes,demand_electricity,demand_space_heating,demand_space_cooling,demand_hot_water
0,65314.292847637524,13012.701332630297,15.374140010524425,0.479407120471636,20.0,0.0,0.0,4.999999999999998,5.0,79.83060584903886,0.0,0.0,19.0299191756465,0.0,7.265617170986946,6.6878682795698925,0.0,0.0,0.0,8.359835349462367,8.702662634408604,26.67906204301075,6.687868279569892,7.622541720430107
1,40337.896331247975,13922.313173933266,18.822296499571163,0.005114022383147093,0.0,0.0,0.0,0.0,0.0035798156682029653,68.21586987574163,0.0,0.0,19.324937198536706,7.618961904761904,7.354124844474043,6.6878682795698925,0.0,0.0,0.0,8.359835349462365,8.702662634408604,26.67906204301075,6.687868279569892,7.622541720430107
2,38586.463114930426,14831.925015236216,19.05765056514378,0.005114022383147093,0.0,0.0,0.0,0.0,0.0035798156682029653,45.47558980690452,0.0,0.0,19.324937198536706,7.618961904761904,7.354124844474043,6.6878682795698925,0.0,0.0,0.0,8.359835349462365,8.702662634408604,26.67906204301075,6.687868279569892,7.622541720430107
3,36835.029948767326,15741.536856539187,19.319052491519614,0.005114022383147093,0.0,0.0,0.0,0.0,0.0035798156682029653,22.73531038926346,0.0,0.0,19.324937198536706,7.618961904761904,7.354124844474043,6.6878682795698925,0.0,0.0,0.0,8.359835349462365,8.702662634408604,26.67906204301075,6.687868279569892,7.622541720430107
4,35083.78843544869,16651.148697842156,20.0,0.479407120471636,0.0,0.0,0.0,0.0,0.0,0.0,0.0,1.0,19.32138634616215,7.622541720430108,7.3569017452356995,6.6878682795698925,0.0,0.0,0.0,8.359835349462367,8.702662634408604,26.67906204301075,6.687868279569892,7.622541720430107
