,cost,emission,grid,wood_supply,DHDC_small_heat,DHDC_medium_heat,DHDC_large_heat,wood_boiler_heat,wood_boiler_DHW,PV,SCFP,DHW_to_heat,ASHP,ASHP_DHW,GSHP_heat,GSHP_cooling,battery,DHW_storage,heat_storage,geothermal_boreholes,demand_electricity,demand_space_heating,demand_space_cooling,demand_hot_water
0,41017.47560618377,6434.091557682963,9.511505471900357,0.3492853310355172,,,,0.0,4.999999999999999,42.652951724433485,0.0,0.0,12.2648649077381,3.454595805909534,2.9830719202188907,2.659419892473119,0.0,0.0,0.0,3.324274865591399,3.8923965053763445,15.24793682795699,2.6594198924731187,3.6990955376344083
1,20030.573081112623,6874.449525457903,9.727297781057406,0.0036998326750054254,,,,0.0,0.002589882872503798,32.75372868138352,0.0,0.0,12.264864907738094,3.696505654761905,2.9830719202188956,2.6594198924731187,0.0,0.0,0.0,3.3242748655913985,3.8923965053763445,15.24793682795699,2.6594198924731187,3.6990955376344083
2,19200.07551525544,7314.807493232838,9.85368834163321,0.0036998326750054254,,,,0.0,0.002589882872503798,21.835091244333544,0.0,0.0,12.264864907738094,3.696505654761905,2.9830719202188956,2.6594198924731187,0.0,0.0,0.0,3.3242748655913985,3.8923965053763445,15.24793682795699,2.6594198924731187,3.6990955376344083
3,18369.57794939825,7755.165461007778,9.980078902209016,0.0036998326750054254,,,,0.0,0.002589882872503798,10.916453807283466,0.0,0.0,12.264864907738094,3.696505654761905,2.9830719202188956,2.6594198924731187,0.0,0.0,0.0,3.3242748655913985,3.8923965053763445,15.24793682795699,2.6594198924731187,3.6990955376344083
4,17539.143449014362,8195.523428782715,11.0,0.3492853310355172,,,,0.0,0.0,0.0,0.0,1.0,12.263723221955537,3.6990955376344083,2.983238283420809,2.659419892473119,0.0,1.0,0.0,3.324274865591399,3.8923965053763445,15.24793682795699,2.6594198924731187,3.6990955376344083
