,cost,emission,grid,wood_supply,DHDC_small_heat,DHDC_medium_heat,DHDC_large_heat,wood_boiler_heat,wood_boiler_DHW,PV,SCFP,DHW_to_heat,ASHP,ASHP_DHW,GSHP_heat,GSHP_cooling,battery,DHW_storage,heat_storage,geothermal_boreholes,demand_electricity,demand_space_heating,demand_space_cooling,demand_hot_water
0,38630.79444324435,4206.625664047282,5.4439294295893905,0.3370646054376309,6.666666666666667,0.0,0.0,4.999999999999998,5.000000000000001,39.16131583932312,0.0,0.0,8.83440296618753,2.4574633333333322,0.0,0.0,0.0,0.0,0.0,0.0,2.919833333333333,9.104054650537634,0.0,2.9455270430107525
1,15112.034767443423,4607.9094887674455,4.400683209341758,0.0,6.666666666666667,0.0,0.0,0.0,0.0,29.416195215213452,0.0,4.0,5.292372930107526,0.1662507712933297,0.0,0.0,0.0,0.0,0.0,0.0,2.919833333333333,9.104054650537634,0.0,2.9455270430107525
2,14165.763808174699,5009.193313487611,4.517945616810561,0.0,6.666666666666667,0.0,0.0,0.0,0.0,18.506791365055445,0.0,4.0,5.382321666666667,0.0,0.0,0.0,0.0,0.0,0.0,0.0,2.919833333333333,9.104054650537634,0.0,2.9455270430107525
3,13237.32244713289,5410.477138207774,4.624549572099166,0.0,6.666666666666667,0.0,0.0,0.0,0.0,7.666218543226265,0.0,4.0,5.382321666666667,0.0,0.0,0.0,0.0,0.0,0.0,0.0,2.919833333333333,9.104054650537634,0.0,2.9455270430107525
4,12453.752028365523,5811.760962927938,8.0,0.3370646054376309,0.0,0.0,0.0,0.0,0.0,0.0,0.0,1.0,9.10346129032258,2.945527043010753,0.0,0.0,0.0,0.0,0.0,0.0,2.919833333333333,9.104054650537634,0.0,2.9455270430107525
