,cost,emission,grid,wood_supply,DHDC_small_heat,DHDC_medium_heat,DHDC_large_heat,wood_boiler_heat,wood_boiler_DHW,PV,SCFP,DHW_to_heat,ASHP,ASHP_DHW,GSHP_heat,GSHP_cooling,battery,DHW_storage,heat_storage,geothermal_boreholes,demand_electricity,demand_space_heating,demand_space_cooling,demand_hot_water
0,41658.12738445805,5385.088452462593,6.987713298042419,0.3641448886586666,3.3059287634408605,0.0,0.0,4.999999999999997,5.000000000000001,46.898539616761894,0.0,0.0,10.682040536493703,2.9908652446055997,2.3575018590309806,2.1133129032258062,0.0753703841921104,0.0,0.0,2.6416411290322577,3.529715053763441,13.330858306451612,2.113312903225806,3.30592876344086
1,18377.659811312875,5833.255754104876,7.275337984710332,0.0,3.286291666666667,0.0,0.0,0.0,0.0,35.42270579673154,0.0,1.0,10.76069899026525,0.3925828141502956,2.196468975154349,2.1133129032258062,0.0,0.0,0.0,2.6416411290322577,3.529715053763441,13.330858306451612,2.113312903225806,3.30592876344086
2,17366.439003885596,6281.423055747163,7.359412613024738,0.00106374807987728,3.3051841397849464,0.0,0.0,0.0,0.000744623655914096,23.49388028887268,0.0,1.0,10.972863511339396,0.0,2.357994795112216,2.1133129032258062,0.0,0.0,0.0,2.6416411290322577,3.529715053763441,13.330858306451612,2.113312903225806,3.30592876344086
3,16398.522519679085,6729.590357389447,7.473732578170706,0.00106374807987728,3.3051841397849464,0.0,0.0,0.0,0.000744623655914096,11.744856919008956,0.0,1.0,10.972863511339396,0.0,2.357994795112216,2.1133129032258062,0.0,0.0,0.0,2.6416411290322577,3.529715053763441,13.330858306451612,2.113312903225806,3.30592876344086
4,15430.929079387464,7177.7576590317285,8.0,0.3641448886586666,3.3059287634408605,0.0,0.0,0.0,0.0,0.0,0.0,1.0,10.97237536916496,0.0,2.35773831363074,2.1133129032258062,0.0,0.0,0.0,2.6416411290322577,3.529715053763441,13.330858306451612,2.113312903225806,3.30592876344086
