,cost,emission,grid,wood_supply,DHDC_small_heat,DHDC_medium_heat,DHDC_large_heat,wood_boiler_heat,wood_boiler_DHW,PV,SCFP,DHW_to_heat,ASHP,ASHP_DHW,GSHP_heat,GSHP_cooling,battery,DHW_storage,heat_storage,geothermal_boreholes,demand_electricity,demand_space_heating,demand_space_cooling,demand_hot_water
0,33468.973542808,3208.70769838026,5.347498533711723,0.334934781498366,,,,0.0,4.999999999999997,38.55279471381885,0.0,0.0,7.929930806451614,2.299081989247312,0.0,0.0,0.527647487410265,0.0,0.0,0.0,2.2965134408602155,7.929930806451613,0.0,2.3305766129032257
1,12261.098902885915,3584.38329667061,5.599332514251899,0.0,,,,0.0,0.0,27.876013262746774,0.0,1.0,7.929363602150539,2.3305766129032257,0.0,0.0,0.0,0.0,0.0,0.0,2.2965134408602155,7.929930806451613,0.0,2.3305766129032257
2,11556.988153578739,3960.0588949609623,5.694082104336756,0.0,,,,0.0,0.0,18.58399687583006,0.0,1.0,7.929363602150539,2.3305766129032257,0.0,0.0,0.0,0.0,0.0,0.0,2.2965134408602155,7.929930806451613,0.0,2.3305766129032257
3,10852.877404271558,4335.734493251313,5.788831694421612,0.0,,,,0.0,0.0,9.291980488913346,0.0,1.0,7.929363602150539,2.3305766129032257,0.0,0.0,0.0,0.0,0.0,0.0,2.2965134408602155,7.929930806451613,0.0,2.3305766129032257
4,10148.769375167292,4711.410091541664,6.0,0.334934781498366,,,,0.0,0.0,0.0,0.0,1.0,7.929363602150539,2.3305766129032257,0.0,0.0,0.0,1.0,0.0,0.0,2.2965134408602155,7.929930806451613,0.0,2.3305766129032257
