,cost,emission,grid,wood_supply,DHDC_small_heat,DHDC_medium_heat,DHDC_large_heat,wood_boiler_heat,wood_boiler_DHW,PV,SCFP,DHW_to_heat,ASHP,ASHP_DHW,GSHP_heat,GSHP_cooling,battery,DHW_storage,heat_storage,geothermal_boreholes,demand_electricity,demand_space_heating,demand_space_cooling,demand_hot_water
0,42879.70350822231,5726.637400025874,7.510980179142744,0.37602067706326053,3.5706975806451617,0.0,0.0,4.999999999999998,5.000000000000001,50.29162201807446,0.0,0.0,11.152137760102038,3.2453466371668305,2.737911827279617,2.4489196236559136,0.24993438729159925,0.0,0.0,3.0611495295698927,3.8637768817204297,14.19086612903226,2.448919623655913,3.5706975806451613
1,19555.878536616277,6228.446821598713,7.847706065383207,0.0,3.5505055555555565,0.0,0.0,0.0,0.0,37.96273319565367,0.0,1.0,11.01778457735735,0.7128682379214928,2.479682220563457,2.448919623655913,0.0,0.0,0.0,3.0611495295698914,3.8637768817204297,14.19086612903226,2.448919623655913,3.5706975806451613
2,18513.23416597191,6730.256243171554,7.901243115074816,0.0010330261136712962,3.569974462365592,0.0,0.0,0.0,0.0007231182795699072,25.084996683133898,0.0,1.0,11.452440024572242,0.0,2.7384261044600193,2.448919623655913,0.0,0.0,0.0,3.0611495295698914,3.8637768817204297,14.19086612903226,2.448919623655913,3.5706975806451613
3,17546.906591928342,7232.065664744392,8.045605066343848,0.0010330261136712962,3.569974462365592,0.0,0.0,0.0,0.0007231182795699072,12.539214926919032,0.0,1.0,11.452440024572242,0.0,2.7384261044600193,2.448919623655913,0.0,0.0,0.0,3.0611495295698914,3.8637768817204297,14.19086612903226,2.448919623655913,3.5706975806451613
4,16581.065205764604,7733.87508631723,9.0,0.37602067706326053,3.5706975806451617,0.0,0.0,0.0,0.0,0.0,0.0,1.0,11.451965980366742,0.0,2.738177030385949,2.4489196236559136,0.0,0.0,0.0,3.0611495295698927,3.8637768817204297,14.19086612903226,2.448919623655913,3.5706975806451613
