,cost,emission,grid,wood_supply,DHDC_small_heat,DHDC_medium_heat,DHDC_large_heat,wood_boiler_heat,wood_boiler_DHW,PV,SCFP,DHW_to_heat,ASHP,ASHP_DHW,GSHP_heat,GSHP_cooling,battery,DHW_storage,heat_storage,geothermal_boreholes,demand_electricity,demand_space_heating,demand_space_cooling,demand_hot_water
0,41593.27385944952,5325.347413648084,7.104789768208912,0.36402917495714626,3.3057231182795697,0.0,0.0,4.999999999999997,5.000000000000001,46.86547855918464,0.0,0.0,12.026020998287931,2.98987957753,1.774427711383929,2.2384114247311833,0.275471189918056,0.0,0.0,2.798014280913979,3.5799274193548385,13.354489354838709,2.238411424731183,3.305723118279569
1,18230.73467191378,5792.738816060856,7.34465220325438,0.0,3.286019444444445,0.0,0.0,0.0,0.0,35.399870732000814,0.0,1.0,10.352028853430305,0.7367394854359127,2.2846921629258983,2.2384114247311833,0.0,0.0,0.0,2.798014280913979,3.5799274193548385,13.354489354838709,2.238411424731183,3.305723118279569
2,17251.44194008837,6260.130218473631,7.3854125407214575,0.0010464669738864685,3.304990591397849,0.0,0.0,0.0,0.0007325268817205279,23.369945839056385,0.0,1.0,10.801852654468554,0.0,2.5526367003701544,2.2384114247311833,0.0,0.0,0.0,2.798014280913979,3.5799274193548385,13.354489354838709,2.238411424731183,3.305723118279569
3,16351.065875074362,6727.521620886403,7.5197220793691475,0.0010464669738864685,3.304990591397849,0.0,0.0,0.0,0.0007325268817205279,11.682955951063187,0.0,1.0,10.801852654468554,0.0,2.5526367003701544,2.2384114247311833,0.0,0.0,0.0,2.798014280913979,3.5799274193548385,13.354489354838709,2.238411424731183,3.305723118279569
4,15450.980716658862,7194.91302329917,8.0,0.36402917495714626,3.3057231182795697,0.0,0.0,0.0,0.0,0.0,0.0,1.0,10.801372442401647,0.0,2.5523843855553423,2.2384114247311833,0.0,0.0,0.0,2.798014280913979,3.5799274193548385,13.354489354838709,2.238411424731183,3.305723118279569
