,cost,emission,grid,wood_supply,DHDC_small_heat,DHDC_medium_heat,DHDC_large_heat,wood_boiler_heat,wood_boiler_DHW,PV,SCFP,DHW_to_heat,ASHP,ASHP_DHW,GSHP_heat,GSHP_cooling,battery,DHW_storage,heat_storage,geothermal_boreholes,demand_electricity,demand_space_heating,demand_space_cooling,demand_hot_water
0,80662.41709984574,14399.713998951824,19.136021967965455,0.7221738701295402,20.0,0.0,0.0,5.000000000000001,5.000000000000001,149.19253432272572,0.0,0.0,29.64923929099314,9.905490027777779,0.0,0.0,1.154860654956428,0.0,0.0,0.0,11.09100277777778,30.22697838709677,0.0,10.032174784946237
1,53080.75366718226,16020.765967832987,16.718397901870787,0.0,20.0,0.0,0.0,0.0,0.0,110.08232079717769,0.0,13.0,17.61938920610652,2.639371734753695,0.0,0.0,0.0,0.0,0.0,0.0,11.09100277777778,30.22697838709677,0.0,10.032174784946237
2,49850.18065961276,17641.817936714153,17.117216598673366,0.0,20.0,0.0,0.0,0.0,0.0,68.51817367906571,0.0,10.0,20.258760940860213,0.0,0.0,0.0,0.0,0.0,0.0,0.0,11.09100277777778,30.22697838709677,0.0,10.032174784946237
3,46887.357618221,19262.86990559531,17.52968497724037,0.0,20.0,0.0,0.0,0.0,0.0,28.81434251654371,0.0,10.0,20.258760940860213,0.0,0.0,0.0,0.0,0.0,0.0,0.0,11.09100277777778,30.22697838709677,0.0,10.032174784946237
4,44424.63066849319,20883.921874476477,26.0,0.7221738701295402,0.0,0.0,0.0,0.0,0.0,0.0,0.0,1.0,30.226586155913974,10.032174784946237,0.0,0.0,0.0,0.0,0.0,0.0,11.09100277777778,30.22697838709677,0.0,10.032174784946237
