,cost,emission,grid,wood_supply,DHDC_small_heat,DHDC_medium_heat,DHDC_large_heat,wood_boiler_heat,wood_boiler_DHW,PV,SCFP,DHW_to_heat,ASHP,ASHP_DHW,GSHP_heat,GSHP_cooling,battery,DHW_storage,heat_storage,geothermal_boreholes,demand_electricity,demand_space_heating,demand_space_cooling,demand_hot_water
0,51042.22155751375,8581.628637622154,10.21064334007317,0.5009871351101164,,,,0.0,5.000000000000001,85.99632431717612,0.0,0.0,0.0,4.98283362907882,7.138294247311828,10.25655553763441,0.0,0.0,0.0,12.820694422043013,8.315654301075268,7.138294247311828,10.256555537634409,5.333524623655914
1,29088.611686194534,9425.752925626444,10.554622350061646,0.005826673249946883,,,,0.0,0.004078671274962818,65.64287434002118,0.0,0.0,0.0,5.329445952380952,7.138294247311828,10.256555537634409,0.0,0.0,0.0,12.820694422043012,8.315654301075268,7.138294247311828,10.256555537634409,5.333524623655914
2,27313.221066241706,10269.87721363073,10.769164872892558,0.005826673249946883,,,,0.0,0.004078671274962818,43.76102633878571,0.0,0.0,0.0,5.329445952380952,7.138294247311828,10.256555537634409,0.0,0.0,0.0,12.820694422043012,8.315654301075268,7.138294247311828,10.256555537634409,5.333524623655914
3,25537.83100178682,11114.001501635015,11.247823461131327,0.005826673249946883,,,,0.0,0.004078671274962818,21.87918518411203,0.0,0.0,0.0,5.329445952380952,7.138294247311828,10.256555537634409,0.0,0.0,0.0,12.820694422043012,8.315654301075268,7.138294247311828,10.256555537634409,5.333524623655914
4,23762.585507661104,11958.125789639298,14.0,0.5009871351101164,,,,0.0,0.0,0.0,0.0,0.0,0.0,5.333524623655914,7.138294247311828,10.25655553763441,0.0,1.0,0.0,12.820694422043013,8.315654301075268,7.138294247311828,10.256555537634409,5.333524623655914
