,cost,emission,grid,wood_supply,DHDC_small_heat,DHDC_medium_heat,DHDC_large_heat,wood_boiler_heat,wood_boiler_DHW,PV,SCFP,DHW_to_heat,ASHP,ASHP_DHW,GSHP_heat,GSHP_cooling,battery,DHW_storage,heat_storage,geothermal_boreholes,demand_electricity,demand_space_heating,demand_space_cooling,demand_hot_water
0,29441.137542932454,2727.972920567214,4.236705583491843,0.268070738169062,,,,0.0,5.000000000000001,19.44878233401771,0.0,0.0,6.6263951057870365,1.3854163972601394,0.9251647866860819,0.8139538709677421,0.0,0.0,0.0,1.0174423387096778,1.468369623655914,7.551559892473119,0.813953870967742,1.5730659139784948
1,8886.688345302555,2918.737089154471,4.358127526747354,0.0026974791529522546,,,,0.0,0.0018882354070665782,15.215324862524882,0.0,0.0,6.605027476157407,1.5711776785714284,0.946532416315712,0.813953870967742,0.0,0.0,0.0,1.0174423387096776,1.468369623655914,7.551559892473119,0.813953870967742,1.5730659139784948
2,8460.943328410021,3109.5012577417306,4.405458275692695,0.0026974791529522546,,,,0.0,0.0018882354070665782,10.142958377157397,0.0,0.0,6.605027476157407,1.5711776785714284,0.946532416315712,0.813953870967742,0.0,0.0,0.0,1.0174423387096776,1.468369623655914,7.551559892473119,0.813953870967742,1.5730659139784948
3,8035.198322630198,3300.2654263289905,4.457768309330755,0.0026974791529522546,,,,0.0,0.0018882354070665782,5.0705920241877465,0.0,0.0,6.605027476157407,1.5711776785714284,0.946532416315712,0.813953870967742,0.0,0.0,0.0,1.0174423387096776,1.468369623655914,7.551559892473119,0.813953870967742,1.5730659139784948
4,7609.517894912068,3491.029594916249,5.0,0.268070738169062,,,,0.0,0.0,0.0,0.0,1.0,6.6043211269937245,1.573065913978495,0.9468935773073512,0.8139538709677421,0.0,1.0,0.0,1.0174423387096778,1.468369623655914,7.551559892473119,0.813953870967742,1.5730659139784948
