,cost,emission,grid,wood_supply,DHDC_small_heat,DHDC_medium_heat,DHDC_large_heat,wood_boiler_heat,wood_boiler_DHW,PV,SCFP,DHW_to_heat,ASHP,ASHP_DHW,GSHP_heat,GSHP_cooling,battery,DHW_storage,heat_storage,geothermal_boreholes,demand_electricity,demand_space_heating,demand_space_cooling,demand_hot_water
0,36904.39331072538,5140.692406952574,7.412557677624068,0.32067435975131686,,,,0.0,5.000000000000001,34.47838850037623,0.0,0.0,9.085108869576716,2.7852968191418075,2.2022998401007032,1.9912229032258066,0.0,0.0,0.0,2.4890286290322585,3.1589986559139787,11.28740870967742,1.9912229032258064,3.0097688709677417
1,16027.745981475924,5476.391974140658,7.58750497439833,0.0031511081852097426,,,,0.0,0.00220577572964682,26.606293882797086,0.0,0.0,9.081133520039682,3.007563095238095,2.206275189637738,1.9912229032258066,0.0,0.0,0.0,2.489028629032258,3.1589986559139787,11.28740870967742,1.9912229032258064,3.0097688709677417
2,15289.467035053673,5812.091541328739,7.680431633868646,0.0031511081852097426,,,,0.0,0.00220577572964682,17.736866394922245,0.0,0.0,9.081133520039682,3.007563095238095,2.2062751896377346,1.9912229032258066,0.0,0.0,0.0,2.489028629032258,3.1589986559139787,11.28740870967742,1.9912229032258064,3.0097688709677417
3,14551.188088631423,6147.79110851682,7.773358293338963,0.0031511081852097426,,,,0.0,0.00220577572964682,8.867438907047402,0.0,0.0,9.081133520039684,3.007563095238095,2.206275189637736,1.9912229032258066,0.0,0.0,0.0,2.489028629032258,3.1589986559139787,11.28740870967742,1.9912229032258064,3.0097688709677417
4,13812.984167988252,6483.490675704905,8.0,0.32067435975131686,,,,0.0,0.0,0.0,0.0,1.0,9.080198750923792,3.009768870967742,2.206488426495562,1.9912229032258066,0.0,1.0,0.0,2.4890286290322585,3.1589986559139787,11.28740870967742,1.9912229032258064,3.0097688709677417
