,cost,emission,grid,wood_supply,DHDC_small_heat,DHDC_medium_heat,DHDC_large_heat,wood_boiler_heat,wood_boiler_DHW,PV,SCFP,DHW_to_heat,ASHP,ASHP_DHW,GSHP_heat,GSHP_cooling,battery,DHW_storage,heat_storage,geothermal_boreholes,demand_electricity,demand_space_heating,demand_space_cooling,demand_hot_water
0,51062.97136993384,8113.22624857583,11.952455340499474,0.39157146973696966,10.0,0.0,0.0,4.999999999999997,4.999999999999999,54.734705639134205,0.0,0.0,23.615269351558307,3.5180934156285657,3.3875744403940535,2.788398333333334,0.6866339934880981,0.0,0.0,3.4854979166666684,4.15716935483871,27.316100967741935,2.7883983333333338,3.852901935483871
1,26835.378416718508,8742.11045886581,14.078665032074753,0.0,0.0,0.0,0.0,0.0,0.0,44.20133856847831,0.0,1.0,26.515810186947178,3.8529019354838714,0.7992493560635806,2.7883983333333338,0.0,0.0,0.0,3.4854979166666675,4.15716935483871,27.316100967741935,2.7883983333333338,3.852901935483871
2,25814.90765639732,9370.994669155785,14.259344901015998,0.0,0.0,0.0,0.0,0.0,0.0,29.467553025577534,0.0,1.0,26.515810186947178,3.8529019354838714,0.7992493560635794,2.7883983333333338,0.0,0.0,0.0,3.4854979166666675,4.15716935483871,27.316100967741935,2.7883983333333338,3.852901935483871
3,24794.436896076135,9999.878879445763,14.440024769957244,0.0,0.0,0.0,0.0,0.0,0.0,14.733767482676663,0.0,1.0,26.515810186947178,3.8529019354838714,0.7992493560635794,2.7883983333333338,0.0,0.0,0.0,3.4854979166666675,4.15716935483871,27.316100967741935,2.7883983333333338,3.852901935483871
4,23773.967386616834,10628.763089735745,15.0,0.39157146973696966,0.0,0.0,0.0,0.0,0.0,0.0,0.0,1.0,26.515810186947178,3.8529019354838714,0.7992493560635792,2.788398333333334,0.0,0.0,0.0,3.4854979166666684,4.15716935483871,27.316100967741935,2.7883983333333338,3.852901935483871
