,cost,emission,grid,wood_supply,DHDC_small_heat,DHDC_medium_heat,DHDC_large_heat,wood_boiler_heat,wood_boiler_DHW,PV,SCFP,DHW_to_heat,ASHP,ASHP_DHW,GSHP_heat,GSHP_cooling,battery,DHW_storage,heat_storage,geothermal_boreholes,demand_electricity,demand_space_heating,demand_space_cooling,demand_hot_water
0,32387.00592258392,2969.7519231496703,4.913581661590197,0.320041422934992,,,,0.0,5.000000000000001,34.29754940999771,0.0,0.0,7.348633010752689,1.9076995523325904,0.0,0.0,0.6709964335412244,0.0,0.0,0.0,2.0347325268817205,7.348633010752688,0.0,2.131728548387097
1,11360.486011738041,3291.4802741293897,5.102097654916929,0.0,,,,0.0,0.0,25.739776953846267,0.0,1.0,7.348006908602151,2.1317285483870974,0.0,0.0,0.0,0.0,0.0,0.0,2.0347325268817205,7.348633010752688,0.0,2.131728548387097
2,10637.586735305496,3613.208625109109,5.189516028095433,0.0,,,,0.0,0.0,17.15983391760601,0.0,1.0,7.348006908602151,2.1317285483870974,0.0,0.0,0.0,0.0,0.0,0.0,2.0347325268817205,7.348633010752688,0.0,2.131728548387097
3,9914.687467788943,3934.936976088828,5.280902486464419,0.0,,,,0.0,0.0,8.579890987187815,0.0,1.0,7.348006908602151,2.1317285483870974,0.0,0.0,0.0,0.0,0.0,0.0,2.0347325268817205,7.348633010752688,0.0,2.131728548387097
4,9191.792576726113,4256.6653270685465,6.0,0.320041422934992,,,,0.0,0.0,0.0,0.0,1.0,7.348006908602151,2.1317285483870974,0.0,0.0,0.0,1.0,0.0,0.0,2.0347325268817205,7.348633010752688,0.0,2.131728548387097
