,cost,emission,grid,wood_supply,DHDC_small_heat,DHDC_medium_heat,DHDC_large_heat,wood_boiler_heat,wood_boiler_DHW,PV,SCFP,DHW_to_heat,ASHP,ASHP_DHW,GSHP_heat,GSHP_cooling,battery,DHW_storage,heat_storage,geothermal_boreholes,demand_electricity,demand_space_heating,demand_space_cooling,demand_hot_water
0,34243.21951545726,4443.1548882863735,6.331663325609537,0.30832440371969533,,,,0.0,5.000000000000001,30.94982963419867,0.0,0.0,7.195695146164023,2.5442253905144807,2.0208952839435055,1.896832258064516,0.0,0.0,0.0,2.371040322580645,2.8168064516129028,9.216590430107527,1.8968322580645156,2.7600524731182796
1,13318.814470333853,4746.9284607640375,6.630722594303323,0.0031842303050260467,,,,0.0,0.0022289612135182324,23.92666547457296,0.0,0.0,8.491995570774645,2.757823511904762,0.724594859332884,1.8968322580645158,0.0,0.0,0.0,2.3710403225806447,2.8168064516129028,9.216590430107527,1.8968322580645156,2.7600524731182796
2,12660.358723748148,5050.7020332417005,6.7057075156817625,0.0031842303050260467,,,,0.0,0.0022289612135182324,15.950624809862163,0.0,0.0,8.491995570774645,2.757823511904762,0.724594859332884,1.8968322580645158,0.0,0.0,0.0,2.3710403225806447,2.8168064516129028,9.216590430107527,1.8968322580645156,2.7600524731182796
3,12001.902982030757,5354.475605719366,6.782938397466265,0.0031842303050260467,,,,0.0,0.0022289612135182324,7.974584204122456,0.0,0.0,8.491995570774643,2.757823511904762,0.7245948593328861,1.8968322580645158,0.0,0.0,0.0,2.3710403225806447,2.8168064516129028,9.216590430107527,1.8968322580645156,2.7600524731182796
4,11343.528311166418,5658.24917819703,7.0,0.30832440371969533,,,,0.0,0.0,0.0,0.0,0.0,8.491995570774645,2.76005247311828,0.724594859332884,1.896832258064516,0.0,1.0,0.0,2.371040322580645,2.8168064516129028,9.216590430107527,1.8968322580645156,2.7600524731182796
