,cost,emission,grid,wood_supply,DHDC_small_heat,DHDC_medium_heat,DHDC_large_heat,wood_boiler_heat,wood_boiler_DHW,PV,SCFP,DHW_to_heat,ASHP,ASHP_DHW,GSHP_heat,GSHP_cooling,battery,DHW_storage,heat_storage,geothermal_boreholes,demand_electricity,demand_space_heating,demand_space_cooling,demand_hot_water
0,45312.0885528993,7461.910993188429,8.670107204316327,0.42413618018323873,,,,0.0,5.000000000000001,64.03890862378249,0.0,0.0,0.0,5.067249835162044,5.951469892473119,8.94501306451613,0.0,0.0,0.0,11.181266330645164,6.4860362903225806,5.951469892473119,8.94501306451613,5.364145161290322
1,23882.753890529206,8114.52638389898,8.951020798664507,0.0046057576256320525,,,,0.0,0.0032240303379424367,48.96494451233795,0.0,0.0,0.0,5.36092113095238,5.951469892473119,8.94501306451613,0.0,0.0,0.0,11.181266330645164,6.4860362903225806,5.951469892473119,8.94501306451613,5.364145161290322
2,22624.812290550384,8767.141774609529,9.138951792461373,0.0046057576256320525,,,,0.0,0.0032240303379424367,32.64257465969453,0.0,0.0,0.0,5.36092113095238,5.951469892473119,8.94501306451613,0.0,0.0,0.0,11.181266330645164,6.4860362903225806,5.951469892473119,8.94501306451613,5.364145161290322
3,21366.871063453418,9419.75716532008,9.520332436909936,0.0046057576256320525,,,,0.0,0.0032240303379424367,16.32020964536429,0.0,0.0,0.0,5.36092113095238,5.951469892473119,8.94501306451613,0.0,0.0,0.0,11.181266330645164,6.4860362903225806,5.951469892473119,8.94501306451613,5.364145161290322
4,20109.01469695945,10072.372556030628,11.0,0.42413618018323873,,,,0.0,0.0,0.0,0.0,0.0,0.0,5.364145161290323,5.951469892473119,8.94501306451613,0.0,1.0,0.0,11.181266330645164,6.4860362903225806,5.951469892473119,8.94501306451613,5.364145161290322
