,cost,emission,grid,wood_supply,DHDC_small_heat,DHDC_medium_heat,DHDC_large_heat,wood_boiler_heat,wood_boiler_DHW,PV,SCFP,DHW_to_heat,ASHP,ASHP_DHW,GSHP_heat,GSHP_cooling,battery,DHW_storage,heat_storage,geothermal_boreholes,demand_electricity,demand_space_heating,demand_space_cooling,demand_hot_water
0,37269.07057481066,5607.325509807295,7.933522309818761,0.307845009798725,,,,0.0,5.000000000000001,30.812859942492853,0.0,0.0,9.901060632638883,2.947685912495719,2.3800792060707954,2.1515727419354844,0.0,0.0,0.0,2.6894659274193553,3.333225806451613,12.281139838709677,2.151572741935484,3.1631774193548385
1,16510.340901000225,5923.538782780202,8.10370577914773,0.0030170616633759697,,,,0.0,0.0021119431643631787,23.79086464122053,0.0,0.0,9.901060632638888,3.1610654761904757,2.3800792060707905,2.1515727419354844,0.0,0.0,0.0,2.6894659274193553,3.333225806451613,12.281139838709677,2.151572741935484,3.1631774193548385
2,15896.55465747259,6239.752055753109,8.195148073178782,0.0030170616633759697,,,,0.0,0.0021119431643631787,15.859972701501468,0.0,0.0,9.901060632638888,3.1610654761904757,2.3800792060707905,2.1515727419354844,0.0,0.0,0.0,2.6894659274193553,3.333225806451613,12.281139838709677,2.151572741935484,3.1631774193548385
3,15282.768413944954,6555.965328726017,8.286590367209838,0.0030170616633759697,,,,0.0,0.0021119431643631787,7.929080761782353,0.0,0.0,9.901060632638888,3.1610654761904757,2.380079206070788,2.1515727419354844,0.0,0.0,0.0,2.6894659274193553,3.333225806451613,12.281139838709677,2.151572741935484,3.1631774193548385
4,14669.037182720367,6872.178601698922,9.0,0.307845009798725,,,,0.0,0.0,0.0,0.0,1.0,9.900145250321088,3.163177419354839,2.380244588388591,2.1515727419354844,0.0,1.0,0.0,2.6894659274193553,3.333225806451613,12.281139838709677,2.151572741935484,3.1631774193548385
