,cost,emission,grid,wood_supply,DHDC_small_heat,DHDC_medium_heat,DHDC_large_heat,wood_boiler_heat,wood_boiler_DHW,PV,SCFP,DHW_to_heat,ASHP,ASHP_DHW,GSHP_heat,GSHP_cooling,battery,DHW_storage,heat_storage,geothermal_boreholes,demand_electricity,demand_space_heating,demand_space_cooling,demand_hot_water
0,52770.78851724155,7352.720283975049,12.546239362840474,0.4991164350471361,3.3333333333333335,0.0,0.0,5.000000000000001,4.999999999999989,85.46183858489601,0.0,0.0,20.52627454013433,2.124272638888889,0.0,0.0,1.0330057301549638,0.0,0.0,0.0,7.671366388888888,20.92556768817204,0.0,2.159994805555556
1,28206.353795848387,8104.287059946281,12.377282654439465,0.0,3.3333333333333335,0.0,0.0,0.0,0.0,62.98958296839888,0.0,2.0,19.2910838172043,0.0,0.0,0.0,0.0,0.0,0.0,0.0,7.671366388888888,20.92556768817204,0.0,2.159994805555556
2,25836.69898028421,8855.85383591751,12.631991200629859,0.0,3.3333333333333335,0.0,0.0,0.0,0.0,39.412566573858925,0.0,2.0,19.2910838172043,0.0,0.0,0.0,0.0,0.0,0.0,0.0,7.671366388888888,20.92556768817204,0.0,2.159994805555556
3,23841.520151290613,9607.420611888741,12.865703670526145,0.0,3.3333333333333335,0.0,0.0,0.0,0.0,17.779045371809303,0.0,2.0,19.2910838172043,0.0,0.0,0.0,0.0,0.0,0.0,0.0,7.671366388888888,20.92556768817204,0.0,2.159994805555556
4,22321.200125001706,10358.987387859972,15.0,0.4991164350471361,0.0,0.0,0.0,0.0,0.0,0.0,0.0,1.0,20.464422344982076,2.159994805555556,0.0,0.0,0.0,1.0,0.0,0.0,7.671366388888888,20.92556768817204,0.0,2.159994805555556
