,cost,emission,grid,wood_supply,DHDC_small_heat,DHDC_medium_heat,DHDC_large_heat,wood_boiler_heat,wood_boiler_DHW,PV,SCFP,DHW_to_heat,ASHP,ASHP_DHW,GSHP_heat,GSHP_cooling,battery,DHW_storage,heat_storage,geothermal_boreholes,demand_electricity,demand_space_heating,demand_space_cooling,demand_hot_water
0,39775.10629943032,4237.0793093850225,5.586227971872919,0.29928979633677066,20.0,0.0,0.0,4.999999999999998,5.0,28.368513239077338,0.0,0.0,10.123252464005853,1.01555,0.0,0.0,0.0,0.0,0.0,0.0,2.521057795698925,10.36268430107527,0.0,2.579924838709678
1,13902.182276579442,4545.836339648031,6.785104843225387,0.0,0.0,0.0,0.0,0.0,0.0,24.3040435177403,0.0,1.0,10.362055752688173,2.579924838709678,0.0,0.0,0.0,0.0,0.0,0.0,2.521057795698925,10.36268430107527,0.0,2.579924838709678
2,13233.989987235776,4854.593369911039,6.873418368831752,0.0,0.0,0.0,0.0,0.0,0.0,16.20268475234041,0.0,1.0,10.362055752688173,2.579924838709678,0.0,0.0,0.0,0.0,0.0,0.0,2.521057795698925,10.36268430107527,0.0,2.579924838709678
3,12565.797697892114,5163.350400174046,6.961731894438118,0.0,0.0,0.0,0.0,0.0,0.0,8.10132598694054,0.0,1.0,10.362055752688173,2.579924838709678,0.0,0.0,0.0,0.0,0.0,0.0,2.521057795698925,10.36268430107527,0.0,2.579924838709678
4,11897.60811208429,5472.107430437054,8.0,0.29928979633677066,0.0,0.0,0.0,0.0,0.0,0.0,0.0,1.0,10.362055752688173,2.579924838709678,0.0,0.0,0.0,0.0,0.0,0.0,2.521057795698925,10.36268430107527,0.0,2.579924838709678
