,cost,emission,grid,wood_supply,DHDC_small_heat,DHDC_medium_heat,DHDC_large_heat,wood_boiler_heat,wood_boiler_DHW,PV,SCFP,DHW_to_heat,ASHP,ASHP_DHW,GSHP_heat,GSHP_cooling,battery,DHW_storage,heat_storage,geothermal_boreholes,demand_electricity,demand_space_heating,demand_space_cooling,demand_hot_water
0,50510.83795977452,6759.858126870997,9.307426117589213,0.4098140214060453,20.0,0.0,0.0,4.999999999999997,5.000000000000001,59.94686325887008,0.0,0.0,16.65617351405796,3.857845462793546,0.0,0.0,0.36419772383602395,0.0,0.0,0.0,4.444353494623656,16.984024731182796,0.0,4.214961021505377
1,24002.060415475542,7396.779841968112,11.32298319641371,0.0,0.0,0.0,0.0,0.0,0.0,48.67106752293738,0.0,1.0,16.983317741935487,4.214961021505377,0.0,0.0,0.0,0.0,0.0,0.0,4.444353494623656,16.984024731182796,0.0,4.214961021505377
2,22717.75255608882,8033.701557065226,11.481166200447541,0.0,0.0,0.0,0.0,0.0,0.0,32.44737314993499,0.0,1.0,16.983317741935487,4.214961021505377,0.0,0.0,0.0,0.0,0.0,0.0,4.444353494623656,16.984024731182796,0.0,4.214961021505377
3,21433.44473978741,8670.62327216234,11.660716325225223,0.0,0.0,0.0,0.0,0.0,0.0,16.223679321196848,0.0,1.0,16.983317741935487,4.214961021505377,0.0,0.0,0.0,0.0,0.0,0.0,4.444353494623656,16.984024731182796,0.0,4.214961021505377
4,20149.138071938924,9307.544987259453,12.0,0.4098140214060453,0.0,0.0,0.0,0.0,0.0,0.0,0.0,1.0,16.983317741935487,4.214961021505377,0.0,0.0,0.0,0.0,0.0,0.0,4.444353494623656,16.984024731182796,0.0,4.214961021505377
