,cost,emission,grid,wood_supply,DHDC_small_heat,DHDC_medium_heat,DHDC_large_heat,wood_boiler_heat,wood_boiler_DHW,PV,SCFP,DHW_to_heat,ASHP,ASHP_DHW,GSHP_heat,GSHP_cooling,battery,DHW_storage,heat_storage,geothermal_boreholes,demand_electricity,demand_space_heating,demand_space_cooling,demand_hot_water
0,39206.993012459265,5216.002192780963,6.582768953900898,0.32559460709764804,3.0958857526881722,0.0,0.0,4.999999999999997,5.000000000000001,35.884173456470855,0.0,0.0,9.67051873065786,1.4360625000000027,2.3448394546317632,2.1154758064516126,0.0,0.0,0.0,2.644344758064516,3.3213965053763435,12.275833870967743,2.1154758064516126,3.095885752688172
1,16432.604118502994,5579.8827412371265,6.76357166561266,0.0010080645161283338,3.0951801075268826,0.0,0.0,0.0,0.0007056451612898337,27.300634797874107,0.0,1.0,9.898960142142435,0.0,2.3768737288253075,2.1154758064516126,0.0,0.0,0.0,2.644344758064516,3.3213965053763435,12.275833870967743,2.1154758064516126,3.095885752688172
2,15730.86679751685,5943.763289693284,6.865206302143654,0.0010080645161283338,3.0951801075268826,0.0,0.0,0.0,0.0007056451612898337,18.197944224046665,0.0,1.0,9.898960142142434,0.0,2.376873728825309,2.1154758064516126,0.0,0.0,0.0,2.644344758064516,3.3213965053763435,12.275833870967743,2.1154758064516126,3.095885752688172
3,15029.129482310113,6307.643838149445,6.9698378088259165,0.0010080645161283338,3.0951801075268826,0.0,0.0,0.0,0.0007056451612898337,9.09525372518763,0.0,1.0,9.898960142142434,0.0,2.376873728825309,2.1154758064516126,0.0,0.0,0.0,2.644344758064516,3.3213965053763435,12.275833870967743,2.1154758064516126,3.095885752688172
4,14327.94633464339,6671.52438660561,8.0,0.32559460709764804,3.0958857526881722,0.0,0.0,0.0,0.0,0.0,0.0,1.0,9.898497552536696,0.0,2.3766306732697564,2.1154758064516126,0.0,0.0,0.0,2.644344758064516,3.3213965053763435,12.275833870967743,2.1154758064516126,3.095885752688172
