,cost,emission,grid,wood_supply,DHDC_small_heat,DHDC_medium_heat,DHDC_large_heat,wood_boiler_heat,wood_boiler_DHW,PV,SCFP,DHW_to_heat,ASHP,ASHP_DHW,GSHP_heat,GSHP_cooling,battery,DHW_storage,heat_storage,geothermal_boreholes,demand_electricity,demand_space_heating,demand_space_cooling,demand_hot_water
0,55769.59825140016,11203.282649537312,16.306996672737995,0.40583582937005575,3.3333333333333335,0.0,0.0,4.9999999999999964,5.0,58.81023696287308,0.0,0.0,20.794303349375973,0.0,10.981538067773148,9.801211444444448,1.5812776723592668,0.0,0.0,12.251514305555562,9.347570833333332,32.100510080645165,9.801211444444446,2.3895086944444444
1,32507.952494260924,11788.966033518718,16.03772972221387,0.0,3.3333333333333335,0.0,0.0,0.0,0.0,45.00961916545306,0.0,2.0,19.246427946899804,0.0,11.3690660047131,9.801211444444446,0.0,0.0,0.0,12.251514305555556,9.347570833333332,32.100510080645165,9.801211444444446,2.3895086944444444
2,31098.65522065339,12374.649417500119,16.225097992581155,0.0,3.3333333333333335,0.0,0.0,0.0,0.0,28.906173377906814,0.0,2.0,19.246427946899807,0.0,11.3690660047131,9.801211444444446,0.0,0.0,0.0,12.251514305555556,9.347570833333332,32.100510080645165,9.801211444444446,2.3895086944444444
3,30007.34758736038,12960.33280148153,16.3932641201381,0.0,3.3333333333333335,0.0,0.0,0.0,0.0,14.453063931432817,0.0,2.0,19.246427946899807,0.0,11.3690660047131,9.801211444444446,0.0,0.0,0.0,12.251514305555556,9.347570833333332,32.100510080645165,9.801211444444446,2.3895086944444444
4,28916.043390761188,13546.01618546294,17.0,0.40583582937005575,3.3333333333333335,0.0,0.0,0.0,0.0,0.0,0.0,2.0,19.2464279468998,0.0,11.369066004713106,9.801211444444448,0.0,1.0,0.0,12.251514305555562,9.347570833333332,32.100510080645165,9.801211444444446,2.3895086944444444
