,cost,emission,grid,wood_supply,DHDC_small_heat,DHDC_medium_heat,DHDC_large_heat,wood_boiler_heat,wood_boiler_DHW,PV,SCFP,DHW_to_heat,ASHP,ASHP_DHW,GSHP_heat,GSHP_cooling,battery,DHW_storage,heat_storage,geothermal_boreholes,demand_electricity,demand_space_heating,demand_space_cooling,demand_hot_water
0,38592.40667226376,4187.180873060397,5.40705099776404,0.3371298269332368,6.666666666666667,0.0,0.0,4.999999999999997,5.000000000000001,39.17995055235333,0.0,0.0,8.836185251356637,2.419086666666664,0.0,0.0,0.0,0.0,0.0,0.0,2.9153348214285715,9.105889112903226,0.0,2.945064569892473
1,15070.19283829671,4588.698794426115,4.367207729731954,0.0,6.666666666666667,0.0,0.0,0.0,0.0,29.413890120029137,0.0,4.0,5.298071962365592,0.12067791842842882,0.0,0.0,0.0,0.0,0.0,0.0,2.9153348214285715,9.105889112903226,0.0,2.945064569892473
2,14129.993306643923,4990.216715791833,4.477471243176507,0.0,6.666666666666667,0.0,0.0,0.0,0.0,18.51004903943561,0.0,4.0,5.383685107526882,0.0,0.0,0.0,0.0,0.0,0.0,0.0,2.9153348214285715,9.105889112903226,0.0,2.945064569892473
3,13201.800524188999,5391.734637157551,4.591334602579244,0.0,6.666666666666667,0.0,0.0,0.0,0.0,7.667253347341886,0.0,4.0,5.383685107526882,0.0,0.0,0.0,0.0,0.0,0.0,0.0,2.9153348214285715,9.105889112903226,0.0,2.945064569892473
4,12418.36245270699,5793.252558523268,8.0,0.3371298269332368,0.0,0.0,0.0,0.0,0.0,0.0,0.0,1.0,9.105287204301076,2.9450645698924736,0.0,0.0,0.0,0.0,0.0,0.0,2.9153348214285715,9.105889112903226,0.0,2.945064569892473
