,cost,emission,grid,wood_supply,DHDC_small_heat,DHDC_medium_heat,DHDC_large_heat,wood_boiler_heat,wood_boiler_DHW,PV,SCFP,DHW_to_heat,ASHP,ASHP_DHW,GSHP_heat,GSHP_cooling,battery,DHW_storage,heat_storage,geothermal_boreholes,demand_electricity,demand_space_heating,demand_space_cooling,demand_hot_water
0,23688.464408704203,506.37387341951813,0.6230591353032832,0.215792489924516,,,,5.000000000000001,5.000000000000001,4.512139978433139,0.0,0.0,0.6639403552186054,0.0,,,0.0,0.0,0.0,,0.4632836021505376,0.6752333333333334,0.3049892473118279,0.15013306451612904
1,1778.4709104397907,548.1881220959225,0.6905298771745784,0.0,,,,0.0,0.0,3.944682780812354,0.0,1.0,0.6662736559139786,0.15013306451612904,,,0.0,0.0,0.0,,0.4632836021505376,0.6752333333333334,0.3049892473118279,0.15013306451612904
2,1646.0225147239012,590.0023707723269,0.7013208013165909,0.0,,,,0.0,0.0,2.62978335403529,0.0,1.0,0.6662736559139786,0.15013306451612904,,,0.0,0.0,0.0,,0.4632836021505376,0.6752333333333334,0.3049892473118279,0.15013306451612904
3,1513.5741194886832,631.8166194487316,0.7122634747053619,0.0,,,,0.0,0.0,1.3148839320301595,0.0,1.0,0.6662736559139786,0.15013306451612904,,,0.0,0.0,0.0,,0.4632836021505376,0.6752333333333334,0.3049892473118279,0.15013306451612904
4,1381.1272845418737,673.6308681251362,1.0,0.215792489924516,,,,0.0,0.0,0.0,0.0,1.0,0.6662736559139786,0.15013306451612904,,,0.0,0.0,0.0,,0.4632836021505376,0.6752333333333334,0.3049892473118279,0.15013306451612904
