,cost,emission,grid,wood_supply,DHDC_small_heat,DHDC_medium_heat,DHDC_large_heat,wood_boiler_heat,wood_boiler_DHW,PV,SCFP,DHW_to_heat,ASHP,ASHP_DHW,GSHP_heat,GSHP_cooling,battery,DHW_storage,heat_storage,geothermal_boreholes,demand_electricity,demand_space_heating,demand_space_cooling,demand_hot_water
0,41745.23279953719,5939.3893626695335,7.511364826402881,0.3462125846427266,3.4993897849462368,0.0,0.0,4.999999999999998,5.000000000000001,41.77502418363616,0.0,0.0,11.013259917140319,1.8020708333333333,2.702326036650879,2.497411344086022,0.0,0.0,0.0,3.1217641801075273,3.816737903225807,13.992556021505377,2.4974113440860215,3.4993897849462363
1,18798.057750447042,6362.180924343454,7.7152001416059806,0.0010752688172041966,3.4986370967741935,0.0,0.0,0.0,0.0007526881720429375,31.706202051963956,0.0,1.0,11.247702702895118,0.0,2.7448533186102595,2.4974113440860215,0.0,0.0,0.0,3.121764180107527,3.816737903225807,13.992556021505377,2.4974113440860215,3.4993897849462363
2,17983.782195426214,6784.972486017375,7.822987799298111,0.0010752688172041966,3.4986370967741935,0.0,0.0,0.0,0.0007526881720429375,21.135373410511967,0.0,1.0,11.247702702895118,0.0,2.7448533186102595,2.4974113440860215,0.0,0.0,0.0,3.121764180107527,3.816737903225807,13.992556021505377,2.4974113440860215,3.4993897849462363
3,17169.506641743912,7207.764047691296,7.931470454541045,0.0010752688172041963,3.498637096774193,0.0,0.0,0.0,0.0007526881720429375,10.564544786436565,0.0,1.0,11.247702702895118,0.0,2.7448533186102595,2.4974113440860215,0.0,0.0,0.0,3.121764180107527,3.816737903225807,13.992556021505377,2.4974113440860215,3.4993897849462363
4,16355.694716422779,7630.555609365212,9.0,0.3462125846427266,3.4993897849462368,0.0,0.0,0.0,0.0,0.0,0.0,1.0,11.247209273982333,0.0,2.744594059351002,2.497411344086022,0.0,0.0,0.0,3.1217641801075273,3.816737903225807,13.992556021505377,2.4974113440860215,3.4993897849462363
