,cost,emission,grid,wood_supply,DHDC_small_heat,DHDC_medium_heat,DHDC_large_heat,wood_boiler_heat,wood_boiler_DHW,PV,SCFP,DHW_to_heat,ASHP,ASHP_DHW,GSHP_heat,GSHP_cooling,battery,DHW_storage,heat_storage,geothermal_boreholes,demand_electricity,demand_space_heating,demand_space_cooling,demand_hot_water
0,38088.49372926603,5726.807717109338,8.318717229585944,0.3163604586239166,,,,0.0,5.000000000000001,33.24584532111903,0.0,0.0,11.604648655913978,3.143640474662171,0.0,0.0,0.0,0.0,0.0,0.0,3.4958170430107516,11.604648655913978,0.0,3.3650927956989243
1,17232.808687565124,6048.1871356875145,8.491812883823338,0.0,,,,0.0,0.0,25.67943592235364,0.0,1.0,11.603927123655914,3.3650927956989247,0.0,0.0,0.0,0.0,0.0,0.0,3.4958170430107516,11.604648655913978,0.0,3.3650927956989243
2,16512.776673196215,6369.5665542656925,8.583180319179597,0.0,,,,0.0,0.0,17.119610183046966,0.0,1.0,11.603927123655914,3.3650927956989247,0.0,0.0,0.0,0.0,0.0,0.0,3.4958170430107516,11.604648655913978,0.0,3.3650927956989243
3,15792.744658827303,6690.945972843868,8.674547754535858,0.0,,,,0.0,0.0,8.559784443740321,0.0,1.0,11.603927123655914,3.3650927956989247,0.0,0.0,0.0,0.0,0.0,0.0,3.4958170430107516,11.604648655913978,0.0,3.3650927956989243
4,15072.716118142405,7012.325391422044,9.0,0.3163604586239166,,,,0.0,0.0,0.0,0.0,1.0,11.603927123655914,3.3650927956989247,0.0,0.0,0.0,1.0,0.0,0.0,3.4958170430107516,11.604648655913978,0.0,3.3650927956989243
