,cost,emission,grid,wood_supply,DHDC_small_heat,DHDC_medium_heat,DHDC_large_heat,wood_boiler_heat,wood_boiler_DHW,PV,SCFP,DHW_to_heat,ASHP,ASHP_DHW,GSHP_heat,GSHP_cooling,battery,DHW_storage,heat_storage,geothermal_boreholes,demand_electricity,demand_space_heating,demand_space_cooling,demand_hot_water
0,38561.367944406506,3990.8784826570864,5.187355224090959,0.28645541232662886,20.0,0.0,0.0,4.999999999999997,5.000000000000001,24.701546379036813,0.0,0.0,8.476367235681026,0.9418700000000008,1.8341593484361667,1.661491451612904,0.0,0.0,0.0,2.07686431451613,2.2962352150537635,10.539690913978495,1.6614914516129036,2.299489247311828
1,12694.766281725422,4273.224775667252,6.266050511574014,0.00279713901689719,0.0,0.0,0.0,0.0,0.001957997311828033,21.17090602298547,0.0,0.0,8.664432306283068,2.29753125,1.8752586076954274,1.6614914516129038,0.0,0.0,0.0,2.0768643145161296,2.2962352150537635,10.539690913978495,1.6614914516129036,2.299489247311828
2,12151.336233768961,4555.571068677418,6.338634225983968,0.00279713901689719,0.0,0.0,0.0,0.0,0.001957997311828033,14.113396309382981,0.0,0.0,8.66443230628307,2.29753125,1.875258607695426,1.6614914516129038,0.0,0.0,0.0,2.0768643145161296,2.2962352150537635,10.539690913978495,1.6614914516129036,2.299489247311828
3,11607.90618581249,4837.917361687587,6.4112179403939225,0.00279713901689719,0.0,0.0,0.0,0.0,0.001957997311828033,7.055886595780389,0.0,0.0,8.66443230628307,2.29753125,1.875258607695426,1.6614914516129038,0.0,0.0,0.0,2.0768643145161296,2.2962352150537635,10.539690913978495,1.6614914516129036,2.299489247311828
4,11064.526125270331,5120.263654697752,7.0,0.28645541232662886,0.0,0.0,0.0,0.0,0.0,0.0,0.0,1.0,8.663529633045316,2.2994892473118282,1.8753091303955487,1.661491451612904,0.0,0.0,0.0,2.07686431451613,2.2962352150537635,10.539690913978495,1.6614914516129036,2.299489247311828
