,cost,emission,grid,wood_supply,DHDC_small_heat,DHDC_medium_heat,DHDC_large_heat,wood_boiler_heat,wood_boiler_DHW,PV,SCFP,DHW_to_heat,ASHP,ASHP_DHW,GSHP_heat,GSHP_cooling,battery,DHW_storage,heat_storage,geothermal_boreholes,demand_electricity,demand_space_heating,demand_space_cooling,demand_hot_water
0,43964.287165506394,8745.819353577914,9.163270166256599,0.3367572922405565,,,,0.0,5.000000000000001,39.07351206873043,0.0,0.0,0.0,5.119253820162782,6.43053373655914,9.792457526881723,0.0,0.0,0.0,12.60265089193404,6.681610215053764,6.43053373655914,9.79245752688172,5.354983924731183
1,22994.26481595427,9127.896975375279,9.359292593677377,0.003324399275840794,,,,0.0,0.0023270794930885554,30.085132682170528,0.0,0.0,0.0,5.352656845238095,6.43053373655914,9.792457526881721,0.0,0.0,0.0,12.24057190860215,6.681610215053764,6.43053373655914,9.79245752688172,5.354983924731183
2,22166.680435473583,9509.97459717264,9.694003981030376,0.003324399275840794,,,,0.0,0.0023270794930885554,20.05622833674217,0.0,0.0,0.0,5.352656845238095,6.43053373655914,9.792457526881721,0.0,0.0,0.0,12.24057190860215,6.681610215053764,6.43053373655914,9.79245752688172,5.354983924731183
3,21339.097096816695,9892.052218970011,10.509702228541094,0.003324399275840794,,,,0.0,0.0023270794930885554,10.0273366164327,0.0,0.0,0.0,5.352656845238095,6.43053373655914,9.792457526881721,0.0,0.0,0.0,12.24057190860215,6.681610215053764,6.43053373655914,9.79245752688172,5.354983924731183
4,20511.61029430781,10274.129840767377,12.0,0.3367572922405565,,,,0.0,0.0,0.0,0.0,0.0,0.0,5.354983924731183,6.43053373655914,9.792457526881723,0.0,1.0,0.0,14.589923783349938,6.681610215053764,6.43053373655914,9.79245752688172,5.354983924731183
