,cost,emission,grid,wood_supply,DHDC_small_heat,DHDC_medium_heat,DHDC_large_heat,wood_boiler_heat,wood_boiler_DHW,PV,SCFP,DHW_to_heat,ASHP,ASHP_DHW,GSHP_heat,GSHP_cooling,battery,DHW_storage,heat_storage,geothermal_boreholes,demand_electricity,demand_space_heating,demand_space_cooling,demand_hot_water
0,40340.225884576284,5063.674823569586,6.8658821721496075,0.3187317065895056,10.0,0.0,0.0,4.999999999999998,5.000000000000001,33.923344739858756,0.0,0.0,12.741313882040222,1.587993333333332,0.0,0.0,0.0,0.0,0.0,0.0,3.019981944444445,12.996299247311825,0.0,2.994920752688172
1,16580.28494379988,5445.711695277072,8.252479025029844,0.0,0.0,0.0,0.0,0.0,0.0,28.644203576748268,0.0,1.0,12.995288736559138,2.9949207526881723,0.0,0.0,0.0,0.0,0.0,0.0,3.019981944444445,12.996299247311825,0.0,2.994920752688172
2,15845.23056273669,5827.748566984557,8.351713548378989,0.0,0.0,0.0,0.0,0.0,0.0,19.09612931516406,0.0,1.0,12.995288736559138,2.9949207526881723,0.0,0.0,0.0,0.0,0.0,0.0,3.019981944444445,12.996299247311825,0.0,2.994920752688172
3,15110.176202016022,6209.7854386920435,8.461520886977473,0.0,0.0,0.0,0.0,0.0,0.0,9.548055317821506,0.0,1.0,12.995288736559138,2.9949207526881723,0.0,0.0,0.0,0.0,0.0,0.0,3.019981944444445,12.996299247311825,0.0,2.994920752688172
4,14375.123279330233,6591.822310399529,9.0,0.3187317065895056,0.0,0.0,0.0,0.0,0.0,0.0,0.0,1.0,12.995288736559136,2.9949207526881723,0.0,0.0,0.0,0.0,0.0,0.0,3.019981944444445,12.996299247311825,0.0,2.994920752688172
