,cost,emission,grid,wood_supply,DHDC_small_heat,DHDC_medium_heat,DHDC_large_heat,wood_boiler_heat,wood_boiler_DHW,PV,SCFP,DHW_to_heat,ASHP,ASHP_DHW,GSHP_heat,GSHP_cooling,battery,DHW_storage,heat_storage,geothermal_boreholes,demand_electricity,demand_space_heating,demand_space_cooling,demand_hot_water
0,43922.199697450546,8724.610383439962,9.147226977164951,0.33638429641755374,,,,0.0,5.000000000000001,38.96694183358679,0.0,0.0,0.0,5.1704719064861955,6.229332795698924,9.342524677419357,0.0,0.0,0.0,11.678155846774198,6.611355564516129,6.229332795698923,9.342524677419355,5.405940913978495
1,22943.438159046622,9101.216276034625,9.330002584714705,0.0037348941189392524,,,,0.0,0.002614425883257477,30.01352222888014,0.0,0.0,0.0,5.403326488095238,6.229332795698924,9.342524677419355,0.0,0.0,0.0,11.678155846774194,6.611355564516129,6.229332795698923,9.342524677419355,5.405940913978495
2,22104.61494915364,9477.822168629289,9.543778722926508,0.0037348941189392524,,,,0.0,0.002614425883257477,20.00840160997235,0.0,0.0,0.0,5.403326488095238,6.229332795698924,9.342524677419355,0.0,0.0,0.0,11.678155846774194,6.611355564516129,6.229332795698923,9.342524677419355,5.405940913978495
3,21265.793054619175,9854.428061223949,10.348110150803729,0.0037348941189392524,,,,0.0,0.002614425883257477,10.003296680092204,0.0,0.0,0.0,5.403326488095238,6.229332795698924,9.342524677419355,0.0,0.0,0.0,11.678155846774194,6.611355564516129,6.229332795698923,9.342524677419355,5.405940913978495
4,20427.06763180607,10231.033953818609,12.0,0.33638429641755374,,,,0.0,0.0,0.0,0.0,0.0,0.0,5.405940913978496,6.229332795698924,9.342524677419357,0.0,1.0,0.0,12.050608146300583,6.611355564516129,6.229332795698923,9.342524677419355,5.405940913978495
