,cost,emission,grid,wood_supply,DHDC_small_heat,DHDC_medium_heat,DHDC_large_heat,wood_boiler_heat,wood_boiler_DHW,PV,SCFP,DHW_to_heat,ASHP,ASHP_DHW,GSHP_heat,GSHP_cooling,battery,DHW_storage,heat_storage,geothermal_boreholes,demand_electricity,demand_space_heating,demand_space_cooling,demand_hot_water
0,30578.552914794895,4050.998524358834,4.8913948280314345,0.24781037455274824,,,,0.0,5.000000000000001,13.66010701507093,0.0,0.0,3.8484617204301075,0.15069279157650503,0.0,0.0,0.0,0.0,0.0,0.0,3.684375,3.848461720430107,0.0,0.32416005376344087
1,10164.948358343861,4193.234556891154,4.990440639823273,0.0,,,,0.0,0.0,10.80129858877608,0.0,1.0,3.837101021505376,0.32416005376344087,0.0,0.0,0.0,0.0,0.0,0.0,3.684375,3.848461720430107,0.0,0.32416005376344087
2,9882.492202704252,4335.470589423475,5.024152623484721,0.0,,,,0.0,0.0,7.200847532111049,0.0,1.0,3.837101021505376,0.32416005376344087,0.0,0.0,0.0,0.0,0.0,0.0,3.684375,3.848461720430107,0.0,0.32416005376344087
3,9600.036047064641,4477.7066219557955,5.057864607146169,0.0,,,,0.0,0.0,3.6003964754460176,0.0,1.0,3.837101021505376,0.32416005376344087,0.0,0.0,0.0,0.0,0.0,0.0,3.684375,3.848461720430107,0.0,0.32416005376344087
4,9317.584173333338,4619.942654488116,6.0,0.24781037455274824,,,,0.0,0.0,0.0,0.0,1.0,3.837101021505376,0.32416005376344087,0.0,0.0,0.0,1.0,0.0,0.0,3.684375,3.848461720430107,0.0,0.32416005376344087
