,cost,emission,grid,wood_supply,DHDC_small_heat,DHDC_medium_heat,DHDC_large_heat,wood_boiler_heat,wood_boiler_DHW,PV,SCFP,DHW_to_heat,ASHP,ASHP_DHW,GSHP_heat,GSHP_cooling,battery,DHW_storage,heat_storage,geothermal_boreholes,demand_electricity,demand_space_heating,demand_space_cooling,demand_hot_water
0,35237.22478860799,4709.1893181917385,7.0839079057470995,0.30383768294806773,,,,0.0,5.000000000000001,29.667909413733643,0.0,0.0,9.814626957903439,2.503703460646018,1.9690953539245182,1.7622861827956993,0.0,0.0,0.0,2.202857728494624,2.700083333333333,11.783722311827956,1.762286182795699,2.7163898387096777
1,14539.283332390973,5029.032695138091,7.251622187742337,0.003030551898180311,,,,0.0,0.002121386328726218,22.89048442255833,0.0,0.0,9.814626957903437,2.714268452380952,1.9690953539245182,1.762286182795699,0.0,0.0,0.0,2.202857728494624,2.700083333333333,11.783722311827956,1.762286182795699,2.7163898387096777
2,13993.828531068157,5348.876072084443,7.341298235928344,0.003030551898180311,,,,0.0,0.002121386328726218,15.259749455796312,0.0,0.0,9.814626957903437,2.714268452380952,1.9690953539245182,1.762286182795699,0.0,0.0,0.0,2.202857728494624,2.700083333333333,11.783722311827956,1.762286182795699,2.7163898387096777
3,13448.373729745339,5668.7194490307975,7.430974284114351,0.003030551898180311,,,,0.0,0.002121386328726218,7.629014489034295,0.0,0.0,9.814626957903437,2.714268452380952,1.9690953539245182,1.762286182795699,0.0,0.0,0.0,2.202857728494624,2.700083333333333,11.783722311827956,1.762286182795699,2.7163898387096777
4,12902.957400173318,5988.562825977146,8.0,0.30383768294806773,,,,0.0,0.0,0.0,0.0,1.0,9.813693443267834,2.716389838709678,1.9692347556568959,1.7622861827956993,0.0,1.0,0.0,2.202857728494624,2.700083333333333,11.783722311827956,1.762286182795699,2.7163898387096777
