,cost,emission,grid,wood_supply,DHDC_small_heat,DHDC_medium_heat,DHDC_large_heat,wood_boiler_heat,wood_boiler_DHW,PV,SCFP,DHW_to_heat,ASHP,ASHP_DHW,GSHP_heat,GSHP_cooling,battery,DHW_storage,heat_storage,geothermal_boreholes,demand_electricity,demand_space_heating,demand_space_cooling,demand_hot_water
0,41269.884162910384,4983.515660566403,6.349656937415647,0.30156370243326025,20.0,0.0,0.0,5.000000000000001,5.0,29.01820069521721,0.0,0.0,11.063195274612532,0.05397000000000011,0.0,0.0,0.0,0.0,0.0,0.0,2.9929055555555553,11.304446236559139,0.0,2.976716451612903
1,15669.848028918173,5305.658808660561,7.705818636247315,0.0,0.0,0.0,0.0,0.0,0.0,25.362583117229313,0.0,1.0,11.30362120967742,2.9767164516129037,0.0,0.0,0.0,0.0,0.0,0.0,2.9929055555555553,11.304446236559139,0.0,2.976716451612903
2,14972.377056191477,5627.801956754716,7.787793591830337,0.0,0.0,0.0,0.0,0.0,0.0,16.90838568463775,0.0,1.0,11.30362120967742,2.9767164516129037,0.0,0.0,0.0,0.0,0.0,0.0,2.9929055555555553,11.304446236559139,0.0,2.976716451612903
3,14274.906095982087,5949.945104848874,7.875549953367045,0.0,0.0,0.0,0.0,0.0,0.0,8.454188403771164,0.0,1.0,11.30362120967742,2.9767164516129037,0.0,0.0,0.0,0.0,0.0,0.0,2.9929055555555553,11.304446236559139,0.0,2.976716451612903
4,13577.435868132738,6272.088252943029,8.0,0.30156370243326025,0.0,0.0,0.0,0.0,0.0,0.0,0.0,1.0,11.30362120967742,2.9767164516129037,0.0,0.0,0.0,0.0,0.0,0.0,2.9929055555555553,11.304446236559139,0.0,2.976716451612903
