,cost,emission,grid,wood_supply,DHDC_small_heat,DHDC_medium_heat,DHDC_large_heat,wood_boiler_heat,wood_boiler_DHW,PV,SCFP,DHW_to_heat,ASHP,ASHP_DHW,GSHP_heat,GSHP_cooling,battery,DHW_storage,heat_storage,geothermal_boreholes,demand_electricity,demand_space_heating,demand_space_cooling,demand_hot_water
0,40983.25581265668,4723.916055865695,6.120110429772555,0.30505492367628967,20.0,0.0,0.0,4.999999999999997,5.000000000000001,30.015692478939915,0.0,0.0,10.038530670566246,1.2939300000000002,1.9421126216755216,1.7656832526881723,0.0,0.0,0.0,2.2071040658602157,2.7133252688172047,12.224687231182797,1.765683252688172,2.7360040860215054
1,15114.383787235825,5064.411731919663,7.39693691859023,0.0033085582620148643,0.0,0.0,0.0,0.0,0.002315990783410405,25.589698631342806,0.0,0.0,10.228186553951721,2.733688095238095,1.9965006772310765,1.765683252688172,0.0,0.0,0.0,2.2071040658602152,2.7133252688172047,12.224687231182797,1.765683252688172,2.7360040860215054
2,14455.269642008247,5404.907407973631,7.483553841906472,0.0033085582620148643,0.0,0.0,0.0,0.0,0.002315990783410405,17.05915398438891,0.0,0.0,10.228186553951721,2.733688095238095,1.9965006772310765,1.765683252688172,0.0,0.0,0.0,2.2071040658602152,2.7133252688172047,12.224687231182797,1.765683252688172,2.7360040860215054
3,13796.155496780673,5745.403084027598,7.570170765222715,0.0033085582620148643,0.0,0.0,0.0,0.0,0.002315990783410405,8.528609337435068,0.0,0.0,10.228186553951721,2.733688095238095,1.9965006772310765,1.765683252688172,0.0,0.0,0.0,2.2071040658602152,2.7133252688172047,12.224687231182797,1.765683252688172,2.7360040860215054
4,13137.099326458636,6085.8987600815635,8.0,0.30505492367628967,0.0,0.0,0.0,0.0,0.0,0.0,0.0,1.0,10.227157773485771,2.7360040860215054,1.9966345383421946,1.7656832526881723,0.0,0.0,0.0,2.2071040658602157,2.7133252688172047,12.224687231182797,1.765683252688172,2.7360040860215054
