,cost,emission,grid,wood_supply,DHDC_small_heat,DHDC_medium_heat,DHDC_large_heat,wood_boiler_heat,wood_boiler_DHW,PV,SCFP,DHW_to_heat,ASHP,ASHP_DHW,GSHP_heat,GSHP_cooling,battery,DHW_storage,heat_storage,geothermal_boreholes,demand_electricity,demand_space_heating,demand_space_cooling,demand_hot_water
0,63316.23223298451,13187.418286540887,14.59393620958419,0.5722910448664921,,,,0.0,5.000000000000001,106.36886996185484,0.0,0.0,0.0,7.173258687948282,7.180248655913979,15.527997580645165,0.0,0.0,0.0,30.223367725336335,12.214213279569893,7.180248655913978,15.527997580645161,7.573862419354838
1,40962.824884815076,14242.32037551769,15.01130266618794,0.006197248738206568,,,,0.0,0.004338074116744597,81.06994636795368,0.0,0.0,0.0,7.569524345238094,7.180248655913979,15.527997580645163,0.0,0.0,0.0,23.97925152710004,12.214213279569893,7.180248655913978,15.527997580645161,7.573862419354838
2,38806.032371319314,15297.222464494494,15.280763831749244,0.006197248738206568,,,,0.0,0.004338074116744597,54.04548010752198,0.0,0.0,0.0,7.569524345238094,7.180248655913979,15.527997580645163,0.0,0.0,0.0,19.416310754450244,12.214213279569893,7.180248655913978,15.527997580645161,7.573862419354838
3,36649.27050391434,16352.124553471298,16.950091286568092,0.006197248738206568,,,,0.0,0.004338074116744597,27.021283494446617,0.0,0.0,0.0,7.569524345238094,7.180248655913979,15.527997580645163,0.0,0.0,0.0,23.97925152710004,12.214213279569893,7.180248655913978,15.527997580645161,7.573862419354838
4,34492.66262658682,17407.0266424481,20.0,0.5722910448664921,,,,0.0,0.0,0.0,0.0,0.0,0.0,7.573862419354839,7.180248655913979,15.527997580645165,0.0,1.0,0.0,32.71874283980517,12.214213279569893,7.180248655913978,15.527997580645161,7.573862419354838
