,cost,emission,grid,wood_supply,DHDC_small_heat,DHDC_medium_heat,DHDC_large_heat,wood_boiler_heat,wood_boiler_DHW,PV,SCFP,DHW_to_heat,ASHP,ASHP_DHW,GSHP_heat,GSHP_cooling,battery,DHW_storage,heat_storage,geothermal_boreholes,demand_electricity,demand_space_heating,demand_space_cooling,demand_hot_water
0,49829.37161519894,7632.011462837481,11.574942313080813,0.38964811358135687,10.0,0.0,0.0,4.999999999999996,4.999999999999999,54.1851753089591,0.0,0.0,24.727863229565024,3.4427314316041615,0.0,0.0,0.6924216257204892,0.0,0.0,0.0,3.998395161290323,25.039581720430107,0.0,3.776083387096774
1,25497.781500915167,8240.381040465549,13.383000656379497,0.0,0.0,0.0,0.0,0.0,0.0,43.34658685364558,0.0,1.0,25.03865991935484,3.7760833870967745,0.0,0.0,0.0,0.0,0.0,0.0,3.998395161290323,25.039581720430107,0.0,3.776083387096774
2,24472.890095286282,8848.750618093616,13.55775788072804,0.0,0.0,0.0,0.0,0.0,0.0,28.897720750264256,0.0,1.0,25.03865991935484,3.7760833870967745,0.0,0.0,0.0,0.0,0.0,0.0,3.998395161290323,25.039581720430107,0.0,3.776083387096774
3,23447.998689657397,9457.120195721684,13.732515105076583,0.0,0.0,0.0,0.0,0.0,0.0,14.448854646882925,0.0,1.0,25.03865991935484,3.7760833870967745,0.0,0.0,0.0,0.0,0.0,0.0,3.998395161290323,25.039581720430107,0.0,3.776083387096774
4,22423.10809666437,10065.489773349751,14.0,0.38964811358135687,0.0,0.0,0.0,0.0,0.0,0.0,0.0,1.0,25.03865991935484,3.7760833870967745,0.0,0.0,0.0,0.0,0.0,0.0,3.998395161290323,25.039581720430107,0.0,3.776083387096774
