,cost,emission,grid,wood_supply,DHDC_small_heat,DHDC_medium_heat,DHDC_large_heat,wood_boiler_heat,wood_boiler_DHW,PV,SCFP,DHW_to_heat,ASHP,ASHP_DHW,GSHP_heat,GSHP_cooling,battery,DHW_storage,heat_storage,geothermal_boreholes,demand_electricity,demand_space_heating,demand_space_cooling,demand_hot_water
0,35974.3768470626,4518.5166605745,7.314086514628893,0.3224050681233658,,,,0.0,5.000000000000001,34.97287660667593,0.0,0.0,12.267280645161291,2.517949516829761,0.0,0.0,0.10961652449894438,0.0,0.0,0.0,2.601809722222222,12.26728064516129,0.0,2.7436330645161293
1,15116.846760888959,4874.830708303243,7.50041422789253,0.0,,,,0.0,0.0,26.89524115163516,0.0,1.0,12.266701344086021,2.7436330645161293,0.0,0.0,0.0,0.0,0.0,0.0,2.601809722222222,12.26728064516129,0.0,2.7436330645161293
2,14419.742914587223,5231.144756031989,7.602793404243428,0.0,,,,0.0,0.0,17.930148062855032,0.0,1.0,12.266701344086021,2.7436330645161293,0.0,0.0,0.0,0.0,0.0,0.0,2.601809722222222,12.26728064516129,0.0,2.7436330645161293
3,13722.639068285494,5587.458803760733,7.705172580594326,0.0,,,,0.0,0.0,8.965054974074976,0.0,1.0,12.266701344086021,2.7436330645161293,0.0,0.0,0.0,0.0,0.0,0.0,2.601809722222222,12.26728064516129,0.0,2.7436330645161293
4,13025.538185690584,5943.772851489477,8.0,0.3224050681233658,,,,0.0,0.0,0.0,0.0,1.0,12.266701344086021,2.7436330645161293,0.0,0.0,0.0,1.0,0.0,0.0,2.601809722222222,12.26728064516129,0.0,2.7436330645161293
