,cost,emission,grid,wood_supply,DHDC_small_heat,DHDC_medium_heat,DHDC_large_heat,wood_boiler_heat,wood_boiler_DHW,PV,SCFP,ASHP,ASHP_DHW,GSHP_heat,GSHP_cooling,battery,DHW_storage,heat_storage,geothermal_boreholes,demand_electricity,demand_space_heating,demand_space_cooling,demand_hot_water
0,1893072.865738087,3572.171796753005,6.0,45.0,100.0,700.0,2000.0,2000.0,2000.0,29.58652894388787,0.0,11.0,3.0,,,250.00000000000006,0.0,0.0,,3.7135000000000002,32.31763333333334,10.214600000000003,2.8798333333333335
1,1071683.4222232753,3877.691858215945,6.0,20.0,50.0,0.0,0.0,12.502098422463384,5.0,29.586528943887878,0.0,10.214600000000003,2.879833333333333,,,6.9942638888888915,0.0,0.0,,3.7135000000000002,32.31763333333334,10.214600000000003,2.8798333333333335
2,785175.1809590016,4183.211919678865,6.0,11.0,50.0,0.0,0.0,5.321376208945647,5.0,29.586528943887878,0.0,10.214600000000003,2.879833333333333,,,6.9942638888888915,0.0,0.0,,3.7135000000000002,32.31763333333334,10.214600000000003,2.8798333333333335
3,498778.1228520267,4488.731981141795,6.0,11.0,50.0,0.0,0.0,5.0,5.0,29.58652894388787,0.0,10.214600000000003,2.879833333333333,,,6.9942638888888915,0.0,0.0,,3.7135000000000002,32.31763333333334,10.214600000000003,2.8798333333333335
4,317999.1864388638,4794.252042604738,7.0,0.0,50.0,0.0,0.0,0.0,0.0,29.58652894388787,0.0,10.214600000000003,2.879833333333333,,,6.994263888888889,0.0,0.0,,3.7135000000000002,32.31763333333334,10.214600000000003,2.8798333333333335
