,cost,emission,grid,wood_supply,DHDC_small_heat,DHDC_medium_heat,DHDC_large_heat,wood_boiler_heat,wood_boiler_DHW,PV,SCFP,ASHP,ASHP_DHW,GSHP_heat,GSHP_cooling,battery,DHW_storage,heat_storage,geothermal_boreholes,demand_electricity,demand_space_heating,demand_space_cooling,demand_hot_water
0,2671061.868558188,6941.138496186909,8.0,78.0,,,,2000.0,2000.0,57.40164620500568,0.0,21.0,7.0,0.0,0.0,250.00000000000006,0.0,0.0,80.18115234350398,7.13739666666666,54.8216,0.0,6.2883033333333325
1,2228838.6925340286,7651.6019026387785,16.0,49.0,,,,38.68426666666666,0.0,57.40164620500568,0.0,16.137333333333334,6.2883033333333325,0.0,0.0,13.44219444444445,0.0,0.0,80.18115234350398,7.13739666666666,54.8216,0.0,6.2883033333333325
2,2038535.9943772736,8362.065309090664,16.0,49.0,,,,38.68426666666666,0.0,57.40164620500568,0.0,16.137333333333334,6.2883033333333325,0.0,0.0,13.44219444444445,0.0,0.0,80.18115234350398,7.13739666666666,54.8216,0.0,6.2883033333333325
3,1848624.649771334,9072.528715542527,19.0,41.0,,,,32.237005170429775,0.0,57.40164620500568,0.0,22.58459482957022,6.2883033333333325,0.0,0.0,13.44219444444445,0.0,0.0,80.18115234350398,7.13739666666666,54.8216,0.0,6.2883033333333325
4,1660716.6055652993,9782.992121994404,30.0,0.0,,,,0.0,0.0,57.40164620500568,0.0,54.8216,6.2883033333333325,0.0,0.0,13.230999999999996,0.0,0.0,80.18115234350398,7.13739666666666,54.8216,0.0,6.2883033333333325
