,cost,emission,grid,wood_supply,DHDC_small_heat,DHDC_medium_heat,DHDC_large_heat,wood_boiler_heat,wood_boiler_DHW,PV,SCFP,ASHP,ASHP_DHW,GSHP_heat,GSHP_cooling,battery,DHW_storage,heat_storage,geothermal_boreholes,demand_electricity,demand_space_heating,demand_space_cooling,demand_hot_water
0,1966990.4826718406,5642.613745341,20.0,88.0,100.0,700.0,2000.0,2000.0,2000.0,43.591451695172935,0.0,29.0,2.0,,,250.00000000000006,0.0,0.0,,13.750486666666665,67.34010000000005,28.71295333333333,3.0147666666666666
1,1258623.5513580767,5851.351446190018,20.0,26.0,50.0,0.0,0.0,17.38532111317739,5.0,43.59145169517294,0.0,28.71295333333333,2.9777733333333334,,,11.026847222222223,0.0,0.0,,13.750486666666665,67.34010000000005,28.71295333333333,3.0147666666666666
2,1062953.9127034962,6060.089147039047,20.0,26.0,50.0,0.0,0.0,17.340100000000042,5.0,43.59145169517294,0.0,28.71295333333333,2.9777733333333334,,,11.026847222222223,0.0,0.0,,13.750486666666665,67.34010000000005,28.71295333333333,3.0147666666666666
3,876416.7877197288,6268.826847888072,20.0,5.0,64.27640000000002,0.0,0.0,0.0,5.0,43.59145169517294,0.0,28.71295333333333,2.9777733333333334,,,11.026847222222223,0.0,0.0,,13.750486666666665,67.34010000000005,28.71295333333333,3.0147666666666666
4,797696.4090534066,6477.5645487371,21.0,0.0,64.27640000000002,0.0,0.0,0.0,0.0,43.591451695172935,0.0,28.71295333333333,3.0147666666666666,,,11.026847222222223,0.0,0.0,,13.750486666666665,67.34010000000005,28.71295333333333,3.0147666666666666
