,cost,emission,grid,wood_supply,DHDC_small_heat,DHDC_medium_heat,DHDC_large_heat,wood_boiler_heat,wood_boiler_DHW,PV,SCFP,ASHP,ASHP_DHW,GSHP_heat,GSHP_cooling,battery,DHW_storage,heat_storage,geothermal_boreholes,demand_electricity,demand_space_heating,demand_space_cooling,demand_hot_water
0,1846594.7295334523,3627.0596105700024,4.0,40.0,100.0,700.0,2000.0,2000.0,2000.0,31.56334502652014,0.0,6.0,3.0,0.0,0.0,250.00000000000006,0.0,0.0,62.09434151856411,3.9863333333333344,28.695839999999986,0.0,2.81
1,1046174.5596189783,3912.3340885214066,4.0,19.0,50.0,0.0,0.0,11.89212845536038,5.0,31.56334502652014,0.0,6.51077532294774,2.795666666666666,0.0,0.0,6.790083333333333,0.0,0.0,62.09434151856411,3.9863333333333344,28.695839999999986,0.0,2.81
2,778652.4883886392,4197.608566472803,4.0,11.0,50.0,0.0,0.0,5.213355620192454,5.0,31.56334502652014,0.0,6.510775322947741,2.795666666666666,0.0,0.0,6.790083333333333,0.0,0.0,62.09434151856411,3.9863333333333344,28.695839999999986,0.0,2.81
3,511235.2151228166,4482.883044424213,4.0,11.0,50.0,0.0,0.0,5.0,5.0,31.56334502652014,0.0,6.51077532294774,2.795666666666666,0.0,0.0,6.790083333333333,0.0,0.0,62.09434151856411,3.9863333333333344,28.695839999999986,0.0,2.81
4,351255.12604883115,4768.157522375649,5.0,0.0,50.0,0.0,0.0,0.0,0.0,31.56334502652014,0.0,0.0,2.8099999999999996,0.0,0.0,6.790083333333333,0.0,0.0,62.09434151856411,3.9863333333333344,28.695839999999986,0.0,2.81
