,cost,emission,grid,wood_supply,DHDC_small_heat,DHDC_medium_heat,DHDC_large_heat,wood_boiler_heat,wood_boiler_DHW,PV,SCFP,ASHP,ASHP_DHW,GSHP_heat,GSHP_cooling,battery,DHW_storage,heat_storage,geothermal_boreholes,demand_electricity,demand_space_heating,demand_space_cooling,demand_hot_water
0,743493.4394262622,1627.478926496423,2.0,19.0,,,,2000.0,2000.0,14.138847400464025,0.0,6.0,2.0,0.0,0.0,250.00000000000006,0.0,0.0,49.89719318032482,1.4409999999999998,13.209519999999992,0.0,1.4906666666666668
1,564288.7352008065,1823.3595836572529,4.0,11.0,,,,8.493941031538586,0.0,14.138847400464025,0.0,4.715578968461406,1.4906666666666668,0.0,0.0,3.1764583333333327,0.0,0.0,49.89719318032482,1.4409999999999998,13.209519999999992,0.0,1.4906666666666668
2,511820.7020327271,2019.2402408180824,4.0,11.0,,,,8.493941031538586,0.0,14.138847400464025,0.0,4.715578968461406,1.4906666666666668,0.0,0.0,3.1764583333333327,0.0,0.0,49.89719318032482,1.4409999999999998,13.209519999999992,0.0,1.4906666666666668
3,459402.8933860678,2215.120897978908,5.0,10.0,,,,7.495152332745794,0.0,14.138847400464025,0.0,5.7143676672542,1.4906666666666668,0.0,0.0,3.1764583333333327,0.0,0.0,49.89719318032482,1.4409999999999998,13.209519999999992,0.0,1.4906666666666668
4,408779.2999553252,2411.0015551397482,7.0,0.0,,,,0.0,0.0,14.138847400464025,0.0,13.209519999999992,1.4906666666666668,0.0,0.0,3.176458333333332,0.0,0.0,49.89719318032482,1.4409999999999998,13.209519999999992,0.0,1.4906666666666668
