,cost,emission,grid,wood_supply,DHDC_small_heat,DHDC_medium_heat,DHDC_large_heat,wood_boiler_heat,wood_boiler_DHW,PV,SCFP,ASHP,ASHP_DHW,GSHP_heat,GSHP_cooling,battery,DHW_storage,heat_storage,geothermal_boreholes,demand_electricity,demand_space_heating,demand_space_cooling,demand_hot_water
0,4021351.9403273356,8987.025043855338,9.0,100.0,100.0,700.0,2000.0,2000.0,2000.0,68.35007090341564,0.0,0.0,8.0,0.0,0.0,250.00000000000006,0.0,0.0,87.84504963239095,8.297166666666664,71.11503999999998,0.0,7.577076666666666
1,2720826.061013463,9758.05343733182,9.0,48.0,50.0,0.0,0.0,29.27643602183514,7.577076666666665,68.35007090341564,0.0,11.650256666666667,7.572666666666667,0.0,0.0,13.408819444444443,0.0,0.0,87.84504963239095,8.297166666666664,71.11503999999998,0.0,7.577076666666666
2,1997938.4614739355,10529.081830808263,9.0,38.0,50.0,0.0,0.0,21.115039999999972,7.577076666666665,68.35007090341564,0.0,11.650256666666667,7.572666666666667,0.0,0.0,13.408819444444443,0.0,0.0,87.84504963239095,8.297166666666664,71.11503999999998,0.0,7.577076666666666
3,1275183.1500237756,11300.110224284777,9.0,38.0,50.0,0.0,0.0,21.115039999999972,7.577076666666665,68.35007090341564,0.0,11.650256666666667,7.572666666666667,0.0,0.0,13.408819444444443,0.0,0.0,87.84504963239095,8.297166666666664,71.11503999999998,0.0,7.577076666666666
4,842088.1192662823,12071.138617761262,11.0,1.0,71.10503333333331,0.0,0.0,0.010006666666669162,0.0,68.35007090341564,0.0,0.0,7.577076666666665,0.0,0.0,13.123486111111106,0.0,0.0,87.84504963239095,8.297166666666664,71.11503999999998,0.0,7.577076666666666
