,cost,emission,grid,wood_supply,DHDC_small_heat,DHDC_medium_heat,DHDC_large_heat,wood_boiler_heat,wood_boiler_DHW,PV,SCFP,ASHP,ASHP_DHW,GSHP_heat,GSHP_cooling,battery,DHW_storage,heat_storage,geothermal_boreholes,demand_electricity,demand_space_heating,demand_space_cooling,demand_hot_water
0,1651494.7881308782,3817.896119660759,4.0,43.0,,,,2000.0,2000.0,26.02247460330102,0.0,5.0,4.0,0.0,0.0,250.00000000000006,0.0,0.0,58.21573222231072,3.2255000000000003,30.417239999999968,0.0,3.3245
1,1349496.5532805643,4268.419444186936,8.0,29.0,,,,22.833606666666633,0.0,26.02247460330102,0.0,7.583633333333333,3.3244999999999996,0.0,0.0,5.3355138888888884,0.0,0.0,58.21573222231072,3.2255000000000003,30.417239999999968,0.0,3.3245
2,1228820.6627824812,4718.942768713116,8.0,29.0,,,,22.833606666666633,0.0,26.02247460330102,0.0,7.583633333333333,3.3244999999999996,0.0,0.0,5.3355138888888884,0.0,0.0,58.21573222231072,3.2255000000000003,30.417239999999968,0.0,3.3245
3,1108531.024018949,5169.4660932393035,10.0,23.0,,,,17.894607666672712,0.0,26.02247460330102,0.0,12.522632333327254,3.3244999999999996,0.0,0.0,5.3355138888888884,0.0,0.0,58.21573222231072,3.2255000000000003,30.417239999999968,0.0,3.3245
4,988252.5524601372,5619.989417765501,16.0,0.0,,,,0.0,0.0,26.02247460330102,0.0,30.417239999999968,3.3244999999999996,0.0,0.0,5.229319444444444,0.0,0.0,58.21573222231072,3.2255000000000003,30.417239999999968,0.0,3.3245
