,cost,emission,grid,wood_supply,DHDC_small_heat,DHDC_medium_heat,DHDC_large_heat,wood_boiler_heat,wood_boiler_DHW,PV,SCFP,ASHP,ASHP_DHW,GSHP_heat,GSHP_cooling,battery,DHW_storage,heat_storage,geothermal_boreholes,demand_electricity,demand_space_heating,demand_space_cooling,demand_hot_water
0,1184048.814574306,2899.7271606050854,5.0,35.0,,,,2000.0,2000.0,25.550644645807402,0.0,8.0,3.0,,,250.00000000000006,0.0,0.0,,3.1376666666666675,24.9838,7.3048599999999935,2.6140000000000003
1,941349.5542150238,3197.1595452505107,7.0,23.0,,,,17.661266666666663,0.0,25.55064464580741,0.0,7.322533333333334,2.614,,,5.924208333333334,0.0,0.0,,3.1376666666666675,24.9838,7.3048599999999935,2.6140000000000003
2,861680.1654707104,3494.591929895949,7.0,23.0,,,,17.661266666666663,0.0,25.55064464580741,0.0,7.322533333333334,2.614,,,5.924208333333334,0.0,0.0,,3.1376666666666675,24.9838,7.3048599999999935,2.6140000000000003
3,782025.4868374844,3792.024314541378,8.0,20.0,,,,15.445907760996956,0.0,25.55064464580741,0.0,9.53789223900304,2.614,,,5.924208333333334,0.0,0.0,,3.1376666666666675,24.9838,7.3048599999999935,2.6140000000000003
4,700983.8353775128,4089.4566991868205,13.0,0.0,,,,0.0,0.0,25.550644645807402,0.0,24.983799999999995,2.614,,,5.8124861111111095,0.0,0.0,,3.1376666666666675,24.9838,7.3048599999999935,2.6140000000000003
