,cost,emission,grid,wood_supply,DHDC_small_heat,DHDC_medium_heat,DHDC_large_heat,wood_boiler_heat,wood_boiler_DHW,PV,SCFP,ASHP,ASHP_DHW,GSHP_heat,GSHP_cooling,battery,DHW_storage,heat_storage,geothermal_boreholes,demand_electricity,demand_space_heating,demand_space_cooling,demand_hot_water
0,869552.8845514952,1951.771049366665,2.0,22.0,,,,2000.0,2000.0,22.368486283656605,0.0,9.0,2.0,0.0,0.0,250.00000000000006,0.0,0.0,55.65794039855962,1.7743333333333335,15.947340000000002,0.0,1.4720000000000002
1,674751.2588999254,2202.0757476403915,5.0,11.0,,,,8.661840000000002,0.0,22.368486283656594,0.0,7.285499999999999,1.472,0.0,0.0,4.320069444444444,0.0,0.0,55.65794039855962,1.7743333333333335,15.947340000000002,0.0,1.4720000000000002
2,607705.3575766031,2452.3804459141284,6.0,11.0,,,,8.661840000000002,0.0,22.368486283656594,0.0,7.285499999999999,1.472,0.0,0.0,4.320069444444444,0.0,0.0,55.65794039855962,1.7743333333333335,15.947340000000002,0.0,1.4720000000000002
3,540676.5134609937,2702.6851441878607,6.0,11.0,,,,8.227188370529179,0.0,22.368486283656594,0.0,7.720151629470822,1.472,0.0,0.0,4.320069444444444,0.0,0.0,55.65794039855962,1.7743333333333335,15.947340000000002,0.0,1.4720000000000002
4,488457.6363424853,2952.9898424615976,9.0,0.0,,,,0.0,0.0,22.368486283656594,0.0,15.94734,1.472,0.0,0.0,4.320069444444444,0.0,0.0,55.65794039855962,1.7743333333333335,15.947340000000002,0.0,1.4720000000000002
