,cost,emission,grid,wood_supply,DHDC_small_heat,DHDC_medium_heat,DHDC_large_heat,wood_boiler_heat,wood_boiler_DHW,PV,SCFP,ASHP,ASHP_DHW,GSHP_heat,GSHP_cooling,battery,DHW_storage,heat_storage,geothermal_boreholes,demand_electricity,demand_space_heating,demand_space_cooling,demand_hot_water
0,823657.3765332204,1886.6620276193046,3.0,24.0,,,,2000.0,2000.0,15.798931161616553,0.0,6.0,2.0,,,250.00000000000006,0.0,0.0,,1.8338333333333334,17.271666666666665,4.7945199999999994,1.4218333333333335
1,636891.6022897958,2095.547764360505,5.0,15.0,,,,11.803999999999998,0.0,15.798931161616556,0.0,5.467666666666666,1.4218333333333333,,,3.5755833333333347,0.0,0.0,,1.8338333333333334,17.271666666666665,4.7945199999999994,1.4218333333333335
2,580940.0656626897,2304.4335011017,5.0,15.0,,,,11.803999999999998,0.0,15.798931161616556,0.0,5.467666666666666,1.4218333333333333,,,3.5755833333333347,0.0,0.0,,1.8338333333333334,17.271666666666665,4.7945199999999994,1.4218333333333335
3,524996.6766704286,2513.319237842895,5.0,14.0,,,,10.57695723268381,0.0,15.798931161616556,0.0,6.694709433982856,1.4218333333333333,,,3.5755833333333347,0.0,0.0,,1.8338333333333334,17.271666666666665,4.7945199999999994,1.4218333333333335
4,467510.519906419,2722.2049745840995,9.0,0.0,,,,0.0,0.0,15.798931161616553,0.0,17.271666666666665,1.4218333333333333,,,3.5755833333333333,0.0,0.0,,1.8338333333333334,17.271666666666665,4.7945199999999994,1.4218333333333335
