,cost,emission,grid,wood_supply,DHDC_small_heat,DHDC_medium_heat,DHDC_large_heat,wood_boiler_heat,wood_boiler_DHW,PV,SCFP,ASHP,ASHP_DHW,GSHP_heat,GSHP_cooling,battery,DHW_storage,heat_storage,geothermal_boreholes,demand_electricity,demand_space_heating,demand_space_cooling,demand_hot_water
0,2669598.3544711825,5639.515568618933,6.0,64.0,100.0,700.0,2000.0,2000.0,2000.0,44.227150930469406,0.0,17.0,6.0,0.0,0.0,250.00000000000006,0.0,0.0,70.95900565132858,5.53197,44.79484,0.0,5.01894
1,1675248.2527885982,6116.266120302671,6.0,31.0,50.0,0.0,0.0,18.430742374748032,5.018939999999999,44.227150930469406,0.0,10.737309321781797,5.015833333333333,0.0,0.0,10.676208333333335,0.0,0.0,70.95900565132858,5.53197,44.79484,0.0,5.01894
2,1228176.438196451,6593.0166719863855,6.0,18.0,50.0,0.0,0.0,7.943169211675364,5.018939999999999,44.227150930469406,0.0,10.737309321781803,5.015833333333333,0.0,0.0,10.676208333333335,0.0,0.0,70.95900565132858,5.53197,44.79484,0.0,5.01894
3,781226.9108676903,7069.767223670078,6.0,14.0,50.0,0.0,0.0,5.0,5.018939999999999,44.227150930469406,0.0,10.737309321781803,5.015833333333333,0.0,0.0,10.676208333333335,0.0,0.0,70.95900565132858,5.53197,44.79484,0.0,5.01894
4,511591.4018455651,7546.517775353819,8.0,0.0,50.0,0.0,0.0,0.0,0.0,44.227150930469406,0.0,0.0,5.018939999999999,0.0,0.0,10.676208333333335,0.0,0.0,70.95900565132858,5.53197,44.79484,0.0,5.01894
