,cost,emission,grid,wood_supply,DHDC_small_heat,DHDC_medium_heat,DHDC_large_heat,wood_boiler_heat,wood_boiler_DHW,PV,SCFP,ASHP,ASHP_DHW,GSHP_heat,GSHP_cooling,battery,DHW_storage,heat_storage,geothermal_boreholes,demand_electricity,demand_space_heating,demand_space_cooling,demand_hot_water
0,4407365.965307702,10780.135686192505,17.0,130.0,100.0,700.0,2000.0,2000.0,2000.0,83.11831491536682,0.0,33.0,9.0,,,250.00000000000006,0.0,0.0,,12.015573333333327,93.34844666666667,32.45873333333333,8.936470000000002
1,3061336.7098662425,11577.24043829184,17.0,67.0,50.0,0.0,0.0,43.34844666666667,8.93647,83.11831491536684,0.0,32.45873333333333,8.9155,,,16.879291666666674,0.0,0.0,,12.015573333333327,93.34844666666667,32.45873333333333,8.936470000000002
2,2314137.6465939493,12374.345190391228,17.0,67.0,50.0,0.0,0.0,43.34844666666667,8.93647,83.11831491536682,0.0,32.45873333333333,8.9155,,,16.879291666666667,0.0,0.0,,12.015573333333327,93.34844666666667,32.45873333333333,8.936470000000002
3,1570768.436252685,13171.449942490584,17.0,34.0,76.62192171559582,0.0,0.0,16.72652495107085,8.93647,83.11831491536684,0.0,32.45873333333333,8.9155,,,16.879291666666674,0.0,0.0,,12.015573333333327,93.34844666666667,32.45873333333333,8.936470000000002
4,1180938.7822398595,13968.554694589944,20.0,0.0,92.98529333333332,0.0,0.0,0.0,0.0,83.11831491536682,0.0,32.45873333333333,8.93647,,,16.491833333333336,0.0,0.0,,12.015573333333327,93.34844666666667,32.45873333333333,8.936470000000002
