,cost,emission,grid,wood_supply,DHDC_small_heat,DHDC_medium_heat,DHDC_large_heat,wood_boiler_heat,wood_boiler_DHW,PV,SCFP,ASHP,ASHP_DHW,GSHP_heat,GSHP_cooling,battery,DHW_storage,heat_storage,geothermal_boreholes,demand_electricity,demand_space_heating,demand_space_cooling,demand_hot_water
0,1590699.6834461791,3750.1017077730603,4.0,42.0,,,,2000.0,2000.0,26.81784286226864,0.0,4.0,4.0,0.0,0.0,250.00000000000006,0.0,0.0,58.772490003588054,3.380166666666667,29.78931999999997,0.0,3.1908333333333334
1,1295986.924731074,4176.699250292268,8.0,28.0,,,,22.17781999999997,0.0,26.81784286226864,0.0,7.6115,3.190833333333333,0.0,0.0,5.487569444444444,0.0,0.0,58.772490003588054,3.380166666666667,29.78931999999997,0.0,3.1908333333333334
2,1181719.7258419981,4603.296792811483,8.0,28.0,,,,22.17781999999997,0.0,26.81784286226864,0.0,7.6115,3.190833333333333,0.0,0.0,5.487569444444444,0.0,0.0,58.772490003588054,3.380166666666667,29.78931999999997,0.0,3.1908333333333334
3,1067854.8731557052,5029.894335330688,10.0,22.0,,,,17.569605493122594,0.0,26.81784286226864,0.0,12.219714506877374,3.190833333333333,0.0,0.0,5.487569444444444,0.0,0.0,58.772490003588054,3.380166666666667,29.78931999999997,0.0,3.1908333333333334
4,954284.8417608393,5456.491877849915,16.0,0.0,,,,0.0,0.0,26.81784286226864,0.0,29.789319999999968,3.190833333333333,0.0,0.0,5.145888888888889,0.0,0.0,58.772490003588054,3.380166666666667,29.78931999999997,0.0,3.1908333333333334
