,cost,emission,grid,wood_supply,DHDC_small_heat,DHDC_medium_heat,DHDC_large_heat,wood_boiler_heat,wood_boiler_DHW,PV,SCFP,ASHP,ASHP_DHW,GSHP_heat,GSHP_cooling,battery,DHW_storage,heat_storage,geothermal_boreholes,demand_electricity,demand_space_heating,demand_space_cooling,demand_hot_water
0,1621468.6390867522,3712.6539701606953,6.0,48.0,,,,2000.0,2000.0,20.545228906057677,0.0,9.0,3.0,,,250.00000000000006,0.0,0.0,,3.0811666666666664,35.24049999999999,8.5706,2.705833333333333
1,1333188.5551364361,4152.9138267488925,8.0,34.0,,,,26.66989999999999,0.0,20.54522890605768,0.0,8.5706,2.705833333333333,,,4.031152777777777,0.0,0.0,,3.0811666666666664,35.24049999999999,8.5706,2.705833333333333
2,1215261.807836032,4593.173683337069,8.0,34.0,,,,26.66989999999999,0.0,20.54522890605768,0.0,8.5706,2.705833333333333,,,4.031152777777777,0.0,0.0,,3.0811666666666664,35.24049999999999,8.5706,2.705833333333333
3,1097371.8471104999,5033.43353992527,10.0,27.0,,,,21.129801370174206,0.0,20.545228906057677,0.0,14.110698629825785,2.705833333333333,,,4.031152777777775,0.0,0.0,,3.0811666666666664,35.24049999999999,8.5706,2.705833333333333
4,978048.6753826384,5473.693396513491,18.0,0.0,,,,0.0,0.0,20.545228906057677,0.0,35.24049999999999,2.705833333333333,,,3.780819444444443,0.0,0.0,,3.0811666666666664,35.24049999999999,8.5706,2.705833333333333
