,cost,emission,grid,wood_supply,DHDC_small_heat,DHDC_medium_heat,DHDC_large_heat,wood_boiler_heat,wood_boiler_DHW,PV,SCFP,ASHP,ASHP_DHW,GSHP_heat,GSHP_cooling,battery,DHW_storage,heat_storage,geothermal_boreholes,demand_electricity,demand_space_heating,demand_space_cooling,demand_hot_water
0,1392501.8160141583,2252.147135520745,4.0,28.0,100.0,700.0,2000.0,2000.0,2000.0,15.638355087647998,0.0,6.0,2.0,,,250.00000000000006,0.0,0.0,,2.1796666666666664,20.010313333333333,5.966800000000003,1.9945000000000002
1,687165.343751488,2439.945027682141,4.0,13.0,50.0,0.0,0.0,7.516394957486716,5.0,15.638355087648002,0.0,5.966800000000003,1.9945,,,3.2134444444444448,0.0,0.0,,2.1796666666666664,20.010313333333333,5.966800000000003,1.9945000000000002
2,511084.44441209186,2627.7429198435498,4.0,10.0,50.0,0.0,0.0,5.0,5.0,15.638355087648002,0.0,5.966800000000003,1.9945,,,3.2134444444444448,0.0,0.0,,2.1796666666666664,20.010313333333333,5.966800000000003,1.9945000000000002
3,335044.33332515217,2815.5408120049424,4.0,9.0,50.0,0.0,0.0,5.0,5.0,15.638355087648002,0.0,5.966800000000003,1.9945,,,3.2134444444444448,0.0,0.0,,2.1796666666666664,20.010313333333333,5.966800000000003,1.9945000000000002
4,238816.45340428082,3003.3387041663445,5.0,0.0,50.0,0.0,0.0,0.0,0.0,15.638355087647998,0.0,5.966800000000003,1.9945,,,3.202291666666666,0.0,0.0,,2.1796666666666664,20.010313333333333,5.966800000000003,1.9945000000000002
