,cost,emission,grid,wood_supply,DHDC_small_heat,DHDC_medium_heat,DHDC_large_heat,wood_boiler_heat,wood_boiler_DHW,PV,SCFP,ASHP,ASHP_DHW,GSHP_heat,GSHP_cooling,battery,DHW_storage,heat_storage,geothermal_boreholes,demand_electricity,demand_space_heating,demand_space_cooling,demand_hot_water
0,2092378.7332252746,5986.766149263725,12.0,60.0,,,,2000.0,2000.0,59.05232037672132,0.0,11.0,5.0,0.0,13.0,250.00000000000006,0.0,0.0,81.33662426370493,8.053773333333334,43.321200000000005,22.6782,4.567166666666667
1,1735881.380119062,6489.758479236166,15.0,39.0,,,,30.613470000000007,0.0,59.05232037672132,0.0,12.707729999999998,4.567166666666667,0.0,12.363166888083146,12.50593055555556,0.0,0.0,81.33662426370493,8.053773333333334,43.321200000000005,22.6782,4.567166666666667
2,1601151.291733576,6992.750809208648,15.0,39.0,,,,30.613470000000007,0.0,59.05232037672132,0.0,12.707729999999998,4.567166666666667,0.0,12.363166888083146,12.50593055555556,0.0,0.0,81.33662426370493,8.053773333333334,43.321200000000005,22.6782,4.567166666666667
3,1466763.6989152567,7495.743139181108,17.0,33.0,,,,26.165551429103495,0.0,59.05232037672132,0.0,17.15564857089651,4.567166666666667,0.0,12.363166888083146,12.50593055555556,0.0,0.0,81.33662426370493,8.053773333333334,43.321200000000005,22.6782,4.567166666666667
4,1334411.4517995997,7998.735469153605,24.0,0.0,,,,0.0,0.0,59.05232037672132,0.0,43.321200000000005,4.567166666666667,0.0,12.363166888083146,12.50593055555556,0.0,0.0,81.33662426370493,8.053773333333334,43.321200000000005,22.6782,4.567166666666667
