,cost,emission,grid,wood_supply,DHDC_small_heat,DHDC_medium_heat,DHDC_large_heat,wood_boiler_heat,wood_boiler_DHW,PV,SCFP,ASHP,ASHP_DHW,GSHP_heat,GSHP_cooling,battery,DHW_storage,heat_storage,geothermal_boreholes,demand_electricity,demand_space_heating,demand_space_cooling,demand_hot_water
0,2471944.2020608457,5204.430054812736,8.0,62.0,100.0,700.0,2000.0,2000.0,2000.0,30.19348956394427,0.0,14.0,5.0,,,250.00000000000006,0.0,0.0,,5.322666666666667,44.73063333333332,13.892559999999998,4.237166666666666
1,1544067.968104741,5607.742197291685,8.0,27.0,50.0,0.0,0.0,16.694913044821455,5.0,30.193489563944276,0.0,13.892559999999998,4.225439999999999,,,5.531694444444446,0.0,0.0,,5.322666666666667,44.73063333333332,13.892559999999998,4.237166666666666
2,1165842.3253985122,6011.054339770622,8.0,15.0,50.0,0.0,0.0,6.555645842169349,5.0,30.193489563944276,0.0,13.892559999999998,4.225439999999999,,,5.531694444444446,0.0,0.0,,5.322666666666667,44.73063333333332,13.892559999999998,4.237166666666666
3,787755.8146333373,6414.36648224957,8.0,13.0,50.0,0.0,0.0,5.0,5.0,30.193489563944276,0.0,13.892559999999998,4.225439999999999,,,5.531694444444446,0.0,0.0,,5.322666666666667,44.73063333333332,13.892559999999998,4.237166666666666
4,591309.45221573,6817.678624728511,9.0,0.0,50.0,0.0,0.0,0.0,0.0,30.19348956394427,0.0,13.892559999999998,4.237166666666666,,,5.451055555555552,0.0,0.0,,5.322666666666667,44.73063333333332,13.892559999999998,4.237166666666666
