,cost,emission,grid,wood_supply,DHDC_small_heat,DHDC_medium_heat,DHDC_large_heat,wood_boiler_heat,wood_boiler_DHW,PV,SCFP,ASHP,ASHP_DHW,GSHP_heat,GSHP_cooling,battery,DHW_storage,heat_storage,geothermal_boreholes,demand_electricity,demand_space_heating,demand_space_cooling,demand_hot_water
0,796024.874959187,2080.6049941205997,3.0,34.0,,,,2000.0,2000.0,12.013811142377213,0.0,0.0,0.0,0.0,0.0,250.00000000000006,0.0,0.0,48.40966779966405,2.9158333333333335,25.090793333333334,0.0,1.3123033333333332
1,628768.309840621,2250.5501311833673,4.0,31.0,,,,24.34020422434276,0.0,12.013811142377213,0.0,0.7505891089905705,1.312303333333333,0.0,0.0,2.3200555555555558,0.0,0.0,48.40966779966405,2.9158333333333335,25.090793333333334,0.0,1.3123033333333332
2,583590.6181598147,2420.495268246148,6.0,26.0,,,,20.579212405914532,0.0,12.013811142377213,0.0,4.511580927418798,1.312303333333333,0.0,0.0,2.3200555555555553,0.0,0.0,48.40966779966405,2.9158333333333335,25.090793333333334,0.0,1.3123033333333332
3,538485.7245114231,2590.4404053089206,8.0,21.0,,,,16.020751514246726,0.0,12.013811142377213,0.0,9.070041819086608,1.312303333333333,0.0,0.0,2.3200555555555558,0.0,0.0,48.40966779966405,2.9158333333333335,25.090793333333334,0.0,1.3123033333333332
4,492822.3296703073,2760.3855423717087,14.0,0.0,,,,0.0,0.0,12.013811142377213,0.0,25.09079333333333,1.312303333333333,0.0,0.0,2.3200555555555553,0.0,0.0,48.40966779966405,2.9158333333333335,25.090793333333334,0.0,1.3123033333333332
