,cost,emission,grid,wood_supply,DHDC_small_heat,DHDC_medium_heat,DHDC_large_heat,wood_boiler_heat,wood_boiler_DHW,PV,SCFP,ASHP,ASHP_DHW,GSHP_heat,GSHP_cooling,battery,DHW_storage,heat_storage,geothermal_boreholes,demand_electricity,demand_space_heating,demand_space_cooling,demand_hot_water
0,2027172.7352013986,5410.814878110762,10.0,66.0,,,,2000.0,2000.0,44.697600681368534,0.0,19.0,5.0,,,250.00000000000006,0.0,0.0,,5.893999999999999,47.10945333333333,18.182476666666666,4.913833333333334
1,1663160.465847262,5908.1159693326335,11.0,44.0,,,,34.75861445720327,0.0,44.69760068136855,0.0,18.182476666666666,4.913833333333334,,,8.718208333333331,0.0,0.0,,5.893999999999999,47.10945333333333,18.182476666666666,4.913833333333334
2,1529860.291380647,6405.417060554515,14.0,37.0,,,,28.92697666666666,0.0,44.69760068136855,0.0,18.182476666666666,4.913833333333334,,,8.718208333333331,0.0,0.0,,5.893999999999999,47.10945333333333,18.182476666666666,4.913833333333334
3,1396654.6419462198,6902.718151776373,14.0,37.0,,,,28.92697666666666,0.0,44.69760068136855,0.0,18.182476666666666,4.913833333333334,,,8.718208333333331,0.0,0.0,,5.893999999999999,47.10945333333333,18.182476666666666,4.913833333333334
4,1265584.987859793,7400.019242998253,25.0,0.0,,,,0.0,0.0,44.697600681368534,0.0,47.10945333333332,4.913833333333334,,,8.699097222222225,0.0,0.0,,5.893999999999999,47.10945333333333,18.182476666666666,4.913833333333334
