,cost,emission,grid,wood_supply,DHDC_small_heat,DHDC_medium_heat,DHDC_large_heat,wood_boiler_heat,wood_boiler_DHW,PV,SCFP,ASHP,ASHP_DHW,GSHP_heat,GSHP_cooling,battery,DHW_storage,heat_storage,geothermal_boreholes,demand_electricity,demand_space_heating,demand_space_cooling,demand_hot_water
0,1845601.2033820893,4698.849163728451,8.0,58.0,,,,2000.0,2000.0,33.798151358987084,0.0,14.0,4.0,,,250.00000000000006,0.0,0.0,,4.808,41.10296333333333,13.70919999999999,4.043666666666667
1,1510445.007468517,5163.423328000728,10.0,36.0,,,,28.132512397505764,0.0,33.798151358987084,0.0,13.70919999999999,4.043666666666667,,,7.232902777777778,0.0,0.0,,4.808,41.10296333333333,13.70919999999999,4.043666666666667
2,1385993.5247957916,5627.997492272996,12.0,35.0,,,,27.39376333333334,0.0,33.79815135898709,0.0,13.70919999999999,4.043666666666667,,,7.232902777777778,0.0,0.0,,4.808,41.10296333333333,13.70919999999999,4.043666666666667
3,1261565.6741795402,6092.571656545275,12.0,33.0,,,,25.638105266208527,0.0,33.79815135898709,0.0,15.464858067124803,4.043666666666667,,,7.232902777777778,0.0,0.0,,4.808,41.10296333333333,13.70919999999999,4.043666666666667
4,1135731.9510760133,6557.145820817555,21.0,0.0,,,,0.0,0.0,33.798151358987084,0.0,41.10296333333333,4.043666666666667,,,6.893055555555556,0.0,0.0,,4.808,41.10296333333333,13.70919999999999,4.043666666666667
