,cost,emission,grid,wood_supply,DHDC_small_heat,DHDC_medium_heat,DHDC_large_heat,wood_boiler_heat,wood_boiler_DHW,PV,SCFP,ASHP,ASHP_DHW,GSHP_heat,GSHP_cooling,battery,DHW_storage,heat_storage,geothermal_boreholes,demand_electricity,demand_space_heating,demand_space_cooling,demand_hot_water
0,1547199.0099022407,2562.660410611913,4.0,34.0,100.0,700.0,2000.0,2000.0,2000.0,15.48240108227495,0.0,7.0,2.0,,,250.00000000000006,0.0,0.0,,2.3065,24.32036666666666,6.866640000000001,1.9891666666666665
1,806302.157552783,2788.844686161156,4.0,15.0,50.0,0.0,0.0,9.579552198208795,5.0,15.482401082274954,0.0,6.866640000000001,1.9891666666666663,,,3.1597083333333336,0.0,0.0,,2.3065,24.32036666666666,6.866640000000001,1.9891666666666665
2,594204.7544991431,3015.0289617104204,4.0,10.0,50.0,0.0,0.0,5.0,5.0,15.482401082274954,0.0,6.866640000000001,1.9891666666666663,,,3.1597083333333336,0.0,0.0,,2.3065,24.32036666666666,6.866640000000001,1.9891666666666665
3,382181.58141908474,3241.213237259649,4.0,10.0,50.0,0.0,0.0,5.0,5.0,15.482401082274954,0.0,6.866640000000001,1.9891666666666663,,,3.1597083333333336,0.0,0.0,,2.3065,24.32036666666666,6.866640000000001,1.9891666666666665
4,252008.20767541524,3467.3975128089005,5.0,0.0,50.0,0.0,0.0,0.0,0.0,15.48240108227495,0.0,6.866640000000001,1.9891666666666663,,,3.0151805555555553,0.0,0.0,,2.3065,24.32036666666666,6.866640000000001,1.9891666666666665
