,cost,emission,grid,wood_supply,DHDC_small_heat,DHDC_medium_heat,DHDC_large_heat,wood_boiler_heat,wood_boiler_DHW,PV,SCFP,ASHP,ASHP_DHW,GSHP_heat,GSHP_cooling,battery,DHW_storage,heat_storage,geothermal_boreholes,demand_electricity,demand_space_heating,demand_space_cooling,demand_hot_water
0,2644921.3397296355,7104.942956171516,12.0,87.0,,,,2000.0,2000.0,57.594991583645886,0.0,24.0,7.0,,,250.00000000000006,0.0,0.0,,7.657833333333333,62.30519999999999,23.957706666666663,6.362803333333333
1,2200690.8305443856,7765.36572760991,15.0,56.0,,,,44.62323434724239,0.0,57.594991583645886,0.0,23.957706666666663,6.362803333333333,,,11.661166666666668,0.0,0.0,,7.657833333333333,62.30519999999999,23.957706666666663,6.362803333333333
2,2023690.1504066205,8425.78849904827,18.0,48.0,,,,38.34749333333333,0.0,57.5949915836459,0.0,23.957706666666663,6.362803333333333,,,11.66116666666667,0.0,0.0,,7.657833333333333,62.30519999999999,23.957706666666663,6.362803333333333
3,1846791.1937713325,9086.211270486681,18.0,48.0,,,,38.34749333333333,0.0,57.5949915836459,0.0,23.957706666666663,6.362803333333333,,,11.66116666666667,0.0,0.0,,7.657833333333333,62.30519999999999,23.957706666666663,6.362803333333333
4,1671807.8976565322,9746.634041925061,34.0,0.0,,,,0.0,0.0,57.594991583645886,0.0,62.30519999999999,6.362803333333333,,,11.536527777777778,0.0,0.0,,7.657833333333333,62.30519999999999,23.957706666666663,6.362803333333333
