,cost,emission,grid,wood_supply,DHDC_small_heat,DHDC_medium_heat,DHDC_large_heat,wood_boiler_heat,wood_boiler_DHW,PV,SCFP,ASHP,ASHP_DHW,GSHP_heat,GSHP_cooling,battery,DHW_storage,heat_storage,geothermal_boreholes,demand_electricity,demand_space_heating,demand_space_cooling,demand_hot_water
0,3009235.062814242,6693.096434176022,11.0,73.0,100.0,700.0,2000.0,2000.0,2000.0,53.94490437426862,0.0,18.0,6.0,0.0,12.0,250.00000000000006,0.0,0.0,77.76143306198804,6.9816666666666665,51.49399999999998,24.507166666666667,5.989439999999999
1,1946898.690420247,7227.12629337384,11.0,35.0,50.0,0.0,0.0,20.84191688560384,5.989439999999999,53.94490437426862,0.0,12.68742884124448,5.981666666666666,0.0,11.81973782542219,11.460291666666667,0.0,0.0,77.76143306198804,6.9816666666666665,51.49399999999998,24.507166666666667,5.989439999999999
2,1446105.270261552,7761.156152571673,11.0,20.0,50.0,0.0,0.0,8.597247099443853,5.989439999999999,53.94490437426862,0.0,12.68742884124448,5.981666666666666,0.0,11.819737825422187,11.460291666666667,0.0,0.0,77.76143306198804,6.9816666666666665,51.49399999999998,24.507166666666667,5.989439999999999
3,945452.0161998093,8295.18601176947,11.0,15.0,50.0,0.0,0.0,5.0,5.989439999999999,53.94490437426862,0.0,12.68742884124448,5.981666666666666,0.0,11.819737825422187,11.460291666666667,0.0,0.0,77.76143306198804,6.9816666666666665,51.49399999999998,24.507166666666667,5.989439999999999
4,668660.9736122632,8829.215870967324,12.0,0.0,51.33499999999998,0.0,0.0,0.0,0.0,53.94490437426862,0.0,12.687428841244477,5.989439999999999,0.0,11.81973782542219,11.377333333333329,0.0,0.0,77.76143306198804,6.9816666666666665,51.49399999999998,24.507166666666667,5.989439999999999
