,cost,emission,grid,wood_supply,DHDC_small_heat,DHDC_medium_heat,DHDC_large_heat,wood_boiler_heat,wood_boiler_DHW,PV,SCFP,ASHP,ASHP_DHW,GSHP_heat,GSHP_cooling,battery,DHW_storage,heat_storage,geothermal_boreholes,demand_electricity,demand_space_heating,demand_space_cooling,demand_hot_water
0,1096722.7447353841,1377.3493925703476,2.0,18.0,100.0,700.0,2000.0,2000.0,2000.0,10.303562793684877,0.0,5.0,2.0,,,250.00000000000006,0.0,0.0,,1.139666666666667,13.016899999999984,4.108999999999999,1.0362733333333332
1,453409.41908954375,1511.005839658118,2.0,8.0,50.0,0.0,0.0,5.029768834343359,5.0,10.303562793684879,0.0,4.108999999999999,1.0362733333333332,,,2.0900138888888886,0.0,0.0,,1.139666666666667,13.016899999999984,4.108999999999999,1.0362733333333332
2,328120.5452963188,1644.6622867458987,2.0,8.0,50.0,0.0,0.0,5.0,5.0,10.303562793684879,0.0,4.108999999999999,1.0362733333333332,,,2.0900138888888886,0.0,0.0,,1.139666666666667,13.016899999999984,4.108999999999999,1.0362733333333332
3,202832.1540262138,1778.318733833673,2.0,8.0,50.0,0.0,0.0,5.0,5.0,10.303562793684877,0.0,4.108999999999999,1.0362733333333332,,,2.090013888888888,0.0,0.0,,1.139666666666667,13.016899999999984,4.108999999999999,1.0362733333333332
4,114011.02177566128,1911.9751809214551,2.0,0.0,50.0,0.0,0.0,0.0,0.0,10.303562793684877,0.0,4.108999999999999,1.0362733333333332,,,2.090013888888888,0.0,0.0,,1.139666666666667,13.016899999999984,4.108999999999999,1.0362733333333332
