,cost,emission,grid,wood_supply,DHDC_small_heat,DHDC_medium_heat,DHDC_large_heat,wood_boiler_heat,wood_boiler_DHW,PV,SCFP,ASHP,ASHP_DHW,GSHP_heat,GSHP_cooling,battery,DHW_storage,heat_storage,geothermal_boreholes,demand_electricity,demand_space_heating,demand_space_cooling,demand_hot_water
0,1200786.247104562,1852.0139434155096,3.0,24.0,100.0,700.0,2000.0,2000.0,2000.0,19.310511816336266,0.0,6.0,2.0,,,250.00000000000006,0.0,0.0,,2.0102166666666657,17.208833333333335,5.822666666666667,1.5136666666666667
1,539504.4367578912,2000.124947582961,3.0,11.0,50.0,0.0,0.0,6.6760536187631825,5.0,19.31051181633627,0.0,5.822666666666667,1.5136666666666667,,,4.059986111111112,0.0,0.0,,2.0102166666666657,17.208833333333335,5.822666666666667,1.5136666666666667
2,400639.3022155993,2148.235951750426,3.0,9.0,50.0,0.0,0.0,5.0,5.0,19.31051181633627,0.0,5.822666666666667,1.5136666666666667,,,4.059986111111112,0.0,0.0,,2.0102166666666657,17.208833333333335,5.822666666666667,1.5136666666666667
3,261801.33483080348,2296.3469559178807,3.0,9.0,50.0,0.0,0.0,5.0,5.0,19.31051181633627,0.0,5.822666666666667,1.5136666666666667,,,4.059986111111112,0.0,0.0,,2.0102166666666657,17.208833333333335,5.822666666666667,1.5136666666666667
4,176928.9730147957,2444.4579600853467,4.0,0.0,50.0,0.0,0.0,0.0,0.0,19.310511816336266,0.0,5.822666666666667,1.5136666666666667,,,4.059986111111111,0.0,0.0,,2.0102166666666657,17.208833333333335,5.822666666666667,1.5136666666666667
