,cost,emission,grid,wood_supply,DHDC_small_heat,DHDC_medium_heat,DHDC_large_heat,wood_boiler_heat,wood_boiler_DHW,PV,SCFP,ASHP,ASHP_DHW,GSHP_heat,GSHP_cooling,battery,DHW_storage,heat_storage,geothermal_boreholes,demand_electricity,demand_space_heating,demand_space_cooling,demand_hot_water
0,1703415.5132904164,3004.957516723327,4.0,38.0,100.0,700.0,2000.0,2000.0,2000.0,20.44836588979076,0.0,10.0,3.0,,,250.00000000000006,0.0,0.0,,2.721833333333333,27.249633333333332,9.575343333333334,2.5708333333333333
1,929318.5765067147,3263.4439827835286,4.0,17.0,50.0,0.0,0.0,10.258423617461721,5.0,20.448365889790765,0.0,9.575343333333334,2.570833333333333,,,3.863986111111111,0.0,0.0,,2.721833333333333,27.249633333333332,9.575343333333334,2.5708333333333333
2,686930.3771281089,3521.9304488437506,4.0,10.0,50.0,0.0,0.0,5.0,5.0,20.448365889790765,0.0,9.575343333333334,2.570833333333333,,,3.863986111111111,0.0,0.0,,2.721833333333333,27.249633333333332,9.575343333333334,2.5708333333333333
3,444627.41155169264,3780.4169149039367,4.0,10.0,50.0,0.0,0.0,5.0,5.0,20.44836588979076,0.0,9.575343333333334,2.570833333333333,,,3.863986111111111,0.0,0.0,,2.721833333333333,27.249633333333332,9.575343333333334,2.5708333333333333
4,308581.44175177574,4038.9033809641483,5.0,0.0,50.0,0.0,0.0,0.0,0.0,20.44836588979076,0.0,9.575343333333334,2.570833333333333,,,3.8639861111111102,0.0,0.0,,2.721833333333333,27.249633333333332,9.575343333333334,2.5708333333333333
