,cost,emission,grid,wood_supply,DHDC_small_heat,DHDC_medium_heat,DHDC_large_heat,wood_boiler_heat,wood_boiler_DHW,PV,SCFP,ASHP,ASHP_DHW,GSHP_heat,GSHP_cooling,battery,DHW_storage,heat_storage,geothermal_boreholes,demand_electricity,demand_space_heating,demand_space_cooling,demand_hot_water
0,3721023.496023762,12761.407810846351,56.0,181.0,100.0,700.0,2000.0,2000.0,2000.0,48.11548706949479,0.0,94.0,0.0,,,250.00000000000006,0.0,0.0,,29.376883333333335,139.15487666666664,93.53948333333334,7.335959999999999
1,2869814.083904413,13134.853052974076,56.0,122.0,50.0,0.0,0.0,89.15487666666664,7.335959999999998,48.11548706949479,0.0,93.53948333333334,0.0,,,11.378166666666667,0.0,0.0,,29.376883333333335,139.15487666666664,93.53948333333334,7.335959999999999
2,2519749.761283851,13508.298295101762,56.0,121.0,50.0,0.0,0.0,89.15487666666664,7.335959999999998,48.11548706949479,0.0,93.53948333333334,0.0,,,11.378166666666667,0.0,0.0,,29.376883333333335,139.15487666666664,93.53948333333334,7.335959999999999
3,2175181.1937696063,13881.743537229528,56.0,71.0,88.21204327135409,0.0,0.0,50.94283339531256,7.335959999999998,48.11548706949479,0.0,93.53948333333334,0.0,,,11.378166666666667,0.0,0.0,,29.376883333333335,139.15487666666664,93.53948333333334,7.335959999999999
4,1993087.1754024087,14255.188779357282,59.0,0.0,0.0,136.10687666666664,0.0,0.0,0.0,48.11548706949479,0.0,93.53948333333334,7.3359599999999965,,,11.347999999999999,0.0,0.0,,29.376883333333335,139.15487666666664,93.53948333333334,7.335959999999999
