,cost,emission,grid,wood_supply,DHDC_small_heat,DHDC_medium_heat,DHDC_large_heat,wood_boiler_heat,wood_boiler_DHW,PV,SCFP,ASHP,ASHP_DHW,GSHP_heat,GSHP_cooling,battery,DHW_storage,heat_storage,geothermal_boreholes,demand_electricity,demand_space_heating,demand_space_cooling,demand_hot_water
0,9649100.584812358,32598.623948393757,40.0,221.0,100.0,700.0,2000.0,2000.0,2000.0,225.4301693625124,0.0,0.0,22.0,0.0,0.0,250.00000000000006,0.0,0.0,197.8011185537587,39.671666666666674,151.24328333333335,0.0,22.001773333333333
1,7684526.592416929,33993.08382491789,40.0,158.0,50.0,0.0,0.0,101.24328333333335,22.001773333333333,225.4301693625124,0.0,0.0,21.83294,0.0,0.0,43.86227777777778,0.0,0.0,197.8011185537587,39.671666666666674,151.24328333333335,0.0,22.001773333333333
2,6380047.367612353,35387.543701441704,40.0,135.0,68.60165134567588,0.0,0.0,82.64163198765746,22.001773333333333,225.4301693625124,0.0,0.0,21.83294,0.0,0.0,43.86227777777778,0.0,0.0,197.8011185537587,39.671666666666674,151.24328333333335,0.0,22.001773333333333
3,5390021.037608169,36782.00357796556,41.0,18.0,0.0,151.24328333333335,0.0,0.0,12.085185843654298,225.4301693625124,0.0,0.0,21.83294,0.0,0.0,43.86227777777778,0.0,0.0,197.8011185537587,39.671666666666674,151.24328333333335,0.0,22.001773333333333
4,4766764.069810145,38176.46345448959,46.0,0.0,0.0,151.24328333333335,0.0,0.0,0.0,225.4301693625124,0.0,0.0,22.001773333333333,0.0,0.0,42.862944444444466,0.0,0.0,197.8011185537587,39.671666666666674,151.24328333333335,0.0,22.001773333333333
