,cost,emission,grid,wood_supply,DHDC_small_heat,DHDC_medium_heat,DHDC_large_heat,wood_boiler_heat,wood_boiler_DHW,PV,SCFP,ASHP,ASHP_DHW,GSHP_heat,GSHP_cooling,battery,DHW_storage,heat_storage,geothermal_boreholes,demand_electricity,demand_space_heating,demand_space_cooling,demand_hot_water
0,2905978.6004604353,6125.42156331184,6.0,67.0,100.0,700.0,2000.0,2000.0,2000.0,38.60885250417156,0.0,0.0,6.0,0.0,0.0,250.00000000000006,0.0,0.0,67.0261967529201,5.790166666666667,47.4266,0.0,5.242500000000001
1,1864534.797896016,6636.590640886849,6.0,32.0,50.0,0.0,0.0,19.0293192563932,5.23497,38.60885250417156,0.0,4.437599999999998,5.233636666666666,0.0,0.0,7.152833333333334,0.0,0.0,67.0261967529201,5.790166666666667,47.4266,0.0,5.242500000000001
2,1385190.5739770534,7147.759718461857,6.0,18.0,50.0,0.0,0.0,7.999920783886301,5.23497,38.60885250417156,0.0,4.437599999999998,5.233636666666666,0.0,0.0,7.152833333333334,0.0,0.0,67.0261967529201,5.790166666666667,47.4266,0.0,5.242500000000001
3,905976.4998829105,7658.928796036869,6.0,14.0,50.0,0.0,0.0,5.0,5.23497,38.60885250417156,0.0,4.437599999999998,5.233636666666666,0.0,0.0,7.152833333333334,0.0,0.0,67.0261967529201,5.790166666666667,47.4266,0.0,5.242500000000001
4,640577.1565335124,8170.097873611935,8.0,0.0,50.0,0.0,0.0,0.0,0.0,38.60885250417156,0.0,0.0,5.2425,0.0,0.0,6.6867916666666645,0.0,0.0,67.0261967529201,5.790166666666667,47.4266,0.0,5.242500000000001
