,cost,emission,grid,wood_supply,DHDC_small_heat,DHDC_medium_heat,DHDC_large_heat,wood_boiler_heat,wood_boiler_DHW,PV,SCFP,ASHP,ASHP_DHW,GSHP_heat,GSHP_cooling,battery,DHW_storage,heat_storage,geothermal_boreholes,demand_electricity,demand_space_heating,demand_space_cooling,demand_hot_water
0,3543714.5601299405,8440.31879367556,10.0,89.0,100.0,700.0,2000.0,2000.0,2000.0,63.13001058554683,0.0,0.0,9.0,0.0,0.0,250.00000000000006,0.0,0.0,84.19100740988279,9.246,61.74715999999999,0.0,8.099166666666667
1,2378966.492240872,9055.060483874098,10.0,41.0,50.0,0.0,0.0,23.506634602345585,8.099166666666667,63.13001058554683,0.0,8.61386666666667,8.066666666666666,0.0,0.0,12.581124999999995,0.0,0.0,84.19100740988279,9.246,61.74715999999999,0.0,8.099166666666667
2,1802522.368074107,9669.802174072654,10.0,27.0,50.0,0.0,0.0,11.747159999999989,8.099166666666667,63.13001058554683,0.0,8.61386666666667,8.066666666666666,0.0,0.0,12.581124999999995,0.0,0.0,84.19100740988279,9.246,61.74715999999999,0.0,8.099166666666667
3,1245071.887227966,10284.543864271156,10.0,11.0,61.74715999999999,0.0,0.0,0.0,7.587048970259511,63.13001058554683,0.0,0.0,8.066666666666666,0.0,0.0,12.581124999999995,0.0,0.0,84.19100740988279,9.246,61.74715999999999,0.0,8.099166666666667
4,969799.7569505657,10899.285554469754,12.0,0.0,61.74715999999999,0.0,0.0,0.0,0.0,63.13001058554683,0.0,0.0,8.099166666666667,0.0,0.0,12.322208333333336,0.0,0.0,84.19100740988279,9.246,61.74715999999999,0.0,8.099166666666667
