,cost,emission,grid,wood_supply,DHDC_small_heat,DHDC_medium_heat,DHDC_large_heat,wood_boiler_heat,wood_boiler_DHW,PV,SCFP,ASHP,ASHP_DHW,GSHP_heat,GSHP_cooling,battery,DHW_storage,heat_storage,geothermal_boreholes,demand_electricity,demand_space_heating,demand_space_cooling,demand_hot_water
0,943085.7525751358,2230.358436717002,4.0,27.0,,,,2000.0,2000.0,15.043900017150683,0.0,6.0,2.0,,,250.00000000000006,0.0,0.0,,2.3925799999999993,18.858213333333325,5.884799999999999,2.0498333333333334
1,731990.2808649915,2455.113318683665,5.0,18.0,,,,13.791262817660519,0.0,15.04390001715069,0.0,5.884799999999999,2.049833333333333,,,2.7421250000000015,0.0,0.0,,2.3925799999999993,18.858213333333325,5.884799999999999,2.0498333333333334
2,671774.8238137785,2679.868200650328,6.0,17.0,,,,12.973413333333326,0.0,15.04390001715069,0.0,5.884799999999999,2.049833333333333,,,2.7421250000000015,0.0,0.0,,2.3925799999999993,18.858213333333325,5.884799999999999,2.0498333333333334
3,611579.8044319864,2904.623082616987,6.0,15.0,,,,11.8919250007098,0.0,15.043900017150683,0.0,6.966288332623523,2.049833333333333,,,2.7421250000000015,0.0,0.0,,2.3925799999999993,18.858213333333325,5.884799999999999,2.0498333333333334
4,549852.0333791164,3129.3779645836457,10.0,0.0,,,,0.0,0.0,15.043900017150683,0.0,18.858213333333325,2.049833333333333,,,2.739638888888889,0.0,0.0,,2.3925799999999993,18.858213333333325,5.884799999999999,2.0498333333333334
