,cost,emission,grid,wood_supply,DHDC_small_heat,DHDC_medium_heat,DHDC_large_heat,wood_boiler_heat,wood_boiler_DHW,PV,SCFP,ASHP,ASHP_DHW,GSHP_heat,GSHP_cooling,battery,DHW_storage,heat_storage,geothermal_boreholes,demand_electricity,demand_space_heating,demand_space_cooling,demand_hot_water
0,3416523.8764748527,7698.210988172165,8.0,84.0,100.0,700.0,2000.0,2000.0,2000.0,52.84496233220642,0.0,0.0,7.0,0.0,0.0,250.00000000000006,0.0,0.0,76.9914736325445,7.615333333333335,58.46746666666667,0.0,6.986999999999999
1,2268614.6888384307,8305.081563271764,8.0,39.0,50.0,0.0,0.0,23.107562084652727,6.986999999999999,52.84496233220642,0.0,7.007666666666666,6.966666666666665,0.0,0.0,9.756583333333332,0.0,0.0,76.9914736325445,7.615333333333335,58.46746666666667,0.0,6.986999999999999
2,1699515.3357419232,8911.952138371355,8.0,22.0,50.0,0.0,0.0,9.278633868210603,6.986999999999999,52.84496233220642,0.0,7.007666666666666,6.966666666666665,0.0,0.0,9.756583333333332,0.0,0.0,76.9914736325445,7.615333333333335,58.46746666666667,0.0,6.986999999999999
3,1130761.0541147685,9518.822713470952,8.0,20.0,50.85013422333364,0.0,0.0,7.6173324433330265,6.986999999999999,52.84496233220642,0.0,5.9535,6.966666666666665,0.0,0.0,9.756583333333332,0.0,0.0,76.9914736325445,7.615333333333335,58.46746666666667,0.0,6.986999999999999
4,842923.9209390328,10125.693288570605,10.0,0.0,58.46746666666667,0.0,0.0,0.0,0.0,52.84496233220642,0.0,0.0,6.986999999999999,0.0,0.0,9.553763888888888,0.0,0.0,76.9914736325445,7.615333333333335,58.46746666666667,0.0,6.986999999999999
