,cost,emission,grid,wood_supply,DHDC_small_heat,DHDC_medium_heat,DHDC_large_heat,wood_boiler_heat,wood_boiler_DHW,PV,SCFP,ASHP,ASHP_DHW,GSHP_heat,GSHP_cooling,battery,DHW_storage,heat_storage,geothermal_boreholes,demand_electricity,demand_space_heating,demand_space_cooling,demand_hot_water
0,1276574.814238092,3035.5440604249297,5.0,37.0,,,,2000.0,2000.0,19.71529319463551,0.0,8.0,3.0,,,250.00000000000006,0.0,0.0,,2.935166666666667,26.7942,7.613000000000002,2.467166666666667
1,1025794.294539323,3360.3291681138553,7.0,24.0,,,,19.181199999999997,0.0,19.715293194635514,0.0,7.613000000000002,2.4671666666666665,,,4.018569444444443,0.0,0.0,,2.935166666666667,26.7942,7.613000000000002,2.467166666666667
2,938798.2835512139,3685.1142758027977,7.0,24.0,,,,19.181199999999997,0.0,19.715293194635514,0.0,7.613000000000002,2.4671666666666665,,,4.018569444444443,0.0,0.0,,2.935166666666667,26.7942,7.613000000000002,2.467166666666667
3,851819.1978460321,4009.899383491731,8.0,21.0,,,,16.632233779263295,0.0,19.71529319463551,0.0,10.161966220736703,2.4671666666666665,,,4.018569444444442,0.0,0.0,,2.935166666666667,26.7942,7.613000000000002,2.467166666666667
4,763367.5983883506,4334.684491180653,14.0,0.0,,,,0.0,0.0,19.71529319463551,0.0,26.794199999999996,2.4671666666666665,,,3.834236111111112,0.0,0.0,,2.935166666666667,26.7942,7.613000000000002,2.467166666666667
