,cost,emission,grid,wood_supply,DHDC_small_heat,DHDC_medium_heat,DHDC_large_heat,wood_boiler_heat,wood_boiler_DHW,PV,SCFP,ASHP,ASHP_DHW,GSHP_heat,GSHP_cooling,battery,DHW_storage,heat_storage,geothermal_boreholes,demand_electricity,demand_space_heating,demand_space_cooling,demand_hot_water
0,2743793.1902177595,5747.158399978863,6.0,64.0,100.0,700.0,2000.0,2000.0,2000.0,44.338710384240066,0.0,8.0,5.0,0.0,0.0,250.00000000000006,0.0,0.0,71.03709726896805,5.44,45.078999999999986,0.0,5.020803333333333
1,1733042.1079019506,6235.069262533758,6.0,31.0,50.0,0.0,0.0,18.366493841649856,5.020803333333333,44.338710384240066,0.0,8.372419688520948,5.018666666666666,0.0,0.0,9.109194444444443,0.0,0.0,71.03709726896805,5.44,45.078999999999986,0.0,5.020803333333333
2,1275508.2727550925,6722.980125088664,6.0,17.0,50.0,0.0,0.0,7.851640144463182,5.020803333333333,44.338710384240066,0.0,8.372419688520948,5.018666666666666,0.0,0.0,9.109194444444443,0.0,0.0,71.03709726896805,5.44,45.078999999999986,0.0,5.020803333333333
3,818098.6506567291,7210.890987643561,6.0,14.0,50.0,0.0,0.0,5.0,5.020803333333333,44.338710384240066,0.0,8.372419688520957,5.018666666666666,0.0,0.0,9.109194444444443,0.0,0.0,71.03709726896805,5.44,45.078999999999986,0.0,5.020803333333333
4,550841.9424750063,7698.801850198556,8.0,0.0,50.0,0.0,0.0,0.0,0.0,44.338710384240066,0.0,0.0,5.020803333333333,0.0,0.0,8.88979166666667,0.0,0.0,71.03709726896805,5.44,45.078999999999986,0.0,5.020803333333333
