,cost,emission,grid,wood_supply,DHDC_small_heat,DHDC_medium_heat,DHDC_large_heat,wood_boiler_heat,wood_boiler_DHW,PV,SCFP,ASHP,ASHP_DHW,GSHP_heat,GSHP_cooling,battery,DHW_storage,heat_storage,geothermal_boreholes,demand_electricity,demand_space_heating,demand_space_cooling,demand_hot_water
0,512327.4280323325,1601.7642294498296,5.0,12.0,,,,2000.0,2000.0,22.81874520445191,0.0,6.0,3.0,,,250.00000000000006,0.0,0.0,,2.515046666666666,6.991733333333332,5.842659999999998,2.1031666666666666
1,363843.9971397846,1679.3231224058677,5.0,12.0,,,,6.991733333333331,5.0,22.818745204451915,0.0,5.842659999999998,2.0945,,,5.511916666666669,0.0,0.0,,2.515046666666666,6.991733333333332,5.842659999999998,2.1031666666666666
2,329266.6578652668,1756.8820153619042,6.0,11.0,,,,6.991733333333331,5.0,22.818745204451915,0.0,5.842659999999998,2.0945,,,5.511916666666669,0.0,0.0,,2.515046666666666,6.991733333333332,5.842659999999998,2.1031666666666666
3,305393.0903756877,1834.4409083179403,6.0,7.0,,,,5.0,0.0,22.818745204451915,0.0,5.842659999999998,2.1031666666666666,,,5.511916666666669,0.0,0.0,,2.515046666666666,6.991733333333332,5.842659999999998,2.1031666666666666
4,283041.8228350569,1911.9998012739734,6.0,0.0,,,,0.0,0.0,22.81874520445191,0.0,6.991733333333329,2.1031666666666666,,,5.158875,0.0,0.0,,2.515046666666666,6.991733333333332,5.842659999999998,2.1031666666666666
