,cost,emission,grid,wood_supply,DHDC_small_heat,DHDC_medium_heat,DHDC_large_heat,wood_boiler_heat,wood_boiler_DHW,PV,SCFP,ASHP,ASHP_DHW,GSHP_heat,GSHP_cooling,battery,DHW_storage,heat_storage,geothermal_boreholes,demand_electricity,demand_space_heating,demand_space_cooling,demand_hot_water
0,1466941.897622537,2243.560420773464,3.0,25.0,100.0,700.0,2000.0,2000.0,2000.0,13.57258630715539,0.0,0.0,2.0,0.0,8.0,250.00000000000006,0.0,0.0,49.50081041500877,1.8226666666666667,17.420799999999996,7.345593333333333,1.8571666666666669
1,738097.9174171153,2458.812228199092,3.0,12.0,50.0,0.0,0.0,7.120658920667662,4.999999999,13.57258630715539,0.0,1.953866666666666,1.838166666666667,0.0,7.345593333333333,2.356527777777777,0.0,0.0,49.50081041500877,1.8226666666666667,17.420799999999996,7.345593333333333,1.8571666666666669
2,536288.3711251987,2674.0640356247322,3.0,9.0,50.0,0.0,0.0,5.0,5.0,13.57258630715539,0.0,1.953866666666666,1.838166666666667,0.0,7.345593333333333,2.356527777777777,0.0,0.0,49.50081041500877,1.8226666666666667,17.420799999999996,7.345593333333333,1.8571666666666669
3,334513.19859928195,2889.3158430503395,3.0,9.0,50.0,0.0,0.0,5.0,5.0,13.57258630715539,0.0,1.953866666666666,1.838166666666667,0.0,7.345593333333333,2.356527777777777,0.0,0.0,49.50081041500877,1.8226666666666667,17.420799999999996,7.345593333333333,1.8571666666666669
4,207383.42283507428,3104.5676504759517,4.0,0.0,50.0,0.0,0.0,0.0,0.0,13.57258630715539,0.0,0.0,1.8571666666666666,0.0,7.345593333333334,2.3565277777777776,0.0,0.0,49.50081041500877,1.8226666666666667,17.420799999999996,7.345593333333333,1.8571666666666669
