,cost,emission,grid,wood_supply,DHDC_small_heat,DHDC_medium_heat,DHDC_large_heat,wood_boiler_heat,wood_boiler_DHW,PV,SCFP,ASHP,ASHP_DHW,GSHP_heat,GSHP_cooling,battery,DHW_storage,heat_storage,geothermal_boreholes,demand_electricity,demand_space_heating,demand_space_cooling,demand_hot_water
0,2354721.887123338,4869.1458035825735,8.0,63.0,100.0,700.0,2000.0,2000.0,2000.0,36.22424464925402,0.0,17.0,5.0,,,250.00000000000006,0.0,0.0,,4.785073333333332,44.851753333333335,16.457666666666668,4.332833333333333
1,1437822.7576477963,5269.267159684375,8.0,28.0,50.0,0.0,0.0,17.15834170123299,5.0,36.224244649254025,0.0,16.457666666666668,4.332833333333333,,,8.55915277777778,0.0,0.0,,4.785073333333332,44.851753333333335,16.457666666666668,4.332833333333333
2,1062586.618883601,5669.38851578618,8.0,15.0,50.0,0.0,0.0,6.925826199248158,5.0,36.224244649254025,0.0,16.457666666666668,4.332833333333333,,,8.55915277777778,0.0,0.0,,4.785073333333332,44.851753333333335,16.457666666666668,4.332833333333333
3,687485.123268017,6069.509871887983,8.0,13.0,50.0,0.0,0.0,5.0,5.0,36.224244649254025,0.0,16.457666666666668,4.332833333333333,,,8.55915277777778,0.0,0.0,,4.785073333333332,44.851753333333335,16.457666666666668,4.332833333333333
4,476464.8517304392,6469.631227989802,9.0,0.0,50.0,0.0,0.0,0.0,0.0,36.22424464925402,0.0,16.457666666666668,4.332833333333333,,,8.437958333333334,0.0,0.0,,4.785073333333332,44.851753333333335,16.457666666666668,4.332833333333333
