,cost,emission,grid,wood_supply,DHDC_small_heat,DHDC_medium_heat,DHDC_large_heat,wood_boiler_heat,wood_boiler_DHW,PV,SCFP,ASHP,ASHP_DHW,GSHP_heat,GSHP_cooling,battery,DHW_storage,heat_storage,geothermal_boreholes,demand_electricity,demand_space_heating,demand_space_cooling,demand_hot_water
0,3384600.7610031855,7713.929970389336,13.0,81.0,100.0,700.0,2000.0,2000.0,2000.0,51.425672673614976,0.0,17.0,7.0,0.0,12.0,250.00000000000006,0.0,0.0,75.9979708715305,8.018166666666668,57.156016666666666,27.724733333333333,6.6873499999999995
1,2252545.694238334,8305.643515215359,13.0,38.0,50.0,0.0,0.0,22.538118246064855,6.6873499999999995,51.425672673614976,0.0,16.1730417608607,6.670183333333332,0.0,11.551691572472635,9.546569444444444,0.0,0.0,75.9979708715305,8.018166666666668,57.156016666666666,27.724733333333333,6.6873499999999995
2,1697659.4954997445,8897.357060041366,13.0,21.0,50.0,0.0,0.0,9.022965025433614,6.6873499999999995,51.425672673614976,0.0,16.173041760860695,6.670183333333332,0.0,11.551691572472638,9.546569444444444,0.0,0.0,75.9979708715305,8.018166666666668,57.156016666666666,27.724733333333333,6.6873499999999995
3,1143082.7987133916,9489.070604867378,13.0,18.0,50.83920173859498,0.0,0.0,6.316814928071683,6.6873499999999995,51.425672673614976,0.0,16.1730417608607,6.670183333333332,0.0,11.551691572472635,9.546569444444444,0.0,0.0,75.9979708715305,8.018166666666668,57.156016666666666,27.724733333333333,6.6873499999999995
4,864936.6299673533,10080.784149693352,15.0,0.0,56.979016666666666,0.0,0.0,0.0,0.0,51.425672673614976,0.0,16.1730417608607,6.6873499999999995,0.0,11.551691572472635,9.162986111111113,0.0,0.0,75.9979708715305,8.018166666666668,57.156016666666666,27.724733333333333,6.6873499999999995
