,cost,emission,grid,wood_supply,DHDC_small_heat,DHDC_medium_heat,DHDC_large_heat,wood_boiler_heat,wood_boiler_DHW,PV,SCFP,ASHP,ASHP_DHW,GSHP_heat,GSHP_cooling,battery,DHW_storage,heat_storage,geothermal_boreholes,demand_electricity,demand_space_heating,demand_space_cooling,demand_hot_water
0,1851591.1324328484,4718.50582995838,8.0,58.0,,,,2000.0,2000.0,34.15754355041855,0.0,14.0,4.0,,,250.00000000000006,0.0,0.0,,5.184333333333334,41.622899999999994,13.128440000000007,3.9591666666666665
1,1516736.3143625255,5188.419144405081,10.0,36.0,,,,28.49445999999999,0.0,34.15754355041856,0.0,13.128440000000007,3.9591666666666665,,,7.752777777777777,0.0,0.0,,5.184333333333334,41.622899999999994,13.128440000000007,3.9591666666666665
2,1390866.676564305,5658.332458851771,11.0,36.0,,,,28.49445999999999,0.0,34.15754355041856,0.0,13.128440000000007,3.9591666666666665,,,7.752777777777777,0.0,0.0,,5.184333333333334,41.622899999999994,13.128440000000007,3.9591666666666665
3,1265015.0896022338,6128.245773298467,12.0,33.0,,,,25.77598422574289,0.0,34.15754355041855,0.0,15.846915774257107,3.9591666666666665,,,7.752777777777775,0.0,0.0,,5.184333333333334,41.622899999999994,13.128440000000007,3.9591666666666665
4,1137761.1506328348,6598.159087745169,22.0,0.0,,,,0.0,0.0,34.15754355041855,0.0,41.622899999999994,3.9591666666666665,,,7.440027777777776,0.0,0.0,,5.184333333333334,41.622899999999994,13.128440000000007,3.9591666666666665
