,cost,emission,grid,wood_supply,DHDC_small_heat,DHDC_medium_heat,DHDC_large_heat,wood_boiler_heat,wood_boiler_DHW,PV,SCFP,ASHP,ASHP_DHW,GSHP_heat,GSHP_cooling,battery,DHW_storage,heat_storage,geothermal_boreholes,demand_electricity,demand_space_heating,demand_space_cooling,demand_hot_water
0,875505.8552181413,1932.809730708755,3.0,24.0,,,,2000.0,2000.0,11.666815580118602,0.0,6.0,2.0,,,250.00000000000006,0.0,0.0,,1.6911666666666667,17.119666666666664,5.594566666666666,1.6648333333333332
1,679136.4292561663,2152.5015270071544,4.0,15.0,,,,11.525099999999998,0.0,11.666815580118604,0.0,5.594566666666666,1.6648333333333332,,,2.192041666666668,0.0,0.0,,1.6911666666666667,17.119666666666664,5.594566666666666,1.6648333333333332
2,620290.4123905274,2372.1933233055397,5.0,15.0,,,,11.525099999999998,0.0,11.666815580118604,0.0,5.594566666666666,1.6648333333333332,,,2.192041666666668,0.0,0.0,,1.6911666666666667,17.119666666666664,5.594566666666666,1.6648333333333332
3,561522.0729468011,2591.885119603933,5.0,14.0,,,,10.674179451556762,0.0,11.666815580118604,0.0,6.4454872151099005,1.6648333333333332,,,2.192041666666668,0.0,0.0,,1.6911666666666667,17.119666666666664,5.594566666666666,1.6648333333333332
4,502047.3177550219,2811.5769159023466,9.0,0.0,,,,0.0,0.0,11.666815580118602,0.0,17.119666666666664,1.6648333333333332,,,2.1780833333333325,0.0,0.0,,1.6911666666666667,17.119666666666664,5.594566666666666,1.6648333333333332
