,cost,emission,grid,wood_supply,DHDC_small_heat,DHDC_medium_heat,DHDC_large_heat,wood_boiler_heat,wood_boiler_DHW,PV,SCFP,ASHP,ASHP_DHW,GSHP_heat,GSHP_cooling,battery,DHW_storage,heat_storage,geothermal_boreholes,demand_electricity,demand_space_heating,demand_space_cooling,demand_hot_water
0,1478638.2973777694,2310.9835961542717,2.0,26.0,100.0,700.0,2000.0,2000.0,2000.0,15.622795463547599,0.0,3.0,2.0,0.0,0.0,250.00000000000006,0.0,0.0,50.93595682448333,1.9164999999999999,18.517560000000007,0.0,1.9751666666666667
1,746660.3309282998,2529.2668484346914,2.0,13.0,50.0,0.0,0.0,7.57840248415396,5.0,15.622795463547599,0.0,2.885,1.9751666666666667,0.0,0.0,3.0779166666666655,0.0,0.0,50.93595682448333,1.9164999999999999,18.517560000000007,0.0,1.9751666666666667
2,542001.7150232608,2747.5501007151183,2.0,10.0,50.0,0.0,0.0,5.0,5.0,15.622795463547599,0.0,2.885,1.9751666666666667,0.0,0.0,3.0779166666666655,0.0,0.0,50.93595682448333,1.9164999999999999,18.517560000000007,0.0,1.9751666666666667
3,337384.89245085884,2965.8333529955116,2.0,9.0,50.0,0.0,0.0,5.0,5.0,15.622795463547599,0.0,2.885,1.9751666666666667,0.0,0.0,3.0779166666666655,0.0,0.0,50.93595682448333,1.9164999999999999,18.517560000000007,0.0,1.9751666666666667
4,208727.64938548033,3184.116605275922,3.0,0.0,50.0,0.0,0.0,0.0,0.0,15.622795463547599,0.0,0.0,1.9751666666666667,0.0,0.0,2.9281388888888893,0.0,0.0,50.93595682448333,1.9164999999999999,18.517560000000007,0.0,1.9751666666666667
