,cost,emission,grid,wood_supply,DHDC_small_heat,DHDC_medium_heat,DHDC_large_heat,wood_boiler_heat,wood_boiler_DHW,PV,SCFP,ASHP,ASHP_DHW,GSHP_heat,GSHP_cooling,battery,DHW_storage,heat_storage,geothermal_boreholes,demand_electricity,demand_space_heating,demand_space_cooling,demand_hot_water
0,1434014.731555886,3702.641286758499,7.0,47.0,,,,2000.0,2000.0,29.587342876452187,0.0,13.0,4.0,,,250.00000000000006,0.0,0.0,,3.9945000000000004,32.90146666666666,12.368166666666667,3.450833333333333
1,1155556.5910756036,4055.1401031933187,8.0,30.0,,,,23.799577950182833,0.0,29.587342876452198,0.0,12.368166666666667,3.4508333333333328,,,6.571250000000001,0.0,0.0,,3.9945000000000004,32.90146666666666,12.368166666666667,3.450833333333333
2,1061084.322137015,4407.638919628159,10.0,26.0,,,,20.53329999999999,0.0,29.587342876452198,0.0,12.368166666666667,3.4508333333333328,,,6.571250000000001,0.0,0.0,,3.9945000000000004,32.90146666666666,12.368166666666667,3.450833333333333
3,966664.9963062598,4760.13773606298,10.0,26.0,,,,20.53329999999999,0.0,29.587342876452198,0.0,12.368166666666667,3.4508333333333328,,,6.571250000000001,0.0,0.0,,3.9945000000000004,32.90146666666666,12.368166666666667,3.450833333333333
4,872573.7322365,5112.63655249781,18.0,0.0,,,,0.0,0.0,29.587342876452187,0.0,32.90146666666666,3.4508333333333328,,,6.242902777777776,0.0,0.0,,3.9945000000000004,32.90146666666666,12.368166666666667,3.450833333333333
