,cost,emission,grid,wood_supply,DHDC_small_heat,DHDC_medium_heat,DHDC_large_heat,wood_boiler_heat,wood_boiler_DHW,PV,SCFP,ASHP,ASHP_DHW,GSHP_heat,GSHP_cooling,battery,DHW_storage,heat_storage,geothermal_boreholes,demand_electricity,demand_space_heating,demand_space_cooling,demand_hot_water
0,891678.4604832917,1275.336067772158,4.0,10.0,100.0,700.0,2000.0,2000.0,2000.0,13.117433887328588,0.0,5.0,2.0,,,250.00000000000006,0.0,0.0,,1.8515,5.506360000000001,4.234733333333332,1.5423333333333336
1,309406.3498291089,1333.6520874085932,4.0,9.0,50.0,0.0,0.0,5.0,5.0,13.11743388732859,0.0,4.234733333333332,1.5230000000000001,,,2.482319444444445,0.0,0.0,,1.8515,5.506360000000001,4.234733333333332,1.5423333333333336
2,259964.18860717505,1391.9681070450292,4.0,3.0,50.0,0.0,0.0,0.0,5.0,13.117433887328591,0.0,4.234733333333332,1.5230000000000001,,,2.482319444444445,0.0,0.0,,1.8515,5.506360000000001,4.234733333333332,1.5423333333333336
3,233965.7154565661,1450.2841266814646,4.0,3.0,50.0,0.0,0.0,0.0,5.0,13.117433887328591,0.0,4.234733333333332,1.5230000000000001,,,2.482319444444445,0.0,0.0,,1.8515,5.506360000000001,4.234733333333332,1.5423333333333336
4,206422.2462143801,1508.600146317894,4.0,0.0,50.0,0.0,0.0,0.0,0.0,13.117433887328588,0.0,4.234733333333332,1.5423333333333336,,,2.2994136897776722,0.0,0.0,,1.8515,5.506360000000001,4.234733333333332,1.5423333333333336
