,cost,emission,grid,wood_supply,DHDC_small_heat,DHDC_medium_heat,DHDC_large_heat,wood_boiler_heat,wood_boiler_DHW,PV,SCFP,ASHP,ASHP_DHW,GSHP_heat,GSHP_cooling,battery,DHW_storage,heat_storage,geothermal_boreholes,demand_electricity,demand_space_heating,demand_space_cooling,demand_hot_water
0,1600706.0458887,2717.9092401446524,4.0,31.0,100.0,700.0,2000.0,2000.0,2000.0,23.612310330442863,0.0,8.0,3.0,0.0,9.0,250.00000000000006,0.0,0.0,56.52861723131,2.4843333333333333,21.2715,9.022166666666667,2.4779999999999998
1,840327.2553700655,2965.7861033713853,4.0,15.0,50.0,0.0,0.0,8.845729101485245,5.0,23.612310330442863,0.0,6.9881666666666655,2.4779999999999998,0.0,8.592349819159123,5.990319444444445,0.0,0.0,56.52861723131,2.4843333333333333,21.2715,9.022166666666667,2.4779999999999998
2,607907.3005261634,3213.6629665981172,4.0,10.0,50.0,0.0,0.0,5.0,5.0,23.612310330442863,0.0,7.1948333333333325,2.4779999999999998,0.0,8.592349819159123,5.990319444444445,0.0,0.0,56.52861723131,2.4843333333333333,21.2715,9.022166666666667,2.4779999999999998
3,375549.68438845186,3461.5398298248047,4.0,10.0,50.0,0.0,0.0,5.0,5.0,23.612310330442863,0.0,7.1948333333333325,2.4779999999999998,0.0,8.59234981915912,5.990319444444445,0.0,0.0,56.52861723131,2.4843333333333333,21.2715,9.022166666666667,2.4779999999999998
4,226013.74066046803,3709.416693051545,5.0,0.0,50.0,0.0,0.0,0.0,0.0,23.612310330442863,0.0,0.42981684750754745,2.4779999999999998,0.0,8.59234981915912,5.607433895644323,0.0,0.0,56.52861723131,2.4843333333333333,21.2715,9.022166666666667,2.4779999999999998
