,cost,emission,grid,wood_supply,DHDC_small_heat,DHDC_medium_heat,DHDC_large_heat,wood_boiler_heat,wood_boiler_DHW,PV,SCFP,ASHP,ASHP_DHW,GSHP_heat,GSHP_cooling,battery,DHW_storage,heat_storage,geothermal_boreholes,demand_electricity,demand_space_heating,demand_space_cooling,demand_hot_water
0,375959.0005306256,1016.2716018462849,3.0,8.0,,,,2000.0,2000.0,13.93451603919329,0.0,4.0,2.0,,,250.00000000000006,0.0,0.0,,1.5243333333333335,4.84462,3.4119466666666667,1.350666666666667
1,246221.7611609562,1072.1485263460186,3.0,8.0,,,,5.0,5.0,13.934516039193294,0.0,3.4119466666666667,1.343833333333333,,,3.198611111111112,0.0,0.0,,1.5243333333333335,4.84462,3.4119466666666667,1.350666666666667
2,220151.61533517292,1128.0254508457492,3.0,7.0,,,,5.0,0.0,13.93451603919329,0.0,3.4119466666666667,1.3506666666666667,,,3.198611111111111,0.0,0.0,,1.5243333333333335,4.84462,3.4119466666666667,1.350666666666667
3,205184.5819870295,1183.9023753454846,3.0,6.0,,,,5.0,0.0,13.934516039193294,0.0,3.4119466666666667,1.3506666666666667,,,3.198611111111112,0.0,0.0,,1.5243333333333335,4.84462,3.4119466666666667,1.350666666666667
4,188652.50485154986,1239.779299845218,4.0,0.0,,,,0.0,0.0,13.93451603919329,0.0,4.844619999999998,1.3506666666666667,,,2.8723333333333336,0.0,0.0,,1.5243333333333335,4.84462,3.4119466666666667,1.350666666666667
