,cost,emission,grid,wood_supply,DHDC_small_heat,DHDC_medium_heat,DHDC_large_heat,wood_boiler_heat,wood_boiler_DHW,PV,SCFP,ASHP,ASHP_DHW,GSHP_heat,GSHP_cooling,battery,DHW_storage,heat_storage,geothermal_boreholes,demand_electricity,demand_space_heating,demand_space_cooling,demand_hot_water
0,2162318.1044314085,4793.041240057833,10.0,54.0,100.0,700.0,2000.0,2000.0,2000.0,41.31557845472606,0.0,15.0,5.0,,,250.00000000000006,0.0,0.0,,5.714500000000001,37.67626666666666,14.26597333333333,4.6898333333333335
1,1304549.9126086393,5116.341265831083,10.0,23.0,50.0,0.0,0.0,12.994897348585596,5.0,41.315578454726065,0.0,14.26597333333333,4.658833333333333,,,8.494680555555558,0.0,0.0,,5.714500000000001,37.67626666666666,14.26597333333333,4.6898333333333335
2,1001361.6904414401,5439.641291604246,10.0,13.0,50.0,0.0,0.0,5.0,5.0,41.315578454726065,0.0,14.26597333333333,4.658833333333333,,,8.494680555555558,0.0,0.0,,5.714500000000001,37.67626666666666,14.26597333333333,4.6898333333333335
3,725802.777804699,5762.941317377563,10.0,7.0,50.0,0.0,0.0,0.0,5.0,41.315578454726065,0.0,14.26597333333333,4.658833333333333,,,8.494680555555558,0.0,0.0,,5.714500000000001,37.67626666666666,14.26597333333333,4.6898333333333335
4,579983.8317484307,6086.241343150794,11.0,0.0,50.0,0.0,0.0,0.0,0.0,41.31557845472606,0.0,14.26597333333333,4.6898333333333335,,,8.494680555555554,0.0,0.0,,5.714500000000001,37.67626666666666,14.26597333333333,4.6898333333333335
