,cost,emission,grid,wood_supply,DHDC_small_heat,DHDC_medium_heat,DHDC_large_heat,wood_boiler_heat,wood_boiler_DHW,PV,SCFP,ASHP,ASHP_DHW,GSHP_heat,GSHP_cooling,battery,DHW_storage,heat_storage,geothermal_boreholes,demand_electricity,demand_space_heating,demand_space_cooling,demand_hot_water
0,1270783.992735779,1914.6255221470792,3.0,24.0,100.0,700.0,2000.0,2000.0,2000.0,15.716469835545357,0.0,6.0,2.0,,,250.00000000000006,0.0,0.0,,1.9476666666666667,17.582960000000003,4.704999999999999,1.3921666666666666
1,590342.8684589536,2083.893597235582,3.0,11.0,50.0,0.0,0.0,6.816473690862415,5.0,15.716469835545363,0.0,4.708576995765055,1.3921666666666666,,,3.7028333333333348,0.0,0.0,,1.9476666666666667,17.582960000000003,4.704999999999999,1.3921666666666666
2,431643.0035404789,2253.1616723241013,3.0,9.0,50.0,0.0,0.0,5.0,5.0,15.716469835545363,0.0,4.708576995765056,1.3921666666666666,,,3.7028333333333348,0.0,0.0,,1.9476666666666667,17.582960000000003,4.704999999999999,1.3921666666666666
3,272972.58184881747,2422.429747412609,3.0,8.0,50.0,0.0,0.0,5.0,5.0,15.716469835545357,0.0,4.708576995765053,1.3921666666666666,,,3.7028333333333334,0.0,0.0,,1.9476666666666667,17.582960000000003,4.704999999999999,1.3921666666666666
4,165091.24960689739,2591.6978225011235,4.0,0.0,50.0,0.0,0.0,0.0,0.0,15.716469835545357,0.0,4.704999999999999,1.3921666666666666,,,3.7028333333333334,0.0,0.0,,1.9476666666666667,17.582960000000003,4.704999999999999,1.3921666666666666
