,cost,emission,grid,wood_supply,DHDC_small_heat,DHDC_medium_heat,DHDC_large_heat,wood_boiler_heat,wood_boiler_DHW,PV,SCFP,ASHP,ASHP_DHW,GSHP_heat,GSHP_cooling,battery,DHW_storage,heat_storage,geothermal_boreholes,demand_electricity,demand_space_heating,demand_space_cooling,demand_hot_water
0,2698852.311859534,6471.01160259029,7.0,63.0,100.0,700.0,2000.0,2000.0,2000.0,56.92250911750368,0.0,0.0,6.0,0.0,0.0,250.00000000000006,0.0,0.0,79.84575638225259,6.753999999999999,43.2288,0.0,5.7558333333333325
1,1740097.9718404717,6896.680086997757,7.0,29.0,50.0,0.0,0.0,15.9044015388088,5.7558333333333325,56.92250911750368,0.0,6.189666666666666,5.721333333333332,0.0,0.0,11.401347222222217,0.0,0.0,79.84575638225259,6.753999999999999,43.2288,0.0,5.7558333333333325
2,1340920.6702569714,7322.348571405194,7.0,16.0,50.0,0.0,0.0,6.072472402889547,5.7558333333333325,56.92250911750368,0.0,6.189666666666666,5.721333333333332,0.0,0.0,11.401347222222217,0.0,0.0,79.84575638225259,6.753999999999999,43.2288,0.0,5.7558333333333325
3,964456.421701356,7748.017055812605,9.0,8.0,50.0,0.0,0.0,0.0,5.0,56.92250911750368,0.0,0.0,5.721333333333332,0.0,0.0,11.401347222222217,0.0,0.0,79.84575638225259,6.753999999999999,43.2288,0.0,5.7558333333333325
4,774802.4008893619,8173.685540220075,9.0,0.0,50.0,0.0,0.0,0.0,0.0,56.92250911750368,0.0,0.0,5.7558333333333325,0.0,0.0,11.081291666666665,0.0,0.0,79.84575638225259,6.753999999999999,43.2288,0.0,5.7558333333333325
