,cost,emission,grid,wood_supply,DHDC_small_heat,DHDC_medium_heat,DHDC_large_heat,wood_boiler_heat,wood_boiler_DHW,PV,SCFP,ASHP,ASHP_DHW,GSHP_heat,GSHP_cooling,battery,DHW_storage,heat_storage,geothermal_boreholes,demand_electricity,demand_space_heating,demand_space_cooling,demand_hot_water
0,1969070.8138147823,3596.5710601786645,6.0,39.0,100.0,700.0,2000.0,2000.0,2000.0,19.750912427163218,0.0,12.0,3.0,,,250.00000000000006,0.0,0.0,,3.164666666666667,27.531999999999993,11.803166666666668,2.8688333333333333
1,1134662.392281228,3913.5964709373006,6.0,19.0,50.0,0.0,0.0,11.366865622245458,5.0,19.750912427163225,0.0,11.803166666666668,2.859636666666667,,,3.64415277777778,0.0,0.0,,3.164666666666667,27.531999999999993,11.803166666666668,2.8688333333333333
2,837383.4372170505,4230.621881695937,6.0,11.0,50.0,0.0,0.0,5.068405181816407,5.0,19.750912427163225,0.0,11.803166666666668,2.859636666666667,,,3.64415277777778,0.0,0.0,,3.164666666666667,27.531999999999993,11.803166666666668,2.8688333333333333
3,540205.4651348242,4547.647292454588,6.0,11.0,50.0,0.0,0.0,5.0,5.0,19.750912427163218,0.0,11.803166666666668,2.859636666666667,,,3.64415277777778,0.0,0.0,,3.164666666666667,27.531999999999993,11.803166666666668,2.8688333333333333
4,364363.024455967,4864.672703213269,7.0,0.0,50.0,0.0,0.0,0.0,0.0,19.750912427163218,0.0,11.803166666666668,2.8688333333333333,,,3.6441527777777787,0.0,0.0,,3.164666666666667,27.531999999999993,11.803166666666668,2.8688333333333333
