,cost,emission,grid,wood_supply,DHDC_small_heat,DHDC_medium_heat,DHDC_large_heat,wood_boiler_heat,wood_boiler_DHW,PV,SCFP,ASHP,ASHP_DHW,GSHP_heat,GSHP_cooling,battery,DHW_storage,heat_storage,geothermal_boreholes,demand_electricity,demand_space_heating,demand_space_cooling,demand_hot_water
0,1468802.0214234977,2355.307163014646,4.0,29.0,100.0,700.0,2000.0,2000.0,2000.0,13.955958682087052,0.0,6.0,2.0,,,250.00000000000006,0.0,0.0,,2.1744399999999997,20.339553333333324,5.298839999999999,1.9143333333333334
1,746761.8832594515,2561.9482206021657,4.0,13.0,50.0,0.0,0.0,7.648006793441219,5.0,13.955958682087058,0.0,5.298839999999999,1.9143333333333334,,,2.5363611111111117,0.0,0.0,,2.1744399999999997,20.339553333333324,5.298839999999999,1.9143333333333334
2,553015.4312066303,2768.589278189693,4.0,9.0,50.0,0.0,0.0,5.0,5.0,13.955958682087052,0.0,5.298839999999999,1.9143333333333334,,,2.5363611111111117,0.0,0.0,,2.1744399999999997,20.339553333333324,5.298839999999999,1.9143333333333334
3,359311.9007028552,2975.2303357772084,4.0,8.0,50.0,0.0,0.0,5.0,5.0,13.955958682087052,0.0,5.298839999999999,1.9143333333333334,,,2.5363611111111117,0.0,0.0,,2.1744399999999997,20.339553333333324,5.298839999999999,1.9143333333333334
4,246947.82747509686,3181.8713933647205,4.0,0.0,50.0,0.0,0.0,0.0,0.0,13.955958682087052,0.0,5.298839999999999,1.9143333333333334,,,2.536361111111111,0.0,0.0,,2.1744399999999997,20.339553333333324,5.298839999999999,1.9143333333333334
