,cost,emission,grid,wood_supply,DHDC_small_heat,DHDC_medium_heat,DHDC_large_heat,wood_boiler_heat,wood_boiler_DHW,PV,SCFP,ASHP,ASHP_DHW,GSHP_heat,GSHP_cooling,battery,DHW_storage,heat_storage,geothermal_boreholes,demand_electricity,demand_space_heating,demand_space_cooling,demand_hot_water
0,2720699.4206597055,6878.27633809597,10.0,65.0,100.0,700.0,2000.0,2000.0,2000.0,60.078133558640054,0.0,0.0,7.0,0.0,0.0,250.00000000000006,0.0,0.0,82.05469349104804,9.743333333333334,45.69015333333335,0.0,7.021666666666666
1,1774020.8866356644,7279.752141013331,10.0,29.0,50.0,0.0,0.0,14.546798557094606,7.021666666666666,60.078133558640054,0.0,3.507200000000001,6.439666666666666,0.0,0.0,12.700847222222224,0.0,0.0,82.05469349104804,9.743333333333334,45.69015333333335,0.0,7.021666666666666
2,1397526.215992212,7681.227943930597,10.0,17.0,50.0,0.0,0.0,5.0,7.021666666666666,60.078133558640054,0.0,3.5072000000000054,6.439666666666666,0.0,0.0,12.700847222222224,0.0,0.0,82.05469349104804,9.743333333333334,45.69015333333335,0.0,7.021666666666666
3,1089674.8792623004,8082.703746847929,13.0,8.0,50.0,0.0,0.0,0.0,5.0,60.078133558640054,0.0,0.0,6.914,0.0,0.0,12.700847222222224,0.0,0.0,82.05469349104804,9.743333333333334,45.69015333333335,0.0,7.021666666666666
4,909291.4326360149,8484.179549765307,13.0,0.0,50.0,0.0,0.0,0.0,0.0,60.078133558640054,0.0,0.0,7.021666666666664,0.0,0.0,11.369864432709296,0.0,0.0,82.05469349104804,9.743333333333334,45.69015333333335,0.0,7.021666666666666
