,cost,emission,grid,wood_supply,DHDC_small_heat,DHDC_medium_heat,DHDC_large_heat,wood_boiler_heat,wood_boiler_DHW,PV,SCFP,ASHP,ASHP_DHW,GSHP_heat,GSHP_cooling,battery,DHW_storage,heat_storage,geothermal_boreholes,demand_electricity,demand_space_heating,demand_space_cooling,demand_hot_water
0,1752295.9932346116,3454.7545148004865,6.0,40.0,100.0,700.0,2000.0,2000.0,2000.0,24.701546379036813,0.0,4.0,4.0,0.0,9.0,250.00000000000006,0.0,0.0,57.29108246532577,3.874833333333333,28.104900000000015,11.945860000000001,3.298666666666667
1,979724.0632552551,3700.0234866931505,6.0,17.0,50.0,0.0,0.0,9.753835728551799,5.0,24.701546379036813,0.0,3.2376154652704816,3.295166666666666,0.0,8.70824453472952,4.593458333333334,0.0,0.0,57.29108246532577,3.874833333333333,28.104900000000015,11.945860000000001,3.298666666666667
2,749734.0068409877,3945.2924585858214,6.0,11.0,50.0,0.0,0.0,5.0,5.0,24.701546379036813,0.0,3.23761546527048,3.295166666666666,0.0,8.70824453472952,4.593458333333334,0.0,0.0,57.29108246532577,3.874833333333333,28.104900000000015,11.945860000000001,3.298666666666667
3,540250.3163320597,4190.561430478446,6.0,5.0,50.0,0.0,0.0,0.0,5.0,24.701546379036813,0.0,3.23761546527048,3.295166666666666,0.0,8.70824453472952,4.593458333333334,0.0,0.0,57.29108246532577,3.874833333333333,28.104900000000015,11.945860000000001,3.298666666666667
4,429433.65592951456,4435.830402371114,7.0,0.0,50.0,0.0,0.0,0.0,0.0,24.701546379036813,0.0,2.53275546527048,3.2986666666666666,1.13281071428572,9.41310453472952,4.224597222222222,0.0,3.0,57.29108246532577,3.874833333333333,28.104900000000015,11.945860000000001,3.298666666666667
