,cost,emission,grid,wood_supply,DHDC_small_heat,DHDC_medium_heat,DHDC_large_heat,wood_boiler_heat,wood_boiler_DHW,PV,SCFP,ASHP,ASHP_DHW,GSHP_heat,GSHP_cooling,battery,DHW_storage,heat_storage,geothermal_boreholes,demand_electricity,demand_space_heating,demand_space_cooling,demand_hot_water
0,1819917.2879474624,4964.989442647676,8.0,54.0,,,,2000.0,2000.0,31.099827278745792,0.0,7.0,5.0,0.0,10.0,250.00000000000006,0.0,0.0,61.76987909512206,5.599440000000001,37.188766666666666,15.491999999999999,4.6980466666666665
1,1496871.447575439,5371.973121361177,10.0,47.0,,,,37.188766666666666,5.0,31.099827278745792,0.0,6.102978377541447,4.674399999999999,0.0,9.389021622458552,4.986249999999999,0.0,0.0,61.76987909512206,5.599440000000001,37.188766666666666,15.491999999999999,4.6980466666666665
2,1377436.747897523,5778.956800074821,10.0,39.0,,,,31.08578828912522,0.0,31.099827278745792,0.0,6.102978377541447,4.6980466666666665,0.0,9.389021622458552,4.986249999999999,0.0,0.0,61.76987909512206,5.599440000000001,37.188766666666666,15.491999999999999,4.6980466666666665
3,1269009.92302818,6185.940478788387,12.0,31.0,,,,24.65919144267787,0.0,31.099827278745792,0.0,12.529575223988797,4.6980466666666665,0.0,9.389021622458552,4.986249999999999,0.0,0.0,61.76987909512206,5.599440000000001,37.188766666666666,15.491999999999999,4.6980466666666665
4,1160671.0872140375,6592.924157501967,21.0,0.0,,,,0.0,0.0,31.099827278745792,0.0,37.188766666666666,4.6980466666666665,0.0,9.389021622458552,4.789797260588021,0.0,0.0,61.76987909512206,5.599440000000001,37.188766666666666,15.491999999999999,4.6980466666666665
