,cost,emission,grid,wood_supply,DHDC_small_heat,DHDC_medium_heat,DHDC_large_heat,wood_boiler_heat,wood_boiler_DHW,PV,SCFP,ASHP,ASHP_DHW,GSHP_heat,GSHP_cooling,battery,DHW_storage,heat_storage,geothermal_boreholes,demand_electricity,demand_space_heating,demand_space_cooling,demand_hot_water
0,4283947.427906855,11609.187820546736,21.0,111.0,100.0,700.0,2000.0,2000.0,2000.0,79.83060584903886,0.0,25.0,12.0,0.0,15.0,250.00000000000006,0.0,0.0,95.8814240943272,14.237666666666664,75.55673333333327,38.841833333333334,11.368136666666667
1,3042738.866734881,12282.947372192859,21.0,49.0,50.0,0.0,0.0,25.556733333333263,11.368136666666667,79.83060584903886,0.0,24.2678568709956,11.334136666666666,0.0,14.573976462337734,13.405833333333335,0.0,0.0,95.8814240943272,14.237666666666664,75.55673333333327,38.841833333333334,11.368136666666667
2,2411162.521800489,12956.706923839014,21.0,49.0,50.0,0.0,0.0,25.556733333333263,11.368136666666667,79.83060584903886,0.0,24.2678568709956,11.334136666666666,0.0,14.573976462337734,13.405833333333335,0.0,0.0,95.8814240943272,14.237666666666664,75.55673333333327,38.841833333333334,11.368136666666667
3,1944338.7713323808,13630.466475485147,22.0,9.0,74.28038666666662,0.0,0.0,0.0,5.9669398312156625,79.83060584903886,0.0,24.2678568709956,11.334136666666666,0.0,14.573976462337734,13.554755257723572,0.0,0.0,95.8814240943272,14.237666666666664,75.55673333333327,38.841833333333334,11.368136666666667
4,1642373.1711812306,14304.22602713125,25.0,0.0,74.28038666666662,0.0,0.0,0.0,0.0,79.83060584903886,0.0,23.413356870995592,11.368136666666667,1.3733035714285884,15.428476462337741,13.211347222222223,0.0,3.0,95.8814240943272,14.237666666666664,75.55673333333327,38.841833333333334,11.368136666666667
