,cost,emission,grid,wood_supply,DHDC_small_heat,DHDC_medium_heat,DHDC_large_heat,wood_boiler_heat,wood_boiler_DHW,PV,SCFP,ASHP,ASHP_DHW,GSHP_heat,GSHP_cooling,battery,DHW_storage,heat_storage,geothermal_boreholes,demand_electricity,demand_space_heating,demand_space_cooling,demand_hot_water
0,1491669.4851418713,3996.276434606134,7.0,46.0,,,,2000.0,2000.0,29.667909413733643,0.0,4.0,4.0,0.0,10.0,250.00000000000006,0.0,0.0,60.767536589613556,4.571166666666667,31.50516666666665,13.12691,3.936803333333333
1,1199555.1160919121,4338.751345049197,8.0,40.0,,,,31.505166666666646,5.0,29.667909413733643,0.0,5.341833333333334,3.9318033333333333,0.0,9.23666556162126,6.034458333333333,0.0,0.0,60.767536589613556,4.571166666666667,31.50516666666665,13.12691,3.936803333333333
2,1102838.0185709882,4681.226255492281,9.0,33.0,,,,25.97323333333331,0.0,29.667909413733643,0.0,5.531933333333336,3.9368033333333328,0.0,9.23666556162126,6.034458333333333,0.0,0.0,60.767536589613556,4.571166666666667,31.50516666666665,13.12691,3.936803333333333
3,1011488.5912798843,5023.701165935356,10.0,26.0,,,,20.568380734651853,0.0,29.667909413733643,0.0,10.936785932014796,3.9368033333333328,0.0,9.23666556162126,6.034458333333333,0.0,0.0,60.767536589613556,4.571166666666667,31.50516666666665,13.12691,3.936803333333333
4,920264.8423564843,5366.17607637845,18.0,0.0,,,,0.0,0.0,29.667909413733643,0.0,31.505166666666646,3.9368033333333328,0.0,9.23666556162126,5.914222222222222,0.0,0.0,60.767536589613556,4.571166666666667,31.50516666666665,13.12691,3.936803333333333
