,cost,emission,grid,wood_supply,DHDC_small_heat,DHDC_medium_heat,DHDC_large_heat,wood_boiler_heat,wood_boiler_DHW,PV,SCFP,ASHP,ASHP_DHW,GSHP_heat,GSHP_cooling,battery,DHW_storage,heat_storage,geothermal_boreholes,demand_electricity,demand_space_heating,demand_space_cooling,demand_hot_water
0,1798588.354975381,5347.941261251328,10.0,55.0,,,,2000.0,2000.0,54.62883092397665,0.0,6.0,6.0,0.0,12.0,250.00000000000006,0.0,0.0,78.24018164678367,7.088743333333333,37.490183333333356,17.732499999999998,5.681106666666666
1,1465495.2146365705,5739.454467782882,12.0,47.0,,,,37.49018333333335,5.0,54.62883092397665,0.0,9.436166666666669,5.661106666666666,0.0,11.892507610311128,11.72463888888889,0.0,0.0,78.24018164678367,7.088743333333333,37.490183333333356,17.732499999999998,5.681106666666666
2,1343170.5636857348,6130.967674314416,13.0,35.0,,,,27.337783333333352,0.0,54.62883092397665,0.0,10.152399999999998,5.681106666666666,0.0,11.892507610311128,11.72463888888889,0.0,0.0,78.24018164678367,7.088743333333333,37.490183333333356,17.732499999999998,5.681106666666666
3,1238430.6457445915,6522.48088084597,13.0,32.0,,,,25.161610204156975,0.0,54.62883092397665,0.0,12.328573129176377,5.681106666666666,0.0,11.892507610311128,11.72463888888889,0.0,0.0,78.24018164678367,7.088743333333333,37.490183333333356,17.732499999999998,5.681106666666666
4,1134436.2997555584,6913.9940873775495,22.0,0.0,,,,0.0,0.0,54.62883092397665,0.0,37.49018333333335,5.681106666666666,0.0,11.892507610311128,10.753541666666665,0.0,0.0,78.24018164678367,7.088743333333333,37.490183333333356,17.732499999999998,5.681106666666666
