,cost,emission,grid,wood_supply,DHDC_small_heat,DHDC_medium_heat,DHDC_large_heat,wood_boiler_heat,wood_boiler_DHW,PV,SCFP,ASHP,ASHP_DHW,GSHP_heat,GSHP_cooling,battery,DHW_storage,heat_storage,geothermal_boreholes,demand_electricity,demand_space_heating,demand_space_cooling,demand_hot_water
0,2101495.527676536,4771.164278811725,9.0,53.0,100.0,700.0,2000.0,2000.0,2000.0,46.86547855918463,0.0,6.0,5.0,0.0,12.0,250.00000000000006,0.0,0.0,72.80583499142925,6.041306666666666,36.29253333333334,15.593499999999999,4.8475
1,1258677.1046290235,5081.917351832335,9.0,23.0,50.0,0.0,0.0,12.541395206842893,5.0,46.86547855918463,0.0,5.346333333333334,4.8305,0.0,11.06648691869726,9.798597222222224,0.0,0.0,72.80583499142925,6.041306666666666,36.29253333333334,15.593499999999999,4.8475
2,967257.6376856428,5392.670424852823,9.0,14.0,50.0,0.0,0.0,5.0,5.0,46.86547855918463,0.0,5.346333333333334,4.8305,0.0,11.066486918697251,9.798597222222224,0.0,0.0,72.80583499142925,6.041306666666666,36.29253333333334,15.593499999999999,4.8475
3,703900.7785788652,5703.423497873447,9.0,7.0,50.0,0.0,0.0,0.0,5.0,46.86547855918463,0.0,4.527013081302739,4.8305,0.0,11.06648691869726,9.798597222222224,0.0,0.0,72.80583499142925,6.041306666666666,36.29253333333334,15.593499999999999,4.8475
4,565129.4708403264,6014.176570894001,10.0,0.0,50.0,0.0,0.0,0.0,0.0,46.86547855918463,0.0,4.456346414636073,4.8475,0.11357142857142813,11.137153585363926,9.21998611111111,0.0,1.0,72.80583499142925,6.041306666666666,36.29253333333334,15.593499999999999,4.8475
