,cost,emission,grid,wood_supply,DHDC_small_heat,DHDC_medium_heat,DHDC_large_heat,wood_boiler_heat,wood_boiler_DHW,PV,SCFP,ASHP,ASHP_DHW,GSHP_heat,GSHP_cooling,battery,DHW_storage,heat_storage,geothermal_boreholes,demand_electricity,demand_space_heating,demand_space_cooling,demand_hot_water
0,3275207.4498205213,12462.519337465343,31.0,60.0,,,,2000.0,2000.0,114.71634386706032,0.0,25.0,14.0,0.0,19.0,250.00000000000006,0.0,0.0,120.30144070694223,18.464106666666662,31.458606666666668,43.15526,13.823
1,2823897.2023405326,12891.58839636184,32.0,51.0,,,,31.458606666666668,7.696092937574584,114.71634386706032,0.0,24.86944101254478,13.781333333333333,0.0,18.28581898745522,19.64865277777778,0.0,0.0,120.30144070694223,18.464106666666662,31.458606666666668,43.15526,13.823
2,2632565.7475516573,13320.657455258259,35.0,46.0,,,,31.458606666666668,5.0,114.71634386706032,0.0,24.86944101254478,13.781333333333333,0.0,18.28581898745522,19.64865277777778,0.0,0.0,120.30144070694223,18.464106666666662,31.458606666666668,43.15526,13.823
3,2443307.238358299,13749.726514154905,35.0,27.0,,,,21.30763014072987,0.0,114.71634386706032,0.0,24.86944101254478,13.823,0.0,18.28581898745522,19.64865277777778,0.0,0.0,120.30144070694223,18.464106666666662,31.458606666666668,43.15526,13.823
4,2327333.9504242903,14178.795573051399,35.0,0.0,,,,0.0,0.0,114.71634386706032,0.0,31.458606666666668,13.823,0.0,18.28581898745522,18.306176270061634,0.0,0.0,120.30144070694223,18.464106666666662,31.458606666666668,43.15526,13.823
