,cost,emission,grid,wood_supply,DHDC_small_heat,DHDC_medium_heat,DHDC_large_heat,wood_boiler_heat,wood_boiler_DHW,PV,SCFP,ASHP,ASHP_DHW,GSHP_heat,GSHP_cooling,battery,DHW_storage,heat_storage,geothermal_boreholes,demand_electricity,demand_space_heating,demand_space_cooling,demand_hot_water
0,2281456.5206881207,8071.693271666061,19.0,42.0,,,,2000.0,2000.0,39.049192139368984,0.0,17.0,0.0,0.0,11.0,250.00000000000006,0.0,0.0,67.33443449755829,10.553136666666665,23.89221333333332,27.05252666666667,8.073166666666667
1,2018923.83738512,8389.911961978953,19.0,37.0,,,,23.89221333333332,5.0,39.049192139368984,0.0,16.817692623037804,8.002803333333333,0.0,10.234834043628865,3.1596805555555543,0.0,0.0,67.33443449755829,10.553136666666665,23.89221333333332,27.05252666666667,8.073166666666667
2,1877055.442942087,8708.130652292146,21.0,37.0,,,,23.89221333333332,5.0,39.049192139368984,0.0,16.817692623037804,8.002803333333333,0.0,10.234834043628865,3.1596805555555543,0.0,0.0,67.33443449755829,10.553136666666665,23.89221333333332,27.05252666666667,8.073166666666667
3,1750981.4428043137,9026.349342605297,21.0,12.0,,,,9.478879374068995,0.0,39.04919213936899,0.0,16.817692623037807,8.073166666666665,0.0,10.234834043628863,3.159680555555559,0.0,0.0,67.33443449755829,10.553136666666665,23.89221333333332,27.05252666666667,8.073166666666667
4,1664811.4197610293,9344.568032918387,21.0,0.0,,,,0.0,0.0,39.049192139368984,0.0,23.89221333333332,8.073166666666665,0.0,10.234834043628865,2.674081944444443,0.0,0.0,67.33443449755829,10.553136666666665,23.89221333333332,27.05252666666667,8.073166666666667
