,cost,emission,grid,wood_supply,DHDC_small_heat,DHDC_medium_heat,DHDC_large_heat,wood_boiler_heat,wood_boiler_DHW,PV,SCFP,ASHP,ASHP_DHW,GSHP_heat,GSHP_cooling,battery,DHW_storage,heat_storage,geothermal_boreholes,demand_electricity,demand_space_heating,demand_space_cooling,demand_hot_water
0,1741343.9363589196,3753.3687578980566,5.0,39.0,100.0,700.0,2000.0,2000.0,2000.0,39.16131583932312,0.0,0.0,5.0,0.0,0.0,250.00000000000006,0.0,0.0,67.41292108752619,4.739333333333334,25.52828333333333,0.0,4.3036666666666665
1,976406.7067318456,3984.1150132352996,5.0,17.0,50.0,0.0,0.0,8.030485719816667,5.0,39.16131583932312,0.0,2.3393333333333333,4.277166666666666,0.0,0.0,7.176708333333334,0.0,0.0,67.41292108752619,4.739333333333334,25.52828333333333,0.0,4.3036666666666665
2,760058.0523169794,4214.861268572502,5.0,13.0,50.0,0.0,0.0,5.0,5.0,39.16131583932312,0.0,2.3393333333333333,4.277166666666666,0.0,0.0,7.176708333333334,0.0,0.0,67.41292108752619,4.739333333333334,25.52828333333333,0.0,4.3036666666666665
3,596194.6642648939,4445.607523909788,7.0,7.0,50.0,0.0,0.0,0.0,5.0,39.16131583932312,0.0,0.0,4.277166666666666,0.0,0.0,7.176708333333334,0.0,0.0,67.41292108752619,4.739333333333334,25.52828333333333,0.0,4.3036666666666665
4,492843.6335386088,4676.353779247028,7.0,0.0,50.0,0.0,0.0,0.0,0.0,39.16131583932312,0.0,0.0,4.3036666666666665,0.0,0.0,7.0589305555555555,0.0,0.0,67.41292108752619,4.739333333333334,25.52828333333333,0.0,4.3036666666666665
