,cost,emission,grid,wood_supply,DHDC_small_heat,DHDC_medium_heat,DHDC_large_heat,wood_boiler_heat,wood_boiler_DHW,PV,SCFP,ASHP,ASHP_DHW,GSHP_heat,GSHP_cooling,battery,DHW_storage,heat_storage,geothermal_boreholes,demand_electricity,demand_space_heating,demand_space_cooling,demand_hot_water
0,1649885.1081544482,3321.255413105413,6.0,34.0,100.0,700.0,2000.0,2000.0,2000.0,21.971877858279875,0.0,2.0,4.0,0.0,9.0,250.00000000000006,0.0,0.0,55.38031450079591,3.9843333333333333,23.294533333333344,9.954166666666667,3.3241666666666667
1,908672.9056968584,3534.063845683462,6.0,15.0,50.0,0.0,0.0,7.543703754946428,5.0,21.971877858279875,0.0,1.5609666666666657,3.3086366666666667,0.0,8.417807804120978,4.141472222222221,0.0,0.0,55.38031450079591,3.9843333333333333,23.294533333333344,9.954166666666667,3.3241666666666667
2,709146.9006054818,3746.872278261527,6.0,11.0,50.0,0.0,0.0,5.0,5.0,21.971877858279875,0.0,1.560966666666669,3.3086366666666667,0.0,8.417807804120978,4.141472222222221,0.0,0.0,55.38031450079591,3.9843333333333333,23.294533333333344,9.954166666666667,3.3241666666666667
3,548061.7137302787,3959.680710839588,6.0,5.0,50.0,0.0,0.0,0.0,5.0,21.971877858279875,0.0,1.536358862545688,3.3086366666666667,0.0,8.417807804120978,4.141472222222221,0.0,0.0,55.38031450079591,3.9843333333333333,23.294533333333344,9.954166666666667,3.3241666666666667
4,451658.1072292335,4172.489143417646,7.0,0.0,50.0,0.0,0.0,0.0,0.0,21.971877858279875,0.0,1.1001921958790213,3.3241666666666667,0.700982142857138,8.853974470787644,3.8571527777777774,0.0,2.0,55.38031450079591,3.9843333333333333,23.294533333333344,9.954166666666667,3.3241666666666667
