,cost,emission,grid,wood_supply,DHDC_small_heat,DHDC_medium_heat,DHDC_large_heat,wood_boiler_heat,wood_boiler_DHW,PV,SCFP,ASHP,ASHP_DHW,GSHP_heat,GSHP_cooling,battery,DHW_storage,heat_storage,geothermal_boreholes,demand_electricity,demand_space_heating,demand_space_cooling,demand_hot_water
0,1388387.4022778182,2432.3633680172456,4.0,28.0,100.0,700.0,2000.0,2000.0,2000.0,17.73164575562832,0.0,0.0,3.0,0.0,7.0,250.00000000000006,0.0,0.0,52.41215202893983,2.762919999999998,19.45459999999997,6.9848333333333334,2.419
1,691763.2802066131,2605.9568739007873,4.0,12.0,50.0,0.0,0.0,6.712021553860746,5.0,17.73164575562832,0.0,1.908,2.4146666666666663,0.0,6.984833333333333,3.388138888888888,0.0,0.0,52.41215202893983,2.762919999999998,19.45459999999997,6.9848333333333334,2.419
2,529010.487138293,2779.5503797843244,4.0,10.0,50.0,0.0,0.0,5.0,5.0,17.73164575562832,0.0,1.908,2.4146666666666663,0.0,6.984833333333333,3.388138888888888,0.0,0.0,52.41215202893983,2.762919999999998,19.45459999999997,6.9848333333333334,2.419
3,380999.76007854036,2953.143885667846,5.0,4.0,50.0,0.0,0.0,0.0,5.0,17.73164575562832,0.0,0.0,2.4146666666666663,0.0,6.984833333333333,3.388138888888888,0.0,0.0,52.41215202893983,2.762919999999998,19.45459999999997,6.9848333333333334,2.419
4,301985.99264747166,3126.7373915513617,5.0,0.0,50.0,0.0,0.0,0.0,0.0,17.73164575562832,0.0,0.0,2.4189999999999996,0.0,6.984833333333334,3.2737031079197743,0.0,0.0,52.41215202893983,2.762919999999998,19.45459999999997,6.9848333333333334,2.419
