,cost,emission,grid,wood_supply,DHDC_small_heat,DHDC_medium_heat,DHDC_large_heat,wood_boiler_heat,wood_boiler_DHW,PV,SCFP,ASHP,ASHP_DHW,GSHP_heat,GSHP_cooling,battery,DHW_storage,heat_storage,geothermal_boreholes,demand_electricity,demand_space_heating,demand_space_cooling,demand_hot_water
0,2061257.6448952435,4497.163320177669,6.0,47.0,100.0,700.0,2000.0,2000.0,2000.0,30.474398467975092,0.0,0.0,5.0,0.0,0.0,250.00000000000006,0.0,0.0,61.332078927582565,5.258166666666667,32.08436666666666,0.0,4.525803333333333
1,1236888.1955691925,4787.558255627026,6.0,20.0,50.0,0.0,0.0,10.429274793427343,5.0,30.474398467975092,0.0,1.2636666666666665,4.497136666666666,0.0,0.0,4.885194444444442,0.0,0.0,61.332078927582565,5.258166666666667,32.08436666666666,0.0,4.525803333333333
2,964586.5051230333,5077.953191076352,6.0,13.0,50.0,0.0,0.0,5.0,5.0,30.474398467975092,0.0,1.2636666666666665,4.497136666666666,0.0,0.0,4.885194444444442,0.0,0.0,61.332078927582565,5.258166666666667,32.08436666666666,0.0,4.525803333333333
3,744728.7689386201,5368.348126525756,7.0,7.0,50.0,0.0,0.0,0.0,5.0,30.474398467975092,0.0,0.0,4.497136666666666,0.0,0.0,4.975097222222222,0.0,0.0,61.332078927582565,5.258166666666667,32.08436666666666,0.0,4.525803333333333
4,613633.5595325594,5658.743061975167,7.0,0.0,50.0,0.0,0.0,0.0,0.0,30.474398467975092,0.0,0.0,4.525803333333332,0.0,0.0,4.675838875827068,0.0,0.0,61.332078927582565,5.258166666666667,32.08436666666666,0.0,4.525803333333333
