,cost,emission,grid,wood_supply,DHDC_small_heat,DHDC_medium_heat,DHDC_large_heat,wood_boiler_heat,wood_boiler_DHW,PV,SCFP,ASHP,ASHP_DHW,GSHP_heat,GSHP_cooling,battery,DHW_storage,heat_storage,geothermal_boreholes,demand_electricity,demand_space_heating,demand_space_cooling,demand_hot_water
0,1314946.699647006,3384.6161253945575,6.0,39.0,,,,2000.0,2000.0,19.89601483449077,0.0,3.0,4.0,0.0,9.0,250.00000000000006,0.0,0.0,53.92721038414354,3.664,27.225083333333316,10.523166666666668,3.11
1,1057006.9981490243,3685.319088589288,7.0,35.0,,,,27.225083333333316,5.0,19.89601483449077,0.0,2.584766666666667,3.0912733333333327,0.0,8.196935978389817,3.1877916666666675,0.0,0.0,53.92721038414354,3.664,27.225083333333316,10.523166666666668,3.11
2,973791.0012494645,3986.02205178418,7.0,30.0,,,,23.438334044376745,0.0,19.89601483449077,0.0,3.7867492889565684,3.11,0.0,8.196935978389817,3.1877916666666675,0.0,0.0,53.92721038414354,3.664,27.225083333333316,10.523166666666668,3.11
3,893755.5036011944,4286.725014978977,9.0,23.0,,,,17.800773986353,0.0,19.89601483449077,0.0,9.424309346980316,3.11,0.0,8.196935978389817,3.1877916666666675,0.0,0.0,53.92721038414354,3.664,27.225083333333316,10.523166666666668,3.11
4,813244.9066634714,4587.4279781738005,15.0,0.0,,,,0.0,0.0,19.89601483449077,0.0,27.225083333333316,3.11,0.0,8.196935978389817,3.088639180096726,0.0,0.0,53.92721038414354,3.664,27.225083333333316,10.523166666666668,3.11
