,cost,emission,grid,wood_supply,DHDC_small_heat,DHDC_medium_heat,DHDC_large_heat,wood_boiler_heat,wood_boiler_DHW,PV,SCFP,ASHP,ASHP_DHW,GSHP_heat,GSHP_cooling,battery,DHW_storage,heat_storage,geothermal_boreholes,demand_electricity,demand_space_heating,demand_space_cooling,demand_hot_water
0,2132053.387663082,8215.250448777984,19.0,43.0,,,,2000.0,2000.0,85.99632431717612,0.0,11.0,8.0,0.0,16.0,250.00000000000006,0.0,0.0,100.19742702202329,11.457500000000001,24.66504666666667,25.531713333333332,8.049303333333333
1,1812817.452527916,8505.36336033563,19.0,38.0,,,,24.66504666666667,5.0,85.99632431717612,0.0,10.301704425985799,8.011303333333334,0.0,15.230008907347534,16.215000000000003,0.0,0.0,100.19742702202329,11.457500000000001,24.66504666666667,25.531713333333332,8.049303333333333
2,1683479.188551645,8795.476271893516,21.0,33.0,,,,24.66504666666667,5.0,85.99632431717612,0.0,10.301704425985799,8.011303333333334,0.0,15.230008907347534,16.215000000000003,0.0,0.0,100.19742702202329,11.457500000000001,24.66504666666667,25.531713333333332,8.049303333333333
3,1579323.3417655756,9085.58918345133,21.0,18.0,,,,14.363342240680868,0.0,85.99632431717612,0.0,10.301704425985799,8.049303333333333,0.0,15.230008907347534,16.215000000000003,0.0,0.0,100.19742702202329,11.457500000000001,24.66504666666667,25.531713333333332,8.049303333333333
4,1501478.9745721896,9375.702095009116,22.0,0.0,,,,0.0,0.0,85.99632431717612,0.0,24.66504666666667,8.049303333333333,0.0,15.230008907347534,15.131040277777778,0.0,0.0,100.19742702202329,11.457500000000001,24.66504666666667,25.531713333333332,8.049303333333333
