,cost,emission,grid,wood_supply,DHDC_small_heat,DHDC_medium_heat,DHDC_large_heat,wood_boiler_heat,wood_boiler_DHW,PV,SCFP,ASHP,ASHP_DHW,GSHP_heat,GSHP_cooling,battery,DHW_storage,heat_storage,geothermal_boreholes,demand_electricity,demand_space_heating,demand_space_cooling,demand_hot_water
0,2264214.5537787164,8049.126040224506,19.0,41.0,,,,2000.0,2000.0,39.06433397785554,0.0,17.0,0.0,0.0,11.0,250.00000000000006,0.0,0.0,67.34503378449888,10.611093333333335,23.580160000000003,26.54509333333333,8.020999999999999
1,2001894.5319512077,8361.464376047394,19.0,37.0,,,,23.58016,5.0,39.06433397785554,0.0,16.308648198089493,7.955666666666667,0.0,10.236445135243835,3.243888888888892,0.0,0.0,67.34503378449888,10.611093333333335,23.580160000000003,26.54509333333333,8.020999999999999
2,1862647.7196956854,8673.802711870549,20.0,37.0,,,,23.58016,5.0,39.06433397785554,0.0,16.308648198089493,7.955666666666667,0.0,10.236445135243835,3.243888888888892,0.0,0.0,67.34503378449888,10.611093333333335,23.580160000000003,26.54509333333333,8.020999999999999
3,1737657.9177325135,8986.141047693689,21.0,13.0,,,,9.697809505938435,0.0,39.06433397785554,0.0,16.308648198089493,8.020999999999999,0.0,10.236445135243835,3.243888888888892,0.0,0.0,67.34503378449888,10.611093333333335,23.580160000000003,26.54509333333333,8.020999999999999
4,1653092.5278547646,9298.479383516747,21.0,0.0,,,,0.0,0.0,39.06433397785554,0.0,23.58016,8.020999999999999,0.0,10.236445135243835,2.6746805555555544,0.0,0.0,67.34503378449888,10.611093333333335,23.580160000000003,26.54509333333333,8.020999999999999
