,cost,emission,grid,wood_supply,DHDC_small_heat,DHDC_medium_heat,DHDC_large_heat,wood_boiler_heat,wood_boiler_DHW,PV,SCFP,ASHP,ASHP_DHW,GSHP_heat,GSHP_cooling,battery,DHW_storage,heat_storage,geothermal_boreholes,demand_electricity,demand_space_heating,demand_space_cooling,demand_hot_water
0,1661346.8495847015,3251.0316169487487,5.0,36.0,100.0,700.0,2000.0,2000.0,2000.0,23.76448911850031,0.0,2.0,4.0,0.0,9.0,250.00000000000006,0.0,0.0,56.63514238295022,3.7463333333333337,24.88116666666667,10.335,3.1725
1,912428.2520789928,3473.426947530623,5.0,16.0,50.0,0.0,0.0,8.426266458715423,5.0,23.76448911850031,0.0,1.726458357791568,3.164576666666666,0.0,8.608541642208433,4.308416666666667,0.0,0.0,56.63514238295022,3.7463333333333337,24.88116666666667,10.335,3.1725
2,703901.2667020034,3695.822278112495,5.0,11.0,50.0,0.0,0.0,5.0,5.0,23.76448911850031,0.0,1.7264583577915698,3.164576666666666,0.0,8.608541642208431,4.308416666666667,0.0,0.0,56.63514238295022,3.7463333333333337,24.88116666666667,10.335,3.1725
3,523168.20437728823,3918.2176086943555,6.0,5.0,50.0,0.0,0.0,0.0,5.0,23.76448911850031,0.0,1.7264583577915698,3.164576666666666,0.0,8.608541642208431,4.308416666666667,0.0,0.0,56.63514238295022,3.7463333333333337,24.88116666666667,10.335,3.1725
4,422403.5618549321,4140.61293927623,7.0,0.0,50.0,0.0,0.0,0.0,0.0,23.76448911850031,0.0,1.5872916911249018,3.1725,0.2236607142857186,8.747708308875099,4.096722222222223,0.0,1.0,56.63514238295022,3.7463333333333337,24.88116666666667,10.335,3.1725
