,cost,emission,grid,wood_supply,DHDC_small_heat,DHDC_medium_heat,DHDC_large_heat,wood_boiler_heat,wood_boiler_DHW,PV,SCFP,ASHP,ASHP_DHW,GSHP_heat,GSHP_cooling,battery,DHW_storage,heat_storage,geothermal_boreholes,demand_electricity,demand_space_heating,demand_space_cooling,demand_hot_water
0,2146423.4092424875,4818.653845674093,8.0,51.0,100.0,700.0,2000.0,2000.0,2000.0,38.155645060102465,0.0,5.0,5.0,0.0,11.0,250.00000000000006,0.0,0.0,66.70895154207173,5.863833333333333,34.99466666666665,14.929,4.742500000000001
1,1298870.8352601943,5128.396631071846,8.0,22.0,50.0,0.0,0.0,11.82958570257303,5.0,38.155645060102465,0.0,4.789239365605091,4.726666666666667,0.0,10.139760634394907,7.125083333333333,0.0,0.0,66.70895154207173,5.863833333333333,34.99466666666665,14.929,4.742500000000001
2,1008409.94087144,5438.139416469525,8.0,14.0,50.0,0.0,0.0,5.0,5.0,38.155645060102465,0.0,4.789239365605092,4.726666666666667,0.0,10.139760634394907,7.125083333333333,0.0,0.0,66.70895154207173,5.863833333333333,34.99466666666665,14.929,4.742500000000001
3,760982.2026796855,5747.882201867342,8.0,7.0,50.0,0.0,0.0,0.0,5.0,38.155645060102465,0.0,4.789239365605091,4.726666666666667,0.0,10.139760634394907,7.125083333333333,0.0,0.0,66.70895154207173,5.863833333333333,34.99466666666665,14.929,4.742500000000001
4,621297.4327292203,6057.624987265085,10.0,0.0,50.0,0.0,0.0,0.0,0.0,38.155645060102465,0.0,4.362239365605092,4.7425,0.6862500000000011,10.566760634394907,6.92561111111111,0.0,2.0,66.70895154207173,5.863833333333333,34.99466666666665,14.929,4.742500000000001
