,cost,emission,grid,wood_supply,DHDC_small_heat,DHDC_medium_heat,DHDC_large_heat,wood_boiler_heat,wood_boiler_DHW,PV,SCFP,ASHP,ASHP_DHW,GSHP_heat,GSHP_cooling,battery,DHW_storage,heat_storage,geothermal_boreholes,demand_electricity,demand_space_heating,demand_space_cooling,demand_hot_water
0,2288229.300590711,5251.840777307314,9.0,55.0,100.0,700.0,2000.0,2000.0,2000.0,41.77502418363616,0.0,6.0,6.0,0.0,11.0,250.00000000000006,0.0,0.0,69.24251692854533,6.395166666666667,38.0568,16.1405,5.1475
1,1411764.2210553086,5588.04765708114,9.0,24.0,50.0,0.0,0.0,12.83055765814072,5.147499999999999,41.77502418363616,0.0,5.61563742686111,5.1305,0.0,10.52486257313889,7.9853055555555565,0.0,0.0,69.24251692854533,6.395166666666667,38.0568,16.1405,5.1475
2,1096479.8899639612,5924.254536854874,9.0,14.0,50.0,0.0,0.0,5.0,5.147499999999999,41.77502418363616,0.0,5.615637426861106,5.1305,0.0,10.52486257313889,7.9853055555555565,0.0,0.0,69.24251692854533,6.395166666666667,38.0568,16.1405,5.1475
3,827502.2940222893,6260.461416628706,9.0,8.0,50.0,0.0,0.0,0.0,5.0,41.77502418363616,0.0,5.615637426861106,5.1305,0.0,10.524862573138893,7.9853055555555565,0.0,0.0,69.24251692854533,6.395166666666667,38.0568,16.1405,5.1475
4,675949.4591497458,6596.668296402521,11.0,0.0,50.0,0.0,0.0,0.0,0.0,41.77502418363616,0.0,5.366637426861107,5.147499999999999,0.40017857142856883,10.773862573138894,7.967583333333332,0.0,1.0,69.24251692854533,6.395166666666667,38.0568,16.1405,5.1475
