,cost,emission,grid,wood_supply,DHDC_small_heat,DHDC_medium_heat,DHDC_large_heat,wood_boiler_heat,wood_boiler_DHW,PV,SCFP,ASHP,ASHP_DHW,GSHP_heat,GSHP_cooling,battery,DHW_storage,heat_storage,geothermal_boreholes,demand_electricity,demand_space_heating,demand_space_cooling,demand_hot_water
0,938213.4862207918,2408.9038267910023,4.0,28.0,,,,2000.0,2000.0,18.059482817562166,0.0,0.0,3.0,0.0,7.0,250.00000000000006,0.0,0.0,52.64163797229352,2.8510000000000004,18.97693333333334,6.985166666666667,2.4263333333333335
1,724386.6172334772,2618.670032103838,5.0,27.0,,,,18.97693333333334,5.0,18.059482817562166,0.0,3.619130000000002,2.4254999999999995,0.0,6.985166666666666,4.079888888888889,0.0,0.0,52.64163797229352,2.8510000000000004,18.97693333333334,6.985166666666667,2.4263333333333335
2,664764.1547809623,2828.4362374166744,6.0,19.0,,,,15.057066666666671,0.0,18.059482817562166,0.0,3.9198666666666684,2.426333333333333,0.0,6.985166666666666,4.079888888888889,0.0,0.0,52.64163797229352,2.8510000000000004,18.97693333333334,6.985166666666667,2.4263333333333335
3,608748.7284553392,3038.202442729516,6.0,16.0,,,,12.333804594173397,0.0,18.059482817562166,0.0,6.643128739159941,2.426333333333333,0.0,6.985166666666666,4.079888888888889,0.0,0.0,52.64163797229352,2.8510000000000004,18.97693333333334,6.985166666666667,2.4263333333333335
4,552559.0289932621,3247.96864804236,11.0,0.0,,,,0.0,0.0,18.059482817562166,0.0,18.97693333333334,2.426333333333333,0.0,6.985166666666668,3.7535833333333333,0.0,0.0,52.64163797229352,2.8510000000000004,18.97693333333334,6.985166666666667,2.4263333333333335
