,cost,emission,grid,wood_supply,DHDC_small_heat,DHDC_medium_heat,DHDC_large_heat,wood_boiler_heat,wood_boiler_DHW,PV,SCFP,ASHP,ASHP_DHW,GSHP_heat,GSHP_cooling,battery,DHW_storage,heat_storage,geothermal_boreholes,demand_electricity,demand_space_heating,demand_space_cooling,demand_hot_water
0,5066275.386660266,19207.653156931985,49.0,100.0,,,,2000.0,2000.0,176.044800968931,0.0,45.0,22.0,0.0,25.0,250.00000000000006,0.0,0.0,163.23136067825172,28.601273333333335,55.19820000000001,69.51635666666667,21.236166666666666
1,4396459.665051841,19908.974289161262,51.0,86.0,,,,55.1982,11.330842501656267,176.044800968931,0.0,44.7051898435724,21.179333333333332,0.0,24.811166823094272,31.083065000000005,0.0,0.0,163.23136067825172,28.601273333333335,55.19820000000001,69.51635666666667,21.236166666666666
2,4083693.757260602,20610.295421390387,53.0,75.0,,,,55.1982,5.0,176.044800968931,0.0,44.7051898435724,21.179333333333332,0.0,24.811166823094272,31.083065000000005,0.0,0.0,163.23136067825172,28.601273333333335,55.19820000000001,69.51635666666667,21.236166666666666
3,3800152.8871337688,21311.616553619813,55.0,30.0,,,,23.596238975028033,0.0,176.044800968931,0.0,44.7051898435724,21.236166666666666,0.0,24.811166823094272,30.628463513820513,0.0,0.0,163.23136067825172,28.601273333333335,55.19820000000001,69.51635666666667,21.236166666666666
4,3611511.088981374,22012.937685849098,55.0,0.0,,,,0.0,0.0,176.044800968931,0.0,55.1982,21.236166666666666,0.0,24.811166823094272,29.433752689236872,0.0,0.0,163.23136067825172,28.601273333333335,55.19820000000001,69.51635666666667,21.236166666666666
