,cost,emission,grid,wood_supply,DHDC_small_heat,DHDC_medium_heat,DHDC_large_heat,wood_boiler_heat,wood_boiler_DHW,PV,SCFP,ASHP,ASHP_DHW,GSHP_heat,GSHP_cooling,battery,DHW_storage,heat_storage,geothermal_boreholes,demand_electricity,demand_space_heating,demand_space_cooling,demand_hot_water
0,3610274.8227550723,9721.716731676403,13.0,89.0,100.0,700.0,2000.0,2000.0,2000.0,72.85182667688171,0.0,0.0,11.0,0.0,0.0,250.00000000000006,0.0,0.0,90.9962786738172,12.388166666666669,59.14349333333328,0.0,10.375456666666667
1,2494785.196427617,10261.99742776385,13.0,37.0,50.0,0.0,0.0,17.55833957203799,10.375456666666665,72.85182667688171,0.0,1.3575100000000078,10.345289999999999,0.0,0.0,12.25716666666667,0.0,0.0,90.9962786738172,12.388166666666669,59.14349333333328,0.0,10.375456666666667
2,1988194.373743575,10802.278123851313,13.0,27.0,50.0,0.0,0.0,9.143493333333282,10.375456666666665,72.85182667688171,0.0,1.3575100000000078,10.345289999999999,0.0,0.0,12.257166666666665,0.0,0.0,90.9962786738172,12.388166666666669,59.14349333333328,0.0,10.375456666666667
3,1652478.5373084568,11342.558819938637,16.0,8.0,59.14349333333328,0.0,0.0,0.0,5.0,72.85182667688171,0.0,0.0,10.345289999999999,0.0,0.0,12.546627436972429,0.0,0.0,90.9962786738172,12.388166666666669,59.14349333333328,0.0,10.375456666666667
4,1409927.4352903767,11882.83951602623,16.0,0.0,59.14349333333328,0.0,0.0,0.0,0.0,72.85182667688171,0.0,0.0,10.375456666666665,0.0,0.0,12.257166666666665,0.0,0.0,90.9962786738172,12.388166666666669,59.14349333333328,0.0,10.375456666666667
