,cost,emission,grid,wood_supply,DHDC_small_heat,DHDC_medium_heat,DHDC_large_heat,wood_boiler_heat,wood_boiler_DHW,PV,SCFP,ASHP,ASHP_DHW,GSHP_heat,GSHP_cooling,battery,DHW_storage,heat_storage,geothermal_boreholes,demand_electricity,demand_space_heating,demand_space_cooling,demand_hot_water
0,1054545.5479196298,2626.207905432844,4.0,33.0,,,,2000.0,2000.0,18.287135411625545,0.0,1.0,3.0,0.0,9.0,250.00000000000006,0.0,0.0,52.800994788137885,2.9089933333333327,22.814166666666654,8.088333333333333,2.511833333333333
1,823800.5759985748,2874.866614862194,6.0,24.0,,,,18.70749999999999,0.0,18.287135411625545,0.0,4.1066666666666665,2.511833333333333,0.0,8.025751207796967,3.9720277777777775,0.0,0.0,52.800994788137885,2.9089933333333327,22.814166666666654,8.088333333333333,2.511833333333333
2,757195.5645442869,3123.525324291535,6.0,24.0,,,,18.70749999999999,0.0,18.287135411625545,0.0,4.1066666666666665,2.511833333333333,0.0,8.025751207796967,3.9720277777777775,0.0,0.0,52.800994788137885,2.9089933333333327,22.814166666666654,8.088333333333333,2.511833333333333
3,690896.2075526682,3372.184033720879,7.0,19.0,,,,14.612639617156328,0.0,18.287135411625545,0.0,8.201527049510327,2.511833333333333,0.0,8.025751207796967,3.9720277777777775,0.0,0.0,52.800994788137885,2.9089933333333327,22.814166666666654,8.088333333333333,2.511833333333333
4,624333.6649773415,3620.842743150226,13.0,0.0,,,,0.0,0.0,18.287135411625545,0.0,22.814166666666654,2.511833333333333,0.0,8.025751207796967,3.773027777777778,0.0,0.0,52.800994788137885,2.9089933333333327,22.814166666666654,8.088333333333333,2.511833333333333
