,cost,emission,grid,wood_supply,DHDC_small_heat,DHDC_medium_heat,DHDC_large_heat,wood_boiler_heat,wood_boiler_DHW,PV,SCFP,ASHP,ASHP_DHW,GSHP_heat,GSHP_cooling,battery,DHW_storage,heat_storage,geothermal_boreholes,demand_electricity,demand_space_heating,demand_space_cooling,demand_hot_water
0,2914159.2546132025,7384.639952030853,14.0,72.0,100.0,700.0,2000.0,2000.0,2000.0,61.19332868755729,0.0,13.0,8.0,0.0,13.0,250.00000000000006,0.0,0.0,82.83533008129012,9.349833333333333,48.36926666666665,24.878833333333333,7.637440000000001
1,1919703.0696401107,7821.118741705669,14.0,31.0,50.0,0.0,0.0,15.499943576021858,7.63744,61.19332868755729,0.0,12.28786316097723,7.609273333333334,0.0,12.590970172356103,11.198902777777775,0.0,0.0,82.83533008129012,9.349833333333333,48.36926666666665,24.878833333333333,7.637440000000001
2,1510381.4540539365,8257.597531380363,14.0,18.0,50.0,0.0,0.0,5.0,7.63744,61.19332868755729,0.0,12.28786316097723,7.609273333333334,0.0,12.590970172356103,11.198902777777775,0.0,0.0,82.83533008129012,9.349833333333333,48.36926666666665,24.878833333333333,7.637440000000001
3,1202565.2023439868,8694.076321055065,14.0,8.0,50.0,0.0,0.0,0.0,5.0,61.19332868755729,0.0,12.28786316097723,7.609273333333334,0.0,12.590970172356103,11.198902777777775,0.0,0.0,82.83533008129012,9.349833333333333,48.36926666666665,24.878833333333333,7.637440000000001
4,1006885.9925951622,9130.555110729916,16.0,0.0,50.0,0.0,0.0,0.0,0.0,61.19332868755729,0.0,10.640196494310564,7.63744,2.6480357142856974,14.238636839022769,10.133708333333331,0.0,6.0,82.83533008129012,9.349833333333333,48.36926666666665,24.878833333333333,7.637440000000001
