,cost,emission,grid,wood_supply,DHDC_small_heat,DHDC_medium_heat,DHDC_large_heat,wood_boiler_heat,wood_boiler_DHW,PV,SCFP,ASHP,ASHP_DHW,GSHP_heat,GSHP_cooling,battery,DHW_storage,heat_storage,geothermal_boreholes,demand_electricity,demand_space_heating,demand_space_cooling,demand_hot_water
0,1576941.3181681735,4403.575070903475,8.0,45.0,,,,2000.0,2000.0,34.478388500376234,0.0,5.0,5.0,0.0,10.0,250.00000000000006,0.0,0.0,64.13487195026337,5.3465,30.651633333333333,13.951500000000001,4.397136666666667
1,1278675.7082675137,4744.344110800025,9.0,45.0,,,,30.65163333333333,5.0,34.478388500376234,0.0,4.548296666666669,4.38347,0.0,9.748500536440037,6.211194444444442,0.0,0.0,64.13487195026337,5.3465,30.651633333333333,13.951500000000001,4.397136666666667
2,1173588.0168032825,5085.113150696563,9.0,33.0,,,,26.097133333333332,0.0,34.478388500376234,0.0,4.554499999999999,4.3971366666666665,0.0,9.748500536440037,6.211194444444442,0.0,0.0,64.13487195026337,5.3465,30.651633333333333,13.951500000000001,4.397136666666667
3,1082798.7836768513,5425.88219059311,11.0,26.0,,,,20.467725884398398,0.0,34.478388500376234,0.0,10.183907448934931,4.3971366666666665,0.0,9.748500536440037,6.211194444444442,0.0,0.0,64.13487195026337,5.3465,30.651633333333333,13.951500000000001,4.397136666666667
4,991808.8577426403,5766.651230489679,18.0,0.0,,,,0.0,0.0,34.478388500376234,0.0,30.65163333333333,4.3971366666666665,0.0,9.748500536440037,6.0164027777777775,0.0,0.0,64.13487195026337,5.3465,30.651633333333333,13.951500000000001,4.397136666666667
