,cost,emission,grid,wood_supply,DHDC_small_heat,DHDC_medium_heat,DHDC_large_heat,wood_boiler_heat,wood_boiler_DHW,PV,SCFP,ASHP,ASHP_DHW,GSHP_heat,GSHP_cooling,battery,DHW_storage,heat_storage,geothermal_boreholes,demand_electricity,demand_space_heating,demand_space_cooling,demand_hot_water
0,3087970.9885616535,12450.231518003666,27.0,53.0,,,,2000.0,2000.0,106.36886996185484,0.0,18.0,0.0,0.0,18.0,250.00000000000006,0.0,0.0,114.45820897329841,16.937426666666664,28.7329,35.258966666666666,11.54244
1,2722185.153329855,12818.335894439875,28.0,45.0,,,,28.7329,6.18403169939484,106.36886996185484,0.0,17.8613189027253,11.45494,0.0,17.397647763941364,17.298375,0.0,0.0,114.45820897329841,16.937426666666664,28.7329,35.258966666666666,11.54244
2,2558057.5087043103,13186.44027087599,28.0,42.0,,,,28.7329,5.0,106.36886996185484,0.0,17.8613189027253,11.45494,0.0,17.397647763941364,17.298375,0.0,0.0,114.45820897329841,16.937426666666664,28.7329,35.258966666666666,11.54244
3,2396207.498782926,13554.544647312285,31.0,24.0,,,,18.9624340677309,0.0,106.36886996185487,0.0,17.86131890272531,11.54244,0.0,17.397647763941357,17.298375000000007,0.0,0.0,114.45820897329841,16.937426666666664,28.7329,35.258966666666666,11.54244
4,2296962.0753098633,13922.649023748489,31.0,0.0,,,,0.0,0.0,106.36886996185484,0.0,28.7329,11.54244,0.0,17.397647763941364,16.610287318763874,0.0,0.0,114.45820897329841,16.937426666666664,28.7329,35.258966666666666,11.54244
