,cost,emission,grid,wood_supply,DHDC_small_heat,DHDC_medium_heat,DHDC_large_heat,wood_boiler_heat,wood_boiler_DHW,PV,SCFP,ASHP,ASHP_DHW,GSHP_heat,GSHP_cooling,battery,DHW_storage,heat_storage,geothermal_boreholes,demand_electricity,demand_space_heating,demand_space_cooling,demand_hot_water
0,859130.2442029883,2210.454570398493,4.0,26.0,,,,2000.0,2000.0,20.43571894918425,0.0,4.0,3.0,0.0,8.0,250.00000000000006,0.0,0.0,54.30500326442898,2.601899999999999,17.615866666666665,7.364666666666667,2.3623333333333334
1,657054.0184808153,2402.268574947135,4.0,26.0,,,,17.615866666666662,5.0,20.43571894918425,0.0,3.6293333333333333,2.3581666666666665,0.0,7.3646666666666665,4.305638888888889,0.0,0.0,54.30500326442898,2.601899999999999,17.615866666666665,7.364666666666667,2.3623333333333334
2,601453.5517021543,2594.082579495779,5.0,18.0,,,,13.814569999999996,0.0,20.43571894918425,0.0,3.8012966666666674,2.362333333333333,0.0,7.3646666666666665,4.305638888888889,0.0,0.0,54.30500326442898,2.601899999999999,17.615866666666665,7.364666666666667,2.3623333333333334
3,550227.8233446194,2785.896584044423,6.0,15.0,,,,11.501582410211626,0.0,20.43571894918425,0.0,6.114284256455037,2.362333333333333,0.0,7.3646666666666665,4.305638888888889,0.0,0.0,54.30500326442898,2.601899999999999,17.615866666666665,7.364666666666667,2.3623333333333334
4,498951.23291250685,2977.710588593068,10.0,0.0,,,,0.0,0.0,20.43571894918425,0.0,17.615866666666662,2.362333333333333,0.0,7.364666666666668,4.151430555555556,0.0,0.0,54.30500326442898,2.601899999999999,17.615866666666665,7.364666666666667,2.3623333333333334
