,cost,emission,grid,wood_supply,DHDC_small_heat,DHDC_medium_heat,DHDC_large_heat,wood_boiler_heat,wood_boiler_DHW,PV,SCFP,ASHP,ASHP_DHW,GSHP_heat,GSHP_cooling,battery,DHW_storage,heat_storage,geothermal_boreholes,demand_electricity,demand_space_heating,demand_space_cooling,demand_hot_water
0,2512082.274402501,5965.197334498485,8.0,67.0,100.0,700.0,2000.0,2000.0,2000.0,59.94686325887008,0.0,4.0,7.0,0.0,0.0,250.00000000000006,0.0,0.0,81.96280428120906,7.1626666666666665,45.87400000000002,0.0,6.226166666666667
1,1580170.8584266645,6360.342040327636,8.0,29.0,50.0,0.0,0.0,15.947223804982345,6.226166666666666,59.94686325887008,0.0,7.199333333333334,6.206666666666667,0.0,0.0,12.740763888888887,0.0,0.0,81.96280428120906,7.1626666666666665,45.87400000000002,0.0,6.226166666666667
2,1209595.9535151157,6755.486746156806,8.0,16.0,50.0,0.0,0.0,5.478121401776284,6.226166666666666,59.94686325887008,0.0,7.199333333333334,6.206666666666667,0.0,0.0,12.740763888888887,0.0,0.0,81.96280428120906,7.1626666666666665,45.87400000000002,0.0,6.226166666666667
3,873539.9414104887,7150.63145198593,10.0,8.0,50.0,0.0,0.0,0.0,5.0,59.94686325887008,0.0,0.0,6.206666666666667,0.0,0.0,12.740763888888887,0.0,0.0,81.96280428120906,7.1626666666666665,45.87400000000002,0.0,6.226166666666667
4,697049.1131161419,7545.776157815184,10.0,0.0,50.0,0.0,0.0,0.0,0.0,59.94686325887008,0.0,0.0,6.226166666666666,0.0,0.0,12.329847222222227,0.0,0.0,81.96280428120906,7.1626666666666665,45.87400000000002,0.0,6.226166666666667
