,cost,emission,grid,wood_supply,DHDC_small_heat,DHDC_medium_heat,DHDC_large_heat,wood_boiler_heat,wood_boiler_DHW,PV,SCFP,ASHP,ASHP_DHW,GSHP_heat,GSHP_cooling,battery,DHW_storage,heat_storage,geothermal_boreholes,demand_electricity,demand_space_heating,demand_space_cooling,demand_hot_water
0,2246040.713522495,8017.432229433613,18.0,41.0,,,,2000.0,2000.0,39.07351206873043,0.0,15.0,0.0,0.0,11.0,250.00000000000006,0.0,0.0,67.3514584481113,10.5555,23.627116666666662,24.534086666666667,7.947470000000002
1,1986391.9115533056,8325.086253577,18.0,36.0,,,,23.62711666666666,5.0,39.07351206873043,0.0,14.29666498255375,7.888636666666665,0.0,10.237421684112917,2.8230555555555563,0.0,0.0,67.3514584481113,10.5555,23.627116666666662,24.534086666666667,7.947470000000002
2,1849233.4611611122,8632.740277720604,20.0,36.0,,,,23.62711666666666,5.0,39.07351206873043,0.0,14.29666498255375,7.888636666666665,0.0,10.237421684112917,2.8230555555555563,0.0,0.0,67.3514584481113,10.5555,23.627116666666662,24.534086666666667,7.947470000000002
3,1724991.4309979237,8940.39430186416,20.0,13.0,,,,9.826661260508732,0.0,39.07351206873043,0.0,14.29666498255375,7.947470000000001,0.0,10.237421684112917,2.8230555555555594,0.0,0.0,67.3514584481113,10.5555,23.627116666666662,24.534086666666667,7.947470000000002
4,1641824.610167634,9248.048326007673,20.0,0.0,,,,0.0,0.0,39.07351206873043,0.0,23.62711666666666,7.947470000000001,0.0,10.237421684112917,2.811013888888888,0.0,0.0,67.3514584481113,10.5555,23.627116666666662,24.534086666666667,7.947470000000002
