,cost,emission,grid,wood_supply,DHDC_small_heat,DHDC_medium_heat,DHDC_large_heat,wood_boiler_heat,wood_boiler_DHW,PV,SCFP,ASHP,ASHP_DHW,GSHP_heat,GSHP_cooling,battery,DHW_storage,heat_storage,geothermal_boreholes,demand_electricity,demand_space_heating,demand_space_cooling,demand_hot_water
0,2159259.968307674,6366.975556661918,11.0,63.0,,,,2000.0,2000.0,52.52088152496236,0.0,10.0,7.0,0.0,12.0,250.00000000000006,0.0,0.0,76.76461706747367,8.061333333333335,42.395849999999996,21.327333333333332,6.6184400000000005
1,1780613.0186173907,6824.447025395404,14.0,61.0,,,,42.395849999999996,5.0,52.52088152496236,0.0,9.659111539077333,6.592606666666667,0.0,11.668221794255999,9.851152777777774,0.0,0.0,76.76461706747367,8.061333333333335,42.395849999999996,21.327333333333332,6.6184400000000005
2,1630653.1683866777,7281.918494128898,14.0,41.0,,,,32.73673846092266,0.0,52.52088152496236,0.0,9.659111539077333,6.6184400000000005,0.0,11.668221794255999,9.851152777777774,0.0,0.0,76.76461706747367,8.061333333333335,42.395849999999996,21.327333333333332,6.6184400000000005
3,1508450.636870632,7739.389962862384,15.0,37.0,,,,28.88376197836192,0.0,52.52088152496236,0.0,13.512088021638073,6.6184400000000005,0.0,11.668221794255999,9.851152777777774,0.0,0.0,76.76461706747367,8.061333333333335,42.395849999999996,21.327333333333332,6.6184400000000005
4,1387194.266861053,8196.861431595868,25.0,0.0,,,,0.0,0.0,52.52088152496236,0.0,42.395849999999996,6.61844,0.0,11.668221794255999,9.063208333333336,0.0,0.0,76.76461706747367,8.061333333333335,42.395849999999996,21.327333333333332,6.6184400000000005
