,cost,emission,grid,wood_supply,DHDC_small_heat,DHDC_medium_heat,DHDC_large_heat,wood_boiler_heat,wood_boiler_DHW,PV,SCFP,ASHP,ASHP_DHW,GSHP_heat,GSHP_cooling,battery,DHW_storage,heat_storage,geothermal_boreholes,demand_electricity,demand_space_heating,demand_space_cooling,demand_hot_water
0,656652.3131995789,1562.5179339629217,3.0,19.0,,,,2000.0,2000.0,13.347353512295818,0.0,0.0,2.0,0.0,5.0,250.00000000000006,0.0,0.0,49.34314745860708,1.7966666666666666,13.210086666666664,4.826499999999999,1.5198333333333334
1,483968.2868683592,1706.3121727083212,3.0,15.0,,,,11.552167342580056,0.0,13.347353512295818,0.0,2.3468666666666667,1.5198333333333331,0.0,4.826499999999999,2.4234305555555546,0.0,0.0,49.34314745860708,1.7966666666666666,13.210086666666664,4.826499999999999,1.5198333333333334
2,445440.8057694218,1850.1064114537248,4.0,14.0,,,,10.863219999999998,0.0,13.347353512295818,0.0,2.3468666666666667,1.5198333333333331,0.0,4.826499999999999,2.4234305555555546,0.0,0.0,49.34314745860708,1.7966666666666666,13.210086666666664,4.826499999999999,1.5198333333333334
3,407104.04149653285,1993.9006501991282,5.0,11.0,,,,8.574560199178638,0.0,13.347353512295818,0.0,4.635526467488026,1.5198333333333331,0.0,4.826499999999999,2.4234305555555546,0.0,0.0,49.34314745860708,1.7966666666666666,13.210086666666664,4.826499999999999,1.5198333333333334
4,367939.54050631984,2137.6948889445407,8.0,0.0,,,,0.0,0.0,13.347353512295818,0.0,13.210086666666664,1.5198333333333331,0.0,4.8265,2.3674583333333326,0.0,0.0,49.34314745860708,1.7966666666666666,13.210086666666664,4.826499999999999,1.5198333333333334
