,cost,emission,grid,wood_supply,DHDC_small_heat,DHDC_medium_heat,DHDC_large_heat,wood_boiler_heat,wood_boiler_DHW,PV,SCFP,ASHP,ASHP_DHW,GSHP_heat,GSHP_cooling,battery,DHW_storage,heat_storage,geothermal_boreholes,demand_electricity,demand_space_heating,demand_space_cooling,demand_hot_water
0,2412658.9741465813,6739.560412530277,16.0,127.0,100.0,700.0,2000.0,2000.0,2000.0,85.46183858489601,0.0,0.0,7.0,0.0,0.0,250.00000000000006,0.0,0.0,99.82328700942722,16.63445,95.11713999999996,0.0,6.419573333333333
1,1545163.5020656695,7123.454798538922,16.0,65.0,50.0,0.0,0.0,45.117139999999964,6.419573333333333,85.46183858489601,0.0,3.938333333333333,6.395406666666666,0.0,0.0,22.78366666666667,0.0,0.0,99.82328700942722,16.63445,95.11713999999996,0.0,6.419573333333333
2,1185304.2428332432,7507.349184547542,16.0,65.0,50.0,0.0,0.0,45.117139999999964,6.419573333333333,85.46183858489601,0.0,3.938333333333333,6.395406666666666,0.0,0.0,22.78366666666667,0.0,0.0,99.82328700942722,16.63445,95.11713999999996,0.0,6.419573333333333
3,829548.0476489215,7891.243570556183,16.0,30.0,77.79151439760969,0.0,0.0,17.32562560239028,6.419573333333333,85.46183858489601,0.0,0.6463333333333333,6.395406666666666,0.0,0.0,22.783666666666665,0.0,0.0,99.82328700942722,16.63445,95.11713999999996,0.0,6.419573333333333
4,725915.776195793,8275.13795656479,18.0,0.0,95.11713999999996,0.0,0.0,0.0,0.0,85.46183858489601,0.0,0.0,6.419573333333331,0.0,0.0,22.783666666666665,0.0,0.0,99.82328700942722,16.63445,95.11713999999996,0.0,6.419573333333333
