,cost,emission,grid,wood_supply,DHDC_small_heat,DHDC_medium_heat,DHDC_large_heat,wood_boiler_heat,wood_boiler_DHW,PV,SCFP,ASHP,ASHP_DHW,GSHP_heat,GSHP_cooling,battery,DHW_storage,heat_storage,geothermal_boreholes,demand_electricity,demand_space_heating,demand_space_cooling,demand_hot_water
0,1800905.4033719553,3653.684313703603,5.0,41.0,100.0,700.0,2000.0,2000.0,2000.0,28.368513239077338,0.0,0.0,4.0,0.0,0.0,250.00000000000006,0.0,0.0,59.85795926735414,4.180166666666666,27.82556666666667,0.0,3.7466666666666675
1,1019812.2770925955,3904.2144024809054,5.0,18.0,50.0,0.0,0.0,9.384990767837898,5.0,28.368513239077338,0.0,2.1820666666666657,3.7247733333333324,0.0,0.0,4.826402777777776,0.0,0.0,59.85795926735414,4.180166666666666,27.82556666666667,0.0,3.7466666666666675
2,784896.4740685024,4154.744491258155,5.0,12.0,50.0,0.0,0.0,5.0,5.0,28.368513239077338,0.0,2.182066666666666,3.7247733333333324,0.0,0.0,4.826402777777776,0.0,0.0,59.85795926735414,4.180166666666666,27.82556666666667,0.0,3.7466666666666675
3,582769.3151895712,4405.274580035515,6.0,6.0,50.0,0.0,0.0,0.0,5.0,28.368513239077338,0.0,0.0,3.7247733333333324,0.0,0.0,4.826402777777776,0.0,0.0,59.85795926735414,4.180166666666666,27.82556666666667,0.0,3.7466666666666675
4,469446.4095891374,4655.804668812804,6.0,0.0,50.0,0.0,0.0,0.0,0.0,28.368513239077338,0.0,0.0,3.746666666666667,0.0,0.0,4.630555555555555,0.0,0.0,59.85795926735414,4.180166666666666,27.82556666666667,0.0,3.7466666666666675
