,cost,emission,grid,wood_supply,DHDC_small_heat,DHDC_medium_heat,DHDC_large_heat,wood_boiler_heat,wood_boiler_DHW,PV,SCFP,ASHP,ASHP_DHW,GSHP_heat,GSHP_cooling,battery,DHW_storage,heat_storage,geothermal_boreholes,demand_electricity,demand_space_heating,demand_space_cooling,demand_hot_water
0,2506920.012921943,5864.2574677198545,10.0,63.0,100.0,700.0,2000.0,2000.0,2000.0,45.97248057179219,0.0,9.0,6.0,0.0,11.0,250.00000000000006,0.0,0.0,72.18073640025453,7.035499999999999,42.99258333333333,19.68058,5.812833333333334
1,1583489.184116704,6243.610612136916,10.0,27.0,50.0,0.0,0.0,14.50625964495205,5.812833333333334,45.97248057179219,0.0,8.709108067161308,5.796166666666666,0.0,10.971471932838691,8.696069444444447,0.0,0.0,72.18073640025453,7.035499999999999,42.99258333333333,19.68058,5.812833333333334
2,1227732.7582758279,6622.963756553871,10.0,15.0,50.0,0.0,0.0,5.0,5.812833333333334,45.97248057179219,0.0,8.709108067161306,5.796166666666666,0.0,10.971471932838691,8.696069444444447,0.0,0.0,72.18073640025453,7.035499999999999,42.99258333333333,19.68058,5.812833333333334
3,926622.2473446664,7002.316900970944,10.0,8.0,50.0,0.0,0.0,0.0,5.0,45.97248057179219,0.0,8.709108067161308,5.796166666666666,0.0,10.971471932838691,8.696069444444447,0.0,0.0,72.18073640025453,7.035499999999999,42.99258333333333,19.68058,5.812833333333334
4,756130.6252880733,7381.670045387992,12.0,0.0,50.0,0.0,0.0,0.0,0.0,45.97248057179219,0.0,7.871861400494643,5.812833333333334,1.345575000000006,11.808718599505356,7.952041666666667,0.0,3.0,72.18073640025453,7.035499999999999,42.99258333333333,19.68058,5.812833333333334
