,cost,emission,grid,wood_supply,DHDC_small_heat,DHDC_medium_heat,DHDC_large_heat,wood_boiler_heat,wood_boiler_DHW,PV,SCFP,ASHP,ASHP_DHW,GSHP_heat,GSHP_cooling,battery,DHW_storage,heat_storage,geothermal_boreholes,demand_electricity,demand_space_heating,demand_space_cooling,demand_hot_water
0,1997344.9694890063,4262.158143465305,5.0,48.0,100.0,700.0,2000.0,2000.0,2000.0,33.93368468365145,0.0,0.0,5.0,0.0,0.0,250.00000000000006,0.0,0.0,63.75357927855602,4.9105166666666635,33.1898,0.0,4.333166666666666
1,1173932.5752054658,4551.216101150447,5.0,21.0,50.0,0.0,0.0,11.290024977263844,5.0,33.93368468365145,0.0,2.5953333333333326,4.322333333333334,0.0,0.0,6.419138888888888,0.0,0.0,63.75357927855602,4.9105166666666635,33.1898,0.0,4.333166666666666
2,902870.2041876256,4840.274058835542,5.0,13.0,50.0,0.0,0.0,5.0,5.0,33.93368468365145,0.0,2.5953333333333326,4.322333333333334,0.0,0.0,6.419138888888888,0.0,0.0,63.75357927855602,4.9105166666666635,33.1898,0.0,4.333166666666666
3,665687.9891319375,5129.332016520751,7.0,7.0,50.0,0.0,0.0,0.0,5.0,33.93368468365145,0.0,0.0,4.322333333333334,0.0,0.0,6.419138888888888,0.0,0.0,63.75357927855602,4.9105166666666635,33.1898,0.0,4.333166666666666
4,535167.9114790388,5418.3899742059075,7.0,0.0,50.0,0.0,0.0,0.0,0.0,33.93368468365145,0.0,0.0,4.333166666666666,0.0,0.0,6.243499999999996,0.0,0.0,63.75357927855602,4.9105166666666635,33.1898,0.0,4.333166666666666
