,cost,emission,grid,wood_supply,DHDC_small_heat,DHDC_medium_heat,DHDC_large_heat,wood_boiler_heat,wood_boiler_DHW,PV,SCFP,ASHP,ASHP_DHW,GSHP_heat,GSHP_cooling,battery,DHW_storage,heat_storage,geothermal_boreholes,demand_electricity,demand_space_heating,demand_space_cooling,demand_hot_water
0,2265434.470388496,8187.986677951945,21.0,50.0,,,,2000.0,2000.0,92.70504758668422,0.0,14.0,10.0,0.0,16.0,250.00000000000006,0.0,0.0,104.89353331067896,12.463959999999998,28.87760666666665,29.74742,9.49694
1,1884656.8998493399,8527.573099874779,22.0,44.0,,,,28.87760666666665,5.0,92.70504758668422,0.0,13.803602936776791,9.467106666666666,0.0,15.943817063223207,17.495694444444442,0.0,0.0,104.89353331067896,12.463959999999998,28.87760666666665,29.74742,9.49694
2,1733262.334038441,8867.159521797837,24.0,39.0,,,,28.87760666666665,5.0,92.70504758668422,0.0,13.803602936776791,9.467106666666666,0.0,15.943817063223207,17.495694444444442,0.0,0.0,104.89353331067896,12.463959999999998,28.87760666666665,29.74742,9.49694
3,1613741.1190847612,9206.745943720824,24.0,19.0,,,,15.07400372988986,0.0,92.70504758668422,0.0,13.803602936776791,9.496939999999999,0.0,15.943817063223207,17.495694444444442,0.0,0.0,104.89353331067896,12.463959999999998,28.87760666666665,29.74742,9.49694
4,1522928.6498958461,9546.332365643786,24.0,0.0,,,,0.0,0.0,92.70504758668422,0.0,28.87760666666665,9.496939999999999,0.0,15.943817063223207,15.961361111111112,0.0,0.0,104.89353331067896,12.463959999999998,28.87760666666665,29.74742,9.49694
