,cost,emission,grid,wood_supply,DHDC_small_heat,DHDC_medium_heat,DHDC_large_heat,wood_boiler_heat,wood_boiler_DHW,PV,SCFP,DHW_to_heat,ASHP,ASHP_DHW,GSHP_heat,GSHP_cooling,battery,DHW_storage,heat_storage,geothermal_boreholes,demand_electricity,demand_space_heating,demand_space_cooling,demand_hot_water
0,42743.97280312363,5846.386777318077,11.25787542721625,0.3267848562723891,5.0,0.0,0.0,4.999999999999997,5.000000000000001,36.224244649254025,0.0,0.0,26.67796878164875,2.802603100609327,,,2.766995235857226,0.0,0.0,,3.411569166666666,26.939396666666664,8.678905,3.0466025
1,19545.68790886513,6229.707741168907,11.080497774715116,0.0,5.0,0.0,0.0,0.0,0.0,27.098550462766006,0.0,5.0,22.05524916666666,2.9294999999999995,,,0.0,0.0,0.0,,3.411569166666666,26.939396666666664,8.678905,3.0466025
2,18814.051724902674,6613.028705019748,11.084717339259736,0.0,5.0,0.0,0.0,0.0,0.0,17.549073435755215,0.0,4.0,23.70628891443552,1.2784602522311386,,,0.0,0.0,0.0,,3.411569166666666,26.939396666666664,8.678905,3.0466025
3,18222.51126001197,6996.349668870586,11.283290083289977,0.0,5.0,0.0,0.0,0.0,0.0,8.715300155807581,0.0,2.0,24.98474916666666,0.0,,,0.0,0.0,0.0,,3.411569166666666,26.939396666666664,8.678905,3.0466025
4,17643.684218951137,7379.670632721429,12.0,0.3267848562723891,5.0,0.0,0.0,0.0,0.0,0.0,0.0,3.0,24.98474916666666,0.0,,,0.0,0.0,0.0,,3.411569166666666,26.939396666666664,8.678905,3.0466025
