,cost,emission,grid,wood_supply,DHDC_small_heat,DHDC_medium_heat,DHDC_large_heat,wood_boiler_heat,wood_boiler_DHW,PV,SCFP,DHW_to_heat,ASHP,ASHP_DHW,GSHP_heat,GSHP_cooling,battery,DHW_storage,heat_storage,geothermal_boreholes,demand_electricity,demand_space_heating,demand_space_cooling,demand_hot_water
0,26018.630928306316,1637.9642703649529,3.6994875656682766,0.2361873938992393,,,,0.0,5.000000000000001,10.339255399782656,0.0,0.0,8.822988333333333,0.5502104909371992,,,1.0261484065539446,0.0,0.0,,0.8208333333333334,8.822988333333333,2.3222849999999995,0.7155416666666667
1,5662.304976209029,1741.8648452620903,3.781957886279004,0.0,,,,0.0,0.0,8.284164868942801,0.0,1.0,8.815863333333333,0.7155416666666667,,,0.0,0.0,0.0,,0.8208333333333334,8.822988333333333,2.3222849999999995,0.7155416666666667
2,5370.35270653414,1845.7654201592281,3.802277192511934,0.0,,,,0.0,0.0,5.209728332035574,0.0,1.0,8.815863333333333,0.7155416666666667,,,0.0,0.0,0.0,,0.8208333333333334,8.822988333333333,2.3222849999999995,0.7155416666666667
3,5168.058446722809,1949.6659950563655,3.8199834054187587,0.0,,,,0.0,0.0,2.6006084801820735,0.0,1.0,8.815863333333333,0.7155416666666667,,,0.0,0.0,0.0,,0.8208333333333334,8.822988333333333,2.3222849999999995,0.7155416666666667
4,4967.403020052594,2053.5665699535048,4.0,0.2361873938992393,,,,0.0,0.0,0.0,0.0,1.0,8.815863333333333,0.7155416666666667,,,0.0,0.0,0.0,,0.8208333333333334,8.822988333333333,2.3222849999999995,0.7155416666666667
