,cost,emission,grid,wood_supply,DHDC_small_heat,DHDC_medium_heat,DHDC_large_heat,wood_boiler_heat,wood_boiler_DHW,PV,SCFP,DHW_to_heat,ASHP,ASHP_DHW,GSHP_heat,GSHP_cooling,battery,DHW_storage,heat_storage,geothermal_boreholes,demand_electricity,demand_space_heating,demand_space_cooling,demand_hot_water
0,38745.20017658553,4984.804917410923,9.31517498730581,0.27610213093654423,6.666666666666667,0.0,0.0,4.999999999999998,5.000000000000001,21.74346598186977,0.0,0.0,22.45114996191743,1.9651376750110856,,,0.7924588005355045,0.0,0.0,,2.8353750000000004,22.67203166666667,8.345099999999997,2.197575833333333
1,15580.366832609874,5232.411485894165,10.360361099818727,0.0,0.0,0.0,0.0,0.0,0.0,18.59341899983214,0.0,1.0,22.671323333333333,2.197575833333333,,,0.0,0.0,0.0,,2.8353750000000004,22.67203166666667,8.345099999999997,2.197575833333333
2,15099.348771187571,5480.018054377404,10.471072538434615,0.0,0.0,0.0,0.0,0.0,0.0,12.381159904739423,0.0,1.0,22.671323333333333,2.197575833333333,,,0.0,0.0,0.0,,2.8353750000000004,22.67203166666667,8.345099999999997,2.197575833333333
3,14622.50647701575,5727.624622860646,10.581397753573947,0.0,0.0,0.0,0.0,0.0,0.0,6.190572647127767,0.0,1.0,22.671323333333333,2.197575833333333,,,0.0,0.0,0.0,,2.8353750000000004,22.67203166666667,8.345099999999997,2.197575833333333
4,14145.665308245507,5975.23119134389,11.0,0.27610213093654423,0.0,0.0,0.0,0.0,0.0,0.0,0.0,1.0,22.671323333333333,2.197575833333333,,,0.0,0.0,0.0,,2.8353750000000004,22.67203166666667,8.345099999999997,2.197575833333333
