,cost,emission,grid,wood_supply,DHDC_small_heat,DHDC_medium_heat,DHDC_large_heat,wood_boiler_heat,wood_boiler_DHW,PV,SCFP,DHW_to_heat,ASHP,ASHP_DHW,GSHP_heat,GSHP_cooling,battery,DHW_storage,heat_storage,geothermal_boreholes,demand_electricity,demand_space_heating,demand_space_cooling,demand_hot_water
0,27467.86640588107,1997.4398078343343,4.428665829389802,0.24948596590162408,,,,0.0,5.000000000000001,14.138847400464027,0.0,0.0,10.345796666666665,0.9045189905355296,0.0,0.0,1.3603500733879739,0.0,0.0,0.0,0.9348333333333333,10.345796666666665,0.0,1.0791591666666667
1,7044.323300822828,2147.3604333611984,4.521873484866905,0.0,,,,0.0,0.0,11.056063572368211,0.0,1.0,10.345463333333331,1.0791591666666664,0.0,0.0,0.0,0.0,0.0,0.0,0.9348333333333333,10.345796666666665,0.0,1.0791591666666667
2,6686.422023734195,2297.281058888065,4.561830958326441,0.0,,,,0.0,0.0,6.948737075327638,0.0,1.0,10.345463333333331,1.0791591666666664,0.0,0.0,0.0,0.0,0.0,0.0,0.9348333333333333,10.345796666666665,0.0,1.0791591666666667
3,6450.152945558642,2447.2016844149334,4.611308711107993,0.0,,,,0.0,0.0,3.472670509880421,0.0,1.0,10.345463333333331,1.0791591666666664,0.0,0.0,0.0,0.0,0.0,0.0,0.9348333333333333,10.345796666666665,0.0,1.0791591666666667
4,6214.536522823851,2597.1223099417994,5.0,0.24948596590162408,,,,0.0,0.0,0.0,0.0,1.0,10.345463333333331,1.0791591666666664,0.0,0.0,0.0,0.0,0.0,0.0,0.9348333333333333,10.345796666666665,0.0,1.0791591666666667
