,cost,emission,grid,wood_supply,DHDC_small_heat,DHDC_medium_heat,DHDC_large_heat,wood_boiler_heat,wood_boiler_DHW,PV,SCFP,DHW_to_heat,ASHP,ASHP_DHW,GSHP_heat,GSHP_cooling,battery,DHW_storage,heat_storage,geothermal_boreholes,demand_electricity,demand_space_heating,demand_space_cooling,demand_hot_water
0,29154.56821303245,2352.5159160368557,3.684192460544298,0.2799601352766904,,,,0.0,5.000000000000001,22.84575293619725,0.0,0.0,5.9207583333333345,1.5699029053063167,,,1.3711164592087872,0.0,0.0,,2.1012125,4.325878333333333,5.9207583333333345,1.765875
1,8495.941152688803,2585.182441419063,4.119039000099301,0.0,,,,0.0,0.0,17.564139480057175,0.0,0.0,5.9207583333333345,1.7658749999999999,,,0.0,0.0,0.0,,2.1012125,4.325878333333333,5.9207583333333345,1.765875
2,8032.6986649840765,2817.8489668012708,4.341567421601295,0.028214285714285515,,,,0.0,0.019749999999999858,11.667379618673694,0.0,0.0,5.9207583333333345,1.7461250000000001,,,0.0,0.0,0.0,,2.1012125,4.325878333333333,5.9207583333333345,1.765875
3,7580.773949318037,3050.5154921834783,4.625916179861254,0.028214285714285515,,,,0.0,0.019749999999999858,5.8303195103204235,0.0,0.0,5.9207583333333345,1.7461250000000001,,,0.0,0.0,0.0,,2.1012125,4.325878333333333,5.9207583333333345,1.765875
4,7129.961856300442,3283.1820175656903,5.0,0.2799601352766904,,,,0.0,0.0,0.0,0.0,0.0,5.9207583333333345,1.7658749999999999,,,0.0,0.0,0.0,,2.1012125,4.325878333333333,5.9207583333333345,1.765875
