,cost,emission,grid,wood_supply,DHDC_small_heat,DHDC_medium_heat,DHDC_large_heat,wood_boiler_heat,wood_boiler_DHW,PV,SCFP,DHW_to_heat,ASHP,ASHP_DHW,GSHP_heat,GSHP_cooling,battery,DHW_storage,heat_storage,geothermal_boreholes,demand_electricity,demand_space_heating,demand_space_cooling,demand_hot_water
0,33896.81933048456,3254.537028890307,6.295059575264611,0.2820245094243728,1.7137916666666666,0.0,0.0,4.999999999999998,5.000000000000001,23.435574121249367,0.0,0.0,15.169625392460503,1.509082843402939,,,1.7900974263598863,0.0,0.0,,1.8973333333333333,15.395245000000001,4.687166666666666,1.7137916666666666
1,11317.624052617857,3483.5002392362603,6.566861374166195,0.0,1.6845416666666666,0.0,0.0,0.0,0.0,17.745971327752148,0.0,2.0,13.763402681053567,1.6591756522797672,,,0.0,0.0,0.0,,1.8973333333333333,15.395245000000001,4.687166666666666,1.7137916666666666
2,10749.209765390027,3712.463449582235,6.575043384860675,0.0,1.6840833333333332,0.0,0.0,0.0,0.0,11.375134848714145,0.0,1.0,14.661102576476218,0.7619340901904479,,,0.0,0.0,0.0,,1.8973333333333333,15.395245000000001,4.687166666666666,1.7137916666666666
3,10311.400801573765,3941.4266599281746,6.606694274947721,0.0,1.6845416666666666,0.0,0.0,0.0,0.0,5.666894838875597,0.0,1.0,15.393328333333333,0.029249999999999922,,,0.0,0.0,0.0,,1.8973333333333333,15.395245000000001,4.687166666666666,1.7137916666666666
4,9881.11703565473,4170.389870274138,7.0,0.2820245094243728,1.6752916666666666,0.0,0.0,0.0,0.0,0.0,0.0,1.0,15.393328333333333,0.03849999999999998,,,0.0,0.0,0.0,,1.8973333333333333,15.395245000000001,4.687166666666666,1.7137916666666666
