,cost,emission,grid,wood_supply,DHDC_small_heat,DHDC_medium_heat,DHDC_large_heat,wood_boiler_heat,wood_boiler_DHW,PV,SCFP,DHW_to_heat,ASHP,ASHP_DHW,GSHP_heat,GSHP_cooling,battery,DHW_storage,heat_storage,geothermal_boreholes,demand_electricity,demand_space_heating,demand_space_cooling,demand_hot_water
0,29698.425105532762,917.013032686052,1.33211572516728,0.2348160306226995,20.0,0.0,0.0,4.999999999999998,5.0,9.947437320771291,0.0,0.0,1.9807466666666667,0.49275377856411035,,,0.7001666354748309,0.0,0.0,,0.9245416666666667,2.1632416666666665,1.9807466666666667,0.6803675
1,3573.121450847194,1022.5400957493109,1.68762877068969,0.0,0.0,0.0,0.0,0.0,0.0,8.365498986700032,0.0,1.0,2.1621166666666665,0.6803675,,,0.0,0.0,0.0,,0.9245416666666667,2.1632416666666665,1.9807466666666667,0.6803675
2,3321.404454342308,1128.0671588125688,1.7061500512652537,0.0,0.0,0.0,0.0,0.0,0.0,5.4754711023731515,0.0,1.0,2.1621166666666665,0.6803675,,,0.0,0.0,0.0,,0.9245416666666667,2.1632416666666665,1.9807466666666667,0.6803675
3,3099.0301701644257,1233.5942218758266,1.7236953791644816,0.0,0.0,0.0,0.0,0.0,0.0,2.7377291486484387,0.0,1.0,2.1621166666666665,0.6803675,,,0.0,0.0,0.0,,0.9245416666666667,2.1632416666666665,1.9807466666666667,0.6803675
4,2876.656926084448,1339.1212849390859,2.0,0.2348160306226995,0.0,0.0,0.0,0.0,0.0,0.0,0.0,1.0,2.1621166666666665,0.6803675,,,0.0,0.0,0.0,,0.9245416666666667,2.1632416666666665,1.9807466666666667,0.6803675
