,cost,emission,grid,wood_supply,DHDC_small_heat,DHDC_medium_heat,DHDC_large_heat,wood_boiler_heat,wood_boiler_DHW,PV,SCFP,DHW_to_heat,ASHP,ASHP_DHW,GSHP_heat,GSHP_cooling,battery,DHW_storage,heat_storage,geothermal_boreholes,demand_electricity,demand_space_heating,demand_space_cooling,demand_hot_water
0,46389.25074546269,6365.255638961971,10.894543101213259,0.3181487871169378,20.0,0.0,0.0,4.999999999999998,5.0,33.756796319125094,0.0,0.0,24.322442636973115,2.9189550156848103,,,1.5254079795757725,0.0,0.0,,4.0056666666666665,24.576961666666666,10.207841666666665,3.1869091666666662
1,20323.63669081316,6744.28198632245,12.375566263487295,0.0,0.0,0.0,0.0,0.0,0.0,28.51873241588183,0.0,1.0,24.576169999999998,3.1869091666666662,,,0.0,0.0,0.0,,4.0056666666666665,24.576961666666666,10.207841666666665,3.1869091666666662
2,19583.93214798969,7123.308333682927,12.504566838274934,0.0,0.0,0.0,0.0,0.0,0.0,18.991703511984568,0.0,1.0,24.576169999999998,3.1869091666666662,,,0.0,0.0,0.0,,4.0056666666666665,24.576961666666666,10.207841666666665,3.1869091666666662
3,18850.23359325581,7502.334681043403,12.666485407013058,0.0,0.0,0.0,0.0,0.0,0.0,9.495845621129716,0.0,1.0,24.576169999999998,3.1869091666666662,,,0.0,0.0,0.0,,4.0056666666666665,24.576961666666666,10.207841666666665,3.1869091666666662
4,18116.535986543655,7881.36102840388,13.0,0.3181487871169378,0.0,0.0,0.0,0.0,0.0,0.0,0.0,1.0,24.576169999999998,3.1869091666666662,,,0.0,0.0,0.0,,4.0056666666666665,24.576961666666666,10.207841666666665,3.1869091666666662
