,cost,emission,grid,wood_supply,DHDC_small_heat,DHDC_medium_heat,DHDC_large_heat,wood_boiler_heat,wood_boiler_DHW,PV,SCFP,DHW_to_heat,ASHP,ASHP_DHW,GSHP_heat,GSHP_cooling,battery,DHW_storage,heat_storage,geothermal_boreholes,demand_electricity,demand_space_heating,demand_space_cooling,demand_hot_water
0,53669.10859835394,7885.5526212991035,13.424926029239533,0.38880716530994014,20.0,0.0,0.0,4.999999999999998,4.999999999999999,53.94490437426862,0.0,0.0,22.770967394318404,3.8231533176163746,11.389778540100304,14.232583333333336,3.513711117659844,0.0,0.0,17.79072916666667,5.0505,34.47179166666666,14.232583333333332,4.15336
1,27246.541425439646,8479.386673267716,16.4592843084597,0.0,0.0,0.0,0.0,0.0,0.0,43.95683892007778,0.0,1.0,33.33484507738094,4.15336,1.1354465892857155,13.619833333333332,0.0,0.0,0.0,17.024791666666665,5.0505,34.47179166666666,14.232583333333332,4.15336
2,26037.07019934847,9073.220725237825,16.68935355536662,0.0,0.0,0.0,0.0,0.0,0.0,28.768155610491572,0.0,1.0,33.33484507738094,4.15336,1.1354465892857153,13.619833333333332,0.0,0.0,0.0,17.024791666666665,5.0505,34.47179166666666,14.232583333333332,4.15336
3,24973.13618450863,9667.054777207119,16.952451663161305,0.0,0.0,0.0,0.0,0.0,0.0,14.334797373845367,0.0,1.0,33.33484507738094,4.15336,1.1354465892857153,13.619833333333332,0.0,0.0,0.0,17.024791666666665,5.0505,34.47179166666666,14.232583333333332,4.15336
4,23913.10230723041,10260.888829176263,18.0,0.38880716530994014,0.0,0.0,0.0,0.0,0.0,0.0,0.0,1.0,33.36438283630952,4.15336,1.1059088303571434,11.407124999999997,0.0,0.0,0.0,14.258906249999997,5.0505,34.47179166666666,14.232583333333332,4.15336
