,cost,emission,grid,wood_supply,DHDC_small_heat,DHDC_medium_heat,DHDC_large_heat,wood_boiler_heat,wood_boiler_DHW,PV,SCFP,DHW_to_heat,ASHP,ASHP_DHW,GSHP_heat,GSHP_cooling,battery,DHW_storage,heat_storage,geothermal_boreholes,demand_electricity,demand_space_heating,demand_space_cooling,demand_hot_water
0,64840.225420430834,12909.232422913054,21.746653280392838,0.46174707352683375,6.3643374999999995,0.0,0.0,4.999999999999997,5.000000000000001,74.78487815052392,0.0,0.0,46.27231567451186,5.972197881864545,,,3.215518050766314,0.0,0.0,,8.568825833333333,46.641713333333335,22.622500000000002,6.3643375
1,40580.20564842835,13652.825028419913,22.250475286233996,0.0,6.316004166666666,0.0,0.0,0.0,0.0,56.17157385972879,0.0,5.0,42.50255583333333,4.186324166666667,,,0.0,0.0,0.0,,8.568825833333333,46.641713333333335,22.622500000000002,6.3643375
2,39078.047719242575,14396.417633926736,22.1384910615445,0.0,6.318629166666666,0.0,0.0,0.0,0.0,37.2086490371732,0.0,1.0,46.640546666666665,0.045708333333333684,,,0.0,0.0,0.0,,8.568825833333333,46.641713333333335,22.622500000000002,6.3643375
3,37642.98844497318,15140.010239433592,22.44822668472063,0.0,6.318629166666666,0.0,0.0,0.0,0.0,18.601765374316987,0.0,1.0,46.640546666666665,0.045708333333333684,,,0.0,0.0,0.0,,8.568825833333333,46.641713333333335,22.622500000000002,6.3643375
4,36208.20687996534,15883.602844940495,23.0,0.46174707352683375,6.304754166666666,0.0,0.0,0.0,0.0,0.0,0.0,1.0,46.640546666666665,0.05958333333333361,,,0.0,0.0,0.0,,8.568825833333333,46.641713333333335,22.622500000000002,6.3643375
