,cost,emission,grid,wood_supply,DHDC_small_heat,DHDC_medium_heat,DHDC_large_heat,wood_boiler_heat,wood_boiler_DHW,PV,SCFP,DHW_to_heat,ASHP,ASHP_DHW,GSHP_heat,GSHP_cooling,battery,DHW_storage,heat_storage,geothermal_boreholes,demand_electricity,demand_space_heating,demand_space_cooling,demand_hot_water
0,33877.911437674455,2150.2485308278974,2.948294155584538,0.2669646248913158,20.0,0.0,0.0,4.999999999999997,5.0,19.132749968947365,0.0,0.0,4.974614966753615,1.636117262576079,,,1.0979653767044117,0.0,0.0,,1.7441250000000001,5.188186666666668,4.036095,1.8955341666666667
1,7822.03160124959,2364.1347493455255,3.8248089975369766,0.0,0.0,0.0,0.0,0.0,0.0,16.321532218397415,0.0,0.0,5.188186666666667,1.8955341666666667,,,0.0,0.0,0.0,,1.7441250000000001,5.188186666666668,4.036095,1.8955341666666667
2,7379.951020533046,2578.020967863157,3.8582519731937137,0.0,0.0,0.0,0.0,0.0,0.0,10.817393797253764,0.0,0.0,5.188186666666667,1.8955341666666667,,,0.0,0.0,0.0,,1.7441250000000001,5.188186666666668,4.036095,1.8955341666666667
3,6956.259439143603,2791.90718638079,3.8911150754463817,0.0,0.0,0.0,0.0,0.0,0.0,5.408692561948428,0.0,0.0,5.188186666666667,1.8955341666666667,,,0.0,0.0,0.0,,1.7441250000000001,5.188186666666668,4.036095,1.8955341666666667
4,6532.56853718313,3005.7934048984216,4.0,0.2669646248913158,0.0,0.0,0.0,0.0,0.0,0.0,0.0,0.0,5.188186666666667,1.8955341666666667,,,0.0,0.0,0.0,,1.7441250000000001,5.188186666666668,4.036095,1.8955341666666667
