,cost,emission,grid,wood_supply,DHDC_small_heat,DHDC_medium_heat,DHDC_large_heat,wood_boiler_heat,wood_boiler_DHW,PV,SCFP,DHW_to_heat,ASHP,ASHP_DHW,GSHP_heat,GSHP_cooling,battery,DHW_storage,heat_storage,geothermal_boreholes,demand_electricity,demand_space_heating,demand_space_cooling,demand_hot_water
0,36295.82684225849,3155.6477119152355,6.091346425656541,0.2541884037879623,20.0,0.0,0.0,4.999999999999997,5.000000000000001,15.482401082274949,0.0,0.0,15.12516427696963,1.227859784015093,,,0.908771772092476,0.0,0.0,,1.6298333333333332,15.328515000000001,5.3206750000000005,1.4362083333333333
1,10217.755077372687,3329.555410378483,6.79854215746075,0.0,0.0,0.0,0.0,0.0,0.0,13.129741388390638,0.0,1.0,15.328056666666665,1.4362083333333333,,,0.0,0.0,0.0,,1.6298333333333332,15.328515000000001,5.3206750000000005,1.4362083333333333
2,9862.550190755448,3503.4631088417264,6.878001763195,0.0,0.0,0.0,0.0,0.0,0.0,8.676436462355923,0.0,1.0,15.328056666666665,1.4362083333333333,,,0.0,0.0,0.0,,1.6298333333333332,15.328515000000001,5.3206750000000005,1.4362083333333333
3,9529.517472900343,3677.3708073049734,6.955408167303563,0.0,0.0,0.0,0.0,0.0,0.0,4.338202997214086,0.0,1.0,15.328056666666665,1.4362083333333333,,,0.0,0.0,0.0,,1.6298333333333332,15.328515000000001,5.3206750000000005,1.4362083333333333
4,9196.487093973483,3851.2785057682177,8.0,0.2541884037879623,0.0,0.0,0.0,0.0,0.0,0.0,0.0,1.0,15.328056666666665,1.4362083333333333,,,0.0,0.0,0.0,,1.6298333333333332,15.328515000000001,5.3206750000000005,1.4362083333333333
