,cost,emission,grid,wood_supply,DHDC_small_heat,DHDC_medium_heat,DHDC_large_heat,wood_boiler_heat,wood_boiler_DHW,PV,SCFP,DHW_to_heat,ASHP,ASHP_DHW,GSHP_heat,GSHP_cooling,battery,DHW_storage,heat_storage,geothermal_boreholes,demand_electricity,demand_space_heating,demand_space_cooling,demand_hot_water
0,51445.85413117072,8962.884302546803,15.812513400892712,0.3071476633189816,20.0,0.0,0.0,4.999999999999997,5.000000000000001,30.61361809113759,0.0,0.0,30.385540202678147,1.8221216356767127,,,1.3665555684680364,0.0,0.0,,7.244666666666667,30.631258333333335,13.460708333333335,2.2809433333333335
1,25309.31197004213,9307.140887794889,16.937861010698303,0.0,0.0,0.0,0.0,0.0,0.0,25.458069543030728,0.0,1.0,30.63021666666667,2.280943333333333,,,0.0,0.0,0.0,,7.244666666666667,30.631258333333335,13.460708333333335,2.2809433333333335
2,24664.355792517003,9651.397473042967,17.092088058207963,0.0,0.0,0.0,0.0,0.0,0.0,16.944564632224683,0.0,1.0,30.63021666666667,2.280943333333333,,,0.0,0.0,0.0,,7.244666666666667,30.631258333333335,13.460708333333335,2.2809433333333335
3,24027.34030300971,9995.654058291053,17.24556853708918,0.0,0.0,0.0,0.0,0.0,0.0,8.472271141770392,0.0,1.0,30.63021666666667,2.280943333333333,,,0.0,0.0,0.0,,7.244666666666667,30.631258333333335,13.460708333333335,2.2809433333333335
4,23390.32649385708,10339.910643539146,18.0,0.3071476633189816,0.0,0.0,0.0,0.0,0.0,0.0,0.0,1.0,30.63021666666667,2.280943333333333,,,0.0,0.0,0.0,,7.244666666666667,30.631258333333335,13.460708333333335,2.2809433333333335
