,cost,emission,grid,wood_supply,DHDC_small_heat,DHDC_medium_heat,DHDC_large_heat,wood_boiler_heat,wood_boiler_DHW,PV,SCFP,DHW_to_heat,ASHP,ASHP_DHW,GSHP_heat,GSHP_cooling,battery,DHW_storage,heat_storage,geothermal_boreholes,demand_electricity,demand_space_heating,demand_space_cooling,demand_hot_water
0,60174.92678539564,10748.208141283923,17.772519702654396,0.454540698379342,10.0,0.0,0.0,4.9999999999999964,5.000000000000001,72.72591382266913,0.0,0.0,36.28903910796319,5.998257344467794,0.0,0.0,3.0813417314717513,0.0,0.0,0.0,6.780291666666668,36.65267166666667,0.0,6.414310833333334
1,35564.15655750185,11473.415069918314,17.061523158377042,0.0,10.0,0.0,0.0,0.0,0.0,54.62886971669529,0.0,8.0,28.781351841807993,4.284755658192006,0.0,0.0,0.0,0.0,0.0,0.0,6.780291666666668,36.65267166666667,0.0,6.414310833333334
2,34073.50783695195,12198.621998552717,17.373078398612805,0.0,10.0,0.0,0.0,0.0,0.0,35.909576963397974,0.0,4.0,33.0661075,0.0,0.0,0.0,0.0,0.0,0.0,0.0,6.780291666666668,36.65267166666667,0.0,6.414310833333334
3,32708.81648987261,12923.828927187116,17.480435241056107,0.0,10.0,0.0,0.0,0.0,0.0,17.943806366722225,0.0,4.0,33.0661075,0.0,0.0,0.0,0.0,0.0,0.0,0.0,6.780291666666668,36.65267166666667,0.0,6.414310833333334
4,31345.793559653073,13649.035855821532,18.0,0.454540698379342,10.0,0.0,0.0,0.0,0.0,0.0,0.0,4.0,33.0661075,0.0,0.0,0.0,0.0,0.0,0.0,0.0,6.780291666666668,36.65267166666667,0.0,6.414310833333334
