,cost,emission,grid,wood_supply,DHDC_small_heat,DHDC_medium_heat,DHDC_large_heat,wood_boiler_heat,wood_boiler_DHW,PV,SCFP,DHW_to_heat,ASHP,ASHP_DHW,GSHP_heat,GSHP_cooling,battery,DHW_storage,heat_storage,geothermal_boreholes,demand_electricity,demand_space_heating,demand_space_cooling,demand_hot_water
0,29858.71477744539,2374.58870068078,5.456363975807655,0.27828970199279807,,,,0.0,5.000000000000001,22.368486283656594,0.0,0.0,13.098293333333332,1.1147083333333332,0.0,0.0,1.4084409722222218,0.0,0.0,0.0,1.1532499999999999,13.098293333333332,0.0,1.117125
1,9149.513219824486,2570.42546304176,5.570715597610744,0.0,,,,0.0,0.0,16.90391305107081,0.0,1.0,13.098043333333331,1.117125,0.0,0.0,0.0,0.0,0.0,0.0,1.1532499999999999,13.098293333333332,0.0,1.117125
2,8377.009057048243,2766.262225402741,5.6406888660302865,0.0,,,,0.0,0.0,9.955775010290914,0.0,1.0,13.098043333333331,1.117125,0.0,0.0,0.0,0.0,0.0,0.0,1.1532499999999999,13.098293333333332,0.0,1.117125
3,7978.229444067656,2962.098987763721,5.708048655337174,0.0,,,,0.0,0.0,4.947232550963144,0.0,1.0,13.098043333333331,1.117125,0.0,0.0,0.0,0.0,0.0,0.0,1.1532499999999999,13.098293333333332,0.0,1.117125
4,7591.261673340849,3157.935750124702,6.0,0.27828970199279807,,,,0.0,0.0,0.0,0.0,1.0,13.098043333333331,1.117125,0.0,0.0,0.0,0.0,0.0,0.0,1.1532499999999999,13.098293333333332,0.0,1.117125
