,cost,emission,grid,wood_supply,DHDC_small_heat,DHDC_medium_heat,DHDC_large_heat,wood_boiler_heat,wood_boiler_DHW,PV,SCFP,DHW_to_heat,ASHP,ASHP_DHW,GSHP_heat,GSHP_cooling,battery,DHW_storage,heat_storage,geothermal_boreholes,demand_electricity,demand_space_heating,demand_space_cooling,demand_hot_water
0,43184.56182707952,5062.221659185401,9.513813069160388,0.30671557398186694,20.0,0.0,0.0,4.999999999999998,5.000000000000001,30.490163994819124,0.0,0.0,22.528362540814502,2.3491740982126927,,,1.8993024590780447,0.0,0.0,,2.9031249999999997,22.773735,7.585508333333332,2.602625
1,16999.96494689789,5393.488376476234,10.86412063049638,0.0,0.0,0.0,0.0,0.0,0.0,25.338800540536237,0.0,1.0,22.77294333333333,2.6026249999999997,,,0.0,0.0,0.0,,2.9031249999999997,22.773735,7.585508333333332,2.602625
2,16288.890246214425,5724.755093767062,10.981186213081173,0.0,0.0,0.0,0.0,0.0,0.0,16.67708451750043,0.0,1.0,22.77294333333333,2.6026249999999997,,,0.0,0.0,0.0,,2.9031249999999997,22.773735,7.585508333333332,2.602625
3,15640.082555278399,6056.021811057894,11.093884196452855,0.0,0.0,0.0,0.0,0.0,0.0,8.338528412615501,0.0,1.0,22.77294333333333,2.6026249999999997,,,0.0,0.0,0.0,,2.9031249999999997,22.773735,7.585508333333332,2.602625
4,14991.277019026847,6387.288528348723,12.0,0.30671557398186694,0.0,0.0,0.0,0.0,0.0,0.0,0.0,1.0,22.77294333333333,2.6026249999999997,,,0.0,0.0,0.0,,2.9031249999999997,22.773735,7.585508333333332,2.602625
