,cost,emission,grid,wood_supply,DHDC_small_heat,DHDC_medium_heat,DHDC_large_heat,wood_boiler_heat,wood_boiler_DHW,PV,SCFP,DHW_to_heat,ASHP,ASHP_DHW,GSHP_heat,GSHP_cooling,battery,DHW_storage,heat_storage,geothermal_boreholes,demand_electricity,demand_space_heating,demand_space_cooling,demand_hot_water
0,28519.280344625477,2317.2640955365805,5.052142757772515,0.25529625906565795,,,,0.0,5.000000000000001,15.798931161616553,0.0,0.0,11.499791666666667,0.8828759519873728,,,1.3769058533385945,0.0,0.0,,1.3640416666666668,11.499791666666667,2.9167783333333333,1.0615833333333333
1,8013.011768595602,2472.681395750806,5.147041973539089,0.0,,,,0.0,0.0,12.292373653505942,0.0,1.0,11.496875,1.0615833333333333,,,0.0,0.0,0.0,,1.3640416666666668,11.499791666666667,2.9167783333333333,1.0615833333333333
2,7621.629010295008,2628.0986959650313,5.172474901048396,0.0,,,,0.0,0.0,7.9287927924245025,0.0,1.0,11.496875,1.0615833333333333,,,0.0,0.0,0.0,,1.3640416666666668,11.499791666666667,2.9167783333333333,1.0615833333333333
3,7306.87284383209,2783.515996179257,5.220567032836872,0.0,,,,0.0,0.0,3.9628971492933522,0.0,1.0,11.496875,1.0615833333333333,,,0.0,0.0,0.0,,1.3640416666666668,11.499791666666667,2.9167783333333333,1.0615833333333333
4,6992.691579283715,2938.9332963934808,6.0,0.25529625906565795,,,,0.0,0.0,0.0,0.0,1.0,11.496875,1.0615833333333333,,,0.0,0.0,0.0,,1.3640416666666668,11.499791666666667,2.9167783333333333,1.0615833333333333
