,cost,emission,grid,wood_supply,DHDC_small_heat,DHDC_medium_heat,DHDC_large_heat,wood_boiler_heat,wood_boiler_DHW,PV,SCFP,DHW_to_heat,ASHP,ASHP_DHW,GSHP_heat,GSHP_cooling,battery,DHW_storage,heat_storage,geothermal_boreholes,demand_electricity,demand_space_heating,demand_space_cooling,demand_hot_water
0,36038.84384213895,4678.609363448285,9.781873868744762,0.29386245001794026,,,,0.0,5.000000000000001,26.81784286226864,0.0,0.0,22.016733333333327,2.060421284987442,0.0,0.0,1.6465154368107886,0.0,0.0,0.0,2.13925,22.01673333333333,0.0,2.266125
1,15259.440525792601,4946.310486016413,9.933999853507189,0.0,,,,0.0,0.0,20.40991348992811,0.0,1.0,22.016233333333332,2.2661249999999997,0.0,0.0,0.0,0.0,0.0,0.0,2.13925,22.01673333333333,0.0,2.266125
2,14708.12100575335,5214.011608584536,10.026765989518774,0.0,,,,0.0,0.0,13.53123793647589,0.0,1.0,22.016233333333332,2.2661249999999997,0.0,0.0,0.0,0.0,0.0,0.0,2.13925,22.01673333333333,0.0,2.266125
3,14178.582835333285,5481.712731152659,10.144737201559039,0.0,,,,0.0,0.0,6.765605938012778,0.0,1.0,22.016233333333332,2.2661249999999997,0.0,0.0,0.0,0.0,0.0,0.0,2.13925,22.01673333333333,0.0,2.266125
4,13649.046704634442,5749.413853720783,11.0,0.29386245001794026,,,,0.0,0.0,0.0,0.0,1.0,22.016233333333332,2.2661249999999997,0.0,0.0,0.0,0.0,0.0,0.0,2.13925,22.01673333333333,0.0,2.266125
