,cost,emission,grid,wood_supply,DHDC_small_heat,DHDC_medium_heat,DHDC_large_heat,wood_boiler_heat,wood_boiler_DHW,PV,SCFP,DHW_to_heat,ASHP,ASHP_DHW,GSHP_heat,GSHP_cooling,battery,DHW_storage,heat_storage,geothermal_boreholes,demand_electricity,demand_space_heating,demand_space_cooling,demand_hot_water
0,38308.93684635707,3668.464485321307,7.0387593029473035,0.27156928061426766,20.0,0.0,0.0,4.999999999999998,5.0,20.448365889790757,0.0,0.0,16.864902908841916,1.6240115035700127,,,1.0954959012902723,0.0,0.0,,1.9208749999999999,17.082158333333332,5.121835833333333,1.8412766666666665
1,12190.785482995168,3885.361699064969,7.934704691851874,0.0,0.0,0.0,0.0,0.0,0.0,17.277243917992262,0.0,1.0,17.081616666666665,1.8412766666666665,,,0.0,0.0,0.0,,1.9208749999999999,17.082158333333332,5.121835833333333,1.8412766666666665
2,11688.222691348285,4102.258912808628,8.00674635163006,0.0,0.0,0.0,0.0,0.0,0.0,11.414023148033314,0.0,1.0,17.081616666666665,1.8412766666666665,,,0.0,0.0,0.0,,1.9208749999999999,17.082158333333332,5.121835833333333,1.8412766666666665
3,11215.755705397189,4319.15612655229,8.076868843713246,0.0,0.0,0.0,0.0,0.0,0.0,5.706996778994728,0.0,1.0,17.081616666666665,1.8412766666666665,,,0.0,0.0,0.0,,1.9208749999999999,17.082158333333332,5.121835833333333,1.8412766666666665
4,10743.291169113909,4536.053340295947,9.0,0.27156928061426766,0.0,0.0,0.0,0.0,0.0,0.0,0.0,1.0,17.081616666666665,1.8412766666666665,,,0.0,0.0,0.0,,1.9208749999999999,17.082158333333332,5.121835833333333,1.8412766666666665
