,cost,emission,grid,wood_supply,DHDC_small_heat,DHDC_medium_heat,DHDC_large_heat,wood_boiler_heat,wood_boiler_DHW,PV,SCFP,DHW_to_heat,ASHP,ASHP_DHW,GSHP_heat,GSHP_cooling,battery,DHW_storage,heat_storage,geothermal_boreholes,demand_electricity,demand_space_heating,demand_space_cooling,demand_hot_water
0,49979.9247142296,7962.738769769213,14.13123670866913,0.3560349501619784,6.666666666666667,0.0,0.0,5.000000000000001,5.000000000000001,44.58141433199381,0.0,0.0,27.603552131614716,3.2613513682199486,10.424883241589061,12.476003333333336,2.381242832686132,0.0,0.0,15.59500416666667,4.353319166666666,38.31326333333334,12.476003333333333,3.5527841666666666
1,26144.17544001689,8428.885567835503,14.742955299011486,0.0,6.666666666666667,0.0,0.0,0.0,0.0,32.184130216739185,0.0,7.0,31.0009769033193,3.374041666666667,0.8229455966807037,12.193404999999998,0.0,0.0,0.0,15.241756249999998,4.353319166666666,38.31326333333334,12.476003333333333,3.5527841666666666
2,25057.281233762547,8895.032365901387,14.97709571903227,0.0,6.666666666666667,0.0,0.0,0.0,0.0,19.50311378038103,0.0,4.0,34.37514593534259,0.0,0.8228182313240805,12.193404999999998,0.0,0.0,0.0,15.241756249999998,4.353319166666666,38.31326333333334,12.476003333333333,3.5527841666666666
3,24057.31442183727,9361.179163967434,15.046223967092175,0.0,6.666666666666667,0.0,0.0,0.0,0.0,7.3179339366771545,0.0,4.0,34.37514593534259,0.0,0.8228182313240805,12.193404999999998,0.0,0.0,0.0,15.241756249999998,4.353319166666666,38.31326333333334,12.476003333333333,3.5527841666666666
4,23421.45934961035,9827.325962033341,18.0,0.3560349501619784,0.0,0.0,0.0,0.0,0.0,0.0,0.0,1.0,37.51409060529736,3.552784166666666,0.7977560613693079,10.080874999999999,0.0,0.0,0.0,12.601093749999999,4.353319166666666,38.31326333333334,12.476003333333333,3.5527841666666666
