,cost,emission,grid,wood_supply,DHDC_small_heat,DHDC_medium_heat,DHDC_large_heat,wood_boiler_heat,wood_boiler_DHW,PV,SCFP,DHW_to_heat,ASHP,ASHP_DHW,GSHP_heat,GSHP_cooling,battery,DHW_storage,heat_storage,geothermal_boreholes,demand_electricity,demand_space_heating,demand_space_cooling,demand_hot_water
0,38152.9725050811,3621.555890960197,5.28276822293423,0.2937581033789361,20.0,0.0,0.0,4.999999999999998,5.0,26.788029536838888,0.0,0.0,7.484974999999999,1.4015776609680781,,,0.5873580733620662,0.0,0.0,,3.8443300000000007,3.753133333333333,7.484974999999999,1.6819583333333332
1,11918.687264707396,3909.7432696661544,6.625630259751166,0.0,0.0,0.0,0.0,0.0,0.0,22.143182369565128,0.0,0.0,7.484974999999999,1.6819583333333332,,,0.0,0.0,0.0,,3.8443300000000007,3.753133333333333,7.484974999999999,1.6819583333333332
2,11329.80253710483,4197.93064837211,6.789229855828051,0.0,0.0,0.0,0.0,0.0,0.0,14.762111528432474,0.0,0.0,7.484974999999999,1.6819583333333332,,,0.0,0.0,0.0,,3.8443300000000007,3.753133333333333,7.484974999999999,1.6819583333333332
3,10740.917809502254,4486.118027078071,6.952829451904937,0.0,0.0,0.0,0.0,0.0,0.0,7.381040687299718,0.0,0.0,7.484974999999999,1.6819583333333332,,,0.0,0.0,0.0,,3.8443300000000007,3.753133333333333,7.484974999999999,1.6819583333333332
4,10152.035487666019,4774.305405784029,8.0,0.2937581033789361,0.0,0.0,0.0,0.0,0.0,0.0,0.0,0.0,7.484974999999999,1.6819583333333332,,,0.0,0.0,0.0,,3.8443300000000007,3.753133333333333,7.484974999999999,1.6819583333333332
