,cost,emission,grid,wood_supply,DHDC_small_heat,DHDC_medium_heat,DHDC_large_heat,wood_boiler_heat,wood_boiler_DHW,PV,SCFP,DHW_to_heat,ASHP,ASHP_DHW,GSHP_heat,GSHP_cooling,battery,DHW_storage,heat_storage,geothermal_boreholes,demand_electricity,demand_space_heating,demand_space_cooling,demand_hot_water
0,66833.15980227177,13867.292852203,33.12552637873513,0.3684042047432318,20.0,0.0,0.0,4.999999999999998,5.0,48.11548706949479,0.0,0.0,61.93170413620541,0.0,,,4.104250000000001,0.0,0.0,,17.675191666666663,62.2264275,44.256616666666666,3.454943333333333
1,40535.70559526251,14353.777777898353,34.493150370482454,0.0,0.0,0.0,0.0,0.0,0.0,38.78400100353066,0.0,2.0,60.93510916666666,3.454943333333333,,,0.0,0.0,0.0,,17.675191666666663,62.2264275,44.256616666666666,3.454943333333333
2,39253.987864134004,14840.262703593737,34.618205361948256,0.0,0.0,0.0,0.0,0.0,0.0,24.83134749663468,0.0,2.0,60.93510916666666,3.454943333333333,,,0.0,0.0,0.0,,17.675191666666663,62.2264275,44.256616666666666,3.454943333333333
3,38262.96703524855,15326.747629289104,34.72973825369033,0.0,0.0,0.0,0.0,0.0,0.0,12.38738364634208,0.0,2.0,60.93510916666666,3.454943333333333,,,0.0,0.0,0.0,,17.675191666666663,62.2264275,44.256616666666666,3.454943333333333
4,37282.84375951523,15813.232554984485,36.0,0.3684042047432318,0.0,0.0,0.0,0.0,0.0,0.0,0.0,2.0,60.93510916666666,3.454943333333333,,,0.0,0.0,0.0,,17.675191666666663,62.2264275,44.256616666666666,3.454943333333333
