,cost,emission,grid,wood_supply,DHDC_small_heat,DHDC_medium_heat,DHDC_large_heat,wood_boiler_heat,wood_boiler_DHW,PV,SCFP,DHW_to_heat,ASHP,ASHP_DHW,GSHP_heat,GSHP_cooling,battery,DHW_storage,heat_storage,geothermal_boreholes,demand_electricity,demand_space_heating,demand_space_cooling,demand_hot_water
0,61615.47596760703,15595.447772262012,20.91718108240391,0.31606240542957686,10.0,0.0,0.0,4.9999999999999964,5.0,33.16068726559339,0.0,0.0,22.958333408989667,0.9124229828659627,,,1.6943376460280706,0.0,0.0,,15.687288333333333,23.211183333333327,22.407968333333333,1.38626
1,37329.85370765657,15948.344093323914,22.98125126483318,0.0,0.0,0.0,0.0,0.0,0.0,26.519940335190064,0.0,1.0,23.059464999999992,1.38626,,,0.0,0.0,0.0,,15.687288333333333,23.211183333333327,22.407968333333333,1.38626
2,36643.50026955848,16301.240414385817,23.36954359032835,0.0,0.0,0.0,0.0,0.0,0.0,17.661934841257533,0.0,1.0,23.059464999999992,1.38626,,,0.0,0.0,0.0,,15.687288333333333,23.211183333333327,22.407968333333333,1.38626
3,35962.35383456752,16654.13673544771,23.800408946593283,0.0,0.0,0.0,0.0,0.0,0.0,8.830953847584697,0.0,1.0,23.059464999999992,1.38626,,,0.0,0.0,0.0,,15.687288333333333,23.211183333333327,22.407968333333333,1.38626
4,35281.20949339391,17007.033056509623,25.0,0.31606240542957686,0.0,0.0,0.0,0.0,0.0,0.0,0.0,1.0,23.059464999999992,1.38626,,,0.0,0.0,0.0,,15.687288333333333,23.211183333333327,22.407968333333333,1.38626
