,cost,emission,grid,wood_supply,DHDC_small_heat,DHDC_medium_heat,DHDC_large_heat,wood_boiler_heat,wood_boiler_DHW,PV,SCFP,DHW_to_heat,ASHP,ASHP_DHW,GSHP_heat,GSHP_cooling,battery,DHW_storage,heat_storage,geothermal_boreholes,demand_electricity,demand_space_heating,demand_space_cooling,demand_hot_water
0,40697.57800284685,4843.005851154331,9.30187097060897,0.2609546935496899,20.0,0.0,0.0,4.999999999999998,5.000000000000001,17.415626728482838,0.0,0.0,23.09186291182691,1.8629000478485502,0.0,0.0,0.26954164672977055,0.0,0.0,0.0,1.9785416666666666,23.300626666666663,0.0,2.10561
1,14785.099193870794,5048.411363663588,10.260460609328309,0.0,0.0,0.0,0.0,0.0,0.0,15.36172320230266,0.0,1.0,23.300043333333328,2.1056099999999995,0.0,0.0,0.0,0.0,0.0,0.0,1.9785416666666666,23.300626666666663,0.0,2.10561
2,14392.40046774015,5253.816876172846,10.324256900356477,0.0,0.0,0.0,0.0,0.0,0.0,10.24114207810284,0.0,1.0,23.300043333333328,2.1056099999999995,0.0,0.0,0.0,0.0,0.0,0.0,1.9785416666666666,23.300626666666663,0.0,2.10561
3,13999.701793430522,5459.222388682105,10.41515875610574,0.0,0.0,0.0,0.0,0.0,0.0,5.120561629621351,0.0,1.0,23.300043333333328,2.1056099999999995,0.0,0.0,0.0,0.0,0.0,0.0,1.9785416666666666,23.300626666666663,0.0,2.10561
4,13607.004562344277,5664.627901191359,11.0,0.2609546935496899,0.0,0.0,0.0,0.0,0.0,0.0,0.0,1.0,23.300043333333328,2.1056099999999995,0.0,0.0,0.0,0.0,0.0,0.0,1.9785416666666666,23.300626666666663,0.0,2.10561
