,cost,emission,grid,wood_supply,DHDC_small_heat,DHDC_medium_heat,DHDC_large_heat,wood_boiler_heat,wood_boiler_DHW,PV,SCFP,DHW_to_heat,ASHP,ASHP_DHW,GSHP_heat,GSHP_cooling,battery,DHW_storage,heat_storage,geothermal_boreholes,demand_electricity,demand_space_heating,demand_space_cooling,demand_hot_water
0,35955.933875082206,4201.922147768495,9.01176477221119,0.31996816194257777,,,,0.0,4.999999999999998,34.27661769787935,0.0,0.0,18.980215,2.1717647866401957,,,2.757803213899918,0.0,0.0,,2.6326666666666667,18.980215,6.819223333333333,2.3957425000000003
1,15041.107626647507,4545.48960769899,9.191851822101203,0.0,,,,0.0,0.0,26.040283124089903,0.0,1.0,18.979464999999998,2.3957425,,,0.0,0.0,0.0,,2.6326666666666667,18.980215,6.819223333333333,2.3957425000000003
2,14250.039628885548,4889.057067629488,9.324361378194613,0.0,,,,0.0,0.0,16.778812818847058,0.0,1.0,18.979464999999998,2.3957425,,,0.0,0.0,0.0,,2.6326666666666667,18.980215,6.819223333333333,2.3957425000000003
3,13627.00062948596,5232.624527559988,9.444393911357341,0.0,,,,0.0,0.0,8.3893971848075,0.0,1.0,18.979464999999998,2.3957425,,,0.0,0.0,0.0,,2.6326666666666667,18.980215,6.819223333333333,2.3957425000000003
4,13003.963000216496,5576.191987490475,10.0,0.31996816194257777,,,,0.0,0.0,0.0,0.0,1.0,18.979465,2.3957425,,,0.0,0.0,0.0,,2.6326666666666667,18.980215,6.819223333333333,2.3957425000000003
