,cost,emission,grid,wood_supply,DHDC_small_heat,DHDC_medium_heat,DHDC_large_heat,wood_boiler_heat,wood_boiler_DHW,PV,SCFP,DHW_to_heat,ASHP,ASHP_DHW,GSHP_heat,GSHP_cooling,battery,DHW_storage,heat_storage,geothermal_boreholes,demand_electricity,demand_space_heating,demand_space_cooling,demand_hot_water
0,41133.63705125925,6578.322644697659,12.639786722095526,0.31729909567248266,,,,0.0,4.999999999999998,33.51402733499502,0.0,0.0,25.65671666666666,2.949883133029262,,,1.6121269738921273,0.0,0.0,,4.0672500000000005,25.656716666666664,10.06901,3.1719925
1,20298.609123401802,6938.91083095471,12.823460973715143,0.0,,,,0.0,0.0,25.576566348949406,0.0,1.0,25.655758333333328,3.1719925,,,0.0,0.0,0.0,,4.0672500000000005,25.656716666666664,10.06901,3.1719925
2,19697.457769288696,7299.499017211756,12.946178946337493,0.0,,,,0.0,0.0,17.045316242203096,0.0,1.0,25.655758333333328,3.1719925,,,0.0,0.0,0.0,,4.0672500000000005,25.656716666666664,10.06901,3.1719925
3,19097.959369977783,7660.087203468802,13.068773518735298,0.0,,,,0.0,0.0,8.522644815142623,0.0,1.0,25.655758333333328,3.1719925,,,0.0,0.0,0.0,,4.0672500000000005,25.656716666666664,10.06901,3.1719925
4,18498.462842591925,8020.675389725856,14.0,0.31729909567248266,,,,0.0,0.0,0.0,0.0,1.0,25.655758333333328,3.1719925,,,0.0,0.0,0.0,,4.0672500000000005,25.656716666666664,10.06901,3.1719925
