,cost,emission,grid,wood_supply,DHDC_small_heat,DHDC_medium_heat,DHDC_large_heat,wood_boiler_heat,wood_boiler_DHW,PV,SCFP,DHW_to_heat,ASHP,ASHP_DHW,GSHP_heat,GSHP_cooling,battery,DHW_storage,heat_storage,geothermal_boreholes,demand_electricity,demand_space_heating,demand_space_cooling,demand_hot_water
0,39310.077409000325,4289.743088956327,7.939650704901642,0.26276818995216644,20.0,0.0,0.0,5.000000000000001,5.000000000000001,17.93376855776184,0.0,0.0,19.104452114704934,1.7721797670334836,,,0.5504825430570366,0.0,0.0,,2.2067916666666667,19.314666666666668,7.173943333333334,1.9946174999999997
1,13337.26552603193,4494.150841750006,8.880447847751224,0.0,0.0,0.0,0.0,0.0,0.0,15.641123227098323,0.0,1.0,19.314041666666668,1.9946174999999997,,,0.0,0.0,0.0,,2.2067916666666667,19.314666666666668,7.173943333333334,1.9946174999999997
2,12923.013279104582,4698.55859454369,8.97112097653001,0.0,0.0,0.0,0.0,0.0,0.0,10.42365507973934,0.0,1.0,19.314041666666668,1.9946174999999997,,,0.0,0.0,0.0,,2.2067916666666667,19.314666666666668,7.173943333333334,1.9946174999999997
3,12509.845146350324,4902.966347337374,9.061696324579568,0.0,0.0,0.0,0.0,0.0,0.0,5.2118133825431645,0.0,1.0,19.314041666666668,1.9946174999999997,,,0.0,0.0,0.0,,2.2067916666666667,19.314666666666668,7.173943333333334,1.9946174999999997
4,12096.679258236825,5107.374100131059,10.0,0.26276818995216644,0.0,0.0,0.0,0.0,0.0,0.0,0.0,1.0,19.314041666666668,1.9946174999999997,,,0.0,0.0,0.0,,2.2067916666666667,19.314666666666668,7.173943333333334,1.9946174999999997
