,cost,emission,grid,wood_supply,DHDC_small_heat,DHDC_medium_heat,DHDC_large_heat,wood_boiler_heat,wood_boiler_DHW,PV,SCFP,DHW_to_heat,ASHP,ASHP_DHW,GSHP_heat,GSHP_cooling,battery,DHW_storage,heat_storage,geothermal_boreholes,demand_electricity,demand_space_heating,demand_space_cooling,demand_hot_water
0,48655.11756088394,7053.71536364972,12.175966097125725,0.3337583857785319,20.0,0.0,0.0,4.999999999999998,5.0,38.216681651009104,0.0,0.0,26.935844958043848,3.2289524632883606,,,1.7305973532594783,0.0,0.0,,4.5141333333333336,27.202851666666675,11.52353,3.5096666666666665
1,22566.610411400925,7494.094760800681,13.84582293060577,0.0,0.0,0.0,0.0,0.0,0.0,31.97110984110354,0.0,1.0,27.201976666666674,3.5096666666666665,,,0.0,0.0,0.0,,4.5141333333333336,27.202851666666675,11.52353,3.5096666666666665
2,21780.299636751715,7934.474157951643,13.996284239173487,0.0,0.0,0.0,0.0,0.0,0.0,21.281476508195524,0.0,1.0,27.201976666666674,3.5096666666666665,,,0.0,0.0,0.0,,4.5141333333333336,27.202851666666675,11.52353,3.5096666666666665
3,21003.407634054864,8374.853555102607,14.146057504420002,0.0,0.0,0.0,0.0,0.0,0.0,10.640725714531984,0.0,1.0,27.201976666666674,3.5096666666666665,,,0.0,0.0,0.0,,4.5141333333333336,27.202851666666675,11.52353,3.5096666666666665
4,20226.517462410826,8815.232952253571,15.0,0.3337583857785319,0.0,0.0,0.0,0.0,0.0,0.0,0.0,1.0,27.201976666666674,3.5096666666666665,,,0.0,0.0,0.0,,4.5141333333333336,27.202851666666675,11.52353,3.5096666666666665
