,cost,emission,grid,wood_supply,DHDC_small_heat,DHDC_medium_heat,DHDC_large_heat,wood_boiler_heat,wood_boiler_DHW,PV,SCFP,DHW_to_heat,ASHP,ASHP_DHW,GSHP_heat,GSHP_cooling,battery,DHW_storage,heat_storage,geothermal_boreholes,demand_electricity,demand_space_heating,demand_space_cooling,demand_hot_water
0,27024.7715996201,2034.7776270775298,4.614599737686385,0.23530161364667743,,,,0.0,5.000000000000001,10.086175327622117,0.0,0.0,11.233618333333334,0.6410730371139923,,,0.8268518595358367,0.0,0.0,,0.9426666666666667,11.233618333333334,2.7664566666666666,0.8057841666666666
1,6641.435095147195,2133.6021102781565,4.695300294351763,0.0,,,,0.0,0.0,7.999042602808238,0.0,1.0,11.210785000000001,0.8057841666666665,,,0.0,0.0,0.0,,0.9426666666666667,11.233618333333334,2.7664566666666666,0.8057841666666666
2,6388.0191810689985,2232.426593478784,4.711484012779723,0.0,,,,0.0,0.0,5.200782805369381,0.0,1.0,11.210785000000001,0.8057841666666665,,,0.0,0.0,0.0,,0.9426666666666667,11.233618333333334,2.7664566666666666,0.8057841666666666
3,6172.685909028509,2331.251076679411,4.726524650536649,0.0,,,,0.0,0.0,2.6001683575588372,0.0,1.0,11.210785000000001,0.8057841666666665,,,0.0,0.0,0.0,,0.9426666666666667,11.233618333333334,2.7664566666666666,0.8057841666666666
4,5957.437162737483,2430.0755598800383,5.0,0.23530161364667743,,,,0.0,0.0,0.0,0.0,1.0,11.210785000000001,0.8057841666666665,,,0.0,0.0,0.0,,0.9426666666666667,11.233618333333334,2.7664566666666666,0.8057841666666666
