,cost,emission,grid,wood_supply,DHDC_small_heat,DHDC_medium_heat,DHDC_large_heat,wood_boiler_heat,wood_boiler_DHW,PV,SCFP,DHW_to_heat,ASHP,ASHP_DHW,GSHP_heat,GSHP_cooling,battery,DHW_storage,heat_storage,geothermal_boreholes,demand_electricity,demand_space_heating,demand_space_cooling,demand_hot_water
0,46002.904968610834,6028.46889242292,11.247170584011906,0.31803530995533497,20.0,0.0,0.0,4.9999999999999964,5.000000000000001,33.72437427295285,0.0,0.0,26.6789284187024,2.6739927830312653,,,1.896322798736973,0.0,0.0,,3.7879583333333335,26.93335666666667,9.202758333333334,2.9447008333333335
1,19827.04146355229,6397.542306239706,12.59220470994636,0.0,0.0,0.0,0.0,0.0,0.0,28.06785649605863,0.0,1.0,26.930231666666664,2.944700833333333,,,0.0,0.0,0.0,,3.7879583333333335,26.93335666666667,9.202758333333334,2.9447008333333335
2,19065.536706802468,6766.615720056484,12.738986742334934,0.0,0.0,0.0,0.0,0.0,0.0,18.577050051042608,0.0,1.0,26.930231666666664,2.944700833333333,,,0.0,0.0,0.0,,3.7879583333333335,26.93335666666667,9.202758333333334,2.9447008333333335
3,18343.004792525535,7135.689133873259,12.903553267886204,0.0,0.0,0.0,0.0,0.0,0.0,9.288509297083559,0.0,1.0,26.930231666666664,2.944700833333333,,,0.0,0.0,0.0,,3.7879583333333335,26.93335666666667,9.202758333333334,2.9447008333333335
4,17620.475325198782,7504.762547690032,14.0,0.31803530995533497,0.0,0.0,0.0,0.0,0.0,0.0,0.0,1.0,26.930231666666664,2.944700833333333,,,0.0,0.0,0.0,,3.7879583333333335,26.93335666666667,9.202758333333334,2.9447008333333335
