,cost,emission,grid,wood_supply,DHDC_small_heat,DHDC_medium_heat,DHDC_large_heat,wood_boiler_heat,wood_boiler_DHW,PV,SCFP,DHW_to_heat,ASHP,ASHP_DHW,GSHP_heat,GSHP_cooling,battery,DHW_storage,heat_storage,geothermal_boreholes,demand_electricity,demand_space_heating,demand_space_cooling,demand_hot_water
0,36651.135131525334,3236.633341024032,6.399035230660503,0.2546366350231122,20.0,0.0,0.0,4.9999999999999964,5.000000000000001,15.610467149460613,0.0,0.0,16.507105691981508,1.2624626888171546,0.0,0.0,0.9213488796595183,0.0,0.0,0.0,1.2478141666666647,16.710815,0.0,1.4620833333333334
1,10559.989665412922,3404.4823946205165,7.113190789565846,0.0,0.0,0.0,0.0,0.0,0.0,13.286233762054582,0.0,1.0,16.702856666666666,1.4620833333333334,0.0,0.0,0.0,0.0,0.0,0.0,1.2478141666666647,16.710815,0.0,1.4620833333333334
2,10171.001507471236,3572.3314482169994,7.190706559044303,0.0,0.0,0.0,0.0,0.0,0.0,8.748518613272234,0.0,1.0,16.702856666666666,1.4620833333333334,0.0,0.0,0.0,0.0,0.0,0.0,1.2478141666666647,16.710815,0.0,1.4620833333333334
3,9813.506008465096,3740.1805018134837,7.265430288634357,0.0,0.0,0.0,0.0,0.0,0.0,4.37424739058211,0.0,1.0,16.702856666666666,1.4620833333333334,0.0,0.0,0.0,0.0,0.0,0.0,1.2478141666666647,16.710815,0.0,1.4620833333333334
4,9456.01245718257,3908.029555409968,8.0,0.2546366350231122,0.0,0.0,0.0,0.0,0.0,0.0,0.0,1.0,16.702856666666666,1.4620833333333334,0.0,0.0,0.0,0.0,0.0,0.0,1.2478141666666647,16.710815,0.0,1.4620833333333334
