,cost,emission,grid,wood_supply,DHDC_small_heat,DHDC_medium_heat,DHDC_large_heat,wood_boiler_heat,wood_boiler_DHW,PV,SCFP,DHW_to_heat,ASHP,ASHP_DHW,GSHP_heat,GSHP_cooling,battery,DHW_storage,heat_storage,geothermal_boreholes,demand_electricity,demand_space_heating,demand_space_cooling,demand_hot_water
0,40240.60172782544,4069.0619468905957,5.210242009303029,0.31572871942665504,20.0,0.0,0.0,4.999999999999997,5.0,33.065348407615716,0.0,0.0,9.417576666666667,2.638641563068008,,,1.0667715709438848,0.0,0.0,,3.681125,5.980021666666668,9.417576666666667,2.9166933333333334
1,14144.145018173327,4440.961905549575,7.550096028662513,0.0,0.0,0.0,0.0,0.0,0.0,27.89904214318632,0.0,0.0,9.417576666666667,2.9166933333333334,,,0.0,0.0,0.0,,3.681125,5.980021666666668,9.417576666666667,2.9166933333333334
2,13426.68932285046,4812.861864208545,7.760325815670918,0.0,0.0,0.0,0.0,0.0,0.0,18.594429333693718,0.0,0.0,9.417576666666667,2.9166933333333334,,,0.0,0.0,0.0,,3.681125,5.980021666666668,9.417576666666667,2.9166933333333334
3,12710.656380330254,5184.761822867519,7.970388768582469,0.0,0.0,0.0,0.0,0.0,0.0,9.29720047628867,0.0,0.0,9.417576666666667,2.9166933333333334,,,0.0,0.0,0.0,,3.681125,5.980021666666668,9.417576666666667,2.9166933333333334
4,11994.625623602682,5556.661781526498,9.0,0.31572871942665504,0.0,0.0,0.0,0.0,0.0,0.0,0.0,0.0,9.417576666666667,2.9166933333333334,,,0.0,0.0,0.0,,3.681125,5.980021666666668,9.417576666666667,2.9166933333333334
