,cost,emission,grid,wood_supply,DHDC_small_heat,DHDC_medium_heat,DHDC_large_heat,wood_boiler_heat,wood_boiler_DHW,PV,SCFP,DHW_to_heat,ASHP,ASHP_DHW,GSHP_heat,GSHP_cooling,battery,DHW_storage,heat_storage,geothermal_boreholes,demand_electricity,demand_space_heating,demand_space_cooling,demand_hot_water
0,53137.58396490251,9229.280458800997,16.49438359071216,0.38495736816272247,4.798125,0.0,0.0,4.9999999999999964,5.0,52.84496233220643,0.0,0.0,37.88798410546982,4.459071508952765,0.0,0.0,2.222247982380793,0.0,0.0,0.0,4.909833333333332,38.19595,0.0,4.798125
1,29519.849641063254,9752.088958098453,17.0245952495833,0.0,4.748625,0.0,0.0,0.0,0.0,39.61561655925808,0.0,4.0,34.401987611914876,3.8414207214184586,0.0,0.0,0.0,0.0,0.0,0.0,4.909833333333332,38.19595,0.0,4.798125
2,28445.94490596008,10274.897457395806,16.944437679342013,0.0,4.751791666666667,0.0,0.0,0.0,0.0,26.193971380038008,0.0,1.0,38.19390833333333,0.046333333333333115,0.0,0.0,0.0,0.0,0.0,0.0,4.909833333333332,38.19595,0.0,4.798125
3,27433.613389966347,10797.705956693235,17.17590375163087,0.0,4.751791666666667,0.0,0.0,0.0,0.0,13.094302441576719,0.0,1.0,38.19390833333333,0.046333333333333115,0.0,0.0,0.0,0.0,0.0,0.0,4.909833333333332,38.19595,0.0,4.798125
4,26421.57145354159,11320.514455990698,18.0,0.38495736816272247,4.736083333333333,0.0,0.0,0.0,0.0,0.0,0.0,1.0,38.19390833333333,0.06204166666666684,0.0,0.0,0.0,0.0,0.0,0.0,4.909833333333332,38.19595,0.0,4.798125
