,cost,emission,grid,wood_supply,DHDC_small_heat,DHDC_medium_heat,DHDC_large_heat,wood_boiler_heat,wood_boiler_DHW,PV,SCFP,DHW_to_heat,ASHP,ASHP_DHW,GSHP_heat,GSHP_cooling,battery,DHW_storage,heat_storage,geothermal_boreholes,demand_electricity,demand_space_heating,demand_space_cooling,demand_hot_water
0,35777.80294490598,2907.7233658859673,5.15641396868,0.2547858211950372,20.0,0.0,0.0,4.999999999999998,5.000000000000001,15.65309177001062,0.0,0.0,10.417319698698732,1.2216840918301406,3.521508311011902,3.8856666666666673,0.9108333645152189,0.0,0.0,4.857083333333334,1.4564583333333332,14.142656666666667,3.885666666666667,1.4207841666666665
1,9673.178228329576,3075.8684240793123,6.206401000251021,0.0,0.0,0.0,0.0,0.0,0.0,13.306328270263242,0.0,1.0,13.897258213772577,1.4207841666666665,0.24414845289408885,3.8574166666666665,0.0,0.0,0.0,4.821770833333333,1.4564583333333332,14.142656666666667,3.885666666666667,1.4207841666666665
2,9281.50515613081,3244.013482272704,6.257822765387469,0.0,0.0,0.0,0.0,0.0,0.0,8.750236145791114,0.0,1.0,13.897258213772577,1.4207841666666665,0.24414845289408885,3.8574166666666665,0.0,0.0,0.0,4.821770833333333,1.4564583333333332,14.142656666666667,3.885666666666667,1.4207841666666665
3,8922.475579281538,3412.1585404661487,6.321389008548753,0.0,0.0,0.0,0.0,0.0,0.0,4.3635609054106625,0.0,1.0,13.897258213772577,1.4207841666666665,0.24414845289408885,3.8574166666666665,0.0,0.0,0.0,4.821770833333333,1.4564583333333332,14.142656666666667,3.885666666666667,1.4207841666666665
4,8564.541378971773,3580.3035986595246,7.0,0.2547858211950372,0.0,0.0,0.0,0.0,0.0,0.0,0.0,1.0,13.903513004220546,1.4207841666666665,0.23789366244612078,3.3618333333333332,0.0,0.0,0.0,4.202291666666666,1.4564583333333332,14.142656666666667,3.885666666666667,1.4207841666666665
