,cost,emission,grid,wood_supply,DHDC_small_heat,DHDC_medium_heat,DHDC_large_heat,wood_boiler_heat,wood_boiler_DHW,PV,SCFP,DHW_to_heat,ASHP,ASHP_DHW,GSHP_heat,GSHP_cooling,battery,DHW_storage,heat_storage,geothermal_boreholes,demand_electricity,demand_space_heating,demand_space_cooling,demand_hot_water
0,27427.55746937241,2124.467082237017,4.545150182598474,0.2417362787099912,,,,0.0,5.000000000000001,11.924651059997487,0.0,0.0,10.508541666666666,0.8912429382363394,,,0.8822876646237474,0.0,0.0,,1.0371666666666666,10.508541666666668,2.5874333333333333,1.0604583333333333
1,7000.112547255741,2244.3951080138913,4.660428526189207,0.0,,,,0.0,0.0,9.330855285676945,0.0,1.0,10.4988675,1.0604583333333333,,,0.0,0.0,0.0,,1.0371666666666666,10.508541666666668,2.5874333333333333,1.0604583333333333
2,6736.1526620514815,2364.3231337907678,4.715140911270023,0.0,,,,0.0,0.0,6.16117382454852,0.0,1.0,10.4988675,1.0604583333333333,,,0.0,0.0,0.0,,1.0371666666666666,10.508541666666668,2.5874333333333333,1.0604583333333333
3,6489.358628984233,2484.2511595676433,4.768315514078804,0.0,,,,0.0,0.0,3.080581514838351,0.0,1.0,10.4988675,1.0604583333333333,,,0.0,0.0,0.0,,1.0371666666666666,10.508541666666668,2.5874333333333333,1.0604583333333333
4,6242.56546072144,2604.179185344519,5.0,0.2417362787099912,,,,0.0,0.0,0.0,0.0,1.0,10.4988675,1.0604583333333333,,,0.0,0.0,0.0,,1.0371666666666666,10.508541666666668,2.5874333333333333,1.0604583333333333
