,cost,emission,grid,wood_supply,DHDC_small_heat,DHDC_medium_heat,DHDC_large_heat,wood_boiler_heat,wood_boiler_DHW,PV,SCFP,DHW_to_heat,ASHP,ASHP_DHW,GSHP_heat,GSHP_cooling,battery,DHW_storage,heat_storage,geothermal_boreholes,demand_electricity,demand_space_heating,demand_space_cooling,demand_hot_water
0,29260.772964528296,2747.155334020938,5.3832433798436,0.2526536500600274,,,,0.0,5.000000000000001,15.043900017150685,0.0,0.0,11.340553333333332,1.2835174449579807,,,0.6584557250946685,0.0,0.0,,1.6106449999999999,11.340553333333332,4.044783333333334,1.460375
1,8771.620599807906,2894.6359827584224,5.511330390315976,0.0,,,,0.0,0.0,11.77056625986521,0.0,1.0,11.338719999999999,1.460375,,,0.0,0.0,0.0,,1.6106449999999999,11.340553333333332,4.044783333333334,1.460375
2,8441.503085406363,3042.116631495904,5.576581328201808,0.0,,,,0.0,0.0,7.844051917546149,0.0,1.0,11.338719999999999,1.460375,,,0.0,0.0,0.0,,1.6106449999999999,11.340553333333332,4.044783333333334,1.460375
3,8112.24900236072,3189.5972802333877,5.64175779857537,0.0,,,,0.0,0.0,3.922018702463525,0.0,1.0,11.338719999999999,1.460375,,,0.0,0.0,0.0,,1.6106449999999999,11.340553333333332,4.044783333333334,1.460375
4,7782.99613764721,3337.077928970872,6.0,0.2526536500600274,,,,0.0,0.0,0.0,0.0,1.0,11.338719999999999,1.460375,,,0.0,0.0,0.0,,1.6106449999999999,11.340553333333332,4.044783333333334,1.460375
