,cost,emission,grid,wood_supply,DHDC_small_heat,DHDC_medium_heat,DHDC_large_heat,wood_boiler_heat,wood_boiler_DHW,PV,SCFP,DHW_to_heat,ASHP,ASHP_DHW,GSHP_heat,GSHP_cooling,battery,DHW_storage,heat_storage,geothermal_boreholes,demand_electricity,demand_space_heating,demand_space_cooling,demand_hot_water
0,31192.339084576135,1707.2850296774259,3.5414305636147816,0.23606246977789708,20.0,0.0,0.0,4.999999999999999,5.000000000000001,10.303562793684875,0.0,0.0,9.16245835751101,0.6246729378221385,,,0.8041390536852198,0.0,0.0,,0.85675,9.351308333333328,2.0505,0.7960683333333334
1,5073.439386992549,1809.9667374245664,3.9886299028652763,0.0,0.0,0.0,0.0,0.0,0.0,8.87187716095611,0.0,1.0,9.326683333333328,0.7960683333333334,,,0.0,0.0,0.0,,0.85675,9.351308333333328,2.0505,0.7960683333333334
2,4746.584204869361,1912.648445171707,4.02895109259571,0.0,0.0,0.0,0.0,0.0,0.0,5.634589548200695,0.0,1.0,9.326683333333328,0.7960683333333334,,,0.0,0.0,0.0,,0.85675,9.351308333333328,2.0505,0.7960683333333334
3,4500.3239347167555,2015.330152918848,4.064062504965423,0.0,0.0,0.0,0.0,0.0,0.0,2.815581947216557,0.0,1.0,9.326683333333328,0.7960683333333334,,,0.0,0.0,0.0,,0.85675,9.351308333333328,2.0505,0.7960683333333334
4,4254.720437911106,2118.0118606659885,5.0,0.23606246977789708,0.0,0.0,0.0,0.0,0.0,0.0,0.0,1.0,9.326683333333328,0.7960683333333334,,,0.0,0.0,0.0,,0.85675,9.351308333333328,2.0505,0.7960683333333334
