,cost,emission,grid,wood_supply,DHDC_small_heat,DHDC_medium_heat,DHDC_large_heat,wood_boiler_heat,wood_boiler_DHW,PV,SCFP,DHW_to_heat,ASHP,ASHP_DHW,GSHP_heat,GSHP_cooling,battery,DHW_storage,heat_storage,geothermal_boreholes,demand_electricity,demand_space_heating,demand_space_cooling,demand_hot_water
0,39212.46191294943,4283.391640458712,7.9773075446419135,0.3104717075928205,10.0,0.0,0.0,4.999999999999998,5.000000000000001,31.563345026520135,0.0,0.0,18.186999300592408,1.8325789713516922,0.0,0.0,2.3367729980479055,0.0,0.0,0.0,2.611,18.435376666666667,0.0,2.0834925
1,15028.321399906928,4616.2203051688375,8.965210924635118,0.0,0.0,0.0,0.0,0.0,0.0,25.584660367249228,0.0,1.0,18.43491833333333,2.0834925,0.0,0.0,0.0,0.0,0.0,0.0,2.611,18.435376666666667,0.0,2.0834925
2,14268.152066289942,4949.04896987896,9.040426489085862,0.0,0.0,0.0,0.0,0.0,0.0,16.644707059823606,0.0,1.0,18.43491833333333,2.0834925,0.0,0.0,0.0,0.0,0.0,0.0,2.611,18.435376666666667,0.0,2.0834925
3,13626.980340453181,5281.877634589085,9.188302454038114,0.0,0.0,0.0,0.0,0.0,0.0,8.322341348826525,0.0,1.0,18.43491833333333,2.0834925,0.0,0.0,0.0,0.0,0.0,0.0,2.611,18.435376666666667,0.0,2.0834925
4,12985.810491526847,5614.706299299208,10.0,0.3104717075928205,0.0,0.0,0.0,0.0,0.0,0.0,0.0,1.0,18.43491833333333,2.0834925,0.0,0.0,0.0,0.0,0.0,0.0,2.611,18.435376666666667,0.0,2.0834925
