,cost,emission,grid,wood_supply,DHDC_small_heat,DHDC_medium_heat,DHDC_large_heat,wood_boiler_heat,wood_boiler_DHW,PV,SCFP,DHW_to_heat,ASHP,ASHP_DHW,GSHP_heat,GSHP_cooling,battery,DHW_storage,heat_storage,geothermal_boreholes,demand_electricity,demand_space_heating,demand_space_cooling,demand_hot_water
0,34530.67792363164,2176.8771019084406,4.259003244526974,0.26758679135717695,20.0,0.0,0.0,4.999999999999997,5.000000000000001,19.310511816336266,0.0,0.0,9.902763900247592,0.9288975793833094,,,1.388289203034732,0.0,0.0,,1.3936791666666668,10.116833333333334,3.0884066666666663,1.1292916666666668
1,8302.632239902367,2359.7116624287196,4.900595894245868,0.0,0.0,0.0,0.0,0.0,0.0,16.068970540813535,0.0,1.0,10.115166666666667,1.1292916666666666,,,0.0,0.0,0.0,,1.3936791666666668,10.116833333333334,3.0884066666666663,1.1292916666666668
2,7684.327236177709,2542.5462229490035,4.969441516794478,0.0,0.0,0.0,0.0,0.0,0.0,10.116235282330067,0.0,1.0,10.115166666666667,1.1292916666666666,,,0.0,0.0,0.0,,1.3936791666666668,10.116833333333334,3.0884066666666663,1.1292916666666668
3,7238.3887065794515,2725.3807834692857,5.027941149366976,0.0,0.0,0.0,0.0,0.0,0.0,5.058065822438047,0.0,1.0,10.115166666666667,1.1292916666666666,,,0.0,0.0,0.0,,1.3936791666666668,10.116833333333334,3.0884066666666663,1.1292916666666668
4,6792.466730658367,2908.2153439895687,6.0,0.26758679135717695,0.0,0.0,0.0,0.0,0.0,0.0,0.0,1.0,10.115166666666667,1.1292916666666666,,,0.0,0.0,0.0,,1.3936791666666668,10.116833333333334,3.0884066666666663,1.1292916666666668
