,cost,emission,grid,wood_supply,DHDC_small_heat,DHDC_medium_heat,DHDC_large_heat,wood_boiler_heat,wood_boiler_DHW,PV,SCFP,DHW_to_heat,ASHP,ASHP_DHW,GSHP_heat,GSHP_cooling,battery,DHW_storage,heat_storage,geothermal_boreholes,demand_electricity,demand_space_heating,demand_space_cooling,demand_hot_water
0,51477.3542520219,8917.076390130696,15.545267612790614,0.35746520203518534,6.666666666666667,0.0,0.0,4.999999999999998,4.999999999999999,44.990057724338676,0.0,0.0,35.14264450503852,3.818801025242037,,,1.3690037394824848,0.0,0.0,,5.656041666666667,35.42861666666667,14.248525,4.120151666666667
1,27850.073572397287,9345.036589752328,15.176931733927285,0.0,6.666666666666667,0.0,0.0,0.0,0.0,34.064157763926296,0.0,5.0,30.804716666666668,2.0743850000000017,,,0.0,0.0,0.0,,5.656041666666667,35.42861666666667,14.248525,4.120151666666667
2,26877.898616030558,9772.996789373963,15.27208869153581,0.0,6.666666666666667,0.0,0.0,0.0,0.0,22.57474808451214,0.0,3.0,32.87910166666667,0.0,,,0.0,0.0,0.0,,5.656041666666667,35.42861666666667,14.248525,4.120151666666667
3,25931.375628893402,10200.9569889956,15.335388346065672,0.0,6.666666666666667,0.0,0.0,0.0,0.0,11.240001373151978,0.0,3.0,32.87910166666667,0.0,,,0.0,0.0,0.0,,5.656041666666667,35.42861666666667,14.248525,4.120151666666667
4,24992.764476296696,10628.917188617235,16.0,0.35746520203518534,6.666666666666667,0.0,0.0,0.0,0.0,0.0,0.0,3.0,32.87910166666667,0.0,,,0.0,0.0,0.0,,5.656041666666667,35.42861666666667,14.248525,4.120151666666667
