,cost,emission,grid,wood_supply,DHDC_small_heat,DHDC_medium_heat,DHDC_large_heat,wood_boiler_heat,wood_boiler_DHW,PV,SCFP,DHW_to_heat,ASHP,ASHP_DHW,GSHP_heat,GSHP_cooling,battery,DHW_storage,heat_storage,geothermal_boreholes,demand_electricity,demand_space_heating,demand_space_cooling,demand_hot_water
0,40043.60111244123,4443.491700839862,8.347385259512421,0.2691281934950713,20.0,0.0,0.0,5.000000000000001,5.000000000000001,19.750912427163218,0.0,0.0,20.58632244520394,1.8201027645534495,,,0.9032839175471736,0.0,0.0,,2.3575416666666666,20.801624999999998,6.7227575,2.0446175
1,14025.639658761012,4669.856388507292,9.287841929233295,0.0,0.0,0.0,0.0,0.0,0.0,16.93761425807564,0.0,1.0,20.80095833333333,2.0446175,,,0.0,0.0,0.0,,2.3575416666666666,20.801624999999998,6.7227575,2.0446175
2,13584.93709554512,4896.221076174721,9.329593366804632,0.0,0.0,0.0,0.0,0.0,0.0,11.253363860275881,0.0,1.0,20.80095833333333,2.0446175,,,0.0,0.0,0.0,,2.3575416666666666,20.801624999999998,6.7227575,2.0446175
3,13155.324983443805,5122.585763842149,9.430251882257778,0.0,0.0,0.0,0.0,0.0,0.0,5.6266727552852425,0.0,1.0,20.80095833333333,2.0446175,,,0.0,0.0,0.0,,2.3575416666666666,20.801624999999998,6.7227575,2.0446175
4,12725.714272388948,5348.950451509582,10.0,0.2691281934950713,0.0,0.0,0.0,0.0,0.0,0.0,0.0,1.0,20.80095833333333,2.0446175,,,0.0,0.0,0.0,,2.3575416666666666,20.801624999999998,6.7227575,2.0446175
