,cost,emission,grid,wood_supply,DHDC_small_heat,DHDC_medium_heat,DHDC_large_heat,wood_boiler_heat,wood_boiler_DHW,PV,SCFP,DHW_to_heat,ASHP,ASHP_DHW,GSHP_heat,GSHP_cooling,battery,DHW_storage,heat_storage,geothermal_boreholes,demand_electricity,demand_space_heating,demand_space_cooling,demand_hot_water
0,34103.417673582684,3270.1434867565067,5.980366996373836,0.28264308615655,1.7785416666666667,0.0,0.0,5.000000000000001,5.000000000000001,23.61231033044286,0.0,0.0,11.87407357188166,1.571774839690415,4.114353625859754,4.663215000000001,1.9747570112401043,0.0,0.0,5.82901875,1.7758333333333336,16.214541666666666,4.663215,1.7785416666666667
1,11504.389102254205,3497.356315004665,6.636590817049901,0.0,1.7494166666666664,0.0,0.0,0.0,0.0,17.93268807838964,0.0,2.0,14.201020843461558,1.7322083333333333,0.30989582320510706,4.6394825,0.0,0.0,0.0,5.799353125,1.7758333333333336,16.214541666666666,4.663215,1.7785416666666667
2,10889.689676045915,3724.569143252854,6.702510513243906,0.0,1.7476666666666665,0.0,0.0,0.0,0.0,11.352606389773877,0.0,2.0,14.719821450121469,1.2215936933090554,0.30345985656952185,4.6394825,0.0,0.0,0.0,5.799353125,1.7758333333333336,16.214541666666666,4.663215,1.7785416666666667
3,10442.020749830264,3951.781971501045,6.695954662061237,0.0,1.7494166666666664,0.0,0.0,0.0,0.0,5.618122856339165,0.0,1.0,15.910540143430476,0.029125000000000213,0.30345985656952185,4.6394825,0.0,0.0,0.0,5.799353125,1.7758333333333336,16.214541666666666,4.663215,1.7785416666666667
4,10011.05435135109,4178.994799749236,7.0,0.28264308615655,1.7411249999999998,0.0,0.0,0.0,0.0,0.0,0.0,1.0,15.91918037980571,0.0374166666666671,0.2948196201942899,3.890833333333333,0.0,0.0,0.0,4.863541666666666,1.7758333333333336,16.214541666666666,4.663215,1.7785416666666667
