,cost,emission,grid,wood_supply,DHDC_small_heat,DHDC_medium_heat,DHDC_large_heat,wood_boiler_heat,wood_boiler_DHW,PV,SCFP,DHW_to_heat,ASHP,ASHP_DHW,GSHP_heat,GSHP_cooling,battery,DHW_storage,heat_storage,geothermal_boreholes,demand_electricity,demand_space_heating,demand_space_cooling,demand_hot_water
0,38954.237149048866,5433.411155463637,9.734385103325605,0.329504105604758,,,,0.0,4.999999999999998,37.001173029930854,0.0,0.0,13.190292957142958,2.4515137927433366,6.878944542857042,9.849414999999999,2.527921336356944,0.0,0.0,12.311768749999999,4.089496666666666,20.0692375,9.849414999999999,2.6821666666666673
1,17957.787150292643,5815.8976613638315,10.566494278168056,0.0,,,,0.0,0.0,28.08060055443177,0.0,1.0,19.261057288413618,2.6821666666666673,0.8073052115863789,9.153916666666667,0.0,0.0,0.0,11.442395833333332,4.089496666666666,20.0692375,9.849414999999999,2.6821666666666673
2,17236.922177217857,6198.384167264685,10.738909443338166,0.0,,,,0.0,0.0,18.599421455302064,0.0,1.0,19.261057288413618,2.6821666666666673,0.8073052115863789,9.153916666666667,0.0,0.0,0.0,11.442395833333332,4.089496666666666,20.0692375,9.849414999999999,2.6821666666666673
3,16546.884113644322,6580.870673165265,10.91010741016809,0.0,,,,0.0,0.0,9.278231128317783,0.0,1.0,19.261057288413618,2.6821666666666673,0.8073052115863789,9.153916666666667,0.0,0.0,0.0,11.442395833333332,4.089496666666666,20.0692375,9.849414999999999,2.6821666666666673
4,15857.968341832007,6963.357179065918,12.0,0.329504105604758,,,,0.0,0.0,0.0,0.0,1.0,19.27449125278239,2.6821666666666673,0.7938712472176084,8.073596666666667,0.0,0.0,0.0,10.091995833333332,4.089496666666666,20.0692375,9.849414999999999,2.6821666666666673
