,cost,emission,grid,wood_supply,DHDC_small_heat,DHDC_medium_heat,DHDC_large_heat,wood_boiler_heat,wood_boiler_DHW,PV,SCFP,DHW_to_heat,ASHP,ASHP_DHW,GSHP_heat,GSHP_cooling,battery,DHW_storage,heat_storage,geothermal_boreholes,demand_electricity,demand_space_heating,demand_space_cooling,demand_hot_water
0,33385.57047947907,2129.44893310907,4.19678935283404,0.2424774268723437,20.0,0.0,0.0,4.999999999999998,5.000000000000001,12.136407677812485,0.0,0.0,10.893909725168793,0.8531258011893593,0.0,0.0,0.588013555059989,0.0,0.0,0.0,0.8286666666666666,11.08789166666667,0.0,1.0402500000000001
1,7271.277862649196,2249.8246961182394,4.699177687768189,0.0,0.0,0.0,0.0,0.0,0.0,10.378894253983665,0.0,1.0,11.078251666666668,1.04025,0.0,0.0,0.0,0.0,0.0,0.0,0.8286666666666666,11.08789166666667,0.0,1.0402500000000001
2,6936.3412548693705,2370.200459127414,4.750765014031517,0.0,0.0,0.0,0.0,0.0,0.0,6.834130988925997,0.0,1.0,11.078251666666668,1.04025,0.0,0.0,0.0,0.0,0.0,0.0,0.8286666666666666,11.08789166666667,0.0,1.0402500000000001
3,6626.008616921508,2490.576222136588,4.806606831273797,0.0,0.0,0.0,0.0,0.0,0.0,3.417060100578665,0.0,1.0,11.078251666666668,1.04025,0.0,0.0,0.0,0.0,0.0,0.0,0.8286666666666666,11.08789166666667,0.0,1.0402500000000001
4,6315.676958700675,2610.95198514576,5.0,0.2424774268723437,0.0,0.0,0.0,0.0,0.0,0.0,0.0,1.0,11.078251666666668,1.04025,0.0,0.0,0.0,0.0,0.0,0.0,0.8286666666666666,11.08789166666667,0.0,1.0402500000000001
