,cost,emission,grid,wood_supply,DHDC_small_heat,DHDC_medium_heat,DHDC_large_heat,wood_boiler_heat,wood_boiler_DHW,PV,SCFP,DHW_to_heat,ASHP,ASHP_DHW,GSHP_heat,GSHP_cooling,battery,DHW_storage,heat_storage,geothermal_boreholes,demand_electricity,demand_space_heating,demand_space_cooling,demand_hot_water
0,34363.29211811444,2321.1717709622503,4.734522405931267,0.2550076444244088,20.0,0.0,0.0,4.999999999999998,5.000000000000001,15.716469835545357,0.0,0.0,11.71540055112714,0.8592863155695804,,,1.2367869518460077,0.0,0.0,,1.373375,11.919406666666667,2.9815,1.0409583333333334
1,8216.605515074063,2486.593099702578,5.293082395004841,0.0,0.0,0.0,0.0,0.0,0.0,13.140032344509532,0.0,1.0,11.914865,1.0409583333333332,,,0.0,0.0,0.0,,1.373375,11.919406666666667,2.9815,1.0409583333333334
2,7765.884987603727,2652.01442844291,5.359042409477956,0.0,0.0,0.0,0.0,0.0,0.0,8.318364540700921,0.0,1.0,11.914865,1.0409583333333332,,,0.0,0.0,0.0,,1.373375,11.919406666666667,2.9815,1.0409583333333334
3,7442.759758398988,2817.435757183239,5.4159434792967005,0.0,0.0,0.0,0.0,0.0,0.0,4.158904320158806,0.0,1.0,11.914865,1.0409583333333332,,,0.0,0.0,0.0,,1.373375,11.919406666666667,2.9815,1.0409583333333334
4,7119.739379339631,2982.8570859235692,6.0,0.2550076444244088,0.0,0.0,0.0,0.0,0.0,0.0,0.0,1.0,11.914865,1.0409583333333332,,,0.0,0.0,0.0,,1.373375,11.919406666666667,2.9815,1.0409583333333334
