,cost,emission,grid,wood_supply,DHDC_small_heat,DHDC_medium_heat,DHDC_large_heat,wood_boiler_heat,wood_boiler_DHW,PV,SCFP,DHW_to_heat,ASHP,ASHP_DHW,GSHP_heat,GSHP_cooling,battery,DHW_storage,heat_storage,geothermal_boreholes,demand_electricity,demand_space_heating,demand_space_cooling,demand_hot_water
0,52446.76815948837,7481.00051739818,12.779953435934772,0.3992287819112629,20.0,0.0,0.0,4.999999999999998,5.0,56.92250911750368,0.0,0.0,25.27590030780432,3.57699818599545,0.0,0.0,3.4351465891685633,0.0,0.0,0.0,5.273125,25.59528333333333,0.0,3.928125
1,25906.33599797763,8064.349396634999,14.586478117631675,0.0,0.0,0.0,0.0,0.0,0.0,46.447413311170976,0.0,1.0,25.59490833333333,3.928125,0.0,0.0,0.0,0.0,0.0,0.0,5.273125,25.59528333333333,0.0,3.928125
2,24567.071348358586,8647.698275871811,14.711365976668342,0.0,0.0,0.0,0.0,0.0,0.0,30.742463203296676,0.0,1.0,25.59490833333333,3.928125,0.0,0.0,0.0,0.0,0.0,0.0,5.273125,25.59528333333333,0.0,3.928125
3,23292.104781871436,9231.047155108625,14.969027344508127,0.0,0.0,0.0,0.0,0.0,0.0,15.371216153422132,0.0,1.0,25.59490833333333,3.928125,0.0,0.0,0.0,0.0,0.0,0.0,5.273125,25.59528333333333,0.0,3.928125
4,22017.140778087472,9814.396034345447,16.0,0.3992287819112629,0.0,0.0,0.0,0.0,0.0,0.0,0.0,1.0,25.59490833333333,3.928125,0.0,0.0,0.0,0.0,0.0,0.0,5.273125,25.59528333333333,0.0,3.928125
