,cost,emission,grid,wood_supply,DHDC_small_heat,DHDC_medium_heat,DHDC_large_heat,wood_boiler_heat,wood_boiler_DHW,PV,SCFP,DHW_to_heat,ASHP,ASHP_DHW,GSHP_heat,GSHP_cooling,battery,DHW_storage,heat_storage,geothermal_boreholes,demand_electricity,demand_space_heating,demand_space_cooling,demand_hot_water
0,49315.070302748194,8923.281207078542,12.339759195191577,0.3021946846982496,20.0,0.0,0.0,4.999999999999998,5.0,29.198481342357027,0.0,0.0,11.855652585574731,0.0,,,2.522499999999999,0.0,0.0,,9.756355,12.097408333333332,9.069916666666668,0.6224133333333334
1,22724.76480009658,9165.567235091945,12.744546258180328,0.0,0.0,0.0,0.0,0.0,0.0,23.178836159481865,0.0,1.0,12.094199999999997,0.6224133333333333,,,0.0,0.0,0.0,,9.756355,12.097408333333332,9.069916666666668,0.6224133333333334
2,21887.76357829701,9407.853263105331,12.924764118369888,0.0,0.0,0.0,0.0,0.0,0.0,15.198903782713465,0.0,1.0,12.094199999999997,0.6224133333333333,,,0.0,0.0,0.0,,9.756355,12.097408333333332,9.069916666666668,0.6224133333333334
3,21118.12094909291,9650.139291118718,13.155602824932252,0.0,0.0,0.0,0.0,0.0,0.0,7.568556990273809,0.0,1.0,12.094199999999997,0.6224133333333333,,,0.0,0.0,0.0,,9.756355,12.097408333333332,9.069916666666668,0.6224133333333334
4,20360.381435041723,9892.425319132091,14.0,0.3021946846982496,0.0,0.0,0.0,0.0,0.0,0.0,0.0,1.0,12.094199999999997,0.6224133333333333,,,0.0,0.0,0.0,,9.756355,12.097408333333332,9.069916666666668,0.6224133333333334
