,cost,emission,grid,wood_supply,DHDC_small_heat,DHDC_medium_heat,DHDC_large_heat,wood_boiler_heat,wood_boiler_DHW,PV,SCFP,DHW_to_heat,ASHP,ASHP_DHW,GSHP_heat,GSHP_cooling,battery,DHW_storage,heat_storage,geothermal_boreholes,demand_electricity,demand_space_heating,demand_space_cooling,demand_hot_water
0,37731.3020549443,4418.060502171944,6.62160742009767,0.24908050796706951,20.0,0.0,0.0,4.999999999999997,5.000000000000001,14.023002276305569,0.0,0.0,8.075072260293009,0.0,,,0.9850833333333329,0.0,0.0,,4.6478075,8.274336666666665,4.320998333333331,0.4056516666666667
1,11481.768624692828,4542.564592356818,7.006553661480625,0.0,0.0,0.0,0.0,0.0,0.0,11.366808812416359,0.0,1.0,8.271836666666665,0.40565166666666663,,,0.0,0.0,0.0,,4.6478075,8.274336666666665,4.320998333333331,0.4056516666666667
2,11088.124511634818,4667.06868254169,7.091755351086608,0.0,0.0,0.0,0.0,0.0,0.0,7.455405925297271,0.0,1.0,8.271836666666665,0.40565166666666663,,,0.0,0.0,0.0,,4.6478075,8.274336666666665,4.320998333333331,0.4056516666666667
3,10728.34660580715,4791.5727727265585,7.225729190997294,0.0,0.0,0.0,0.0,0.0,0.0,3.719766232771093,0.0,1.0,8.271836666666665,0.40565166666666663,,,0.0,0.0,0.0,,4.6478075,8.274336666666665,4.320998333333331,0.4056516666666667
4,10371.624653236588,4916.076862911433,8.0,0.24908050796706951,0.0,0.0,0.0,0.0,0.0,0.0,0.0,1.0,8.271836666666665,0.40565166666666663,,,0.0,0.0,0.0,,4.6478075,8.274336666666665,4.320998333333331,0.4056516666666667
