,cost,emission,grid,wood_supply,DHDC_small_heat,DHDC_medium_heat,DHDC_large_heat,wood_boiler_heat,wood_boiler_DHW,PV,SCFP,DHW_to_heat,ASHP,ASHP_DHW,GSHP_heat,GSHP_cooling,battery,DHW_storage,heat_storage,geothermal_boreholes,demand_electricity,demand_space_heating,demand_space_cooling,demand_hot_water
0,49451.270077816516,6688.637433813083,18.272756436795483,0.3303925286835912,20.0,0.0,0.0,4.999999999999998,5.000000000000001,37.25500819531176,0.0,0.0,42.17114431038647,1.7356835632548198,,,2.9012360153104937,0.0,0.0,,5.990958333333334,42.43545833333334,9.791506666666667,2.1149091666666666
1,23070.78384327729,7085.604956197964,19.868676584101365,0.0,0.0,0.0,0.0,0.0,0.0,30.281178018748463,0.0,0.0,42.43545833333334,2.114909166666666,,,0.0,0.0,0.0,,5.990958333333334,42.43545833333334,9.791506666666667,2.1149091666666666
2,22213.550422975837,7482.57247858285,19.95282308539013,0.0,0.0,0.0,0.0,0.0,0.0,19.874942018351103,0.0,0.0,42.43545833333334,2.114909166666666,,,0.0,0.0,0.0,,5.990958333333334,42.43545833333334,9.791506666666667,2.1149091666666666
3,21446.63692189933,7879.540000967734,20.248131430405778,0.0,0.0,0.0,0.0,0.0,0.0,9.937461159082956,0.0,0.0,42.43545833333334,2.114909166666666,,,0.0,0.0,0.0,,5.990958333333334,42.43545833333334,9.791506666666667,2.1149091666666666
4,20679.72494116166,8276.507523352622,21.0,0.3303925286835912,0.0,0.0,0.0,0.0,0.0,0.0,0.0,0.0,42.43545833333334,2.114909166666666,,,0.0,0.0,0.0,,5.990958333333334,42.43545833333334,9.791506666666667,2.1149091666666666
