,cost,emission,grid,wood_supply,DHDC_small_heat,DHDC_medium_heat,DHDC_large_heat,wood_boiler_heat,wood_boiler_DHW,PV,SCFP,DHW_to_heat,ASHP,ASHP_DHW,GSHP_heat,GSHP_cooling,battery,DHW_storage,heat_storage,geothermal_boreholes,demand_electricity,demand_space_heating,demand_space_cooling,demand_hot_water
0,44090.53953767546,8724.64201073125,13.09568541354488,0.33638429641755374,,,,0.0,5.000000000000001,38.96694183358679,0.0,0.0,0.0,5.200565159174378,10.779841666666659,19.608405,0.0,0.0,0.0,24.51050625,7.215063333333333,10.77984166666666,19.608404999999998,5.436034166666666
1,23111.855615224664,9101.247414087808,13.384085802842929,0.0,,,,0.0,0.0,30.015288036614013,0.0,1.0,0.0,5.436034166666666,10.77921666666666,19.608404999999998,0.0,0.0,0.0,24.510506249999995,7.215063333333333,10.77984166666666,19.608404999999998,5.436034166666666
2,22273.033492586725,9477.852817444367,13.596767727074324,0.0,,,,0.0,0.0,20.010180386014284,0.0,1.0,0.0,5.436034166666666,10.77921666666666,19.608404999999998,0.0,0.0,0.0,24.510506249999995,7.215063333333333,10.77984166666666,19.608404999999998,5.436034166666666
3,21434.2113699488,9854.458220800929,13.809449651305716,0.0,,,,0.0,0.0,10.005072735414666,0.0,1.0,0.0,5.436034166666666,10.77921666666666,19.608404999999998,0.0,0.0,0.0,24.510506249999995,7.215063333333333,10.77984166666666,19.608404999999998,5.436034166666666
4,20595.39217457868,10231.06362415749,15.0,0.33638429641755374,,,,0.0,0.0,0.0,0.0,1.0,0.0,5.436034166666666,10.77921666666666,19.608404999999998,0.0,0.0,0.0,24.510506249999995,7.215063333333333,10.77984166666666,19.608404999999998,5.436034166666666
