,cost,emission,grid,wood_supply,DHDC_small_heat,DHDC_medium_heat,DHDC_large_heat,wood_boiler_heat,wood_boiler_DHW,PV,SCFP,DHW_to_heat,ASHP,ASHP_DHW,GSHP_heat,GSHP_cooling,battery,DHW_storage,heat_storage,geothermal_boreholes,demand_electricity,demand_space_heating,demand_space_cooling,demand_hot_water
0,51354.9162626793,8608.363840196376,12.058786692074364,0.5009871351101164,,,,0.0,5.000000000000001,85.99632431717612,0.0,0.0,0.0,5.029009838756251,11.973355000000002,21.244213333333338,3.9275627755182256,0.0,0.0,26.55526666666667,9.407776666666667,11.973355000000003,21.244213333333335,5.379700833333334
1,29236.772379570786,9445.812380073163,13.801790562238516,0.0,,,,0.0,0.0,65.17496828179526,0.0,1.0,0.0,5.379700833333333,11.972313333333336,21.244213333333335,0.0,0.0,0.0,26.555266666666668,9.407776666666667,11.973355000000003,21.244213333333335,5.379700833333334
2,27466.04810790028,10283.260919949944,14.83204493425696,0.0,,,,0.0,0.0,43.417533118315454,0.0,1.0,0.0,5.379700833333333,11.972313333333336,21.244213333333335,0.0,0.0,0.0,26.555266666666668,9.407776666666667,11.973355000000003,21.244213333333335,5.379700833333334
3,25704.699860503508,11120.70945982673,15.859995135043464,0.0,,,,0.0,0.0,21.70875861335463,0.0,1.0,0.0,5.379700833333333,11.972313333333336,21.244213333333335,0.0,0.0,0.0,26.555266666666668,9.407776666666667,11.973355000000003,21.244213333333335,5.379700833333334
4,23943.352902477207,11958.157999703524,17.0,0.5009871351101164,,,,0.0,0.0,0.0,0.0,1.0,0.0,5.379700833333333,11.972313333333336,21.244213333333335,0.0,0.0,0.0,26.555266666666668,9.407776666666667,11.973355000000003,21.244213333333335,5.379700833333334
