,cost,emission,grid,wood_supply,DHDC_small_heat,DHDC_medium_heat,DHDC_large_heat,wood_boiler_heat,wood_boiler_DHW,PV,SCFP,DHW_to_heat,ASHP,ASHP_DHW,GSHP_heat,GSHP_cooling,battery,DHW_storage,heat_storage,geothermal_boreholes,demand_electricity,demand_space_heating,demand_space_cooling,demand_hot_water
0,43972.7439853986,8672.27703112364,13.02090280120364,0.33643944349228266,,,,0.0,5.000000000000001,38.98269814065218,0.0,0.0,0.0,5.147193222888736,11.153511666666667,19.80208,0.0,0.0,0.0,24.7526,7.214664166666665,11.153511666666667,19.80208,5.382700833333334
1,23009.27656018665,9055.292206147931,13.313343822386965,0.0,,,,0.0,0.0,30.013968965135245,0.0,0.0,0.0,5.382700833333333,11.153511666666667,19.80208,0.0,0.0,0.0,24.7526,7.214664166666665,11.153511666666667,19.80208,5.382700833333334
2,22189.0733649522,9438.30738117223,13.530100909080922,0.0,,,,0.0,0.0,20.00930069032007,0.0,0.0,0.0,5.382700833333333,11.153511666666667,19.80208,0.0,0.0,0.0,24.7526,7.214664166666665,11.153511666666667,19.80208,5.382700833333334
3,21368.870169717728,9821.32255619653,13.746857995774882,0.0,,,,0.0,0.0,10.004632415504734,0.0,0.0,0.0,5.382700833333333,11.153511666666667,19.80208,0.0,0.0,0.0,24.7526,7.214664166666665,11.153511666666667,19.80208,5.382700833333334
4,20548.66991430299,10204.33773122083,15.0,0.33643944349228266,,,,0.0,0.0,0.0,0.0,0.0,0.0,5.382700833333333,11.153511666666667,19.80208,0.0,0.0,0.0,24.7526,7.214664166666665,11.153511666666667,19.80208,5.382700833333334
