,cost,emission,grid,wood_supply,DHDC_small_heat,DHDC_medium_heat,DHDC_large_heat,wood_boiler_heat,wood_boiler_DHW,PV,SCFP,DHW_to_heat,ASHP,ASHP_DHW,GSHP_heat,GSHP_cooling,battery,DHW_storage,heat_storage,geothermal_boreholes,demand_electricity,demand_space_heating,demand_space_cooling,demand_hot_water
0,53472.47566978299,7786.185878200321,13.255960964234156,0.4102734674552402,20.0,0.0,0.0,4.999999999999997,4.999999999999999,60.078133558640054,0.0,0.0,24.54950622603581,4.039979406114665,0.0,0.0,4.044742955785557,0.0,0.0,0.0,6.109041666666666,24.877725,0.0,4.36975
1,27010.267437854607,8410.446232817565,15.24194571570282,0.0,0.0,0.0,0.0,0.0,0.0,49.50596511703526,0.0,1.0,24.86810416666667,4.36975,0.0,0.0,0.0,0.0,0.0,0.0,6.109041666666666,24.877725,0.0,4.36975
2,25587.294376888814,9034.706587434808,15.336525495055305,0.0,0.0,0.0,0.0,0.0,0.0,32.75261882941265,0.0,1.0,24.86810416666667,4.36975,0.0,0.0,0.0,0.0,0.0,0.0,6.109041666666666,24.877725,0.0,4.36975
3,24236.96739586854,9658.966942052053,15.531016078267164,0.0,0.0,0.0,0.0,0.0,0.0,16.37630043290673,0.0,1.0,24.86810416666667,4.36975,0.0,0.0,0.0,0.0,0.0,0.0,6.109041666666666,24.877725,0.0,4.36975
4,22886.641896056197,10283.227296669298,16.0,0.4102734674552402,0.0,0.0,0.0,0.0,0.0,0.0,0.0,1.0,24.86810416666667,4.36975,0.0,0.0,0.0,0.0,0.0,0.0,6.109041666666666,24.877725,0.0,4.36975
