,cost,emission,grid,wood_supply,DHDC_small_heat,DHDC_medium_heat,DHDC_large_heat,wood_boiler_heat,wood_boiler_DHW,PV,SCFP,DHW_to_heat,ASHP,ASHP_DHW,GSHP_heat,GSHP_cooling,battery,DHW_storage,heat_storage,geothermal_boreholes,demand_electricity,demand_space_heating,demand_space_cooling,demand_hot_water
0,52458.5852976826,8177.275912150692,14.354120166083156,0.39157146973696966,10.0,0.0,0.0,4.999999999999999,5.0,54.734705639134205,0.0,0.0,26.157347512994267,3.597892471184121,11.170831977882822,14.302903333333333,4.188853831451061,0.0,0.0,17.878629166666663,5.097458333333333,37.64143666666667,14.302903333333333,3.885034166666667
1,28115.482031463784,8790.921403932844,13.914412062036373,0.0,10.0,0.0,0.0,0.0,0.0,39.60564664739372,0.0,10.0,26.743285004070575,3.8066250000000004,0.9757274959294262,14.115333333333334,0.0,0.0,0.0,17.644166666666667,5.097458333333333,37.64143666666667,14.302903333333333,3.885034166666667
2,26917.355452529304,9404.56689571477,14.238089789139867,0.0,10.0,0.0,0.0,0.0,0.0,24.068921182332183,0.0,7.0,30.02288393966488,0.539978199307446,0.9627753610277082,14.115333333333334,0.0,0.0,0.0,17.644166666666667,5.097458333333333,37.64143666666667,14.302903333333333,3.885034166666667
3,25916.31638192544,10018.212387497138,14.563846394093213,0.0,10.0,0.0,0.0,0.0,0.0,9.650229702974121,0.0,7.0,30.562862138972292,0.0,0.9627753610277082,14.115333333333334,0.0,0.0,0.0,17.644166666666667,5.097458333333333,37.64143666666667,14.302903333333333,3.885034166666667
4,24942.374129666456,10631.857879278838,19.0,0.39157146973696966,0.0,0.0,0.0,0.0,0.0,0.0,0.0,1.0,36.698963740202274,3.8850341666666663,0.9416395931310583,12.52382,0.0,0.0,0.0,15.654775,5.097458333333333,37.64143666666667,14.302903333333333,3.885034166666667
