,cost,emission,grid,wood_supply,DHDC_small_heat,DHDC_medium_heat,DHDC_large_heat,wood_boiler_heat,wood_boiler_DHW,PV,SCFP,DHW_to_heat,ASHP,ASHP_DHW,GSHP_heat,GSHP_cooling,battery,DHW_storage,heat_storage,geothermal_boreholes,demand_electricity,demand_space_heating,demand_space_cooling,demand_hot_water
0,56028.86858577406,7798.934694741546,12.987916150945814,0.4667519339531939,20.0,0.0,0.0,4.999999999999999,5.0,76.21483827234111,0.0,0.0,23.690498452837446,5.03831531289943,0.0,0.0,4.222535286291899,0.0,0.0,0.0,5.866,24.0639,0.0,5.424791666666667
1,29270.44702720474,8575.280548979561,15.454457218637865,0.0,0.0,0.0,0.0,0.0,0.0,61.75424039930752,0.0,0.0,24.063899999999997,5.424791666666666,0.0,0.0,0.0,0.0,0.0,0.0,5.866,24.0639,0.0,5.424791666666667
2,27455.070975890787,9351.626403217577,15.573575959772592,0.0,0.0,0.0,0.0,0.0,0.0,40.68201852513778,0.0,0.0,24.063899999999997,5.424791666666666,0.0,0.0,0.0,0.0,0.0,0.0,5.866,24.0639,0.0,5.424791666666667
3,25780.58453956087,10127.972257455589,15.68856129288918,0.0,0.0,0.0,0.0,0.0,0.0,20.341000574254835,0.0,0.0,24.063899999999997,5.424791666666666,0.0,0.0,0.0,0.0,0.0,0.0,5.866,24.0639,0.0,5.424791666666667
4,24106.099533686796,10904.318111693601,16.0,0.4667519339531939,0.0,0.0,0.0,0.0,0.0,0.0,0.0,0.0,24.063899999999997,5.424791666666666,0.0,0.0,0.0,0.0,0.0,0.0,5.866,24.0639,0.0,5.424791666666667
