,cost,emission,grid,wood_supply,DHDC_small_heat,DHDC_medium_heat,DHDC_large_heat,wood_boiler_heat,wood_boiler_DHW,PV,SCFP,DHW_to_heat,ASHP,ASHP_DHW,GSHP_heat,GSHP_cooling,battery,DHW_storage,heat_storage,geothermal_boreholes,demand_electricity,demand_space_heating,demand_space_cooling,demand_hot_water
0,44245.453062986286,8789.464286637485,12.80938197975403,0.3367051170338095,,,,0.0,5.000000000000001,39.05860486680271,0.0,0.0,0.0,5.3231814180763335,10.855091666666667,20.32619166666667,0.0,0.0,0.0,25.40773958333333,7.369963333333334,10.855091666666667,20.326191666666663,5.5588750000000005
1,23266.531326597666,9167.648011007344,13.320733631635793,0.0,,,,0.0,0.0,30.08326892260564,0.0,0.0,0.0,5.5588750000000005,10.855091666666667,20.326191666666663,0.0,0.0,0.0,25.407739583333328,7.369963333333334,10.855091666666667,20.326191666666663,5.5588750000000005
2,22427.90724772173,9545.8317353772,13.782324113078836,0.0,,,,0.0,0.0,20.055507036184668,0.0,0.0,0.0,5.5588750000000005,10.855091666666667,20.326191666666663,0.0,0.0,0.0,25.407739583333328,7.369963333333334,10.855091666666667,20.326191666666663,5.5588750000000005
3,21589.283168845795,9924.015459747061,14.243914594521879,0.0,,,,0.0,0.0,10.02774514976366,0.0,0.0,0.0,5.5588750000000005,10.855091666666667,20.326191666666663,0.0,0.0,0.0,25.407739583333328,7.369963333333334,10.855091666666667,20.326191666666663,5.5588750000000005
4,20750.660489660437,10302.199184116922,15.0,0.3367051170338095,,,,0.0,0.0,0.0,0.0,0.0,0.0,5.5588750000000005,10.855091666666667,20.326191666666663,0.0,0.0,0.0,25.407739583333328,7.369963333333334,10.855091666666667,20.326191666666663,5.5588750000000005
