,cost,emission,grid,wood_supply,DHDC_small_heat,DHDC_medium_heat,DHDC_large_heat,wood_boiler_heat,wood_boiler_DHW,PV,SCFP,DHW_to_heat,ASHP,ASHP_DHW,GSHP_heat,GSHP_cooling,battery,DHW_storage,heat_storage,geothermal_boreholes,demand_electricity,demand_space_heating,demand_space_cooling,demand_hot_water
0,42085.975108817154,5429.260170589366,8.69133601742847,0.3641448886586666,3.3359166666666664,0.0,0.0,4.999999999999997,4.999999999999999,46.8985396167619,0.0,0.0,11.909569312043459,3.0490569112722667,6.638035610362941,9.015237499999996,2.637552675858777,0.0,0.0,11.269046874999995,4.167708333333334,18.838920833333333,9.015237499999996,3.3359166666666664
1,18872.183849222303,5866.472871259044,9.221863317530275,0.0,3.303416666666667,0.0,0.0,0.0,0.0,35.33158675746109,0.0,2.0,12.006274897922303,2.0032554402907174,4.861890495120313,9.015237499999996,0.0,0.0,0.0,11.269046874999995,4.167708333333334,18.838920833333333,9.015237499999996,3.3359166666666664
2,17601.076158548083,6303.685571928976,8.937939761189716,0.0,3.315666666666667,0.0,0.0,0.0,0.0,22.952745862477663,0.0,1.0,12.174346261221695,0.02024999999999958,6.664574572111637,9.015237499999996,0.0,0.0,0.0,11.269046874999995,4.167708333333334,18.838920833333333,9.015237499999996,3.3359166666666664
3,16650.3022016529,6740.898272598641,8.994611889540547,0.0,3.3359166666666664,0.0,0.0,0.0,0.0,11.455424383416943,0.0,1.0,12.176562142369237,0.0,6.662358690964095,8.911404166666664,0.0,0.0,0.0,11.139255208333328,4.167708333333334,18.838920833333333,9.015237499999996,3.3359166666666664
4,15706.34372362259,7178.110973268087,10.0,0.3641448886586666,3.3125416666666667,0.0,0.0,0.0,0.0,0.0,0.0,1.0,12.176562142369242,0.0233749999999997,6.662358690964091,8.911404166666664,0.0,0.0,0.0,11.139255208333328,4.167708333333334,18.838920833333333,9.015237499999996,3.3359166666666664
