,cost,emission,grid,wood_supply,DHDC_small_heat,DHDC_medium_heat,DHDC_large_heat,wood_boiler_heat,wood_boiler_DHW,PV,SCFP,DHW_to_heat,ASHP,ASHP_DHW,GSHP_heat,GSHP_cooling,battery,DHW_storage,heat_storage,geothermal_boreholes,demand_electricity,demand_space_heating,demand_space_cooling,demand_hot_water
0,40515.74950729069,4282.5435488083085,7.128608904723313,0.29923535728756806,20.0,0.0,0.0,5.000000000000001,5.000000000000001,28.352959225019454,0.0,0.0,14.49155338083661,2.3652285832320357,0.0,0.0,1.0981971180977648,0.0,0.0,0.0,2.7057916666666664,14.730941666666666,0.0,2.609443333333333
1,14422.569725787213,4585.737334219654,8.319546958688175,0.0,0.0,0.0,0.0,0.0,0.0,24.069284727748737,0.0,0.0,14.730941666666666,2.609443333333333,0.0,0.0,0.0,0.0,0.0,0.0,2.7057916666666664,14.730941666666666,0.0,2.609443333333333
2,13747.758298077555,4888.931119630995,8.411287064917861,0.0,0.0,0.0,0.0,0.0,0.0,16.017060693269237,0.0,0.0,14.730941666666666,2.609443333333333,0.0,0.0,0.0,0.0,0.0,0.0,2.7057916666666664,14.730941666666666,0.0,2.609443333333333
3,13081.364068737486,5192.124905042338,8.511089131860938,0.0,0.0,0.0,0.0,0.0,0.0,8.008521255694498,0.0,0.0,14.730941666666666,2.609443333333333,0.0,0.0,0.0,0.0,0.0,0.0,2.7057916666666664,14.730941666666666,0.0,2.609443333333333
4,12414.971352319992,5495.318690453691,9.0,0.29923535728756806,0.0,0.0,0.0,0.0,0.0,0.0,0.0,0.0,14.730941666666666,2.609443333333333,0.0,0.0,0.0,0.0,0.0,0.0,2.7057916666666664,14.730941666666666,0.0,2.609443333333333
