,cost,emission,grid,wood_supply,DHDC_small_heat,DHDC_medium_heat,DHDC_large_heat,wood_boiler_heat,wood_boiler_DHW,PV,SCFP,DHW_to_heat,ASHP,ASHP_DHW,GSHP_heat,GSHP_cooling,battery,DHW_storage,heat_storage,geothermal_boreholes,demand_electricity,demand_space_heating,demand_space_cooling,demand_hot_water
0,46151.52862298058,6082.670461680588,9.008076240205142,0.34848875903560633,20.0,0.0,0.0,5.000000000000001,5.0,42.42535972445896,0.0,0.0,11.400226509636594,3.4188912020084086,8.210128316468243,11.182105000000002,1.5757953324964964,0.0,0.0,13.977631250000002,4.670833333333333,19.88914583333332,11.182105,3.704875
1,19994.98676329004,6540.870003972149,10.697506373148034,0.0,0.0,0.0,0.0,0.0,0.0,35.607223666590826,0.0,1.0,11.653448453983508,3.704875,8.235697379349812,10.885438333333333,0.0,0.0,0.0,13.606797916666666,4.670833333333333,19.88914583333332,11.182105,3.704875
2,19024.03376361539,6999.069546263035,10.765847540355828,0.0,0.0,0.0,0.0,0.0,0.0,23.691886942837282,0.0,1.0,11.653448453983508,3.704875,8.235697379349812,10.885438333333333,0.0,0.0,0.0,13.606797916666666,4.670833333333333,19.88914583333332,11.182105,3.704875
3,18066.448148162533,7457.26908855422,10.91888965640349,0.0,0.0,0.0,0.0,0.0,0.0,11.845926969825967,0.0,1.0,11.653448453983506,3.704875,8.235697379349816,10.885438333333333,0.0,0.0,0.0,13.606797916666666,4.670833333333333,19.88914583333332,11.182105,3.704875
4,17108.865200570763,7915.468630845709,12.0,0.34848875903560633,0.0,0.0,0.0,0.0,0.0,0.0,0.0,1.0,11.653448453983513,3.704875,8.235697379349809,10.885438333333333,0.0,0.0,0.0,13.606797916666666,4.670833333333333,19.88914583333332,11.182105,3.704875
