,cost,emission,grid,wood_supply,DHDC_small_heat,DHDC_medium_heat,DHDC_large_heat,wood_boiler_heat,wood_boiler_DHW,PV,SCFP,DHW_to_heat,ASHP,ASHP_DHW,GSHP_heat,GSHP_cooling,battery,DHW_storage,heat_storage,geothermal_boreholes,demand_electricity,demand_space_heating,demand_space_cooling,demand_hot_water
0,35192.55314010602,2818.638945031985,4.434583122421008,0.26206076014469915,20.0,0.0,0.0,4.999999999999997,5.000000000000001,17.73164575562832,0.0,0.0,6.755131984687273,1.5004741345653771,3.2850360738636297,4.231924999999999,0.8799482772644263,0.0,0.0,5.289906249999999,1.9396566666666664,10.24981666666666,4.2319249999999995,1.7074583333333333
1,9134.599225324935,3024.9596587985775,5.2410737658223585,0.0,0.0,0.0,0.0,0.0,0.0,15.02034961054369,0.0,1.0,6.945580562499996,1.7074583333333333,3.3042361041666646,4.231924999999999,0.0,0.0,0.0,5.289906249999999,1.9396566666666664,10.24981666666666,4.2319249999999995,1.7074583333333333
2,8758.543341767334,3231.2803725653857,5.272070329609211,0.0,0.0,0.0,0.0,0.0,0.0,9.972700146550906,0.0,1.0,6.945929874999994,1.7074583333333333,3.3038867916666668,4.217166666666666,0.0,0.0,0.0,5.2714583333333325,1.9396566666666664,10.24981666666666,4.2319249999999995,1.7074583333333333
3,8394.352779000816,3437.6010863320025,5.302652194290395,0.0,0.0,0.0,0.0,0.0,0.0,4.986338849325224,0.0,1.0,6.945929874999994,1.7074583333333333,3.3038867916666668,4.217166666666666,0.0,0.0,0.0,5.2714583333333325,1.9396566666666664,10.24981666666666,4.2319249999999995,1.7074583333333333
4,8030.163855769225,3643.9218000984906,6.0,0.26206076014469915,0.0,0.0,0.0,0.0,0.0,0.0,0.0,1.0,6.945929874999998,1.7074583333333333,3.303886791666662,4.217166666666666,0.0,0.0,0.0,5.2714583333333325,1.9396566666666664,10.24981666666666,4.2319249999999995,1.7074583333333333
