,cost,emission,grid,wood_supply,DHDC_small_heat,DHDC_medium_heat,DHDC_large_heat,wood_boiler_heat,wood_boiler_DHW,PV,SCFP,DHW_to_heat,ASHP,ASHP_DHW,GSHP_heat,GSHP_cooling,battery,DHW_storage,heat_storage,geothermal_boreholes,demand_electricity,demand_space_heating,demand_space_cooling,demand_hot_water
0,32815.688932450015,2998.279714057601,6.049161043310626,0.320041422934992,,,,0.0,4.999999999999998,34.29754940999771,0.0,0.0,10.444641666666662,1.9359635039455056,0.0,0.0,2.5255433316893727,0.0,0.0,0.0,2.161791666666667,10.444641666666662,0.0,2.1599925
1,11801.624766204846,3312.8756854620965,6.1943364591496115,0.0,,,,0.0,0.0,25.964852469763752,0.0,0.0,10.444641666666662,2.1599925,0.0,0.0,0.0,0.0,0.0,0.0,2.161791666666667,10.444641666666662,0.0,2.1599925
2,10941.440065362327,3627.4716568665963,6.2732330500766444,0.0,,,,0.0,0.0,16.779446066841867,0.0,0.0,10.444641666666662,2.1599925,0.0,0.0,0.0,0.0,0.0,0.0,2.161791666666667,10.444641666666662,0.0,2.1599925
3,10234.566745969572,3942.0676282710965,6.3762776002253485,0.0,,,,0.0,0.0,8.389711823147621,0.0,0.0,10.444641666666662,2.1599925,0.0,0.0,0.0,0.0,0.0,0.0,2.161791666666667,10.444641666666662,0.0,2.1599925
4,9527.695315609977,4256.66359967559,7.0,0.320041422934992,,,,0.0,0.0,0.0,0.0,0.0,10.444641666666662,2.1599925,0.0,0.0,0.0,0.0,0.0,0.0,2.161791666666667,10.444641666666662,0.0,2.1599925
