,cost,emission,grid,wood_supply,DHDC_small_heat,DHDC_medium_heat,DHDC_large_heat,wood_boiler_heat,wood_boiler_DHW,PV,SCFP,DHW_to_heat,ASHP,ASHP_DHW,GSHP_heat,GSHP_cooling,battery,DHW_storage,heat_storage,geothermal_boreholes,demand_electricity,demand_space_heating,demand_space_cooling,demand_hot_water
0,38669.469856998745,5728.292277605933,10.173295907901355,0.3163604586239166,,,,0.0,4.999999999999998,33.24584532111903,0.0,0.0,16.850166666666656,3.171790178963258,0.0,0.0,0.5477336059875318,0.0,0.0,0.0,3.7237733333333307,16.850166666666656,0.0,3.3932425
1,17797.225348901957,6049.300757813526,10.307931799593288,0.0,,,,0.0,0.0,25.649818218926114,0.0,1.0,16.849666666666657,3.3932425,0.0,0.0,0.0,0.0,0.0,0.0,3.7237733333333307,16.850166666666656,0.0,3.3932425
2,17078.024302881873,6370.309238021112,10.355616034244647,0.0,,,,0.0,0.0,17.09987112962236,0.0,1.0,16.849666666666657,3.3932425,0.0,0.0,0.0,0.0,0.0,0.0,3.7237733333333307,16.850166666666656,0.0,3.3932425
3,16358.823256861786,6691.317718228702,10.403300268896007,0.0,,,,0.0,0.0,8.549924040318574,0.0,1.0,16.849666666666657,3.3932425,0.0,0.0,0.0,0.0,0.0,0.0,3.7237733333333307,16.850166666666656,0.0,3.3932425
4,15639.624149667066,7012.326198436292,11.0,0.3163604586239166,,,,0.0,0.0,0.0,0.0,1.0,16.849666666666657,3.3932425,0.0,0.0,0.0,0.0,0.0,0.0,3.7237733333333307,16.850166666666656,0.0,3.3932425
