,cost,emission,grid,wood_supply,DHDC_small_heat,DHDC_medium_heat,DHDC_large_heat,wood_boiler_heat,wood_boiler_DHW,PV,SCFP,DHW_to_heat,ASHP,ASHP_DHW,GSHP_heat,GSHP_cooling,battery,DHW_storage,heat_storage,geothermal_boreholes,demand_electricity,demand_space_heating,demand_space_cooling,demand_hot_water
0,29599.629996666332,2883.0833804080535,4.845346296827582,0.2628469585577517,,,,0.0,5.000000000000001,17.956273873643344,0.0,0.0,6.277565354329004,1.535590462342907,3.131613812337664,4.118499999999999,0.4217366129126773,0.0,0.0,5.148124999999999,1.9275416666666665,9.409179166666668,4.1185,1.7195833333333335
1,9041.695167820462,3049.3277164024084,4.997393596641547,0.0,,,,0.0,0.0,14.08951322522909,0.0,1.0,6.255353182823129,1.7195833333333335,3.1538259838435394,4.118499999999999,0.0,0.0,0.0,5.148124999999999,1.9275416666666665,9.409179166666668,4.1185,1.7195833333333335
2,8617.314702896667,3215.5720523967307,5.054182053341643,0.0,,,,0.0,0.0,9.392196919500995,0.0,1.0,6.255353182823129,1.7195833333333335,3.1538259838435394,4.118499999999999,0.0,0.0,0.0,5.148124999999999,1.9275416666666665,9.409179166666668,4.1185,1.7195833333333335
3,8192.93423797287,3381.8163883910534,5.1109705100417395,0.0,,,,0.0,0.0,4.694880613772901,0.0,1.0,6.255353182823129,1.7195833333333335,3.1538259838435394,4.118499999999999,0.0,0.0,0.0,5.148124999999999,1.9275416666666665,9.409179166666668,4.1185,1.7195833333333335
4,7768.606672018652,3548.060724385339,6.0,0.2628469585577517,,,,0.0,0.0,0.0,0.0,1.0,6.257848698288693,1.7195833333333335,3.1513304683779753,4.011148333333333,0.0,0.0,0.0,5.013935416666666,1.9275416666666665,9.409179166666668,4.1185,1.7195833333333335
