,cost,emission,grid,wood_supply,DHDC_small_heat,DHDC_medium_heat,DHDC_large_heat,wood_boiler_heat,wood_boiler_DHW,PV,SCFP,DHW_to_heat,ASHP,ASHP_DHW,GSHP_heat,GSHP_cooling,battery,DHW_storage,heat_storage,geothermal_boreholes,demand_electricity,demand_space_heating,demand_space_cooling,demand_hot_water
0,44364.147591386114,8862.21154055863,12.842724884996871,0.3366894419154904,,,,0.0,5.000000000000001,39.054126261568655,0.0,0.0,0.0,5.4160182239924906,11.547111666666666,19.785440000000005,0.0,0.0,0.0,24.7318,7.254909166666667,11.547111666666666,19.78544,5.651700833333334
1,23414.050205523956,9251.892284524607,13.138593528963725,0.0,,,,0.0,0.0,30.055893660735137,0.0,1.0,0.0,5.651700833333334,11.54627833333333,19.78544,0.0,0.0,0.0,24.7318,7.254909166666667,11.547111666666666,19.78544,5.651700833333334
2,22610.42820041436,9641.573028490577,13.459873966498677,0.0,,,,0.0,0.0,20.037251862972234,0.0,1.0,0.0,5.651700833333334,11.54627833333333,19.78544,0.0,0.0,0.0,24.7318,7.254909166666667,11.547111666666666,19.78544,5.651700833333334
3,21806.806514763783,10031.253772456543,13.936061714747014,0.0,,,,0.0,0.0,10.018614047859662,0.0,1.0,0.0,5.651700833333334,11.54627833333333,19.78544,0.0,0.0,0.0,24.7318,7.254909166666667,11.547111666666666,19.78544,5.651700833333334
4,21003.186735548006,10420.934516422496,15.0,0.3366894419154904,,,,0.0,0.0,0.0,0.0,1.0,0.0,5.651700833333334,11.54627833333333,19.78544,0.0,0.0,0.0,24.7318,7.254909166666667,11.547111666666666,19.78544,5.651700833333334
