,cost,emission,grid,wood_supply,DHDC_small_heat,DHDC_medium_heat,DHDC_large_heat,wood_boiler_heat,wood_boiler_DHW,PV,SCFP,DHW_to_heat,ASHP,ASHP_DHW,GSHP_heat,GSHP_cooling,battery,DHW_storage,heat_storage,geothermal_boreholes,demand_electricity,demand_space_heating,demand_space_cooling,demand_hot_water
0,43347.22228527258,5777.451489133512,9.01836645456161,0.37602067706326053,3.6005833333333332,0.0,0.0,5.0,5.0,50.29162201807445,0.0,0.0,12.40367284102238,3.3029938593890504,7.608177283993678,10.03786666666666,3.1665754752545596,0.0,0.0,12.547333333333327,4.573833333333333,20.31266666666667,10.03786666666666,3.6005833333333332
1,20083.81887898458,6266.687720022721,9.584705035297901,0.0,3.5672916666666734,0.0,0.0,0.0,0.0,37.74977646864857,0.0,3.0,12.488375330572108,2.3203848012165267,5.537198201544696,10.03786666666666,0.0,0.0,0.0,12.547333333333327,4.573833333333333,20.31266666666667,10.03786666666666,3.6005833333333332
2,18764.615016618343,6755.923950911862,9.392526778457658,0.0,3.580333333333333,0.0,0.0,0.0,0.0,24.49113125261806,0.0,1.0,12.66330764468864,0.020250000000000174,7.649359021978029,9.614741666666662,0.0,0.0,0.0,12.018427083333329,4.573833333333333,20.31266666666667,10.03786666666666,3.6005833333333332
3,17816.591738507374,7245.160181801171,9.503367830845677,0.0,3.6005833333333332,0.0,0.0,0.0,0.0,12.22523604625645,0.0,1.0,12.66330764468864,0.0,7.649359021978029,9.614741666666662,0.0,0.0,0.0,12.018427083333329,4.573833333333333,20.31266666666667,10.03786666666666,3.6005833333333332
4,16874.76318178794,7734.396412690411,10.0,0.37602067706326053,3.577166666666667,0.0,0.0,0.0,0.0,0.0,0.0,1.0,12.663307644688647,0.023416666666666565,7.649359021978019,9.614741666666662,0.0,0.0,0.0,12.018427083333329,4.573833333333333,20.31266666666667,10.03786666666666,3.6005833333333332
