,cost,emission,grid,wood_supply,DHDC_small_heat,DHDC_medium_heat,DHDC_large_heat,wood_boiler_heat,wood_boiler_DHW,PV,SCFP,DHW_to_heat,ASHP,ASHP_DHW,GSHP_heat,GSHP_cooling,battery,DHW_storage,heat_storage,geothermal_boreholes,demand_electricity,demand_space_heating,demand_space_cooling,demand_hot_water
0,40735.74342181207,4938.07826529126,8.552903283184145,0.3187678963927801,10.0,0.0,0.0,4.999999999999997,5.000000000000001,33.93368468365145,0.0,0.0,17.064352349552443,2.7546541391917203,0.0,0.0,1.5491371642256724,0.0,0.0,0.0,3.209754166666666,17.319366666666667,0.0,3.0121249999999997
1,16750.215993645685,5314.188974877083,9.925943328631615,0.0,0.0,0.0,0.0,0.0,0.0,28.325597337194637,0.0,1.0,17.318575,3.0121249999999997,0.0,0.0,0.0,0.0,0.0,0.0,3.209754166666666,17.319366666666667,0.0,3.0121249999999997
2,16003.869349122098,5690.299684462906,9.982156355631746,0.0,0.0,0.0,0.0,0.0,0.0,18.807850310154016,0.0,1.0,17.318575,3.0121249999999997,0.0,0.0,0.0,0.0,0.0,0.0,3.209754166666666,17.319366666666667,0.0,3.0121249999999997
3,15279.451144385617,6066.410394048732,10.037697226637192,0.0,0.0,0.0,0.0,0.0,0.0,9.403909834041686,0.0,1.0,17.318575,3.0121249999999997,0.0,0.0,0.0,0.0,0.0,0.0,3.209754166666666,17.319366666666667,0.0,3.0121249999999997
4,14555.035300114283,6442.521103634564,11.0,0.3187678963927801,0.0,0.0,0.0,0.0,0.0,0.0,0.0,1.0,17.318575,3.0121249999999997,0.0,0.0,0.0,0.0,0.0,0.0,3.209754166666666,17.319366666666667,0.0,3.0121249999999997
