,cost,emission,grid,wood_supply,DHDC_small_heat,DHDC_medium_heat,DHDC_large_heat,wood_boiler_heat,wood_boiler_DHW,PV,SCFP,DHW_to_heat,ASHP,ASHP_DHW,GSHP_heat,GSHP_cooling,battery,DHW_storage,heat_storage,geothermal_boreholes,demand_electricity,demand_space_heating,demand_space_cooling,demand_hot_water
0,44624.435266300294,7321.311450855454,12.333120148545973,0.3838230853373683,,,,0.0,4.999999999999997,52.52088152496235,0.0,0.0,12.229161519257705,4.247975506930509,9.480884314075627,13.37972416666667,2.2139900665567342,0.0,0.0,16.724655208333335,5.731166666666667,21.710045833333336,13.379724166666668,4.516651666666667
1,23320.807600611137,7852.77555006259,12.520998272356163,0.0,,,,0.0,0.0,39.90760826900537,0.0,1.0,12.235078979516803,4.516651666666666,9.474508520483198,12.9886825,0.0,0.0,0.0,16.235853125,5.731166666666667,21.710045833333336,13.379724166666668,4.516651666666667
2,22292.708789518176,8384.239649270208,12.5971652182688,0.0,,,,0.0,0.0,26.60845446019031,0.0,1.0,12.212208333333331,4.516651666666666,9.497379166666668,12.9886825,0.0,0.0,0.0,16.235853125,5.731166666666667,21.710045833333336,13.379724166666668,4.516651666666667
3,21265.559616146573,8915.703748477581,12.675916632941512,0.0,,,,0.0,0.0,13.301986728451995,0.0,1.0,12.212208333333331,4.516651666666666,9.497379166666668,12.9886825,0.0,0.0,0.0,16.235853125,5.731166666666667,21.710045833333336,13.379724166666668,4.516651666666667
4,20238.414456226477,9447.16784768495,13.0,0.3838230853373683,,,,0.0,0.0,0.0,0.0,1.0,12.203913293242298,4.516651666666666,9.505674206757703,12.9886825,0.0,0.0,0.0,16.235853125,5.731166666666667,21.710045833333336,13.379724166666668,4.516651666666667
